Window,City,Item,PriceVector,Months,PriceChangeVector,PercentageChangeVector,VectorLength
W1,Bahawalpur,Bananas (Kela) Local,"[252.32, 300.0, 300.0, 240.94, 154.29, 138.23, 124.07, 126.58, 122.41, 112.92, 123.02, 137.27]","[1, 2, 3, 4, 5, 6, 7, 8, 9, 10, 11, 12]","[47.68, 0.0, -59.06, -86.65, -16.06, -14.16, 2.51, -4.17, -9.49, 10.1, 14.25]","[0.188966, 0.0, -0.196867, -0.359633, -0.10409, -0.102438, 0.020231, -0.032944, -0.077526, 0.089444, 0.115835]",11
W1,Bahawalpur,Beef with Bone (Average Quality),"[632.89, 632.89, 649.68, 706.67, 782.97, 782.97, 782.97, 782.97, 782.97, 782.97, 782.97, 782.97]","[1, 2, 3, 4, 5, 6, 7, 8, 9, 10, 11, 12]","[0.0, 16.79, 56.99, 76.3, 0.0, 0.0, 0.0, 0.0, 0.0, 0.0, 0.0]","[0.0, 0.026529, 0.08772, 0.107971, 0.0, 0.0, 0.0, 0.0, 0.0, 0.0, 0.0]",11
W1,Bahawalpur,Bread plain (Small Size),"[100.0, 102.41, 110.0, 110.0, 110.0, 110.0, 117.42, 120.0, 120.0, 120.0, 120.0, 120.0]","[1, 2, 3, 4, 5, 6, 7, 8, 9, 10, 11, 12]","[2.41, 7.59, 0.0, 0.0, 0.0, 7.42, 2.58, 0.0, 0.0, 0.0, 0.0]","[0.0241, 0.074114, 0.0, 0.0, 0.0, 0.067455, 0.021972, 0.0, 0.0, 0.0, 0.0]",11
W1,Bahawalpur,Chicken Farm Broiler (Live),"[355.45, 353.64, 396.49, 411.02, 392.57, 365.69, 342.02, 322.2, 319.07, 318.16, 405.22, 399.38]","[1, 2, 3, 4, 5, 6, 7, 8, 9, 10, 11, 12]","[-1.81, 42.85, 14.53, -18.45, -26.88, -23.67, -19.82, -3.13, -0.91, 87.06, -5.84]","[-0.005092, 0.121168, 0.036647, -0.044888, -0.068472, -0.064727, -0.05795, -0.009714, -0.002852, 0.273636, -0.014412]",11
W1,Bahawalpur,Chilies Powder NATIONAL 200 gm Packet,"[215.0, 215.0, 215.0, 215.0, 215.0, 312.04, 400.0, 400.0, 400.0, 400.0, 400.0, 400.0]","[1, 2, 3, 4, 5, 6, 7, 8, 9, 10, 11, 12]","[0.0, 0.0, 0.0, 0.0, 97.04, 87.96, 0.0, 0.0, 0.0, 0.0, 0.0]","[0.0, 0.0, 0.0, 0.0, 0.451349, 0.281887, 0.0, 0.0, 0.0, 0.0, 0.0]",11
W1,Bahawalpur,Cigarettes Capstan 20'S Packet,"[220.0, 220.0, 220.0, 220.0, 220.0, 220.0, 220.0, 220.0, 220.0, 220.0, 220.0, 220.0]","[1, 2, 3, 4, 5, 6, 7, 8, 9, 10, 11, 12]","[0.0, 0.0, 0.0, 0.0, 0.0, 0.0, 0.0, 0.0, 0.0, 0.0, 0.0]","[0.0, 0.0, 0.0, 0.0, 0.0, 0.0, 0.0, 0.0, 0.0, 0.0, 0.0]",11
W1,Bahawalpur,Cooked Beef at Average Hotel,"[220.0, 221.6, 239.78, 273.17, 273.17, 273.17, 273.17, 273.17, 273.17, 273.17, 273.17, 273.17]","[1, 2, 3, 4, 5, 6, 7, 8, 9, 10, 11, 12]","[1.6, 18.18, 33.39, 0.0, 0.0, 0.0, 0.0, 0.0, 0.0, 0.0, 0.0]","[0.007273, 0.08204, 0.139253, 0.0, 0.0, 0.0, 0.0, 0.0, 0.0, 0.0, 0.0]",11
W1,Bahawalpur,Cooked Daal at Average Hotel,"[112.92, 114.65, 126.33, 132.99, 132.99, 132.99, 132.99, 132.99, 132.99, 132.99, 132.99, 132.99]","[1, 2, 3, 4, 5, 6, 7, 8, 9, 10, 11, 12]","[1.73, 11.68, 6.66, 0.0, 0.0, 0.0, 0.0, 0.0, 0.0, 0.0, 0.0]","[0.015321, 0.101875, 0.052719, 0.0, 0.0, 0.0, 0.0, 0.0, 0.0, 0.0, 0.0]",11
W1,Bahawalpur,"Cooking Oil DALDA or Other Similar Brand (SN), 5 Litre Tin","[3359.98, 3290.0, 3290.0, 3273.63, 3138.36, 3089.74, 3010.0, 2960.0, 2892.66, 2835.0, 2782.15, 2728.46]","[1, 2, 3, 4, 5, 6, 7, 8, 9, 10, 11, 12]","[-69.98, 0.0, -16.37, -135.27, -48.62, -79.74, -50.0, -67.34, -57.66, -52.85, -53.69]","[-0.020828, 0.0, -0.004976, -0.041321, -0.015492, -0.025808, -0.016611, -0.02275, -0.019933, -0.018642, -0.019298]",11
W1,Bahawalpur,Curd (Dahi) Loose,"[146.59, 152.33, 160.0, 160.0, 160.0, 160.0, 166.41, 178.24, 180.0, 180.0, 180.0, 183.22]","[1, 2, 3, 4, 5, 6, 7, 8, 9, 10, 11, 12]","[5.74, 7.67, 0.0, 0.0, 0.0, 6.41, 11.83, 1.76, 0.0, 0.0, 3.22]","[0.039157, 0.050351, 0.0, 0.0, 0.0, 0.040062, 0.071089, 0.009874, 0.0, 0.0, 0.017889]",11
W1,Bahawalpur,Eggs Hen (Farm),"[233.8, 263.74, 276.64, 244.74, 251.83, 291.09, 291.2, 309.92, 317.38, 355.19, 411.85, 336.64]","[1, 2, 3, 4, 5, 6, 7, 8, 9, 10, 11, 12]","[29.94, 12.9, -31.9, 7.09, 39.26, 0.11, 18.72, 7.46, 37.81, 56.66, -75.21]","[0.128058, 0.048912, -0.115312, 0.02897, 0.155899, 0.000378, 0.064286, 0.024071, 0.119132, 0.15952, -0.182615]",11
W1,Bahawalpur,Electricity Charges upto 50 Units,"[6.47, 6.23, 6.15, 6.15, 6.45, 7.54, 7.57, 8.05, 7.4, 7.04, 7.31, 7.36]","[1, 2, 3, 4, 5, 6, 7, 8, 9, 10, 11, 12]","[-0.24, -0.08, 0.0, 0.3, 1.09, 0.03, 0.48, -0.65, -0.36, 0.27, 0.05]","[-0.037094, -0.012841, 0.0, 0.04878, 0.168992, 0.003979, 0.063408, -0.080745, -0.048649, 0.038352, 0.00684]",11
W1,Bahawalpur,Energy Saver Philips 14 Watt,"[200.0, 200.0, 200.0, 200.0, 200.0, 240.89, 272.7, 272.7, 272.7, 272.7, 272.7, 272.7]","[1, 2, 3, 4, 5, 6, 7, 8, 9, 10, 11, 12]","[0.0, 0.0, 0.0, 0.0, 40.89, 31.81, 0.0, 0.0, 0.0, 0.0, 0.0]","[0.0, 0.0, 0.0, 0.0, 0.20445, 0.132052, 0.0, 0.0, 0.0, 0.0, 0.0]",11
W1,Bahawalpur,Firewood Whole,"[1200.0, 1200.0, 1200.0, 1200.0, 1200.0, 1200.0, 1200.0, 1200.0, 1200.0, 1249.0, 1300.0, 1300.0]","[1, 2, 3, 4, 5, 6, 7, 8, 9, 10, 11, 12]","[0.0, 0.0, 0.0, 0.0, 0.0, 0.0, 0.0, 0.0, 49.0, 51.0, 0.0]","[0.0, 0.0, 0.0, 0.0, 0.0, 0.0, 0.0, 0.0, 0.040833, 0.040833, 0.0]",11
W1,Bahawalpur,Garlic (Lehsun),"[423.54, 400.0, 386.38, 331.6, 313.16, 390.01, 492.6, 516.61, 561.67, 600.0, 613.05, 617.97]","[1, 2, 3, 4, 5, 6, 7, 8, 9, 10, 11, 12]","[-23.54, -13.62, -54.78, -18.44, 76.85, 102.59, 24.01, 45.06, 38.33, 13.05, 4.92]","[-0.055579, -0.03405, -0.141778, -0.055609, 0.245402, 0.263045, 0.048741, 0.087222, 0.068243, 0.02175, 0.008025]",11
W1,Bahawalpur,Gas Charges upto 3.3719 MMBTU,"[295.0, 295.0, 295.0, 295.0, 295.0, 295.0, 295.0, 295.0, 846.99, 1711.0, 1711.0, 1843.75]","[1, 2, 3, 4, 5, 6, 7, 8, 9, 10, 11, 12]","[0.0, 0.0, 0.0, 0.0, 0.0, 0.0, 0.0, 551.99, 864.01, 0.0, 132.75]","[0.0, 0.0, 0.0, 0.0, 0.0, 0.0, 0.0, 1.871153, 1.020095, 0.0, 0.077586]",11
W1,Bahawalpur,Gents Sandal Bata,"[1499.0, 1499.0, 1999.0, 1999.0, 1999.0, 2055.69, 2299.0, 2299.0, 2299.0, 2299.0, 2299.0, 2299.0]","[1, 2, 3, 4, 5, 6, 7, 8, 9, 10, 11, 12]","[0.0, 500.0, 0.0, 0.0, 56.69, 243.31, 0.0, 0.0, 0.0, 0.0, 0.0]","[0.0, 0.333556, 0.0, 0.0, 0.028359, 0.118359, 0.0, 0.0, 0.0, 0.0, 0.0]",11
W1,Bahawalpur,Gents Sponge Chappal Bata,"[379.0, 379.0, 599.0, 599.0, 599.0, 599.0, 599.0, 599.0, 599.0, 599.0, 599.0, 599.0]","[1, 2, 3, 4, 5, 6, 7, 8, 9, 10, 11, 12]","[0.0, 220.0, 0.0, 0.0, 0.0, 0.0, 0.0, 0.0, 0.0, 0.0, 0.0]","[0.0, 0.580475, 0.0, 0.0, 0.0, 0.0, 0.0, 0.0, 0.0, 0.0, 0.0]",11
W1,Bahawalpur,Georgette (Average Quality),"[175.68, 199.67, 226.47, 226.47, 226.47, 226.47, 233.14, 233.14, 256.27, 259.62, 269.62, 269.62]","[1, 2, 3, 4, 5, 6, 7, 8, 9, 10, 11, 12]","[23.99, 26.8, 0.0, 0.0, 0.0, 6.67, 0.0, 23.13, 3.35, 10.0, 0.0]","[0.136555, 0.134221, 0.0, 0.0, 0.0, 0.029452, 0.0, 0.099211, 0.013072, 0.038518, 0.0]",11
W1,Bahawalpur,Gur (Average Quality),"[133.25, 158.08, 196.57, 200.0, 220.0, 223.86, 241.64, 210.58, 180.0, 180.0, 199.5, 194.17]","[1, 2, 3, 4, 5, 6, 7, 8, 9, 10, 11, 12]","[24.83, 38.49, 3.43, 20.0, 3.86, 17.78, -31.06, -30.58, 0.0, 19.5, -5.33]","[0.186341, 0.243484, 0.017449, 0.1, 0.017545, 0.079425, -0.128538, -0.145218, 0.0, 0.108333, -0.026717]",11
W1,Bahawalpur,Hi-Speed Diesel,"[288.89, 294.22, 273.84, 254.21, 258.22, 286.41, 321.66, 311.96, 300.66, 284.29, 277.66, 282.71]","[1, 2, 3, 4, 5, 6, 7, 8, 9, 10, 11, 12]","[5.33, -20.38, -19.63, 4.01, 28.19, 35.25, -9.7, -11.3, -16.37, -6.63, 5.05]","[0.01845, -0.069268, -0.071684, 0.015774, 0.10917, 0.123075, -0.030156, -0.036223, -0.054447, -0.023321, 0.018188]",11
W1,Bahawalpur,LPG 11.67 kg Cylinder,"[3210.94, 3323.46, 3086.76, 2554.74, 2427.34, 2771.66, 3080.0, 3134.52, 3035.52, 3080.0, 3272.15, 3298.76]","[1, 2, 3, 4, 5, 6, 7, 8, 9, 10, 11, 12]","[112.52, -236.7, -532.02, -127.4, 344.32, 308.34, 54.52, -99.0, 44.48, 192.15, 26.61]","[0.035043, -0.071221, -0.172355, -0.049868, 0.141851, 0.111247, 0.017701, -0.031584, 0.014653, 0.062386, 0.008132]",11
W1,Bahawalpur,Ladies Sandal Bata,"[699.0, 699.0, 799.0, 799.0, 799.0, 799.0, 799.0, 799.0, 799.0, 799.0, 799.0, 799.0]","[1, 2, 3, 4, 5, 6, 7, 8, 9, 10, 11, 12]","[0.0, 100.0, 0.0, 0.0, 0.0, 0.0, 0.0, 0.0, 0.0, 0.0, 0.0]","[0.0, 0.143062, 0.0, 0.0, 0.0, 0.0, 0.0, 0.0, 0.0, 0.0, 0.0]",11
W1,Bahawalpur,Lawn Printed Gul Ahmed/Al Karam,"[506.66, 556.59, 556.59, 556.59, 556.59, 556.59, 556.59, 556.59, 556.59, 556.59, 556.59, 578.3]","[1, 2, 3, 4, 5, 6, 7, 8, 9, 10, 11, 12]","[49.93, 0.0, 0.0, 0.0, 0.0, 0.0, 0.0, 0.0, 0.0, 0.0, 21.71]","[0.098547, 0.0, 0.0, 0.0, 0.0, 0.0, 0.0, 0.0, 0.0, 0.0, 0.039005]",11
W1,Bahawalpur,"Long Cloth 57"" Gul Ahmed/Al Karam","[400.67, 556.59, 556.59, 556.59, 606.59, 606.59, 606.59, 606.59, 606.59, 606.59, 606.59, 646.12]","[1, 2, 3, 4, 5, 6, 7, 8, 9, 10, 11, 12]","[155.92, 0.0, 0.0, 50.0, 0.0, 0.0, 0.0, 0.0, 0.0, 0.0, 39.53]","[0.389148, 0.0, 0.0, 0.089833, 0.0, 0.0, 0.0, 0.0, 0.0, 0.0, 0.065168]",11
W1,Bahawalpur,Match Box,"[5.58, 6.0, 6.0, 6.0, 6.0, 6.0, 6.24, 7.0, 7.0, 7.0, 7.0, 7.0]","[1, 2, 3, 4, 5, 6, 7, 8, 9, 10, 11, 12]","[0.42, 0.0, 0.0, 0.0, 0.0, 0.24, 0.76, 0.0, 0.0, 0.0, 0.0]","[0.075269, 0.0, 0.0, 0.0, 0.0, 0.04, 0.121795, 0.0, 0.0, 0.0, 0.0]",11
W1,Bahawalpur,Milk fresh (Un-boiled),"[120.0, 124.07, 130.8, 133.25, 135.74, 136.58, 139.94, 145.75, 146.59, 146.59, 146.59, 146.59]","[1, 2, 3, 4, 5, 6, 7, 8, 9, 10, 11, 12]","[4.07, 6.73, 2.45, 2.49, 0.84, 3.36, 5.81, 0.84, 0.0, 0.0, 0.0]","[0.033917, 0.054244, 0.018731, 0.018687, 0.006188, 0.024601, 0.041518, 0.005763, 0.0, 0.0, 0.0]",11
W1,Bahawalpur,Mustard Oil (Average Quality),"[553.31, 530.65, 543.28, 503.28, 500.0, 500.0, 500.0, 484.92, 459.79, 459.79, 479.47, 483.24]","[1, 2, 3, 4, 5, 6, 7, 8, 9, 10, 11, 12]","[-22.66, 12.63, -40.0, -3.28, 0.0, 0.0, -15.08, -25.13, 0.0, 19.68, 3.77]","[-0.040954, 0.023801, -0.073627, -0.006517, 0.0, 0.0, -0.03016, -0.051823, 0.0, 0.042802, 0.007863]",11
W1,Bahawalpur,Mutton (Average Quality),"[1396.61, 1400.0, 1432.57, 1465.9, 1465.9, 1492.23, 1532.62, 1532.62, 1532.62, 1532.62, 1549.2, 1557.58]","[1, 2, 3, 4, 5, 6, 7, 8, 9, 10, 11, 12]","[3.39, 32.57, 33.33, 0.0, 26.33, 40.39, 0.0, 0.0, 0.0, 16.58, 8.38]","[0.002427, 0.023264, 0.023266, 0.0, 0.017962, 0.027067, 0.0, 0.0, 0.0, 0.010818, 0.005409]",11
W1,Bahawalpur,Onions,"[134.02, 77.39, 54.77, 59.96, 61.56, 71.9, 91.41, 113.82, 124.79, 157.19, 217.96, 210.78]","[1, 2, 3, 4, 5, 6, 7, 8, 9, 10, 11, 12]","[-56.63, -22.62, 5.19, 1.6, 10.34, 19.51, 22.41, 10.97, 32.4, 60.77, -7.18]","[-0.422549, -0.292286, 0.09476, 0.026684, 0.167966, 0.271349, 0.245159, 0.09638, 0.259636, 0.386602, -0.032942]",11
W1,Bahawalpur,Petrol Super,"[271.22, 278.25, 277.24, 263.23, 258.7, 284.53, 319.39, 304.1, 283.6, 275.7, 264.68, 272.88]","[1, 2, 3, 4, 5, 6, 7, 8, 9, 10, 11, 12]","[7.03, -1.01, -14.01, -4.53, 25.83, 34.86, -15.29, -20.5, -7.9, -11.02, 8.2]","[0.02592, -0.00363, -0.050534, -0.017209, 0.099845, 0.122518, -0.047873, -0.067412, -0.027856, -0.039971, 0.030981]",11
W1,Bahawalpur,Potatoes,"[55.78, 71.21, 84.85, 110.02, 100.0, 100.0, 100.0, 100.0, 106.32, 85.86, 58.2, 64.76]","[1, 2, 3, 4, 5, 6, 7, 8, 9, 10, 11, 12]","[15.43, 13.64, 25.17, -10.02, 0.0, 0.0, 0.0, 6.32, -20.46, -27.66, 6.56]","[0.276622, 0.191546, 0.296641, -0.091074, 0.0, 0.0, 0.0, 0.0632, -0.192438, -0.322152, 0.112715]",11
W1,Bahawalpur,Powdered Milk NIDO 390 gm Polybag,"[680.0, 680.0, 724.52, 740.0, 740.0, 787.01, 820.0, 820.0, 820.0, 820.0, 820.0, 820.0]","[1, 2, 3, 4, 5, 6, 7, 8, 9, 10, 11, 12]","[0.0, 44.52, 15.48, 0.0, 47.01, 32.99, 0.0, 0.0, 0.0, 0.0, 0.0]","[0.0, 0.065471, 0.021366, 0.0, 0.063527, 0.041918, 0.0, 0.0, 0.0, 0.0, 0.0]",11
W1,Bahawalpur,Pulse Gram,"[258.43, 240.0, 251.64, 243.18, 226.47, 241.94, 243.29, 229.89, 217.22, 217.84, 248.13, 252.38]","[1, 2, 3, 4, 5, 6, 7, 8, 9, 10, 11, 12]","[-18.43, 11.64, -8.46, -16.71, 15.47, 1.35, -13.4, -12.67, 0.62, 30.29, 4.25]","[-0.071315, 0.0485, -0.033619, -0.068715, 0.068309, 0.00558, -0.055078, -0.055113, 0.002854, 0.139047, 0.017128]",11
W1,Bahawalpur,Pulse Mash (Washed),"[424.59, 440.0, 445.75, 460.0, 464.92, 496.96, 553.28, 528.24, 522.62, 533.25, 533.25, 524.09]","[1, 2, 3, 4, 5, 6, 7, 8, 9, 10, 11, 12]","[15.41, 5.75, 14.25, 4.92, 32.04, 56.32, -25.04, -5.62, 10.63, 0.0, -9.16]","[0.036294, 0.013068, 0.031969, 0.010696, 0.068915, 0.113329, -0.045257, -0.010639, 0.02034, 0.0, -0.017178]",11
W1,Bahawalpur,Pulse Masoor (Washed),"[277.18, 270.0, 270.0, 254.95, 256.62, 277.11, 328.08, 323.25, 311.84, 320.0, 320.0, 314.09]","[1, 2, 3, 4, 5, 6, 7, 8, 9, 10, 11, 12]","[-7.18, 0.0, -15.05, 1.67, 20.49, 50.97, -4.83, -11.41, 8.16, 0.0, -5.91]","[-0.025904, 0.0, -0.055741, 0.00655, 0.079846, 0.183934, -0.014722, -0.035298, 0.026167, 0.0, -0.018469]",11
W1,Bahawalpur,Pulse Moong (Washed),"[273.17, 270.0, 270.0, 254.95, 243.18, 255.87, 270.75, 264.95, 256.62, 263.81, 294.1, 292.43]","[1, 2, 3, 4, 5, 6, 7, 8, 9, 10, 11, 12]","[-3.17, 0.0, -15.05, -11.77, 12.69, 14.88, -5.8, -8.33, 7.19, 30.29, -1.67]","[-0.011604, 0.0, -0.055741, -0.046166, 0.052184, 0.058155, -0.021422, -0.03144, 0.028018, 0.114817, -0.005678]",11
W1,Bahawalpur,Rice Basmati Broken (Average Quality),"[163.93, 170.71, 176.6, 179.9, 183.27, 197.55, 213.28, 202.29, 186.43, 186.43, 186.43, 186.43]","[1, 2, 3, 4, 5, 6, 7, 8, 9, 10, 11, 12]","[6.78, 5.89, 3.3, 3.37, 14.28, 15.73, -10.99, -15.86, 0.0, 0.0, 0.0]","[0.041359, 0.034503, 0.018686, 0.018733, 0.077918, 0.079625, -0.051529, -0.078402, 0.0, 0.0, 0.0]",11
W1,Bahawalpur,Rice IRRI-6/9 (Sindh/Punjab),"[166.6, 169.9, 173.27, 173.27, 173.27, 175.93, 180.0, 177.45, 170.0, 170.0, 170.0, 170.0]","[1, 2, 3, 4, 5, 6, 7, 8, 9, 10, 11, 12]","[3.3, 3.37, 0.0, 0.0, 2.66, 4.07, -2.55, -7.45, 0.0, 0.0, 0.0]","[0.019808, 0.019835, 0.0, 0.0, 0.015352, 0.023134, -0.014167, -0.041984, 0.0, 0.0, 0.0]",11
W1,Bahawalpur,Salt Powdered (NATIONAL/SHAN) 800 gm Packet,"[50.0, 50.0, 50.0, 50.0, 54.77, 60.0, 70.0, 70.0, 70.0, 70.0, 70.0, 70.0]","[1, 2, 3, 4, 5, 6, 7, 8, 9, 10, 11, 12]","[0.0, 0.0, 0.0, 4.77, 5.23, 10.0, 0.0, 0.0, 0.0, 0.0, 0.0]","[0.0, 0.0, 0.0, 0.0954, 0.09549, 0.166667, 0.0, 0.0, 0.0, 0.0, 0.0]",11
W1,Bahawalpur,Shirting (Average Quality),"[373.93, 376.64, 376.64, 376.64, 586.59, 586.59, 586.59, 586.59, 586.59, 586.59, 586.59, 586.59]","[1, 2, 3, 4, 5, 6, 7, 8, 9, 10, 11, 12]","[2.71, 0.0, 0.0, 209.95, 0.0, 0.0, 0.0, 0.0, 0.0, 0.0, 0.0]","[0.007247, 0.0, 0.0, 0.557429, 0.0, 0.0, 0.0, 0.0, 0.0, 0.0, 0.0]",11
W1,Bahawalpur,Sufi Washing Soap 250 gm Cake,"[130.0, 132.43, 133.25, 133.25, 133.25, 133.25, 133.25, 133.25, 133.25, 133.25, 133.25, 133.25]","[1, 2, 3, 4, 5, 6, 7, 8, 9, 10, 11, 12]","[2.43, 0.82, 0.0, 0.0, 0.0, 0.0, 0.0, 0.0, 0.0, 0.0, 0.0]","[0.018692, 0.006192, 0.0, 0.0, 0.0, 0.0, 0.0, 0.0, 0.0, 0.0, 0.0]",11
W1,Bahawalpur,Sugar Refined,"[104.48, 120.0, 117.89, 119.52, 135.77, 151.4, 163.58, 146.97, 133.6, 137.45, 143.73, 141.86]","[1, 2, 3, 4, 5, 6, 7, 8, 9, 10, 11, 12]","[15.52, -2.11, 1.63, 16.25, 15.63, 12.18, -16.61, -13.37, 3.85, 6.28, -1.87]","[0.148545, -0.017583, 0.013826, 0.135961, 0.115121, 0.080449, -0.101541, -0.090971, 0.028817, 0.045689, -0.013011]",11
W1,Bahawalpur,Tea Lipton Yellow Label 190 gm Packet,"[495.41, 558.82, 558.82, 558.82, 558.82, 558.82, 546.81, 542.86, 638.43, 542.86, 542.86, 542.86]","[1, 2, 3, 4, 5, 6, 7, 8, 9, 10, 11, 12]","[63.41, 0.0, 0.0, 0.0, 0.0, -12.01, -3.95, 95.57, -95.57, 0.0, 0.0]","[0.127995, 0.0, 0.0, 0.0, 0.0, -0.021492, -0.007224, 0.176049, -0.149695, 0.0, 0.0]",11
W1,Bahawalpur,Tea Prepared Ordinary,"[40.0, 40.0, 40.0, 40.0, 40.0, 40.0, 40.0, 40.0, 45.73, 50.0, 50.0, 50.0]","[1, 2, 3, 4, 5, 6, 7, 8, 9, 10, 11, 12]","[0.0, 0.0, 0.0, 0.0, 0.0, 0.0, 0.0, 5.73, 4.27, 0.0, 0.0]","[0.0, 0.0, 0.0, 0.0, 0.0, 0.0, 0.0, 0.14325, 0.093374, 0.0, 0.0]",11
W1,Bahawalpur,Telephone Call Charges,"[1.79, 1.79, 1.79, 1.79, 1.79, 1.79, 1.79, 1.79, 1.79, 1.79, 1.79, 1.79]","[1, 2, 3, 4, 5, 6, 7, 8, 9, 10, 11, 12]","[0.0, 0.0, 0.0, 0.0, 0.0, 0.0, 0.0, 0.0, 0.0, 0.0, 0.0]","[0.0, 0.0, 0.0, 0.0, 0.0, 0.0, 0.0, 0.0, 0.0, 0.0, 0.0]",11
W1,Bahawalpur,Toilet Soap LIFEBUOY 115 gm,"[94.0, 94.0, 106.83, 111.48, 111.48, 111.48, 111.48, 111.48, 111.48, 111.48, 111.48, 111.48]","[1, 2, 3, 4, 5, 6, 7, 8, 9, 10, 11, 12]","[0.0, 12.83, 4.65, 0.0, 0.0, 0.0, 0.0, 0.0, 0.0, 0.0, 0.0]","[0.0, 0.136489, 0.043527, 0.0, 0.0, 0.0, 0.0, 0.0, 0.0, 0.0, 0.0]",11
W1,Bahawalpur,Tomatoes,"[74.16, 45.15, 32.24, 49.64, 98.98, 126.32, 110.75, 124.51, 158.77, 107.11, 143.29, 139.14]","[1, 2, 3, 4, 5, 6, 7, 8, 9, 10, 11, 12]","[-29.01, -12.91, 17.4, 49.34, 27.34, -15.57, 13.76, 34.26, -51.66, 36.18, -4.15]","[-0.391181, -0.285936, 0.539702, 0.993956, 0.276217, -0.123258, 0.124244, 0.275159, -0.325376, 0.337784, -0.028962]",11
W1,Bahawalpur,Vegetable Ghee DALDA/HABIB 2.5 kg Tin,"[1587.3, 1550.0, 1550.0, 1550.0, 1482.0, 1445.88, 1411.23, 1409.98, 1385.82, 1332.93, 1327.16, 1306.08]","[1, 2, 3, 4, 5, 6, 7, 8, 9, 10, 11, 12]","[-37.3, 0.0, 0.0, -68.0, -36.12, -34.65, -1.25, -24.16, -52.89, -5.77, -21.08]","[-0.023499, 0.0, 0.0, -0.043871, -0.024372, -0.023965, -0.000886, -0.017135, -0.038165, -0.004329, -0.015884]",11
W1,Bahawalpur,Vegetable Ghee DALDA/HABIB or Other Superior Quality 1 kg Pouch,"[620.95, 605.0, 605.0, 588.65, 569.25, 554.95, 547.0, 541.95, 520.9, 509.0, 509.0, 506.48]","[1, 2, 3, 4, 5, 6, 7, 8, 9, 10, 11, 12]","[-15.95, 0.0, -16.35, -19.4, -14.3, -7.95, -5.05, -21.05, -11.9, 0.0, -2.52]","[-0.025686, 0.0, -0.027025, -0.032957, -0.025121, -0.014326, -0.009232, -0.038841, -0.022845, 0.0, -0.004951]",11
W1,Bahawalpur,Wheat Flour Bag,"[1732.22, 2470.12, 2455.91, 2415.43, 2709.24, 2746.67, 2773.33, 2746.35, 2765.07, 2766.46, 2749.85, 2757.95]","[1, 2, 3, 4, 5, 6, 7, 8, 9, 10, 11, 12]","[737.9, -14.21, -40.48, 293.81, 37.43, 26.66, -26.98, 18.72, 1.39, -16.61, 8.1]","[0.425985, -0.005753, -0.016483, 0.121639, 0.013816, 0.009706, -0.009728, 0.006816, 0.000503, -0.006004, 0.002946]",11
W1,Bannu,Bananas (Kela) Local,"[253.79, 319.35, 239.48, 222.85, 170.19, 137.39, 124.85, 106.27, 107.57, 116.41, 124.72, 159.99]","[1, 2, 3, 4, 5, 6, 7, 8, 9, 10, 11, 12]","[65.56, -79.87, -16.63, -52.66, -32.8, -12.54, -18.58, 1.3, 8.84, 8.31, 35.27]","[0.258324, -0.250102, -0.069442, -0.236302, -0.192726, -0.091273, -0.148819, 0.012233, 0.082179, 0.071386, 0.282793]",11
W1,Bannu,Beef with Bone (Average Quality),"[600.0, 637.12, 650.0, 687.15, 700.0, 700.0, 700.0, 700.0, 700.0, 700.0, 700.0, 718.58]","[1, 2, 3, 4, 5, 6, 7, 8, 9, 10, 11, 12]","[37.12, 12.88, 37.15, 12.85, 0.0, 0.0, 0.0, 0.0, 0.0, 0.0, 18.58]","[0.061867, 0.020216, 0.057154, 0.0187, 0.0, 0.0, 0.0, 0.0, 0.0, 0.0, 0.026543]",11
W1,Bannu,Bread plain (Small Size),"[100.0, 100.0, 100.0, 100.0, 100.0, 100.0, 100.0, 100.0, 100.0, 100.0, 100.0, 100.0]","[1, 2, 3, 4, 5, 6, 7, 8, 9, 10, 11, 12]","[0.0, 0.0, 0.0, 0.0, 0.0, 0.0, 0.0, 0.0, 0.0, 0.0, 0.0]","[0.0, 0.0, 0.0, 0.0, 0.0, 0.0, 0.0, 0.0, 0.0, 0.0, 0.0]",11
W1,Bannu,Chicken Farm Broiler (Live),"[385.1, 394.89, 432.66, 451.16, 417.2, 413.87, 389.79, 352.97, 365.86, 354.95, 438.23, 437.84]","[1, 2, 3, 4, 5, 6, 7, 8, 9, 10, 11, 12]","[9.79, 37.77, 18.5, -33.96, -3.33, -24.08, -36.82, 12.89, -10.91, 83.28, -0.39]","[0.025422, 0.095647, 0.042759, -0.075273, -0.007982, -0.058183, -0.094461, 0.036519, -0.02982, 0.234625, -0.00089]",11
W1,Bannu,Chilies Powder NATIONAL 200 gm Packet,"[215.0, 215.0, 215.0, 215.0, 215.0, 400.0, 400.0, 400.0, 400.0, 400.0, 400.0, 400.0]","[1, 2, 3, 4, 5, 6, 7, 8, 9, 10, 11, 12]","[0.0, 0.0, 0.0, 0.0, 185.0, 0.0, 0.0, 0.0, 0.0, 0.0, 0.0]","[0.0, 0.0, 0.0, 0.0, 0.860465, 0.0, 0.0, 0.0, 0.0, 0.0, 0.0]",11
W1,Bannu,Cigarettes Capstan 20'S Packet,"[230.0, 224.94, 220.0, 220.0, 220.0, 220.0, 220.0, 220.0, 220.0, 220.0, 220.0, 220.0]","[1, 2, 3, 4, 5, 6, 7, 8, 9, 10, 11, 12]","[-5.06, -4.94, 0.0, 0.0, 0.0, 0.0, 0.0, 0.0, 0.0, 0.0, 0.0]","[-0.022, -0.021961, 0.0, 0.0, 0.0, 0.0, 0.0, 0.0, 0.0, 0.0, 0.0]",11
W1,Bannu,Cooked Beef at Average Hotel,"[150.0, 176.57, 211.47, 250.0, 250.0, 250.0, 250.0, 250.0, 250.0, 250.0, 250.0, 250.0]","[1, 2, 3, 4, 5, 6, 7, 8, 9, 10, 11, 12]","[26.57, 34.9, 38.53, 0.0, 0.0, 0.0, 0.0, 0.0, 0.0, 0.0, 0.0]","[0.177133, 0.197655, 0.182201, 0.0, 0.0, 0.0, 0.0, 0.0, 0.0, 0.0, 0.0]",11
W1,Bannu,Cooked Daal at Average Hotel,"[100.0, 100.0, 100.0, 100.0, 100.0, 100.0, 120.0, 120.0, 120.0, 120.0, 120.0, 120.0]","[1, 2, 3, 4, 5, 6, 7, 8, 9, 10, 11, 12]","[0.0, 0.0, 0.0, 0.0, 0.0, 20.0, 0.0, 0.0, 0.0, 0.0, 0.0]","[0.0, 0.0, 0.0, 0.0, 0.0, 0.2, 0.0, 0.0, 0.0, 0.0, 0.0]",11
W1,Bannu,"Cooking Oil DALDA or Other Similar Brand (SN), 5 Litre Tin","[3116.58, 3329.75, 3111.0, 2888.0, 2885.85, 2711.52, 2666.0, 2635.71, 2510.9, 2527.35, 2485.88, 2492.94]","[1, 2, 3, 4, 5, 6, 7, 8, 9, 10, 11, 12]","[213.17, -218.75, -223.0, -2.15, -174.33, -45.52, -30.29, -124.81, 16.45, -41.47, 7.06]","[0.068399, -0.065696, -0.071681, -0.000744, -0.060409, -0.016788, -0.011362, -0.047353, 0.006551, -0.016408, 0.00284]",11
W1,Bannu,Curd (Dahi) Loose,"[160.0, 160.0, 160.0, 163.22, 173.27, 173.27, 176.6, 176.6, 176.6, 176.6, 176.6, 176.6]","[1, 2, 3, 4, 5, 6, 7, 8, 9, 10, 11, 12]","[0.0, 0.0, 3.22, 10.05, 0.0, 3.33, 0.0, 0.0, 0.0, 0.0, 0.0]","[0.0, 0.0, 0.020125, 0.061573, 0.0, 0.019219, 0.0, 0.0, 0.0, 0.0, 0.0]",11
W1,Bannu,Eggs Hen (Farm),"[255.23, 264.09, 276.53, 281.64, 280.0, 283.29, 303.18, 316.41, 333.2, 375.88, 417.36, 347.7]","[1, 2, 3, 4, 5, 6, 7, 8, 9, 10, 11, 12]","[8.86, 12.44, 5.11, -1.64, 3.29, 19.89, 13.23, 16.79, 42.68, 41.48, -69.66]","[0.034714, 0.047105, 0.018479, -0.005823, 0.01175, 0.070211, 0.043637, 0.053064, 0.128091, 0.110354, -0.166906]",11
W1,Bannu,Electricity Charges upto 50 Units,"[6.47, 6.23, 6.15, 6.15, 6.45, 7.54, 7.57, 8.05, 7.4, 7.04, 7.31, 7.36]","[1, 2, 3, 4, 5, 6, 7, 8, 9, 10, 11, 12]","[-0.24, -0.08, 0.0, 0.3, 1.09, 0.03, 0.48, -0.65, -0.36, 0.27, 0.05]","[-0.037094, -0.012841, 0.0, 0.04878, 0.168992, 0.003979, 0.063408, -0.080745, -0.048649, 0.038352, 0.00684]",11
W1,Bannu,Energy Saver Philips 14 Watt,"[250.0, 250.0, 250.0, 250.0, 250.0, 250.0, 250.0, 250.0, 250.0, 250.0, 250.0, 250.0]","[1, 2, 3, 4, 5, 6, 7, 8, 9, 10, 11, 12]","[0.0, 0.0, 0.0, 0.0, 0.0, 0.0, 0.0, 0.0, 0.0, 0.0, 0.0]","[0.0, 0.0, 0.0, 0.0, 0.0, 0.0, 0.0, 0.0, 0.0, 0.0, 0.0]",11
W1,Bannu,Firewood Whole,"[700.0, 700.0, 700.0, 700.0, 700.0, 700.0, 700.0, 795.81, 795.81, 795.81, 795.81, 795.81]","[1, 2, 3, 4, 5, 6, 7, 8, 9, 10, 11, 12]","[0.0, 0.0, 0.0, 0.0, 0.0, 0.0, 95.81, 0.0, 0.0, 0.0, 0.0]","[0.0, 0.0, 0.0, 0.0, 0.0, 0.0, 0.136871, 0.0, 0.0, 0.0, 0.0]",11
W1,Bannu,Garlic (Lehsun),"[400.0, 400.0, 353.92, 372.24, 400.0, 429.29, 523.09, 600.0, 609.68, 624.5, 612.13, 618.32]","[1, 2, 3, 4, 5, 6, 7, 8, 9, 10, 11, 12]","[0.0, -46.08, 18.32, 27.76, 29.29, 93.8, 76.91, 9.68, 14.82, -12.37, 6.19]","[0.0, -0.1152, 0.051763, 0.074576, 0.073225, 0.2185, 0.14703, 0.016133, 0.024308, -0.019808, 0.010112]",11
W1,Bannu,Gas Charges upto 3.3719 MMBTU,"[295.0, 295.0, 295.0, 295.0, 295.0, 295.0, 295.0, 295.0, 846.99, 1711.0, 1711.0, 1843.75]","[1, 2, 3, 4, 5, 6, 7, 8, 9, 10, 11, 12]","[0.0, 0.0, 0.0, 0.0, 0.0, 0.0, 0.0, 551.99, 864.01, 0.0, 132.75]","[0.0, 0.0, 0.0, 0.0, 0.0, 0.0, 0.0, 1.871153, 1.020095, 0.0, 0.077586]",11
W1,Bannu,Gents Sandal Bata,"[1499.0, 1499.0, 1999.0, 1999.0, 1999.0, 2055.69, 2299.0, 2299.0, 2299.0, 2299.0, 2299.0, 2299.0]","[1, 2, 3, 4, 5, 6, 7, 8, 9, 10, 11, 12]","[0.0, 500.0, 0.0, 0.0, 56.69, 243.31, 0.0, 0.0, 0.0, 0.0, 0.0]","[0.0, 0.333556, 0.0, 0.0, 0.028359, 0.118359, 0.0, 0.0, 0.0, 0.0, 0.0]",11
W1,Bannu,Gents Sponge Chappal Bata,"[379.0, 379.0, 599.0, 599.0, 599.0, 599.0, 599.0, 599.0, 599.0, 599.0, 599.0, 599.0]","[1, 2, 3, 4, 5, 6, 7, 8, 9, 10, 11, 12]","[0.0, 220.0, 0.0, 0.0, 0.0, 0.0, 0.0, 0.0, 0.0, 0.0, 0.0]","[0.0, 0.580475, 0.0, 0.0, 0.0, 0.0, 0.0, 0.0, 0.0, 0.0, 0.0]",11
W1,Bannu,Georgette (Average Quality),"[160.0, 160.0, 160.0, 160.0, 160.0, 160.0, 160.0, 160.0, 160.0, 160.0, 160.0, 160.0]","[1, 2, 3, 4, 5, 6, 7, 8, 9, 10, 11, 12]","[0.0, 0.0, 0.0, 0.0, 0.0, 0.0, 0.0, 0.0, 0.0, 0.0, 0.0]","[0.0, 0.0, 0.0, 0.0, 0.0, 0.0, 0.0, 0.0, 0.0, 0.0, 0.0]",11
W1,Bannu,Gur (Average Quality),"[129.74, 129.74, 129.74, 129.74, 148.18, 176.05, 220.0, 209.76, 190.4, 186.43, 186.43, 186.43]","[1, 2, 3, 4, 5, 6, 7, 8, 9, 10, 11, 12]","[0.0, 0.0, 0.0, 18.44, 27.87, 43.95, -10.24, -19.36, -3.97, 0.0, 0.0]","[0.0, 0.0, 0.0, 0.14213, 0.188082, 0.249645, -0.046545, -0.092296, -0.020851, 0.0, 0.0]",11
W1,Bannu,Hi-Speed Diesel,"[288.51, 293.8, 273.39, 253.8, 258.48, 287.43, 322.53, 312.71, 301.38, 284.97, 278.3, 283.5]","[1, 2, 3, 4, 5, 6, 7, 8, 9, 10, 11, 12]","[5.29, -20.41, -19.59, 4.68, 28.95, 35.1, -9.82, -11.33, -16.41, -6.67, 5.2]","[0.018336, -0.069469, -0.071656, 0.01844, 0.112001, 0.122117, -0.030447, -0.036232, -0.05445, -0.023406, 0.018685]",11
W1,Bannu,LPG 11.67 kg Cylinder,"[3229.91, 3146.13, 3123.89, 2522.36, 2387.14, 2688.84, 3000.0, 3037.22, 2989.77, 3050.0, 3161.82, 3243.18]","[1, 2, 3, 4, 5, 6, 7, 8, 9, 10, 11, 12]","[-83.78, -22.24, -601.53, -135.22, 301.7, 311.16, 37.22, -47.45, 60.23, 111.82, 81.36]","[-0.025939, -0.007069, -0.192558, -0.053609, 0.126386, 0.115723, 0.012407, -0.015623, 0.020145, 0.036662, 0.025732]",11
W1,Bannu,Ladies Sandal Bata,"[699.0, 699.0, 799.0, 799.0, 799.0, 799.0, 799.0, 799.0, 799.0, 799.0, 799.0, 799.0]","[1, 2, 3, 4, 5, 6, 7, 8, 9, 10, 11, 12]","[0.0, 100.0, 0.0, 0.0, 0.0, 0.0, 0.0, 0.0, 0.0, 0.0, 0.0]","[0.0, 0.143062, 0.0, 0.0, 0.0, 0.0, 0.0, 0.0, 0.0, 0.0, 0.0]",11
W1,Bannu,Lawn Printed Gul Ahmed/Al Karam,"[600.0, 600.0, 612.13, 650.0, 650.0, 650.0, 650.0, 650.0, 650.0, 650.0, 650.0, 650.0]","[1, 2, 3, 4, 5, 6, 7, 8, 9, 10, 11, 12]","[0.0, 12.13, 37.87, 0.0, 0.0, 0.0, 0.0, 0.0, 0.0, 0.0, 0.0]","[0.0, 0.020217, 0.061866, 0.0, 0.0, 0.0, 0.0, 0.0, 0.0, 0.0, 0.0]",11
W1,Bannu,"Long Cloth 57"" Gul Ahmed/Al Karam","[460.0, 460.0, 510.91, 700.0, 700.0, 700.0, 700.0, 700.0, 700.0, 700.0, 700.0, 700.0]","[1, 2, 3, 4, 5, 6, 7, 8, 9, 10, 11, 12]","[0.0, 50.91, 189.09, 0.0, 0.0, 0.0, 0.0, 0.0, 0.0, 0.0, 0.0]","[0.0, 0.110674, 0.370104, 0.0, 0.0, 0.0, 0.0, 0.0, 0.0, 0.0, 0.0]",11
W1,Bannu,Match Box,"[5.0, 5.0, 5.0, 5.0, 5.0, 5.0, 5.0, 5.0, 5.0, 5.0, 5.0, 5.0]","[1, 2, 3, 4, 5, 6, 7, 8, 9, 10, 11, 12]","[0.0, 0.0, 0.0, 0.0, 0.0, 0.0, 0.0, 0.0, 0.0, 0.0, 0.0]","[0.0, 0.0, 0.0, 0.0, 0.0, 0.0, 0.0, 0.0, 0.0, 0.0, 0.0]",11
W1,Bannu,Milk fresh (Un-boiled),"[149.78, 149.78, 149.78, 151.51, 153.26, 154.58, 160.0, 157.44, 156.59, 156.59, 156.59, 156.59]","[1, 2, 3, 4, 5, 6, 7, 8, 9, 10, 11, 12]","[0.0, 0.0, 1.73, 1.75, 1.32, 5.42, -2.56, -0.85, 0.0, 0.0, 0.0]","[0.0, 0.0, 0.01155, 0.01155, 0.008613, 0.035063, -0.016, -0.005399, 0.0, 0.0, 0.0]",11
W1,Bannu,Mustard Oil (Average Quality),"[554.56, 507.8, 498.3, 457.32, 459.79, 459.79, 459.79, 446.02, 440.18, 442.08, 442.08, 442.08]","[1, 2, 3, 4, 5, 6, 7, 8, 9, 10, 11, 12]","[-46.76, -9.5, -40.98, 2.47, 0.0, 0.0, -13.77, -5.84, 1.9, 0.0, 0.0]","[-0.084319, -0.018708, -0.08224, 0.005401, 0.0, 0.0, -0.029948, -0.013094, 0.004316, 0.0, 0.0]",11
W1,Bannu,Mutton (Average Quality),"[1119.31, 1200.0, 1200.0, 1247.15, 1400.0, 1400.0, 1400.0, 1400.0, 1400.0, 1400.0, 1400.0, 1455.53]","[1, 2, 3, 4, 5, 6, 7, 8, 9, 10, 11, 12]","[80.69, 0.0, 47.15, 152.85, 0.0, 0.0, 0.0, 0.0, 0.0, 0.0, 55.53]","[0.072089, 0.0, 0.039292, 0.122559, 0.0, 0.0, 0.0, 0.0, 0.0, 0.0, 0.039664]",11
W1,Bannu,Onions,"[138.18, 81.4, 48.91, 53.76, 57.93, 60.11, 79.13, 94.57, 119.32, 144.47, 190.6, 192.94]","[1, 2, 3, 4, 5, 6, 7, 8, 9, 10, 11, 12]","[-56.78, -32.49, 4.85, 4.17, 2.18, 19.02, 15.44, 24.75, 25.15, 46.13, 2.34]","[-0.410913, -0.39914, 0.099162, 0.077567, 0.037632, 0.31642, 0.195122, 0.261711, 0.210778, 0.319305, 0.012277]",11
W1,Bannu,Petrol Super,"[271.22, 277.56, 276.56, 262.8, 258.97, 285.57, 320.34, 304.94, 284.4, 276.51, 265.57, 273.74]","[1, 2, 3, 4, 5, 6, 7, 8, 9, 10, 11, 12]","[6.34, -1.0, -13.76, -3.83, 26.6, 34.77, -15.4, -20.54, -7.89, -10.94, 8.17]","[0.023376, -0.003603, -0.049754, -0.014574, 0.102715, 0.121756, -0.048074, -0.067358, -0.027743, -0.039565, 0.030764]",11
W1,Bannu,Potatoes,"[51.44, 71.08, 87.8, 97.16, 103.32, 110.24, 117.84, 100.5, 103.71, 81.81, 53.13, 62.76]","[1, 2, 3, 4, 5, 6, 7, 8, 9, 10, 11, 12]","[19.64, 16.72, 9.36, 6.16, 6.92, 7.6, -17.34, 3.21, -21.9, -28.68, 9.63]","[0.381804, 0.235228, 0.106606, 0.063401, 0.066976, 0.06894, -0.147149, 0.03194, -0.211166, -0.350568, 0.181254]",11
W1,Bannu,Powdered Milk NIDO 390 gm Polybag,"[680.0, 680.0, 687.46, 720.0, 730.0, 820.0, 820.0, 820.0, 820.0, 820.0, 820.0, 820.0]","[1, 2, 3, 4, 5, 6, 7, 8, 9, 10, 11, 12]","[0.0, 7.46, 32.54, 10.0, 90.0, 0.0, 0.0, 0.0, 0.0, 0.0, 0.0]","[0.0, 0.010971, 0.047334, 0.013889, 0.123288, 0.0, 0.0, 0.0, 0.0, 0.0, 0.0]",11
W1,Bannu,Pulse Gram,"[236.62, 231.6, 224.94, 220.82, 217.45, 217.25, 247.36, 223.25, 229.26, 244.91, 257.46, 258.73]","[1, 2, 3, 4, 5, 6, 7, 8, 9, 10, 11, 12]","[-5.02, -6.66, -4.12, -3.37, -0.2, 30.11, -24.11, 6.01, 15.65, 12.55, 1.27]","[-0.021215, -0.028756, -0.018316, -0.015261, -0.00092, 0.138596, -0.097469, 0.02692, 0.068263, 0.051243, 0.004933]",11
W1,Bannu,Pulse Mash (Washed),"[425.79, 450.0, 457.48, 480.67, 500.0, 503.94, 540.0, 540.0, 535.94, 549.91, 560.0, 573.51]","[1, 2, 3, 4, 5, 6, 7, 8, 9, 10, 11, 12]","[24.21, 7.48, 23.19, 19.33, 3.94, 36.06, 0.0, -4.06, 13.97, 10.09, 13.51]","[0.056859, 0.016622, 0.050691, 0.040215, 0.00788, 0.071556, 0.0, -0.007519, 0.026066, 0.018348, 0.024125]",11
W1,Bannu,Pulse Masoor (Washed),"[250.65, 250.0, 272.75, 277.47, 266.59, 273.93, 329.53, 319.37, 303.9, 320.0, 320.0, 317.44]","[1, 2, 3, 4, 5, 6, 7, 8, 9, 10, 11, 12]","[-0.65, 22.75, 4.72, -10.88, 7.34, 55.6, -10.16, -15.47, 16.1, 0.0, -2.56]","[-0.002593, 0.091, 0.017305, -0.039211, 0.027533, 0.202972, -0.030832, -0.048439, 0.052978, 0.0, -0.008]",11
W1,Bannu,Pulse Moong (Washed),"[258.52, 260.0, 255.72, 235.64, 235.74, 241.14, 259.9, 249.27, 261.81, 270.0, 297.47, 298.74]","[1, 2, 3, 4, 5, 6, 7, 8, 9, 10, 11, 12]","[1.48, -4.28, -20.08, 0.1, 5.4, 18.76, -10.63, 12.54, 8.19, 27.47, 1.27]","[0.005725, -0.016462, -0.078523, 0.000424, 0.022907, 0.077797, -0.0409, 0.050307, 0.031282, 0.101741, 0.004269]",11
W1,Bannu,Rice Basmati Broken (Average Quality),"[157.7, 170.0, 170.0, 170.0, 174.1, 190.29, 200.0, 196.61, 190.0, 190.0, 189.15, 189.58]","[1, 2, 3, 4, 5, 6, 7, 8, 9, 10, 11, 12]","[12.3, 0.0, 0.0, 4.1, 16.19, 9.71, -3.39, -6.61, 0.0, -0.85, 0.43]","[0.077996, 0.0, 0.0, 0.024118, 0.092993, 0.051027, -0.01695, -0.03362, 0.0, -0.004474, 0.002273]",11
W1,Bannu,Rice IRRI-6/9 (Sindh/Punjab),"[160.0, 160.0, 160.0, 160.0, 172.45, 173.27, 178.29, 175.76, 170.0, 170.0, 170.0, 170.0]","[1, 2, 3, 4, 5, 6, 7, 8, 9, 10, 11, 12]","[0.0, 0.0, 0.0, 12.45, 0.82, 5.02, -2.53, -5.76, 0.0, 0.0, 0.0]","[0.0, 0.0, 0.0, 0.077812, 0.004755, 0.028972, -0.01419, -0.032772, 0.0, 0.0, 0.0]",11
W1,Bannu,Salt Powdered (NATIONAL/SHAN) 800 gm Packet,"[50.0, 50.0, 50.0, 50.0, 57.33, 60.0, 60.0, 60.0, 60.0, 60.0, 60.0, 60.0]","[1, 2, 3, 4, 5, 6, 7, 8, 9, 10, 11, 12]","[0.0, 0.0, 0.0, 7.33, 2.67, 0.0, 0.0, 0.0, 0.0, 0.0, 0.0]","[0.0, 0.0, 0.0, 0.1466, 0.046572, 0.0, 0.0, 0.0, 0.0, 0.0, 0.0]",11
W1,Bannu,Shirting (Average Quality),"[400.0, 400.0, 411.95, 450.0, 450.0, 450.0, 450.0, 450.0, 450.0, 450.0, 450.0, 450.0]","[1, 2, 3, 4, 5, 6, 7, 8, 9, 10, 11, 12]","[0.0, 11.95, 38.05, 0.0, 0.0, 0.0, 0.0, 0.0, 0.0, 0.0, 0.0]","[0.0, 0.029875, 0.092366, 0.0, 0.0, 0.0, 0.0, 0.0, 0.0, 0.0, 0.0]",11
W1,Bannu,Sufi Washing Soap 250 gm Cake,"[125.0, 125.0, 125.0, 125.0, 125.0, 134.9, 137.5, 134.26, 125.0, 125.0, 125.0, 125.0]","[1, 2, 3, 4, 5, 6, 7, 8, 9, 10, 11, 12]","[0.0, 0.0, 0.0, 0.0, 9.9, 2.6, -3.24, -9.26, 0.0, 0.0, 0.0]","[0.0, 0.0, 0.0, 0.0, 0.0792, 0.019274, -0.023564, -0.068971, 0.0, 0.0, 0.0]",11
W1,Bannu,Sugar Refined,"[101.92, 117.47, 115.25, 118.68, 136.6, 150.6, 164.74, 150.66, 135.06, 139.15, 142.48, 142.27]","[1, 2, 3, 4, 5, 6, 7, 8, 9, 10, 11, 12]","[15.55, -2.22, 3.43, 17.92, 14.0, 14.14, -14.08, -15.6, 4.09, 3.33, -0.21]","[0.152571, -0.018898, 0.029761, 0.150994, 0.102489, 0.093891, -0.085468, -0.103544, 0.030283, 0.023931, -0.001474]",11
W1,Bannu,Tea Lipton Yellow Label 190 gm Packet,"[413.52, 413.52, 480.71, 558.82, 558.82, 558.82, 558.82, 550.78, 542.85, 542.85, 542.85, 542.85]","[1, 2, 3, 4, 5, 6, 7, 8, 9, 10, 11, 12]","[0.0, 67.19, 78.11, 0.0, 0.0, 0.0, -8.04, -7.93, 0.0, 0.0, 0.0]","[0.0, 0.162483, 0.162489, 0.0, 0.0, 0.0, -0.014387, -0.014398, 0.0, 0.0, 0.0]",11
W1,Bannu,Tea Prepared Ordinary,"[46.42, 46.42, 46.42, 46.42, 46.42, 48.54, 50.0, 50.0, 50.0, 50.0, 50.0, 50.0]","[1, 2, 3, 4, 5, 6, 7, 8, 9, 10, 11, 12]","[0.0, 0.0, 0.0, 0.0, 2.12, 1.46, 0.0, 0.0, 0.0, 0.0, 0.0]","[0.0, 0.0, 0.0, 0.0, 0.04567, 0.030078, 0.0, 0.0, 0.0, 0.0, 0.0]",11
W1,Bannu,Telephone Call Charges,"[1.79, 1.79, 1.79, 1.79, 1.79, 1.79, 1.79, 1.79, 1.79, 1.79, 1.79, 1.79]","[1, 2, 3, 4, 5, 6, 7, 8, 9, 10, 11, 12]","[0.0, 0.0, 0.0, 0.0, 0.0, 0.0, 0.0, 0.0, 0.0, 0.0, 0.0]","[0.0, 0.0, 0.0, 0.0, 0.0, 0.0, 0.0, 0.0, 0.0, 0.0, 0.0]",11
W1,Bannu,Toilet Soap LIFEBUOY 115 gm,"[80.0, 80.0, 80.0, 98.13, 111.47, 111.47, 111.47, 111.47, 111.47, 111.47, 111.47, 111.47]","[1, 2, 3, 4, 5, 6, 7, 8, 9, 10, 11, 12]","[0.0, 0.0, 18.13, 13.34, 0.0, 0.0, 0.0, 0.0, 0.0, 0.0, 0.0]","[0.0, 0.0, 0.226625, 0.135942, 0.0, 0.0, 0.0, 0.0, 0.0, 0.0, 0.0]",11
W1,Bannu,Tomatoes,"[60.23, 58.56, 41.2, 37.02, 83.45, 90.15, 69.64, 68.75, 144.15, 104.66, 117.92, 115.98]","[1, 2, 3, 4, 5, 6, 7, 8, 9, 10, 11, 12]","[-1.67, -17.36, -4.18, 46.43, 6.7, -20.51, -0.89, 75.4, -39.49, 13.26, -1.94]","[-0.027727, -0.296448, -0.101456, 1.254187, 0.080288, -0.22751, -0.01278, 1.096727, -0.273951, 0.126696, -0.016452]",11
W1,Bannu,Vegetable Ghee DALDA/HABIB 2.5 kg Tin,"[1384.95, 1443.71, 1386.99, 1300.0, 1299.17, 1250.0, 1287.32, 1293.7, 1204.96, 1224.74, 1200.0, 1200.0]","[1, 2, 3, 4, 5, 6, 7, 8, 9, 10, 11, 12]","[58.76, -56.72, -86.99, -0.83, -49.17, 37.32, 6.38, -88.74, 19.78, -24.74, 0.0]","[0.042428, -0.039288, -0.062719, -0.000638, -0.037847, 0.029856, 0.004956, -0.068594, 0.016415, -0.0202, 0.0]",11
W1,Bannu,Vegetable Ghee DALDA/HABIB or Other Superior Quality 1 kg Pouch,"[570.0, 570.0, 554.98, 520.0, 518.72, 505.97, 500.0, 486.64, 480.0, 480.0, 470.83, 470.42]","[1, 2, 3, 4, 5, 6, 7, 8, 9, 10, 11, 12]","[0.0, -15.02, -34.98, -1.28, -12.75, -5.97, -13.36, -6.64, 0.0, -9.17, -0.41]","[0.0, -0.026351, -0.063029, -0.002462, -0.02458, -0.011799, -0.02672, -0.013645, 0.0, -0.019104, -0.000871]",11
W1,Bannu,Wheat Flour Bag,"[2095.65, 2890.44, 2927.86, 2535.76, 2682.52, 2670.58, 2722.47, 2740.46, 2822.79, 2850.75, 2837.35, 2807.59]","[1, 2, 3, 4, 5, 6, 7, 8, 9, 10, 11, 12]","[794.79, 37.42, -392.1, 146.76, -11.94, 51.89, 17.99, 82.33, 27.96, -13.4, -29.76]","[0.379257, 0.012946, -0.13392, 0.057876, -0.004451, 0.01943, 0.006608, 0.030042, 0.009905, -0.004701, -0.010489]",11
W1,Faisalabad,Bananas (Kela) Local,"[189.73, 250.33, 228.94, 176.46, 121.63, 106.27, 106.27, 103.75, 96.97, 100.61, 106.27, 149.32]","[1, 2, 3, 4, 5, 6, 7, 8, 9, 10, 11, 12]","[60.6, -21.39, -52.48, -54.83, -15.36, 0.0, -2.52, -6.78, 3.64, 5.66, 43.05]","[0.319401, -0.085447, -0.22923, -0.310722, -0.126285, 0.0, -0.023713, -0.065349, 0.037537, 0.056257, 0.4051]",11
W1,Faisalabad,Beef with Bone (Average Quality),"[766.31, 766.31, 766.31, 766.31, 766.31, 779.61, 800.0, 830.31, 861.77, 861.77, 861.77, 930.88]","[1, 2, 3, 4, 5, 6, 7, 8, 9, 10, 11, 12]","[0.0, 0.0, 0.0, 0.0, 13.3, 20.39, 30.31, 31.46, 0.0, 0.0, 69.11]","[0.0, 0.0, 0.0, 0.0, 0.017356, 0.026154, 0.037887, 0.037889, 0.0, 0.0, 0.080195]",11
W1,Faisalabad,Bread plain (Small Size),"[100.0, 102.41, 110.0, 110.0, 110.0, 110.0, 110.0, 120.0, 120.0, 120.0, 120.0, 120.0]","[1, 2, 3, 4, 5, 6, 7, 8, 9, 10, 11, 12]","[2.41, 7.59, 0.0, 0.0, 0.0, 0.0, 10.0, 0.0, 0.0, 0.0, 0.0]","[0.0241, 0.074114, 0.0, 0.0, 0.0, 0.0, 0.090909, 0.0, 0.0, 0.0, 0.0]",11
W1,Faisalabad,Chicken Farm Broiler (Live),"[385.19, 367.41, 443.42, 433.54, 397.18, 394.02, 372.0, 331.66, 350.87, 342.33, 430.39, 424.99]","[1, 2, 3, 4, 5, 6, 7, 8, 9, 10, 11, 12]","[-17.78, 76.01, -9.88, -36.36, -3.16, -22.02, -40.34, 19.21, -8.54, 88.06, -5.4]","[-0.046159, 0.206881, -0.022281, -0.083868, -0.007956, -0.055885, -0.108441, 0.057921, -0.024339, 0.257237, -0.012547]",11
W1,Faisalabad,Chilies Powder NATIONAL 200 gm Packet,"[215.0, 215.0, 215.0, 215.0, 251.1, 400.0, 400.0, 400.0, 400.0, 400.0, 400.0, 400.0]","[1, 2, 3, 4, 5, 6, 7, 8, 9, 10, 11, 12]","[0.0, 0.0, 0.0, 36.1, 148.9, 0.0, 0.0, 0.0, 0.0, 0.0, 0.0]","[0.0, 0.0, 0.0, 0.167907, 0.592991, 0.0, 0.0, 0.0, 0.0, 0.0, 0.0]",11
W1,Faisalabad,Cigarettes Capstan 20'S Packet,"[220.0, 220.0, 220.0, 220.0, 220.0, 220.0, 220.0, 220.0, 220.0, 220.0, 220.0, 220.0]","[1, 2, 3, 4, 5, 6, 7, 8, 9, 10, 11, 12]","[0.0, 0.0, 0.0, 0.0, 0.0, 0.0, 0.0, 0.0, 0.0, 0.0, 0.0]","[0.0, 0.0, 0.0, 0.0, 0.0, 0.0, 0.0, 0.0, 0.0, 0.0, 0.0]",11
W1,Faisalabad,Cooked Beef at Average Hotel,"[300.0, 300.0, 300.0, 300.0, 300.0, 300.0, 300.0, 300.0, 300.0, 300.0, 300.0, 300.0]","[1, 2, 3, 4, 5, 6, 7, 8, 9, 10, 11, 12]","[0.0, 0.0, 0.0, 0.0, 0.0, 0.0, 0.0, 0.0, 0.0, 0.0, 0.0]","[0.0, 0.0, 0.0, 0.0, 0.0, 0.0, 0.0, 0.0, 0.0, 0.0, 0.0]",11
W1,Faisalabad,Cooked Daal at Average Hotel,"[140.0, 140.0, 140.0, 140.0, 144.91, 150.0, 150.0, 150.0, 155.92, 160.0, 163.17, 164.79]","[1, 2, 3, 4, 5, 6, 7, 8, 9, 10, 11, 12]","[0.0, 0.0, 0.0, 4.91, 5.09, 0.0, 0.0, 5.92, 4.08, 3.17, 1.62]","[0.0, 0.0, 0.0, 0.035071, 0.035125, 0.0, 0.0, 0.039467, 0.026167, 0.019812, 0.009928]",11
W1,Faisalabad,"Cooking Oil DALDA or Other Similar Brand (SN), 5 Litre Tin","[3441.85, 3290.0, 3290.0, 3193.59, 3100.0, 3043.22, 2960.0, 2960.0, 2835.0, 2745.0, 2745.0, 2689.88]","[1, 2, 3, 4, 5, 6, 7, 8, 9, 10, 11, 12]","[-151.85, 0.0, -96.41, -93.59, -56.78, -83.22, 0.0, -125.0, -90.0, 0.0, -55.12]","[-0.044119, 0.0, -0.029304, -0.029306, -0.018316, -0.027346, 0.0, -0.04223, -0.031746, 0.0, -0.02008]",11
W1,Faisalabad,Curd (Dahi) Loose,"[170.0, 170.0, 172.45, 180.0, 200.0, 207.77, 220.0, 220.0, 220.0, 220.0, 220.0, 220.0]","[1, 2, 3, 4, 5, 6, 7, 8, 9, 10, 11, 12]","[0.0, 2.45, 7.55, 20.0, 7.77, 12.23, 0.0, 0.0, 0.0, 0.0, 0.0]","[0.0, 0.014412, 0.043781, 0.111111, 0.03885, 0.058863, 0.0, 0.0, 0.0, 0.0, 0.0]",11
W1,Faisalabad,Eggs Hen (Farm),"[250.9, 262.46, 285.64, 259.42, 252.17, 298.78, 298.69, 313.6, 337.98, 373.41, 419.66, 343.36]","[1, 2, 3, 4, 5, 6, 7, 8, 9, 10, 11, 12]","[11.56, 23.18, -26.22, -7.25, 46.61, -0.09, 14.91, 24.38, 35.43, 46.25, -76.3]","[0.046074, 0.088318, -0.091794, -0.027947, 0.184836, -0.000301, 0.049918, 0.077742, 0.104829, 0.123858, -0.181814]",11
W1,Faisalabad,Electricity Charges upto 50 Units,"[6.47, 6.23, 6.15, 6.15, 6.45, 7.54, 7.57, 8.05, 7.4, 7.04, 7.31, 7.36]","[1, 2, 3, 4, 5, 6, 7, 8, 9, 10, 11, 12]","[-0.24, -0.08, 0.0, 0.3, 1.09, 0.03, 0.48, -0.65, -0.36, 0.27, 0.05]","[-0.037094, -0.012841, 0.0, 0.04878, 0.168992, 0.003979, 0.063408, -0.080745, -0.048649, 0.038352, 0.00684]",11
W1,Faisalabad,Energy Saver Philips 14 Watt,"[350.0, 350.0, 350.0, 361.88, 365.93, 365.93, 365.93, 365.93, 365.93, 365.93, 391.2, 395.6]","[1, 2, 3, 4, 5, 6, 7, 8, 9, 10, 11, 12]","[0.0, 0.0, 11.88, 4.05, 0.0, 0.0, 0.0, 0.0, 0.0, 25.27, 4.4]","[0.0, 0.0, 0.033943, 0.011192, 0.0, 0.0, 0.0, 0.0, 0.0, 0.069057, 0.011247]",11
W1,Faisalabad,Firewood Whole,"[1400.0, 1400.0, 1400.0, 1400.0, 1400.0, 1400.0, 1400.0, 1400.0, 1452.48, 1500.0, 1574.39, 1587.2]","[1, 2, 3, 4, 5, 6, 7, 8, 9, 10, 11, 12]","[0.0, 0.0, 0.0, 0.0, 0.0, 0.0, 0.0, 52.48, 47.52, 74.39, 12.81]","[0.0, 0.0, 0.0, 0.0, 0.0, 0.0, 0.0, 0.037486, 0.032716, 0.049593, 0.008136]",11
W1,Faisalabad,Garlic (Lehsun),"[355.8, 347.1, 300.0, 314.57, 342.72, 419.3, 488.88, 522.62, 568.84, 600.0, 600.0, 589.32]","[1, 2, 3, 4, 5, 6, 7, 8, 9, 10, 11, 12]","[-8.7, -47.1, 14.57, 28.15, 76.58, 69.58, 33.74, 46.22, 31.16, 0.0, -10.68]","[-0.024452, -0.135696, 0.048567, 0.089487, 0.223448, 0.165943, 0.069015, 0.088439, 0.054778, 0.0, -0.0178]",11
W1,Faisalabad,Gas Charges upto 3.3719 MMBTU,"[295.0, 295.0, 295.0, 295.0, 295.0, 295.0, 295.0, 295.0, 846.99, 1711.0, 1711.0, 1843.75]","[1, 2, 3, 4, 5, 6, 7, 8, 9, 10, 11, 12]","[0.0, 0.0, 0.0, 0.0, 0.0, 0.0, 0.0, 551.99, 864.01, 0.0, 132.75]","[0.0, 0.0, 0.0, 0.0, 0.0, 0.0, 0.0, 1.871153, 1.020095, 0.0, 0.077586]",11
W1,Faisalabad,Gents Sandal Bata,"[1499.0, 1499.0, 1999.0, 1999.0, 1999.0, 2055.69, 2299.0, 2299.0, 2299.0, 2299.0, 2299.0, 2299.0]","[1, 2, 3, 4, 5, 6, 7, 8, 9, 10, 11, 12]","[0.0, 500.0, 0.0, 0.0, 56.69, 243.31, 0.0, 0.0, 0.0, 0.0, 0.0]","[0.0, 0.333556, 0.0, 0.0, 0.028359, 0.118359, 0.0, 0.0, 0.0, 0.0, 0.0]",11
W1,Faisalabad,Gents Sponge Chappal Bata,"[379.0, 379.0, 599.0, 599.0, 599.0, 599.0, 599.0, 599.0, 599.0, 599.0, 599.0, 599.0]","[1, 2, 3, 4, 5, 6, 7, 8, 9, 10, 11, 12]","[0.0, 220.0, 0.0, 0.0, 0.0, 0.0, 0.0, 0.0, 0.0, 0.0, 0.0]","[0.0, 0.580475, 0.0, 0.0, 0.0, 0.0, 0.0, 0.0, 0.0, 0.0, 0.0]",11
W1,Faisalabad,Georgette (Average Quality),"[171.23, 194.94, 199.87, 252.1, 304.93, 350.0, 350.0, 350.0, 350.0, 350.0, 350.0, 350.0]","[1, 2, 3, 4, 5, 6, 7, 8, 9, 10, 11, 12]","[23.71, 4.93, 52.23, 52.83, 45.07, 0.0, 0.0, 0.0, 0.0, 0.0, 0.0]","[0.138469, 0.02529, 0.26132, 0.20956, 0.147804, 0.0, 0.0, 0.0, 0.0, 0.0, 0.0]",11
W1,Faisalabad,Gur (Average Quality),"[143.92, 150.0, 159.85, 176.14, 201.26, 271.31, 273.3, 242.01, 200.0, 200.0, 200.0, 203.23]","[1, 2, 3, 4, 5, 6, 7, 8, 9, 10, 11, 12]","[6.08, 9.85, 16.29, 25.12, 70.05, 1.99, -31.29, -42.01, 0.0, 0.0, 3.23]","[0.042246, 0.065667, 0.101908, 0.142614, 0.348057, 0.007335, -0.11449, -0.173588, 0.0, 0.0, 0.01615]",11
W1,Faisalabad,Hi-Speed Diesel,"[288.43, 293.7, 273.29, 253.7, 257.69, 285.92, 321.19, 311.51, 300.16, 284.21, 277.1, 282.15]","[1, 2, 3, 4, 5, 6, 7, 8, 9, 10, 11, 12]","[5.27, -20.41, -19.59, 3.99, 28.23, 35.27, -9.68, -11.35, -15.95, -7.11, 5.05]","[0.018271, -0.069493, -0.071682, 0.015727, 0.10955, 0.123356, -0.030138, -0.036435, -0.053138, -0.025017, 0.018224]",11
W1,Faisalabad,LPG 11.67 kg Cylinder,"[3239.82, 3327.25, 3171.43, 2622.77, 2479.5, 2852.11, 3079.05, 3103.33, 3086.69, 3174.7, 3421.88, 3399.78]","[1, 2, 3, 4, 5, 6, 7, 8, 9, 10, 11, 12]","[87.43, -155.82, -548.66, -143.27, 372.61, 226.94, 24.28, -16.64, 88.01, 247.18, -22.1]","[0.026986, -0.046831, -0.173001, -0.054625, 0.150276, 0.079569, 0.007886, -0.005362, 0.028513, 0.077859, -0.006458]",11
W1,Faisalabad,Ladies Sandal Bata,"[699.0, 699.0, 799.0, 799.0, 799.0, 799.0, 799.0, 799.0, 799.0, 799.0, 799.0, 799.0]","[1, 2, 3, 4, 5, 6, 7, 8, 9, 10, 11, 12]","[0.0, 100.0, 0.0, 0.0, 0.0, 0.0, 0.0, 0.0, 0.0, 0.0, 0.0]","[0.0, 0.143062, 0.0, 0.0, 0.0, 0.0, 0.0, 0.0, 0.0, 0.0, 0.0]",11
W1,Faisalabad,Lawn Printed Gul Ahmed/Al Karam,"[495.5, 553.24, 566.19, 566.19, 566.19, 566.19, 566.19, 566.19, 566.19, 566.19, 566.19, 566.19]","[1, 2, 3, 4, 5, 6, 7, 8, 9, 10, 11, 12]","[57.74, 12.95, 0.0, 0.0, 0.0, 0.0, 0.0, 0.0, 0.0, 0.0, 0.0]","[0.116529, 0.023408, 0.0, 0.0, 0.0, 0.0, 0.0, 0.0, 0.0, 0.0, 0.0]",11
W1,Faisalabad,"Long Cloth 57"" Gul Ahmed/Al Karam","[438.43, 466.08, 466.08, 466.08, 474.34, 482.74, 482.74, 482.74, 482.74, 482.74, 482.74, 482.74]","[1, 2, 3, 4, 5, 6, 7, 8, 9, 10, 11, 12]","[27.65, 0.0, 0.0, 8.26, 8.4, 0.0, 0.0, 0.0, 0.0, 0.0, 0.0]","[0.063066, 0.0, 0.0, 0.017722, 0.017709, 0.0, 0.0, 0.0, 0.0, 0.0, 0.0]",11
W1,Faisalabad,Match Box,"[5.58, 6.0, 6.0, 6.0, 6.0, 6.0, 6.0, 6.0, 6.0, 6.0, 6.48, 6.74]","[1, 2, 3, 4, 5, 6, 7, 8, 9, 10, 11, 12]","[0.42, 0.0, 0.0, 0.0, 0.0, 0.0, 0.0, 0.0, 0.0, 0.48, 0.26]","[0.075269, 0.0, 0.0, 0.0, 0.0, 0.0, 0.0, 0.0, 0.0, 0.08, 0.040123]",11
W1,Faisalabad,Milk fresh (Un-boiled),"[150.0, 150.0, 152.44, 160.0, 178.24, 182.54, 186.43, 186.43, 186.43, 186.43, 186.43, 186.43]","[1, 2, 3, 4, 5, 6, 7, 8, 9, 10, 11, 12]","[0.0, 2.44, 7.56, 18.24, 4.3, 3.89, 0.0, 0.0, 0.0, 0.0, 0.0]","[0.0, 0.016267, 0.049593, 0.114, 0.024125, 0.02131, 0.0, 0.0, 0.0, 0.0, 0.0]",11
W1,Faisalabad,Mustard Oil (Average Quality),"[640.0, 640.0, 640.0, 640.0, 640.0, 566.19, 558.03, 578.63, 600.0, 600.0, 600.0, 600.0]","[1, 2, 3, 4, 5, 6, 7, 8, 9, 10, 11, 12]","[0.0, 0.0, 0.0, 0.0, -73.81, -8.16, 20.6, 21.37, 0.0, 0.0, 0.0]","[0.0, 0.0, 0.0, 0.0, -0.115328, -0.014412, 0.036916, 0.036932, 0.0, 0.0, 0.0]",11
W1,Faisalabad,Mutton (Average Quality),"[1532.62, 1557.04, 1657.12, 1732.7, 1732.7, 1732.7, 1732.7, 1829.16, 1930.98, 1930.98, 1930.98, 1965.49]","[1, 2, 3, 4, 5, 6, 7, 8, 9, 10, 11, 12]","[24.42, 100.08, 75.58, 0.0, 0.0, 0.0, 96.46, 101.82, 0.0, 0.0, 34.51]","[0.015933, 0.064276, 0.045609, 0.0, 0.0, 0.0, 0.05567, 0.055665, 0.0, 0.0, 0.017872]",11
W1,Faisalabad,Onions,"[124.54, 71.74, 47.85, 57.56, 54.64, 65.05, 84.06, 104.36, 125.9, 163.6, 193.4, 197.79]","[1, 2, 3, 4, 5, 6, 7, 8, 9, 10, 11, 12]","[-52.8, -23.89, 9.71, -2.92, 10.41, 19.01, 20.3, 21.54, 37.7, 29.8, 4.39]","[-0.42396, -0.333008, 0.202926, -0.05073, 0.19052, 0.292237, 0.241494, 0.206401, 0.299444, 0.182152, 0.022699]",11
W1,Faisalabad,Petrol Super,"[270.75, 277.75, 276.68, 262.7, 258.16, 284.03, 318.91, 303.55, 283.0, 275.06, 264.07, 272.28]","[1, 2, 3, 4, 5, 6, 7, 8, 9, 10, 11, 12]","[7.0, -1.07, -13.98, -4.54, 25.87, 34.88, -15.36, -20.55, -7.94, -10.99, 8.21]","[0.025854, -0.003852, -0.050528, -0.017282, 0.100209, 0.122804, -0.048164, -0.067699, -0.028057, -0.039955, 0.03109]",11
W1,Faisalabad,Potatoes,"[49.43, 65.53, 73.91, 78.72, 87.88, 91.61, 96.13, 96.55, 112.27, 79.67, 50.12, 55.64]","[1, 2, 3, 4, 5, 6, 7, 8, 9, 10, 11, 12]","[16.1, 8.38, 4.81, 9.16, 3.73, 4.52, 0.42, 15.72, -32.6, -29.55, 5.52]","[0.325713, 0.12788, 0.065079, 0.116362, 0.042444, 0.04934, 0.004369, 0.162817, -0.290371, -0.370905, 0.110136]",11
W1,Faisalabad,Powdered Milk NIDO 390 gm Polybag,"[680.0, 680.0, 724.52, 740.0, 740.0, 803.34, 820.0, 820.0, 820.0, 820.0, 820.0, 820.0]","[1, 2, 3, 4, 5, 6, 7, 8, 9, 10, 11, 12]","[0.0, 44.52, 15.48, 0.0, 63.34, 16.66, 0.0, 0.0, 0.0, 0.0, 0.0]","[0.0, 0.065471, 0.021366, 0.0, 0.085595, 0.020738, 0.0, 0.0, 0.0, 0.0, 0.0]",11
W1,Faisalabad,Pulse Gram,"[243.95, 225.74, 233.29, 231.49, 224.87, 229.17, 233.29, 228.23, 225.25, 230.71, 244.78, 241.51]","[1, 2, 3, 4, 5, 6, 7, 8, 9, 10, 11, 12]","[-18.21, 7.55, -1.8, -6.62, 4.3, 4.12, -5.06, -2.98, 5.46, 14.07, -3.27]","[-0.074646, 0.033446, -0.007716, -0.028597, 0.019122, 0.017978, -0.02169, -0.013057, 0.02424, 0.060986, -0.013359]",11
W1,Faisalabad,Pulse Mash (Washed),"[419.87, 446.47, 454.88, 446.57, 486.58, 506.58, 558.71, 538.33, 538.84, 552.1, 569.94, 569.94]","[1, 2, 3, 4, 5, 6, 7, 8, 9, 10, 11, 12]","[26.6, 8.41, -8.31, 40.01, 20.0, 52.13, -20.38, 0.51, 13.26, 17.84, 0.0]","[0.063353, 0.018837, -0.018269, 0.089594, 0.041103, 0.102906, -0.036477, 0.000947, 0.024608, 0.032313, 0.0]",11
W1,Faisalabad,Pulse Masoor (Washed),"[283.76, 301.39, 301.39, 276.32, 276.32, 306.52, 347.08, 309.21, 326.97, 346.54, 346.54, 346.54]","[1, 2, 3, 4, 5, 6, 7, 8, 9, 10, 11, 12]","[17.63, 0.0, -25.07, 0.0, 30.2, 40.56, -37.87, 17.76, 19.57, 0.0, 0.0]","[0.06213, 0.0, -0.083181, 0.0, 0.109294, 0.132324, -0.10911, 0.057437, 0.059853, 0.0, 0.0]",11
W1,Faisalabad,Pulse Moong (Washed),"[252.96, 245.75, 259.81, 256.3, 243.29, 256.5, 258.84, 249.81, 263.36, 288.28, 293.3, 292.48]","[1, 2, 3, 4, 5, 6, 7, 8, 9, 10, 11, 12]","[-7.21, 14.06, -3.51, -13.01, 13.21, 2.34, -9.03, 13.55, 24.92, 5.02, -0.82]","[-0.028503, 0.057213, -0.01351, -0.050761, 0.054297, 0.009123, -0.034886, 0.054241, 0.094623, 0.017414, -0.002796]",11
W1,Faisalabad,Rice Basmati Broken (Average Quality),"[204.37, 243.29, 241.64, 226.47, 226.47, 226.47, 224.87, 223.28, 223.28, 223.28, 224.11, 223.7]","[1, 2, 3, 4, 5, 6, 7, 8, 9, 10, 11, 12]","[38.92, -1.65, -15.17, 0.0, 0.0, -1.6, -1.59, 0.0, 0.0, 0.83, -0.41]","[0.190439, -0.006782, -0.062779, 0.0, 0.0, -0.007065, -0.007071, 0.0, 0.0, 0.003717, -0.001829]",11
W1,Faisalabad,Rice IRRI-6/9 (Sindh/Punjab),"[133.91, 140.0, 140.0, 140.0, 146.48, 157.27, 160.0, 160.0, 160.0, 160.0, 160.0, 160.0]","[1, 2, 3, 4, 5, 6, 7, 8, 9, 10, 11, 12]","[6.09, 0.0, 0.0, 6.48, 10.79, 2.73, 0.0, 0.0, 0.0, 0.0, 0.0]","[0.045478, 0.0, 0.0, 0.046286, 0.073662, 0.017359, 0.0, 0.0, 0.0, 0.0, 0.0]",11
W1,Faisalabad,Salt Powdered (NATIONAL/SHAN) 800 gm Packet,"[53.78, 60.0, 60.0, 60.0, 60.0, 60.0, 60.0, 62.36, 70.0, 70.0, 70.0, 70.0]","[1, 2, 3, 4, 5, 6, 7, 8, 9, 10, 11, 12]","[6.22, 0.0, 0.0, 0.0, 0.0, 0.0, 2.36, 7.64, 0.0, 0.0, 0.0]","[0.115656, 0.0, 0.0, 0.0, 0.0, 0.0, 0.039333, 0.122514, 0.0, 0.0, 0.0]",11
W1,Faisalabad,Shirting (Average Quality),"[450.0, 462.01, 466.08, 466.08, 513.7, 566.19, 604.47, 694.04, 748.89, 748.89, 748.89, 748.89]","[1, 2, 3, 4, 5, 6, 7, 8, 9, 10, 11, 12]","[12.01, 4.07, 0.0, 47.62, 52.49, 38.28, 89.57, 54.85, 0.0, 0.0, 0.0]","[0.026689, 0.008809, 0.0, 0.102171, 0.10218, 0.06761, 0.148179, 0.07903, 0.0, 0.0, 0.0]",11
W1,Faisalabad,Sufi Washing Soap 250 gm Cake,"[121.48, 130.0, 130.0, 130.0, 130.0, 130.0, 130.0, 130.0, 130.0, 130.0, 130.0, 130.0]","[1, 2, 3, 4, 5, 6, 7, 8, 9, 10, 11, 12]","[8.52, 0.0, 0.0, 0.0, 0.0, 0.0, 0.0, 0.0, 0.0, 0.0, 0.0]","[0.070135, 0.0, 0.0, 0.0, 0.0, 0.0, 0.0, 0.0, 0.0, 0.0, 0.0]",11
W1,Faisalabad,Sugar Refined,"[103.48, 121.59, 116.4, 119.47, 137.62, 152.53, 163.22, 146.4, 136.52, 137.12, 145.0, 143.95]","[1, 2, 3, 4, 5, 6, 7, 8, 9, 10, 11, 12]","[18.11, -5.19, 3.07, 18.15, 14.91, 10.69, -16.82, -9.88, 0.6, 7.88, -1.05]","[0.17501, -0.042684, 0.026375, 0.151921, 0.108342, 0.070085, -0.103051, -0.067486, 0.004395, 0.057468, -0.007241]",11
W1,Faisalabad,Tea Lipton Yellow Label 190 gm Packet,"[495.41, 558.82, 558.82, 558.82, 558.82, 558.82, 544.79, 542.86, 619.88, 677.21, 677.21, 610.02]","[1, 2, 3, 4, 5, 6, 7, 8, 9, 10, 11, 12]","[63.41, 0.0, 0.0, 0.0, 0.0, -14.03, -1.93, 77.02, 57.33, 0.0, -67.19]","[0.127995, 0.0, 0.0, 0.0, 0.0, -0.025106, -0.003543, 0.141878, 0.092486, 0.0, -0.099216]",11
W1,Faisalabad,Tea Prepared Ordinary,"[50.0, 50.0, 50.0, 50.0, 51.15, 51.54, 52.33, 58.2, 61.88, 63.16, 63.16, 63.16]","[1, 2, 3, 4, 5, 6, 7, 8, 9, 10, 11, 12]","[0.0, 0.0, 0.0, 1.15, 0.39, 0.79, 5.87, 3.68, 1.28, 0.0, 0.0]","[0.0, 0.0, 0.0, 0.023, 0.007625, 0.015328, 0.112173, 0.06323, 0.020685, 0.0, 0.0]",11
W1,Faisalabad,Telephone Call Charges,"[1.79, 1.79, 1.79, 1.79, 1.79, 1.79, 1.79, 1.79, 1.79, 1.79, 1.79, 1.79]","[1, 2, 3, 4, 5, 6, 7, 8, 9, 10, 11, 12]","[0.0, 0.0, 0.0, 0.0, 0.0, 0.0, 0.0, 0.0, 0.0, 0.0, 0.0]","[0.0, 0.0, 0.0, 0.0, 0.0, 0.0, 0.0, 0.0, 0.0, 0.0, 0.0]",11
W1,Faisalabad,Toilet Soap LIFEBUOY 115 gm,"[85.0, 85.0, 94.09, 102.47, 105.0, 105.0, 105.0, 105.0, 105.0, 105.0, 105.0, 105.0]","[1, 2, 3, 4, 5, 6, 7, 8, 9, 10, 11, 12]","[0.0, 9.09, 8.38, 2.53, 0.0, 0.0, 0.0, 0.0, 0.0, 0.0, 0.0]","[0.0, 0.106941, 0.089064, 0.02469, 0.0, 0.0, 0.0, 0.0, 0.0, 0.0, 0.0]",11
W1,Faisalabad,Tomatoes,"[74.47, 58.01, 40.32, 47.88, 92.96, 116.85, 104.29, 105.65, 163.04, 112.15, 138.35, 130.94]","[1, 2, 3, 4, 5, 6, 7, 8, 9, 10, 11, 12]","[-16.46, -17.69, 7.56, 45.08, 23.89, -12.56, 1.36, 57.39, -50.89, 26.2, -7.41]","[-0.221029, -0.304947, 0.1875, 0.94152, 0.256992, -0.107488, 0.013041, 0.543209, -0.312132, 0.233616, -0.05356]",11
W1,Faisalabad,Vegetable Ghee DALDA/HABIB 2.5 kg Tin,"[1589.87, 1550.0, 1550.0, 1537.45, 1525.0, 1439.97, 1412.44, 1405.0, 1380.0, 1362.16, 1310.0, 1310.0]","[1, 2, 3, 4, 5, 6, 7, 8, 9, 10, 11, 12]","[-39.87, 0.0, -12.55, -12.45, -85.03, -27.53, -7.44, -25.0, -17.84, -52.16, 0.0]","[-0.025078, 0.0, -0.008097, -0.008098, -0.055757, -0.019118, -0.005267, -0.017794, -0.012928, -0.038292, 0.0]",11
W1,Faisalabad,Vegetable Ghee DALDA/HABIB or Other Superior Quality 1 kg Pouch,"[629.26, 605.0, 605.0, 578.24, 561.45, 538.14, 537.27, 510.66, 495.28, 495.8, 486.41, 484.86]","[1, 2, 3, 4, 5, 6, 7, 8, 9, 10, 11, 12]","[-24.26, 0.0, -26.76, -16.79, -23.31, -0.87, -26.61, -15.38, 0.52, -9.39, -1.55]","[-0.038553, 0.0, -0.044231, -0.029036, -0.041517, -0.001617, -0.049528, -0.030118, 0.00105, -0.018939, -0.003187]",11
W1,Faisalabad,Wheat Flour Bag,"[1633.74, 2315.0, 2392.76, 2316.19, 2648.75, 2686.45, 2682.53, 2617.87, 2742.56, 2800.0, 2773.27, 2744.92]","[1, 2, 3, 4, 5, 6, 7, 8, 9, 10, 11, 12]","[681.26, 77.76, -76.57, 332.56, 37.7, -3.92, -64.66, 124.69, 57.44, -26.73, -28.35]","[0.416994, 0.03359, -0.032001, 0.143581, 0.014233, -0.001459, -0.024104, 0.04763, 0.020944, -0.009546, -0.010223]",11
W1,Gujranwala,Bananas (Kela) Local,"[170.51, 235.8, 249.9, 207.11, 157.0, 135.91, 140.0, 118.76, 115.7, 118.98, 130.0, 163.96]","[1, 2, 3, 4, 5, 6, 7, 8, 9, 10, 11, 12]","[65.29, 14.1, -42.79, -50.11, -21.09, 4.09, -21.24, -3.06, 3.28, 11.02, 33.96]","[0.38291, 0.059796, -0.171228, -0.241949, -0.134331, 0.030093, -0.151714, -0.025766, 0.028349, 0.092621, 0.261231]",11
W1,Gujranwala,Beef with Bone (Average Quality),"[700.0, 700.0, 741.15, 766.31, 782.97, 800.0, 800.0, 800.0, 812.66, 840.48, 866.35, 866.35]","[1, 2, 3, 4, 5, 6, 7, 8, 9, 10, 11, 12]","[0.0, 41.15, 25.16, 16.66, 17.03, 0.0, 0.0, 12.66, 27.82, 25.87, 0.0]","[0.0, 0.058786, 0.033947, 0.021741, 0.021751, 0.0, 0.0, 0.015825, 0.034233, 0.03078, 0.0]",11
W1,Gujranwala,Bread plain (Small Size),"[100.0, 100.0, 110.0, 110.0, 110.0, 110.0, 117.42, 120.0, 120.0, 120.0, 120.0, 115.0]","[1, 2, 3, 4, 5, 6, 7, 8, 9, 10, 11, 12]","[0.0, 10.0, 0.0, 0.0, 0.0, 7.42, 2.58, 0.0, 0.0, 0.0, -5.0]","[0.0, 0.1, 0.0, 0.0, 0.0, 0.067455, 0.021972, 0.0, 0.0, 0.0, -0.041667]",11
W1,Gujranwala,Chicken Farm Broiler (Live),"[370.7, 354.02, 414.54, 422.16, 383.94, 383.59, 353.78, 311.31, 342.01, 334.97, 416.07, 415.19]","[1, 2, 3, 4, 5, 6, 7, 8, 9, 10, 11, 12]","[-16.68, 60.52, 7.62, -38.22, -0.35, -29.81, -42.47, 30.7, -7.04, 81.1, -0.88]","[-0.044996, 0.170951, 0.018382, -0.090534, -0.000912, -0.077713, -0.120046, 0.098616, -0.020584, 0.242111, -0.002115]",11
W1,Gujranwala,Chilies Powder NATIONAL 200 gm Packet,"[215.0, 215.0, 215.0, 215.0, 251.1, 400.0, 400.0, 400.0, 400.0, 400.0, 400.0, 400.0]","[1, 2, 3, 4, 5, 6, 7, 8, 9, 10, 11, 12]","[0.0, 0.0, 0.0, 36.1, 148.9, 0.0, 0.0, 0.0, 0.0, 0.0, 0.0]","[0.0, 0.0, 0.0, 0.167907, 0.592991, 0.0, 0.0, 0.0, 0.0, 0.0, 0.0]",11
W1,Gujranwala,Cigarettes Capstan 20'S Packet,"[220.0, 220.0, 220.0, 220.0, 220.0, 220.0, 220.0, 220.0, 220.0, 220.0, 220.0, 220.0]","[1, 2, 3, 4, 5, 6, 7, 8, 9, 10, 11, 12]","[0.0, 0.0, 0.0, 0.0, 0.0, 0.0, 0.0, 0.0, 0.0, 0.0, 0.0]","[0.0, 0.0, 0.0, 0.0, 0.0, 0.0, 0.0, 0.0, 0.0, 0.0, 0.0]",11
W1,Gujranwala,Cooked Beef at Average Hotel,"[300.0, 300.0, 336.77, 350.0, 350.0, 359.79, 375.0, 375.0, 375.0, 375.0, 375.0, 375.0]","[1, 2, 3, 4, 5, 6, 7, 8, 9, 10, 11, 12]","[0.0, 36.77, 13.23, 0.0, 9.79, 15.21, 0.0, 0.0, 0.0, 0.0, 0.0]","[0.0, 0.122567, 0.039285, 0.0, 0.027971, 0.042275, 0.0, 0.0, 0.0, 0.0, 0.0]",11
W1,Gujranwala,Cooked Daal at Average Hotel,"[100.0, 100.0, 114.65, 120.0, 120.0, 127.63, 140.0, 140.0, 140.0, 140.0, 140.0, 145.0]","[1, 2, 3, 4, 5, 6, 7, 8, 9, 10, 11, 12]","[0.0, 14.65, 5.35, 0.0, 7.63, 12.37, 0.0, 0.0, 0.0, 0.0, 5.0]","[0.0, 0.1465, 0.046664, 0.0, 0.063583, 0.096921, 0.0, 0.0, 0.0, 0.0, 0.035714]",11
W1,Gujranwala,"Cooking Oil DALDA or Other Similar Brand (SN), 5 Litre Tin","[3290.16, 3290.0, 3290.0, 3290.0, 3286.65, 3276.61, 2950.0, 2950.0, 2928.85, 2897.4, 2936.76, 2795.73]","[1, 2, 3, 4, 5, 6, 7, 8, 9, 10, 11, 12]","[-0.16, 0.0, 0.0, -3.35, -10.04, -326.61, 0.0, -21.15, -31.45, 39.36, -141.03]","[-4.9e-05, 0.0, 0.0, -0.001018, -0.003055, -0.099679, 0.0, -0.007169, -0.010738, 0.013585, -0.048022]",11
W1,Gujranwala,Curd (Dahi) Loose,"[171.95, 180.0, 201.71, 220.0, 220.0, 220.0, 220.0, 220.0, 220.0, 220.0, 220.0, 220.0]","[1, 2, 3, 4, 5, 6, 7, 8, 9, 10, 11, 12]","[8.05, 21.71, 18.29, 0.0, 0.0, 0.0, 0.0, 0.0, 0.0, 0.0, 0.0]","[0.046816, 0.120611, 0.090675, 0.0, 0.0, 0.0, 0.0, 0.0, 0.0, 0.0, 0.0]",11
W1,Gujranwala,Eggs Hen (Farm),"[242.26, 269.97, 279.91, 251.51, 253.8, 295.96, 295.79, 322.16, 340.0, 375.9, 424.91, 348.64]","[1, 2, 3, 4, 5, 6, 7, 8, 9, 10, 11, 12]","[27.71, 9.94, -28.4, 2.29, 42.16, -0.17, 26.37, 17.84, 35.9, 49.01, -76.27]","[0.114381, 0.036819, -0.101461, 0.009105, 0.166115, -0.000574, 0.089151, 0.055376, 0.105588, 0.13038, -0.179497]",11
W1,Gujranwala,Electricity Charges upto 50 Units,"[6.47, 6.23, 6.15, 6.15, 6.45, 7.54, 7.57, 8.05, 7.4, 7.04, 7.31, 7.36]","[1, 2, 3, 4, 5, 6, 7, 8, 9, 10, 11, 12]","[-0.24, -0.08, 0.0, 0.3, 1.09, 0.03, 0.48, -0.65, -0.36, 0.27, 0.05]","[-0.037094, -0.012841, 0.0, 0.04878, 0.168992, 0.003979, 0.063408, -0.080745, -0.048649, 0.038352, 0.00684]",11
W1,Gujranwala,Energy Saver Philips 14 Watt,"[400.0, 400.0, 400.0, 400.0, 400.0, 454.34, 550.0, 550.0, 550.0, 550.0, 550.0, 550.0]","[1, 2, 3, 4, 5, 6, 7, 8, 9, 10, 11, 12]","[0.0, 0.0, 0.0, 0.0, 54.34, 95.66, 0.0, 0.0, 0.0, 0.0, 0.0]","[0.0, 0.0, 0.0, 0.0, 0.13585, 0.210547, 0.0, 0.0, 0.0, 0.0, 0.0]",11
W1,Gujranwala,Firewood Whole,"[1232.45, 1232.45, 1265.77, 1300.0, 1300.0, 1300.0, 1400.0, 1400.0, 1400.0, 1400.0, 1400.0, 1450.0]","[1, 2, 3, 4, 5, 6, 7, 8, 9, 10, 11, 12]","[0.0, 33.32, 34.23, 0.0, 0.0, 100.0, 0.0, 0.0, 0.0, 0.0, 50.0]","[0.0, 0.027036, 0.027043, 0.0, 0.0, 0.076923, 0.0, 0.0, 0.0, 0.0, 0.035714]",11
W1,Gujranwala,Garlic (Lehsun),"[353.97, 356.64, 356.64, 350.0, 350.0, 397.49, 487.33, 500.0, 558.73, 609.92, 573.21, 581.48]","[1, 2, 3, 4, 5, 6, 7, 8, 9, 10, 11, 12]","[2.67, 0.0, -6.64, 0.0, 47.49, 89.84, 12.67, 58.73, 51.19, -36.71, 8.27]","[0.007543, 0.0, -0.018618, 0.0, 0.135686, 0.226018, 0.025999, 0.11746, 0.091618, -0.060188, 0.014428]",11
W1,Gujranwala,Gas Charges upto 3.3719 MMBTU,"[295.0, 295.0, 295.0, 295.0, 295.0, 295.0, 295.0, 295.0, 846.99, 1711.0, 1711.0, 1843.75]","[1, 2, 3, 4, 5, 6, 7, 8, 9, 10, 11, 12]","[0.0, 0.0, 0.0, 0.0, 0.0, 0.0, 0.0, 551.99, 864.01, 0.0, 132.75]","[0.0, 0.0, 0.0, 0.0, 0.0, 0.0, 0.0, 1.871153, 1.020095, 0.0, 0.077586]",11
W1,Gujranwala,Gents Sandal Bata,"[1499.0, 1499.0, 1999.0, 1999.0, 1999.0, 2055.69, 2299.0, 2299.0, 2299.0, 2299.0, 2299.0, 2299.0]","[1, 2, 3, 4, 5, 6, 7, 8, 9, 10, 11, 12]","[0.0, 500.0, 0.0, 0.0, 56.69, 243.31, 0.0, 0.0, 0.0, 0.0, 0.0]","[0.0, 0.333556, 0.0, 0.0, 0.028359, 0.118359, 0.0, 0.0, 0.0, 0.0, 0.0]",11
W1,Gujranwala,Gents Sponge Chappal Bata,"[379.0, 379.0, 599.0, 599.0, 599.0, 599.0, 599.0, 599.0, 599.0, 599.0, 599.0, 599.0]","[1, 2, 3, 4, 5, 6, 7, 8, 9, 10, 11, 12]","[0.0, 220.0, 0.0, 0.0, 0.0, 0.0, 0.0, 0.0, 0.0, 0.0, 0.0]","[0.0, 0.580475, 0.0, 0.0, 0.0, 0.0, 0.0, 0.0, 0.0, 0.0, 0.0]",11
W1,Gujranwala,Georgette (Average Quality),"[200.0, 200.0, 200.0, 200.0, 200.0, 200.0, 200.0, 200.0, 200.0, 200.0, 200.0, 200.0]","[1, 2, 3, 4, 5, 6, 7, 8, 9, 10, 11, 12]","[0.0, 0.0, 0.0, 0.0, 0.0, 0.0, 0.0, 0.0, 0.0, 0.0, 0.0]","[0.0, 0.0, 0.0, 0.0, 0.0, 0.0, 0.0, 0.0, 0.0, 0.0, 0.0]",11
W1,Gujranwala,Gur (Average Quality),"[137.19, 150.0, 162.28, 170.0, 177.45, 187.96, 200.0, 200.0, 180.0, 180.0, 184.8, 192.4]","[1, 2, 3, 4, 5, 6, 7, 8, 9, 10, 11, 12]","[12.81, 12.28, 7.72, 7.45, 10.51, 12.04, 0.0, -20.0, 0.0, 4.8, 7.6]","[0.093374, 0.081867, 0.047572, 0.043824, 0.059228, 0.064056, 0.0, -0.1, 0.0, 0.026667, 0.041126]",11
W1,Gujranwala,Hi-Speed Diesel,"[288.53, 293.8, 273.39, 253.7, 257.78, 286.03, 321.23, 311.46, 300.18, 283.77, 277.1, 282.2]","[1, 2, 3, 4, 5, 6, 7, 8, 9, 10, 11, 12]","[5.27, -20.41, -19.69, 4.08, 28.25, 35.2, -9.77, -11.28, -16.41, -6.67, 5.1]","[0.018265, -0.069469, -0.072022, 0.016082, 0.10959, 0.123064, -0.030414, -0.036217, -0.054667, -0.023505, 0.018405]",11
W1,Gujranwala,LPG 11.67 kg Cylinder,"[3430.32, 3548.9, 3464.81, 2821.47, 2557.04, 2932.02, 3237.99, 3335.07, 3313.75, 3325.49, 3509.52, 3518.64]","[1, 2, 3, 4, 5, 6, 7, 8, 9, 10, 11, 12]","[118.58, -84.09, -643.34, -264.43, 374.98, 305.97, 97.08, -21.32, 11.74, 184.03, 9.12]","[0.034568, -0.023695, -0.185678, -0.093721, 0.146646, 0.104355, 0.029982, -0.006393, 0.003543, 0.055339, 0.002599]",11
W1,Gujranwala,Ladies Sandal Bata,"[699.0, 699.0, 799.0, 799.0, 799.0, 799.0, 799.0, 799.0, 799.0, 799.0, 799.0, 799.0]","[1, 2, 3, 4, 5, 6, 7, 8, 9, 10, 11, 12]","[0.0, 100.0, 0.0, 0.0, 0.0, 0.0, 0.0, 0.0, 0.0, 0.0, 0.0]","[0.0, 0.143062, 0.0, 0.0, 0.0, 0.0, 0.0, 0.0, 0.0, 0.0, 0.0]",11
W1,Gujranwala,Lawn Printed Gul Ahmed/Al Karam,"[533.88, 550.0, 550.0, 550.0, 550.0, 550.0, 550.0, 550.0, 550.0, 550.0, 550.0, 550.0]","[1, 2, 3, 4, 5, 6, 7, 8, 9, 10, 11, 12]","[16.12, 0.0, 0.0, 0.0, 0.0, 0.0, 0.0, 0.0, 0.0, 0.0, 0.0]","[0.030194, 0.0, 0.0, 0.0, 0.0, 0.0, 0.0, 0.0, 0.0, 0.0, 0.0]",11
W1,Gujranwala,"Long Cloth 57"" Gul Ahmed/Al Karam","[571.0, 571.0, 571.0, 571.0, 571.0, 571.0, 571.0, 571.0, 571.0, 571.0, 571.0, 571.0]","[1, 2, 3, 4, 5, 6, 7, 8, 9, 10, 11, 12]","[0.0, 0.0, 0.0, 0.0, 0.0, 0.0, 0.0, 0.0, 0.0, 0.0, 0.0]","[0.0, 0.0, 0.0, 0.0, 0.0, 0.0, 0.0, 0.0, 0.0, 0.0, 0.0]",11
W1,Gujranwala,Match Box,"[5.0, 5.0, 5.0, 5.0, 5.0, 5.0, 5.0, 5.0, 5.0, 5.0, 5.0, 5.5]","[1, 2, 3, 4, 5, 6, 7, 8, 9, 10, 11, 12]","[0.0, 0.0, 0.0, 0.0, 0.0, 0.0, 0.0, 0.0, 0.0, 0.0, 0.5]","[0.0, 0.0, 0.0, 0.0, 0.0, 0.0, 0.0, 0.0, 0.0, 0.0, 0.1]",11
W1,Gujranwala,Milk fresh (Un-boiled),"[151.95, 160.0, 184.23, 200.0, 200.0, 200.0, 200.0, 200.0, 200.0, 200.0, 200.0, 200.0]","[1, 2, 3, 4, 5, 6, 7, 8, 9, 10, 11, 12]","[8.05, 24.23, 15.77, 0.0, 0.0, 0.0, 0.0, 0.0, 0.0, 0.0, 0.0]","[0.052978, 0.151437, 0.0856, 0.0, 0.0, 0.0, 0.0, 0.0, 0.0, 0.0, 0.0]",11
W1,Gujranwala,Mustard Oil (Average Quality),"[600.0, 600.0, 540.0, 529.71, 500.0, 500.0, 474.34, 447.48, 423.93, 420.0, 420.0, 431.15]","[1, 2, 3, 4, 5, 6, 7, 8, 9, 10, 11, 12]","[0.0, -60.0, -10.29, -29.71, 0.0, -25.66, -26.86, -23.55, -3.93, 0.0, 11.15]","[0.0, -0.1, -0.019056, -0.056087, 0.0, -0.05132, -0.056626, -0.052628, -0.00927, 0.0, 0.026548]",11
W1,Gujranwala,Mutton (Average Quality),"[1600.0, 1600.0, 1800.0, 1800.0, 1800.0, 1800.0, 1800.0, 1800.0, 1800.0, 1800.0, 1800.0, 1900.0]","[1, 2, 3, 4, 5, 6, 7, 8, 9, 10, 11, 12]","[0.0, 200.0, 0.0, 0.0, 0.0, 0.0, 0.0, 0.0, 0.0, 0.0, 100.0]","[0.0, 0.125, 0.0, 0.0, 0.0, 0.0, 0.0, 0.0, 0.0, 0.0, 0.055556]",11
W1,Gujranwala,Onions,"[134.29, 80.63, 56.19, 68.87, 61.13, 69.46, 94.87, 110.28, 131.65, 185.5, 222.16, 227.84]","[1, 2, 3, 4, 5, 6, 7, 8, 9, 10, 11, 12]","[-53.66, -24.44, 12.68, -7.74, 8.33, 25.41, 15.41, 21.37, 53.85, 36.66, 5.68]","[-0.399583, -0.303113, 0.225663, -0.112386, 0.136267, 0.365822, 0.162433, 0.193779, 0.409039, 0.197628, 0.025567]",11
W1,Gujranwala,Petrol Super,"[270.79, 277.75, 276.73, 262.8, 258.26, 284.07, 318.83, 303.64, 283.04, 275.11, 264.17, 272.38]","[1, 2, 3, 4, 5, 6, 7, 8, 9, 10, 11, 12]","[6.96, -1.02, -13.93, -4.54, 25.81, 34.76, -15.19, -20.6, -7.93, -10.94, 8.21]","[0.025703, -0.003672, -0.050338, -0.017275, 0.099938, 0.122364, -0.047643, -0.067843, -0.028017, -0.039766, 0.031078]",11
W1,Gujranwala,Potatoes,"[52.06, 70.54, 86.18, 86.18, 90.79, 96.55, 100.0, 108.83, 122.53, 79.13, 59.72, 65.65]","[1, 2, 3, 4, 5, 6, 7, 8, 9, 10, 11, 12]","[18.48, 15.64, 0.0, 4.61, 5.76, 3.45, 8.83, 13.7, -43.4, -19.41, 5.93]","[0.354975, 0.221718, 0.0, 0.053493, 0.063443, 0.035733, 0.0883, 0.125884, -0.354199, -0.245293, 0.099297]",11
W1,Gujranwala,Powdered Milk NIDO 390 gm Polybag,"[680.0, 680.0, 740.0, 740.0, 740.0, 803.34, 820.0, 820.0, 820.0, 820.0, 820.0, 820.0]","[1, 2, 3, 4, 5, 6, 7, 8, 9, 10, 11, 12]","[0.0, 60.0, 0.0, 0.0, 63.34, 16.66, 0.0, 0.0, 0.0, 0.0, 0.0]","[0.0, 0.088235, 0.0, 0.0, 0.085595, 0.020738, 0.0, 0.0, 0.0, 0.0, 0.0]",11
W1,Gujranwala,Pulse Gram,"[223.95, 220.0, 230.74, 221.63, 220.0, 220.0, 218.74, 207.34, 215.85, 222.46, 240.0, 240.0]","[1, 2, 3, 4, 5, 6, 7, 8, 9, 10, 11, 12]","[-3.95, 10.74, -9.11, -1.63, 0.0, -1.26, -11.4, 8.51, 6.61, 17.54, 0.0]","[-0.017638, 0.048818, -0.039482, -0.007355, 0.0, -0.005727, -0.052117, 0.041044, 0.030623, 0.078846, 0.0]",11
W1,Gujranwala,Pulse Mash (Washed),"[429.28, 444.97, 460.0, 462.48, 481.65, 520.94, 550.0, 527.19, 509.93, 520.0, 524.93, 522.46]","[1, 2, 3, 4, 5, 6, 7, 8, 9, 10, 11, 12]","[15.69, 15.03, 2.48, 19.17, 39.29, 29.06, -22.81, -17.26, 10.07, 4.93, -2.47]","[0.03655, 0.033778, 0.005391, 0.04145, 0.081574, 0.055784, -0.041473, -0.03274, 0.019748, 0.009481, -0.004705]",11
W1,Gujranwala,Pulse Masoor (Washed),"[261.97, 262.46, 267.46, 260.0, 260.0, 273.6, 334.89, 307.47, 315.83, 320.0, 322.47, 316.24]","[1, 2, 3, 4, 5, 6, 7, 8, 9, 10, 11, 12]","[0.49, 5.0, -7.46, 0.0, 13.6, 61.29, -27.42, 8.36, 4.17, 2.47, -6.23]","[0.00187, 0.019051, -0.027892, 0.0, 0.052308, 0.224013, -0.081878, 0.02719, 0.013203, 0.007719, -0.01932]",11
W1,Gujranwala,Pulse Moong (Washed),"[267.82, 260.0, 257.46, 238.81, 244.95, 253.95, 274.86, 272.47, 263.95, 282.47, 284.87, 292.44]","[1, 2, 3, 4, 5, 6, 7, 8, 9, 10, 11, 12]","[-7.82, -2.54, -18.65, 6.14, 9.0, 20.91, -2.39, -8.52, 18.52, 2.4, 7.57]","[-0.029199, -0.009769, -0.072438, 0.025711, 0.036742, 0.082339, -0.008695, -0.031269, 0.070165, 0.008496, 0.026574]",11
W1,Gujranwala,Rice Basmati Broken (Average Quality),"[170.0, 174.93, 182.45, 190.0, 190.0, 213.28, 213.28, 213.28, 213.28, 199.26, 196.78, 197.78]","[1, 2, 3, 4, 5, 6, 7, 8, 9, 10, 11, 12]","[4.93, 7.52, 7.55, 0.0, 23.28, 0.0, 0.0, 0.0, -14.02, -2.48, 1.0]","[0.029, 0.042989, 0.041381, 0.0, 0.122526, 0.0, 0.0, 0.0, -0.065735, -0.012446, 0.005082]",11
W1,Gujranwala,Salt Powdered (NATIONAL/SHAN) 800 gm Packet,"[50.0, 50.0, 50.0, 50.0, 57.33, 60.0, 64.81, 70.0, 70.0, 70.0, 70.0, 70.0]","[1, 2, 3, 4, 5, 6, 7, 8, 9, 10, 11, 12]","[0.0, 0.0, 0.0, 7.33, 2.67, 4.81, 5.19, 0.0, 0.0, 0.0, 0.0]","[0.0, 0.0, 0.0, 0.1466, 0.046572, 0.080167, 0.08008, 0.0, 0.0, 0.0, 0.0]",11
W1,Gujranwala,Shirting (Average Quality),"[300.0, 300.0, 300.0, 300.0, 300.0, 300.0, 346.41, 400.0, 400.0, 400.0, 400.0, 400.0]","[1, 2, 3, 4, 5, 6, 7, 8, 9, 10, 11, 12]","[0.0, 0.0, 0.0, 0.0, 0.0, 46.41, 53.59, 0.0, 0.0, 0.0, 0.0]","[0.0, 0.0, 0.0, 0.0, 0.0, 0.1547, 0.154701, 0.0, 0.0, 0.0, 0.0]",11
W1,Gujranwala,Sufi Washing Soap 250 gm Cake,"[120.0, 120.0, 127.42, 130.0, 130.0, 130.0, 130.0, 130.0, 130.0, 130.0, 130.0, 130.0]","[1, 2, 3, 4, 5, 6, 7, 8, 9, 10, 11, 12]","[0.0, 7.42, 2.58, 0.0, 0.0, 0.0, 0.0, 0.0, 0.0, 0.0, 0.0]","[0.0, 0.061833, 0.020248, 0.0, 0.0, 0.0, 0.0, 0.0, 0.0, 0.0, 0.0]",11
W1,Gujranwala,Sugar Refined,"[104.53, 122.23, 118.99, 122.69, 141.2, 153.09, 164.74, 149.88, 138.95, 141.71, 146.23, 145.62]","[1, 2, 3, 4, 5, 6, 7, 8, 9, 10, 11, 12]","[17.7, -3.24, 3.7, 18.51, 11.89, 11.65, -14.86, -10.93, 2.76, 4.52, -0.61]","[0.169329, -0.026507, 0.031095, 0.150868, 0.084207, 0.076099, -0.090203, -0.072925, 0.019863, 0.031896, -0.004172]",11
W1,Gujranwala,Tea Lipton Yellow Label 190 gm Packet,"[466.45, 558.82, 558.82, 558.82, 558.82, 558.82, 542.86, 542.86, 619.88, 677.21, 542.86, 542.86]","[1, 2, 3, 4, 5, 6, 7, 8, 9, 10, 11, 12]","[92.37, 0.0, 0.0, 0.0, 0.0, -15.96, 0.0, 77.02, 57.33, -134.35, 0.0]","[0.198028, 0.0, 0.0, 0.0, 0.0, -0.02856, 0.0, 0.141878, 0.092486, -0.198388, 0.0]",11
W1,Gujranwala,Tea Prepared Ordinary,"[49.26, 50.0, 57.33, 60.0, 60.0, 60.0, 60.0, 60.0, 60.0, 60.0, 60.0, 60.0]","[1, 2, 3, 4, 5, 6, 7, 8, 9, 10, 11, 12]","[0.74, 7.33, 2.67, 0.0, 0.0, 0.0, 0.0, 0.0, 0.0, 0.0, 0.0]","[0.015022, 0.1466, 0.046572, 0.0, 0.0, 0.0, 0.0, 0.0, 0.0, 0.0, 0.0]",11
W1,Gujranwala,Telephone Call Charges,"[1.79, 1.79, 1.79, 1.79, 1.79, 1.79, 1.79, 1.79, 1.79, 1.79, 1.79, 1.79]","[1, 2, 3, 4, 5, 6, 7, 8, 9, 10, 11, 12]","[0.0, 0.0, 0.0, 0.0, 0.0, 0.0, 0.0, 0.0, 0.0, 0.0, 0.0]","[0.0, 0.0, 0.0, 0.0, 0.0, 0.0, 0.0, 0.0, 0.0, 0.0, 0.0]",11
W1,Gujranwala,Toilet Soap LIFEBUOY 115 gm,"[98.83, 98.83, 98.83, 101.05, 103.32, 103.32, 103.32, 103.32, 103.32, 103.32, 103.32, 104.56]","[1, 2, 3, 4, 5, 6, 7, 8, 9, 10, 11, 12]","[0.0, 0.0, 2.22, 2.27, 0.0, 0.0, 0.0, 0.0, 0.0, 0.0, 1.24]","[0.0, 0.0, 0.022463, 0.022464, 0.0, 0.0, 0.0, 0.0, 0.0, 0.0, 0.012002]",11
W1,Gujranwala,Tomatoes,"[84.21, 77.03, 48.75, 51.02, 105.55, 136.43, 119.16, 128.82, 184.05, 124.71, 150.64, 142.84]","[1, 2, 3, 4, 5, 6, 7, 8, 9, 10, 11, 12]","[-7.18, -28.28, 2.27, 54.53, 30.88, -17.27, 9.66, 55.23, -59.34, 25.93, -7.8]","[-0.085263, -0.36713, 0.046564, 1.068797, 0.292563, -0.126585, 0.081067, 0.428738, -0.322412, 0.207922, -0.051779]",11
W1,Gujranwala,Vegetable Ghee DALDA/HABIB 2.5 kg Tin,"[1547.5, 1550.0, 1550.0, 1550.0, 1539.18, 1507.16, 1405.0, 1405.0, 1390.08, 1367.99, 1317.9, 1303.52]","[1, 2, 3, 4, 5, 6, 7, 8, 9, 10, 11, 12]","[2.5, 0.0, 0.0, -10.82, -32.02, -102.16, 0.0, -14.92, -22.09, -50.09, -14.38]","[0.001616, 0.0, 0.0, -0.006981, -0.020803, -0.067783, 0.0, -0.010619, -0.015891, -0.036616, -0.010911]",11
W1,Gujranwala,Vegetable Ghee DALDA/HABIB or Other Superior Quality 1 kg Pouch,"[618.38, 605.0, 605.0, 599.98, 569.0, 553.74, 547.0, 540.12, 517.78, 509.0, 501.48, 500.24]","[1, 2, 3, 4, 5, 6, 7, 8, 9, 10, 11, 12]","[-13.38, 0.0, -5.02, -30.98, -15.26, -6.74, -6.88, -22.34, -8.78, -7.52, -1.24]","[-0.021637, 0.0, -0.008298, -0.051635, -0.026819, -0.012172, -0.012578, -0.041361, -0.016957, -0.014774, -0.002473]",11
W1,Gujranwala,Wheat Flour Bag,"[1925.38, 2663.46, 2566.28, 2486.78, 2739.81, 2733.0, 2776.36, 2762.95, 2814.43, 2814.95, 2799.33, 2768.86]","[1, 2, 3, 4, 5, 6, 7, 8, 9, 10, 11, 12]","[738.08, -97.18, -79.5, 253.03, -6.81, 43.36, -13.41, 51.48, 0.52, -15.62, -30.47]","[0.383343, -0.036486, -0.030979, 0.10175, -0.002486, 0.015865, -0.00483, 0.018632, 0.000185, -0.005549, -0.010885]",11
W1,Hyderabad,Bananas (Kela) Local,"[156.28, 204.69, 165.37, 135.04, 118.6, 105.26, 103.43, 85.78, 85.86, 84.59, 84.59, 119.83]","[1, 2, 3, 4, 5, 6, 7, 8, 9, 10, 11, 12]","[48.41, -39.32, -30.33, -16.44, -13.34, -1.83, -17.65, 0.08, -1.27, 0.0, 35.24]","[0.309765, -0.192095, -0.183407, -0.121742, -0.112479, -0.017386, -0.170647, 0.000933, -0.014792, 0.0, 0.416598]",11
W1,Hyderabad,Beef with Bone (Average Quality),"[678.72, 678.72, 686.93, 712.18, 712.18, 712.18, 712.18, 751.53, 762.2, 762.2, 768.37, 794.42]","[1, 2, 3, 4, 5, 6, 7, 8, 9, 10, 11, 12]","[0.0, 8.21, 25.25, 0.0, 0.0, 0.0, 39.35, 10.67, 0.0, 6.17, 26.05]","[0.0, 0.012096, 0.036758, 0.0, 0.0, 0.0, 0.055253, 0.014198, 0.0, 0.008095, 0.033903]",11
W1,Hyderabad,Bread plain (Small Size),"[110.0, 110.0, 110.0, 110.0, 114.89, 120.0, 120.0, 120.0, 120.0, 120.0, 120.0, 120.0]","[1, 2, 3, 4, 5, 6, 7, 8, 9, 10, 11, 12]","[0.0, 0.0, 0.0, 4.89, 5.11, 0.0, 0.0, 0.0, 0.0, 0.0, 0.0]","[0.0, 0.0, 0.0, 0.044455, 0.044477, 0.0, 0.0, 0.0, 0.0, 0.0, 0.0]",11
W1,Hyderabad,Chicken Farm Broiler (Live),"[418.89, 411.65, 415.79, 465.79, 441.86, 410.87, 405.84, 373.33, 372.2, 349.02, 455.37, 440.73]","[1, 2, 3, 4, 5, 6, 7, 8, 9, 10, 11, 12]","[-7.24, 4.14, 50.0, -23.93, -30.99, -5.03, -32.51, -1.13, -23.18, 106.35, -14.64]","[-0.017284, 0.010057, 0.120253, -0.051375, -0.070135, -0.012242, -0.080105, -0.003027, -0.062278, 0.30471, -0.03215]",11
W1,Hyderabad,Chilies Powder NATIONAL 200 gm Packet,"[215.0, 215.0, 215.0, 215.0, 215.0, 353.29, 400.0, 400.0, 400.0, 400.0, 400.0, 400.0]","[1, 2, 3, 4, 5, 6, 7, 8, 9, 10, 11, 12]","[0.0, 0.0, 0.0, 0.0, 138.29, 46.71, 0.0, 0.0, 0.0, 0.0, 0.0]","[0.0, 0.0, 0.0, 0.0, 0.643209, 0.132214, 0.0, 0.0, 0.0, 0.0, 0.0]",11
W1,Hyderabad,Cigarettes Capstan 20'S Packet,"[220.0, 220.0, 220.0, 220.0, 220.0, 220.0, 220.0, 220.0, 220.0, 220.0, 220.0, 220.0]","[1, 2, 3, 4, 5, 6, 7, 8, 9, 10, 11, 12]","[0.0, 0.0, 0.0, 0.0, 0.0, 0.0, 0.0, 0.0, 0.0, 0.0, 0.0]","[0.0, 0.0, 0.0, 0.0, 0.0, 0.0, 0.0, 0.0, 0.0, 0.0, 0.0]",11
W1,Hyderabad,Cooked Beef at Average Hotel,"[266.5, 266.5, 266.5, 266.5, 268.98, 270.82, 271.49, 274.86, 279.31, 280.0, 281.62, 282.43]","[1, 2, 3, 4, 5, 6, 7, 8, 9, 10, 11, 12]","[0.0, 0.0, 0.0, 2.48, 1.84, 0.67, 3.37, 4.45, 0.69, 1.62, 0.81]","[0.0, 0.0, 0.0, 0.009306, 0.006841, 0.002474, 0.012413, 0.01619, 0.00247, 0.005786, 0.002876]",11
W1,Hyderabad,Cooked Daal at Average Hotel,"[137.79, 145.33, 145.75, 145.75, 145.75, 147.2, 150.7, 156.45, 161.68, 163.02, 163.46, 163.68]","[1, 2, 3, 4, 5, 6, 7, 8, 9, 10, 11, 12]","[7.54, 0.42, 0.0, 0.0, 1.45, 3.5, 5.75, 5.23, 1.34, 0.44, 0.22]","[0.054721, 0.00289, 0.0, 0.0, 0.009949, 0.023777, 0.038155, 0.033429, 0.008288, 0.002699, 0.001346]",11
W1,Hyderabad,"Cooking Oil DALDA or Other Similar Brand (SN), 5 Litre Tin","[3373.03, 3290.0, 3290.0, 3264.9, 3202.43, 3125.84, 3110.0, 2996.81, 2914.77, 2859.89, 2789.64, 2742.32]","[1, 2, 3, 4, 5, 6, 7, 8, 9, 10, 11, 12]","[-83.03, 0.0, -25.1, -62.47, -76.59, -15.84, -113.19, -82.04, -54.88, -70.25, -47.32]","[-0.024616, 0.0, -0.007629, -0.019134, -0.023916, -0.005067, -0.036395, -0.027376, -0.018828, -0.024564, -0.016963]",11
W1,Hyderabad,Curd (Dahi) Loose,"[239.27, 240.0, 248.05, 269.81, 273.17, 276.56, 276.56, 276.56, 276.56, 276.56, 276.56, 276.56]","[1, 2, 3, 4, 5, 6, 7, 8, 9, 10, 11, 12]","[0.73, 8.05, 21.76, 3.36, 3.39, 0.0, 0.0, 0.0, 0.0, 0.0, 0.0]","[0.003051, 0.033542, 0.087724, 0.012453, 0.01241, 0.0, 0.0, 0.0, 0.0, 0.0, 0.0]",11
W1,Hyderabad,Eggs Hen (Farm),"[233.21, 262.38, 275.79, 255.23, 255.48, 300.29, 311.34, 310.85, 336.2, 366.62, 414.52, 342.92]","[1, 2, 3, 4, 5, 6, 7, 8, 9, 10, 11, 12]","[29.17, 13.41, -20.56, 0.25, 44.81, 11.05, -0.49, 25.35, 30.42, 47.9, -71.6]","[0.12508, 0.051109, -0.074549, 0.00098, 0.175395, 0.036798, -0.001574, 0.081551, 0.090482, 0.130653, -0.17273]",11
W1,Hyderabad,Electricity Charges upto 50 Units,"[6.47, 6.23, 6.15, 6.15, 6.45, 7.54, 7.57, 8.05, 7.4, 7.04, 7.31, 7.36]","[1, 2, 3, 4, 5, 6, 7, 8, 9, 10, 11, 12]","[-0.24, -0.08, 0.0, 0.3, 1.09, 0.03, 0.48, -0.65, -0.36, 0.27, 0.05]","[-0.037094, -0.012841, 0.0, 0.04878, 0.168992, 0.003979, 0.063408, -0.080745, -0.048649, 0.038352, 0.00684]",11
W1,Hyderabad,Energy Saver Philips 14 Watt,"[261.66, 261.66, 261.66, 261.66, 313.15, 350.0, 350.0, 350.0, 350.0, 350.0, 350.0, 350.0]","[1, 2, 3, 4, 5, 6, 7, 8, 9, 10, 11, 12]","[0.0, 0.0, 0.0, 51.49, 36.85, 0.0, 0.0, 0.0, 0.0, 0.0, 0.0]","[0.0, 0.0, 0.0, 0.196782, 0.117675, 0.0, 0.0, 0.0, 0.0, 0.0, 0.0]",11
W1,Hyderabad,Firewood Whole,"[1000.0, 1000.0, 1000.0, 1000.0, 1000.0, 1000.0, 1000.0, 1000.0, 1000.0, 1000.0, 1000.0, 1000.0]","[1, 2, 3, 4, 5, 6, 7, 8, 9, 10, 11, 12]","[0.0, 0.0, 0.0, 0.0, 0.0, 0.0, 0.0, 0.0, 0.0, 0.0, 0.0]","[0.0, 0.0, 0.0, 0.0, 0.0, 0.0, 0.0, 0.0, 0.0, 0.0, 0.0]",11
W1,Hyderabad,Garlic (Lehsun),"[299.5, 285.6, 316.98, 299.83, 321.7, 349.86, 416.26, 478.84, 437.91, 437.91, 495.77, 536.18]","[1, 2, 3, 4, 5, 6, 7, 8, 9, 10, 11, 12]","[-13.9, 31.38, -17.15, 21.87, 28.16, 66.4, 62.58, -40.93, 0.0, 57.86, 40.41]","[-0.046411, 0.109874, -0.054104, 0.072941, 0.087535, 0.18979, 0.150339, -0.085477, 0.0, 0.132128, 0.08151]",11
W1,Hyderabad,Gas Charges upto 3.3719 MMBTU,"[295.0, 295.0, 295.0, 295.0, 295.0, 295.0, 295.0, 295.0, 846.99, 1711.0, 1711.0, 1843.75]","[1, 2, 3, 4, 5, 6, 7, 8, 9, 10, 11, 12]","[0.0, 0.0, 0.0, 0.0, 0.0, 0.0, 0.0, 551.99, 864.01, 0.0, 132.75]","[0.0, 0.0, 0.0, 0.0, 0.0, 0.0, 0.0, 1.871153, 1.020095, 0.0, 0.077586]",11
W1,Hyderabad,Gents Sandal Bata,"[1499.0, 1499.0, 1999.0, 1999.0, 1999.0, 2055.69, 2299.0, 2299.0, 2299.0, 2299.0, 2299.0, 2299.0]","[1, 2, 3, 4, 5, 6, 7, 8, 9, 10, 11, 12]","[0.0, 500.0, 0.0, 0.0, 56.69, 243.31, 0.0, 0.0, 0.0, 0.0, 0.0]","[0.0, 0.333556, 0.0, 0.0, 0.028359, 0.118359, 0.0, 0.0, 0.0, 0.0, 0.0]",11
W1,Hyderabad,Gents Sponge Chappal Bata,"[379.0, 379.0, 599.0, 599.0, 599.0, 599.0, 599.0, 599.0, 599.0, 599.0, 599.0, 599.0]","[1, 2, 3, 4, 5, 6, 7, 8, 9, 10, 11, 12]","[0.0, 220.0, 0.0, 0.0, 0.0, 0.0, 0.0, 0.0, 0.0, 0.0, 0.0]","[0.0, 0.580475, 0.0, 0.0, 0.0, 0.0, 0.0, 0.0, 0.0, 0.0, 0.0]",11
W1,Hyderabad,Georgette (Average Quality),"[194.51, 201.26, 201.26, 203.35, 209.76, 209.76, 209.76, 209.76, 209.76, 238.93, 251.47, 264.36]","[1, 2, 3, 4, 5, 6, 7, 8, 9, 10, 11, 12]","[6.75, 0.0, 2.09, 6.41, 0.0, 0.0, 0.0, 0.0, 29.17, 12.54, 12.89]","[0.034703, 0.0, 0.010385, 0.031522, 0.0, 0.0, 0.0, 0.0, 0.139064, 0.052484, 0.051259]",11
W1,Hyderabad,Gur (Average Quality),"[160.81, 164.09, 169.02, 178.59, 213.23, 249.89, 257.88, 250.72, 235.09, 230.42, 233.61, 235.12]","[1, 2, 3, 4, 5, 6, 7, 8, 9, 10, 11, 12]","[3.28, 4.93, 9.57, 34.64, 36.66, 7.99, -7.16, -15.63, -4.67, 3.19, 1.51]","[0.020397, 0.030044, 0.056621, 0.193964, 0.171927, 0.031974, -0.027765, -0.06234, -0.019865, 0.013844, 0.006464]",11
W1,Hyderabad,Hi-Speed Diesel,"[289.49, 294.85, 274.51, 254.82, 258.79, 287.06, 322.35, 312.7, 301.41, 284.94, 278.25, 283.4]","[1, 2, 3, 4, 5, 6, 7, 8, 9, 10, 11, 12]","[5.36, -20.34, -19.69, 3.97, 28.27, 35.29, -9.65, -11.29, -16.47, -6.69, 5.15]","[0.018515, -0.068984, -0.071728, 0.01558, 0.109239, 0.122936, -0.029936, -0.036105, -0.054643, -0.023479, 0.018509]",11
W1,Hyderabad,LPG 11.67 kg Cylinder,"[3264.8, 3350.22, 3108.25, 2610.27, 2512.02, 2884.4, 3082.3, 3072.23, 3109.66, 3150.54, 3252.61, 3332.53]","[1, 2, 3, 4, 5, 6, 7, 8, 9, 10, 11, 12]","[85.42, -241.97, -497.98, -98.25, 372.38, 197.9, -10.07, 37.43, 40.88, 102.07, 79.92]","[0.026164, -0.072225, -0.160212, -0.03764, 0.148239, 0.06861, -0.003267, 0.012183, 0.013146, 0.032398, 0.024571]",11
W1,Hyderabad,Ladies Sandal Bata,"[699.0, 699.0, 799.0, 799.0, 799.0, 799.0, 799.0, 799.0, 799.0, 799.0, 799.0, 799.0]","[1, 2, 3, 4, 5, 6, 7, 8, 9, 10, 11, 12]","[0.0, 100.0, 0.0, 0.0, 0.0, 0.0, 0.0, 0.0, 0.0, 0.0, 0.0]","[0.0, 0.143062, 0.0, 0.0, 0.0, 0.0, 0.0, 0.0, 0.0, 0.0, 0.0]",11
W1,Hyderabad,Lawn Printed Gul Ahmed/Al Karam,"[449.9, 489.9, 493.24, 493.24, 493.24, 493.24, 493.24, 494.5, 494.92, 494.92, 494.92, 494.92]","[1, 2, 3, 4, 5, 6, 7, 8, 9, 10, 11, 12]","[40.0, 3.34, 0.0, 0.0, 0.0, 0.0, 1.26, 0.42, 0.0, 0.0, 0.0]","[0.088909, 0.006818, 0.0, 0.0, 0.0, 0.0, 0.002555, 0.000849, 0.0, 0.0, 0.0]",11
W1,Hyderabad,"Long Cloth 57"" Gul Ahmed/Al Karam","[493.24, 493.24, 493.24, 493.24, 493.24, 493.24, 493.24, 494.5, 494.92, 494.92, 494.92, 494.92]","[1, 2, 3, 4, 5, 6, 7, 8, 9, 10, 11, 12]","[0.0, 0.0, 0.0, 0.0, 0.0, 0.0, 1.26, 0.42, 0.0, 0.0, 0.0]","[0.0, 0.0, 0.0, 0.0, 0.0, 0.0, 0.002555, 0.000849, 0.0, 0.0, 0.0]",11
W1,Hyderabad,Match Box,"[5.01, 5.31, 5.31, 5.31, 5.56, 5.65, 5.65, 5.65, 6.04, 6.32, 6.32, 6.44]","[1, 2, 3, 4, 5, 6, 7, 8, 9, 10, 11, 12]","[0.3, 0.0, 0.0, 0.25, 0.09, 0.0, 0.0, 0.39, 0.28, 0.0, 0.12]","[0.05988, 0.0, 0.0, 0.047081, 0.016187, 0.0, 0.0, 0.069027, 0.046358, 0.0, 0.018987]",11
W1,Hyderabad,Milk fresh (Un-boiled),"[162.58, 166.31, 189.33, 198.3, 199.15, 200.0, 200.0, 200.0, 200.0, 200.0, 200.0, 200.0]","[1, 2, 3, 4, 5, 6, 7, 8, 9, 10, 11, 12]","[3.73, 23.02, 8.97, 0.85, 0.85, 0.0, 0.0, 0.0, 0.0, 0.0, 0.0]","[0.022943, 0.138416, 0.047378, 0.004286, 0.004268, 0.0, 0.0, 0.0, 0.0, 0.0, 0.0]",11
W1,Hyderabad,Mustard Oil (Average Quality),"[532.85, 510.3, 509.9, 430.57, 407.32, 411.55, 422.56, 387.35, 376.69, 402.65, 401.63, 403.68]","[1, 2, 3, 4, 5, 6, 7, 8, 9, 10, 11, 12]","[-22.55, -0.4, -79.33, -23.25, 4.23, 11.01, -35.21, -10.66, 25.96, -1.02, 2.05]","[-0.04232, -0.000784, -0.15558, -0.053998, 0.010385, 0.026753, -0.083325, -0.02752, 0.068916, -0.002533, 0.005104]",11
W1,Hyderabad,Mutton (Average Quality),"[1540.88, 1540.88, 1549.19, 1574.39, 1574.39, 1574.39, 1574.39, 1578.63, 1582.88, 1591.03, 1649.24, 1684.89]","[1, 2, 3, 4, 5, 6, 7, 8, 9, 10, 11, 12]","[0.0, 8.31, 25.2, 0.0, 0.0, 0.0, 4.24, 4.25, 8.15, 58.21, 35.65]","[0.0, 0.005393, 0.016267, 0.0, 0.0, 0.0, 0.002693, 0.002692, 0.005149, 0.036586, 0.021616]",11
W1,Hyderabad,Onions,"[117.02, 79.81, 51.15, 61.26, 60.02, 61.02, 81.77, 111.66, 138.84, 147.51, 187.92, 204.86]","[1, 2, 3, 4, 5, 6, 7, 8, 9, 10, 11, 12]","[-37.21, -28.66, 10.11, -1.24, 1.0, 20.75, 29.89, 27.18, 8.67, 40.41, 16.94]","[-0.31798, -0.359103, 0.197654, -0.020242, 0.016661, 0.340052, 0.365537, 0.243418, 0.062446, 0.273948, 0.090145]",11
W1,Hyderabad,Petrol Super,"[271.88, 278.88, 277.89, 263.87, 259.34, 285.2, 320.1, 304.91, 284.35, 276.38, 265.38, 273.59]","[1, 2, 3, 4, 5, 6, 7, 8, 9, 10, 11, 12]","[7.0, -0.99, -14.02, -4.53, 25.86, 34.9, -15.19, -20.56, -7.97, -11.0, 8.21]","[0.025747, -0.00355, -0.050452, -0.017168, 0.099715, 0.12237, -0.047454, -0.06743, -0.028029, -0.0398, 0.030937]",11
W1,Hyderabad,Potatoes,"[44.21, 58.13, 70.54, 72.95, 79.27, 81.62, 77.37, 80.0, 79.96, 71.37, 50.91, 55.53]","[1, 2, 3, 4, 5, 6, 7, 8, 9, 10, 11, 12]","[13.92, 12.41, 2.41, 6.32, 2.35, -4.25, 2.63, -0.04, -8.59, -20.46, 4.62]","[0.314861, 0.213487, 0.034165, 0.086635, 0.029646, -0.052071, 0.033993, -0.0005, -0.107429, -0.286675, 0.090748]",11
W1,Hyderabad,Powdered Milk NIDO 390 gm Polybag,"[697.3, 700.0, 724.57, 750.0, 750.0, 820.0, 827.49, 830.0, 830.0, 830.0, 830.0, 830.0]","[1, 2, 3, 4, 5, 6, 7, 8, 9, 10, 11, 12]","[2.7, 24.57, 25.43, 0.0, 70.0, 7.49, 2.51, 0.0, 0.0, 0.0, 0.0]","[0.003872, 0.0351, 0.035097, 0.0, 0.093333, 0.009134, 0.003033, 0.0, 0.0, 0.0, 0.0]",11
W1,Hyderabad,Pulse Gram,"[251.33, 238.62, 242.04, 235.98, 245.26, 246.9, 243.7, 230.14, 221.42, 231.3, 247.99, 248.22]","[1, 2, 3, 4, 5, 6, 7, 8, 9, 10, 11, 12]","[-12.71, 3.42, -6.06, 9.28, 1.64, -3.2, -13.56, -8.72, 9.88, 16.69, 0.23]","[-0.050571, 0.014332, -0.025037, 0.039325, 0.006687, -0.012961, -0.055642, -0.03789, 0.044621, 0.072157, 0.000927]",11
W1,Hyderabad,Pulse Mash (Washed),"[433.92, 438.3, 471.14, 471.56, 471.98, 493.21, 540.02, 507.39, 520.58, 530.75, 529.28, 505.55]","[1, 2, 3, 4, 5, 6, 7, 8, 9, 10, 11, 12]","[4.38, 32.84, 0.42, 0.42, 21.23, 46.81, -32.63, 13.19, 10.17, -1.47, -23.73]","[0.010094, 0.074926, 0.000891, 0.000891, 0.044981, 0.094909, -0.060424, 0.025996, 0.019536, -0.00277, -0.044834]",11
W1,Hyderabad,Pulse Masoor (Washed),"[286.54, 281.56, 283.85, 272.48, 269.64, 289.65, 352.41, 311.6, 318.58, 329.85, 333.2, 331.82]","[1, 2, 3, 4, 5, 6, 7, 8, 9, 10, 11, 12]","[-4.98, 2.29, -11.37, -2.84, 20.01, 62.76, -40.81, 6.98, 11.27, 3.35, -1.38]","[-0.01738, 0.008133, -0.040056, -0.010423, 0.07421, 0.216675, -0.115803, 0.022401, 0.035376, 0.010156, -0.004142]",11
W1,Hyderabad,Pulse Moong (Washed),"[284.87, 282.02, 286.92, 267.77, 266.31, 284.96, 310.84, 290.94, 283.07, 287.97, 326.95, 328.58]","[1, 2, 3, 4, 5, 6, 7, 8, 9, 10, 11, 12]","[-2.85, 4.9, -19.15, -1.46, 18.65, 25.88, -19.9, -7.87, 4.9, 38.98, 1.63]","[-0.010005, 0.017375, -0.066743, -0.005452, 0.070031, 0.09082, -0.06402, -0.02705, 0.01731, 0.135361, 0.004985]",11
W1,Hyderabad,Rice Basmati Broken (Average Quality),"[194.46, 196.87, 203.2, 206.86, 219.54, 246.48, 260.31, 251.53, 232.66, 242.33, 248.17, 249.84]","[1, 2, 3, 4, 5, 6, 7, 8, 9, 10, 11, 12]","[2.41, 6.33, 3.66, 12.68, 26.94, 13.83, -8.78, -18.87, 9.67, 5.84, 1.67]","[0.012393, 0.032153, 0.018012, 0.061297, 0.122711, 0.05611, -0.033729, -0.075021, 0.041563, 0.024099, 0.006729]",11
W1,Hyderabad,Rice IRRI-6/9 (Sindh/Punjab),"[171.53, 174.93, 174.93, 174.93, 174.93, 184.58, 192.86, 181.72, 177.6, 183.23, 187.78, 190.12]","[1, 2, 3, 4, 5, 6, 7, 8, 9, 10, 11, 12]","[3.4, 0.0, 0.0, 0.0, 9.65, 8.28, -11.14, -4.12, 5.63, 4.55, 2.34]","[0.019822, 0.0, 0.0, 0.0, 0.055165, 0.044859, -0.057762, -0.022672, 0.0317, 0.024832, 0.012461]",11
W1,Hyderabad,Salt Powdered (NATIONAL/SHAN) 800 gm Packet,"[50.0, 50.0, 50.0, 50.0, 50.0, 50.0, 50.0, 61.92, 70.0, 70.0, 70.0, 70.0]","[1, 2, 3, 4, 5, 6, 7, 8, 9, 10, 11, 12]","[0.0, 0.0, 0.0, 0.0, 0.0, 0.0, 11.92, 8.08, 0.0, 0.0, 0.0]","[0.0, 0.0, 0.0, 0.0, 0.0, 0.0, 0.2384, 0.130491, 0.0, 0.0, 0.0]",11
W1,Hyderabad,Shirting (Average Quality),"[301.11, 311.51, 313.19, 313.19, 313.19, 313.19, 313.19, 313.19, 332.79, 370.98, 393.71, 399.31]","[1, 2, 3, 4, 5, 6, 7, 8, 9, 10, 11, 12]","[10.4, 1.68, 0.0, 0.0, 0.0, 0.0, 0.0, 19.6, 38.19, 22.73, 5.6]","[0.034539, 0.005393, 0.0, 0.0, 0.0, 0.0, 0.0, 0.062582, 0.114757, 0.06127, 0.014224]",11
W1,Hyderabad,Sufi Washing Soap 250 gm Cake,"[113.9, 123.73, 125.0, 125.0, 125.0, 125.0, 130.0, 130.0, 130.0, 130.0, 130.0, 130.0]","[1, 2, 3, 4, 5, 6, 7, 8, 9, 10, 11, 12]","[9.83, 1.27, 0.0, 0.0, 0.0, 5.0, 0.0, 0.0, 0.0, 0.0, 0.0]","[0.086304, 0.010264, 0.0, 0.0, 0.0, 0.04, 0.0, 0.0, 0.0, 0.0, 0.0]",11
W1,Hyderabad,Sugar Refined,"[102.25, 120.1, 118.24, 122.48, 137.97, 156.56, 161.7, 139.85, 131.78, 134.26, 139.75, 140.04]","[1, 2, 3, 4, 5, 6, 7, 8, 9, 10, 11, 12]","[17.85, -1.86, 4.24, 15.49, 18.59, 5.14, -21.85, -8.07, 2.48, 5.49, 0.29]","[0.174572, -0.015487, 0.035859, 0.12647, 0.134739, 0.032831, -0.135127, -0.057705, 0.018819, 0.040891, 0.002075]",11
W1,Hyderabad,Tea Lipton Yellow Label 190 gm Packet,"[413.53, 480.72, 558.82, 558.82, 558.82, 558.82, 558.82, 558.82, 552.38, 542.85, 542.85, 542.85]","[1, 2, 3, 4, 5, 6, 7, 8, 9, 10, 11, 12]","[67.19, 78.1, 0.0, 0.0, 0.0, 0.0, 0.0, -6.44, -9.53, 0.0, 0.0]","[0.162479, 0.162465, 0.0, 0.0, 0.0, 0.0, 0.0, -0.011524, -0.017253, 0.0, 0.0]",11
W1,Hyderabad,Tea Prepared Ordinary,"[62.2, 63.98, 64.81, 64.81, 64.81, 64.81, 64.81, 64.81, 65.31, 67.57, 71.45, 71.45]","[1, 2, 3, 4, 5, 6, 7, 8, 9, 10, 11, 12]","[1.78, 0.83, 0.0, 0.0, 0.0, 0.0, 0.0, 0.5, 2.26, 3.88, 0.0]","[0.028617, 0.012973, 0.0, 0.0, 0.0, 0.0, 0.0, 0.007715, 0.034604, 0.057422, 0.0]",11
W1,Hyderabad,Telephone Call Charges,"[1.79, 1.79, 1.79, 1.79, 1.79, 1.79, 1.79, 1.79, 1.79, 1.79, 1.79, 1.79]","[1, 2, 3, 4, 5, 6, 7, 8, 9, 10, 11, 12]","[0.0, 0.0, 0.0, 0.0, 0.0, 0.0, 0.0, 0.0, 0.0, 0.0, 0.0]","[0.0, 0.0, 0.0, 0.0, 0.0, 0.0, 0.0, 0.0, 0.0, 0.0, 0.0]",11
W1,Hyderabad,Toilet Soap LIFEBUOY 115 gm,"[80.0, 80.0, 98.58, 111.48, 111.48, 111.48, 111.48, 111.48, 111.48, 111.48, 111.48, 111.48]","[1, 2, 3, 4, 5, 6, 7, 8, 9, 10, 11, 12]","[0.0, 18.58, 12.9, 0.0, 0.0, 0.0, 0.0, 0.0, 0.0, 0.0, 0.0]","[0.0, 0.23225, 0.130858, 0.0, 0.0, 0.0, 0.0, 0.0, 0.0, 0.0, 0.0]",11
W1,Hyderabad,Tomatoes,"[38.0, 47.68, 49.03, 66.0, 86.9, 126.58, 111.36, 114.02, 136.01, 79.9, 112.57, 107.19]","[1, 2, 3, 4, 5, 6, 7, 8, 9, 10, 11, 12]","[9.68, 1.35, 16.97, 20.9, 39.68, -15.22, 2.66, 21.99, -56.11, 32.67, -5.38]","[0.254737, 0.028314, 0.346115, 0.316667, 0.456617, -0.12024, 0.023886, 0.192861, -0.412543, 0.408886, -0.047792]",11
W1,Hyderabad,Vegetable Ghee DALDA/HABIB 2.5 kg Tin,"[1579.81, 1550.0, 1550.0, 1537.45, 1492.04, 1460.0, 1460.0, 1414.75, 1387.99, 1362.16, 1310.0, 1310.0]","[1, 2, 3, 4, 5, 6, 7, 8, 9, 10, 11, 12]","[-29.81, 0.0, -12.55, -45.41, -32.04, 0.0, -45.25, -26.76, -25.83, -52.16, 0.0]","[-0.018869, 0.0, -0.008097, -0.029536, -0.021474, 0.0, -0.030993, -0.018915, -0.01861, -0.038292, 0.0]",11
W1,Hyderabad,Vegetable Ghee DALDA/HABIB or Other Superior Quality 1 kg Pouch,"[620.12, 605.0, 605.0, 599.98, 575.39, 559.35, 548.49, 547.0, 527.97, 509.0, 509.0, 507.74]","[1, 2, 3, 4, 5, 6, 7, 8, 9, 10, 11, 12]","[-15.12, 0.0, -5.02, -24.59, -16.04, -10.86, -1.49, -19.03, -18.97, 0.0, -1.26]","[-0.024382, 0.0, -0.008298, -0.040985, -0.027877, -0.019415, -0.002717, -0.03479, -0.03593, 0.0, -0.002475]",11
W1,Hyderabad,Wheat Flour Bag,"[2457.85, 2786.64, 2786.64, 2786.64, 2991.62, 3070.88, 3016.39, 2825.74, 2860.63, 2928.58, 2892.42, 2828.84]","[1, 2, 3, 4, 5, 6, 7, 8, 9, 10, 11, 12]","[328.79, 0.0, 0.0, 204.98, 79.26, -54.49, -190.65, 34.89, 67.95, -36.16, -63.58]","[0.133771, 0.0, 0.0, 0.073558, 0.026494, -0.017744, -0.063205, 0.012347, 0.023754, -0.012347, -0.021982]",11
W1,Islamabad,Bananas (Kela) Local,"[339.31, 417.25, 381.04, 319.67, 264.98, 209.15, 199.5, 197.75, 191.94, 203.19, 209.2, 254.73]","[1, 2, 3, 4, 5, 6, 7, 8, 9, 10, 11, 12]","[77.94, -36.21, -61.37, -54.69, -55.83, -9.65, -1.75, -5.81, 11.25, 6.01, 45.53]","[0.229701, -0.086783, -0.161059, -0.171083, -0.210695, -0.046139, -0.008772, -0.029381, 0.058612, 0.029578, 0.217639]",11
W1,Islamabad,Beef with Bone (Average Quality),"[831.12, 862.88, 883.01, 918.1, 936.81, 988.85, 995.73, 1000.0, 1026.85, 1045.15, 1045.15, 1077.04]","[1, 2, 3, 4, 5, 6, 7, 8, 9, 10, 11, 12]","[31.76, 20.13, 35.09, 18.71, 52.04, 6.88, 4.27, 26.85, 18.3, 0.0, 31.89]","[0.038213, 0.023329, 0.039739, 0.020379, 0.05555, 0.006958, 0.004288, 0.02685, 0.017821, 0.0, 0.030512]",11
W1,Islamabad,Bread plain (Small Size),"[100.0, 108.77, 118.31, 118.31, 119.15, 120.0, 120.0, 120.0, 120.0, 120.0, 120.0, 120.0]","[1, 2, 3, 4, 5, 6, 7, 8, 9, 10, 11, 12]","[8.77, 9.54, 0.0, 0.84, 0.85, 0.0, 0.0, 0.0, 0.0, 0.0, 0.0]","[0.0877, 0.087708, 0.0, 0.0071, 0.007134, 0.0, 0.0, 0.0, 0.0, 0.0, 0.0]",11
W1,Islamabad,Chicken Farm Broiler (Live),"[391.37, 386.29, 435.95, 448.74, 422.43, 420.46, 383.93, 338.22, 359.7, 355.33, 436.45, 438.84]","[1, 2, 3, 4, 5, 6, 7, 8, 9, 10, 11, 12]","[-5.08, 49.66, 12.79, -26.31, -1.97, -36.53, -45.71, 21.48, -4.37, 81.12, 2.39]","[-0.01298, 0.128556, 0.029338, -0.058631, -0.004663, -0.086881, -0.119058, 0.063509, -0.012149, 0.228295, 0.005476]",11
W1,Islamabad,Chilies Powder NATIONAL 200 gm Packet,"[215.0, 215.0, 215.0, 215.0, 293.26, 400.0, 400.0, 400.0, 400.0, 400.0, 400.0, 400.0]","[1, 2, 3, 4, 5, 6, 7, 8, 9, 10, 11, 12]","[0.0, 0.0, 0.0, 78.26, 106.74, 0.0, 0.0, 0.0, 0.0, 0.0, 0.0]","[0.0, 0.0, 0.0, 0.364, 0.363977, 0.0, 0.0, 0.0, 0.0, 0.0, 0.0]",11
W1,Islamabad,Cigarettes Capstan 20'S Packet,"[220.0, 220.0, 220.0, 220.0, 220.0, 220.0, 220.0, 220.0, 220.0, 220.0, 220.0, 220.0]","[1, 2, 3, 4, 5, 6, 7, 8, 9, 10, 11, 12]","[0.0, 0.0, 0.0, 0.0, 0.0, 0.0, 0.0, 0.0, 0.0, 0.0, 0.0]","[0.0, 0.0, 0.0, 0.0, 0.0, 0.0, 0.0, 0.0, 0.0, 0.0, 0.0]",11
W1,Islamabad,Cooked Beef at Average Hotel,"[223.63, 229.02, 250.73, 256.37, 257.66, 258.96, 265.18, 284.75, 284.75, 296.03, 299.89, 304.46]","[1, 2, 3, 4, 5, 6, 7, 8, 9, 10, 11, 12]","[5.39, 21.71, 5.64, 1.29, 1.3, 6.22, 19.57, 0.0, 11.28, 3.86, 4.57]","[0.024102, 0.094795, 0.022494, 0.005032, 0.005045, 0.024019, 0.073799, 0.0, 0.039614, 0.013039, 0.015239]",11
W1,Islamabad,Cooked Daal at Average Hotel,"[165.41, 167.12, 177.14, 180.0, 190.49, 201.59, 201.59, 201.59, 201.59, 205.23, 206.46, 215.91]","[1, 2, 3, 4, 5, 6, 7, 8, 9, 10, 11, 12]","[1.71, 10.02, 2.86, 10.49, 11.1, 0.0, 0.0, 0.0, 3.64, 1.23, 9.45]","[0.010338, 0.059957, 0.016145, 0.058278, 0.058271, 0.0, 0.0, 0.0, 0.018056, 0.005993, 0.045772]",11
W1,Islamabad,Curd (Dahi) Loose,"[204.6, 212.5, 213.16, 214.22, 219.36, 220.65, 232.35, 232.35, 232.35, 233.18, 233.18, 233.18]","[1, 2, 3, 4, 5, 6, 7, 8, 9, 10, 11, 12]","[7.9, 0.66, 1.06, 5.14, 1.29, 11.7, 0.0, 0.0, 0.83, 0.0, 0.0]","[0.038612, 0.003106, 0.004973, 0.023994, 0.005881, 0.053025, 0.0, 0.0, 0.003572, 0.0, 0.0]",11
W1,Islamabad,Eggs Hen (Farm),"[250.54, 272.46, 287.76, 259.4, 260.41, 298.29, 302.55, 320.38, 340.02, 374.09, 421.23, 348.16]","[1, 2, 3, 4, 5, 6, 7, 8, 9, 10, 11, 12]","[21.92, 15.3, -28.36, 1.01, 37.88, 4.26, 17.83, 19.64, 34.07, 47.14, -73.07]","[0.087491, 0.056155, -0.098554, 0.003894, 0.145463, 0.014281, 0.058932, 0.061302, 0.1002, 0.126012, -0.173468]",11
W1,Islamabad,Electricity Charges upto 50 Units,"[6.47, 6.23, 6.15, 6.15, 6.45, 7.54, 7.57, 8.05, 7.4, 7.04, 7.31, 7.36]","[1, 2, 3, 4, 5, 6, 7, 8, 9, 10, 11, 12]","[-0.24, -0.08, 0.0, 0.3, 1.09, 0.03, 0.48, -0.65, -0.36, 0.27, 0.05]","[-0.037094, -0.012841, 0.0, 0.04878, 0.168992, 0.003979, 0.063408, -0.080745, -0.048649, 0.038352, 0.00684]",11
W1,Islamabad,Energy Saver Philips 14 Watt,"[256.62, 256.62, 263.95, 271.48, 271.48, 271.48, 271.48, 271.48, 271.48, 271.48, 271.48, 274.06]","[1, 2, 3, 4, 5, 6, 7, 8, 9, 10, 11, 12]","[0.0, 7.33, 7.53, 0.0, 0.0, 0.0, 0.0, 0.0, 0.0, 0.0, 2.58]","[0.0, 0.028564, 0.028528, 0.0, 0.0, 0.0, 0.0, 0.0, 0.0, 0.0, 0.009503]",11
W1,Islamabad,Firewood Whole,"[1643.17, 1643.17, 1643.17, 1643.17, 1643.17, 1643.17, 1643.17, 1643.17, 1643.17, 1725.92, 1827.75, 1827.75]","[1, 2, 3, 4, 5, 6, 7, 8, 9, 10, 11, 12]","[0.0, 0.0, 0.0, 0.0, 0.0, 0.0, 0.0, 0.0, 82.75, 101.83, 0.0]","[0.0, 0.0, 0.0, 0.0, 0.0, 0.0, 0.0, 0.0, 0.05036, 0.059, 0.0]",11
W1,Islamabad,Garlic (Lehsun),"[453.22, 445.98, 445.42, 430.8, 442.7, 559.16, 547.06, 570.44, 608.69, 663.37, 689.52, 664.61]","[1, 2, 3, 4, 5, 6, 7, 8, 9, 10, 11, 12]","[-7.24, -0.56, -14.62, 11.9, 116.46, -12.1, 23.38, 38.25, 54.68, 26.15, -24.91]","[-0.015975, -0.001256, -0.032823, 0.027623, 0.263068, -0.02164, 0.042738, 0.067054, 0.089832, 0.03942, -0.036127]",11
W1,Islamabad,Gents Sandal Bata,"[1499.0, 1499.0, 1999.0, 1999.0, 1999.0, 2055.69, 2299.0, 2299.0, 2299.0, 2299.0, 2299.0, 2299.0]","[1, 2, 3, 4, 5, 6, 7, 8, 9, 10, 11, 12]","[0.0, 500.0, 0.0, 0.0, 56.69, 243.31, 0.0, 0.0, 0.0, 0.0, 0.0]","[0.0, 0.333556, 0.0, 0.0, 0.028359, 0.118359, 0.0, 0.0, 0.0, 0.0, 0.0]",11
W1,Islamabad,Gents Sponge Chappal Bata,"[379.0, 379.0, 599.0, 599.0, 599.0, 599.0, 599.0, 599.0, 599.0, 599.0, 599.0, 599.0]","[1, 2, 3, 4, 5, 6, 7, 8, 9, 10, 11, 12]","[0.0, 220.0, 0.0, 0.0, 0.0, 0.0, 0.0, 0.0, 0.0, 0.0, 0.0]","[0.0, 0.580475, 0.0, 0.0, 0.0, 0.0, 0.0, 0.0, 0.0, 0.0, 0.0]",11
W1,Islamabad,Georgette (Average Quality),"[303.47, 306.85, 306.85, 306.85, 306.85, 306.85, 306.85, 306.85, 306.85, 311.23, 312.7, 323.16]","[1, 2, 3, 4, 5, 6, 7, 8, 9, 10, 11, 12]","[3.38, 0.0, 0.0, 0.0, 0.0, 0.0, 0.0, 0.0, 4.38, 1.47, 10.46]","[0.011138, 0.0, 0.0, 0.0, 0.0, 0.0, 0.0, 0.0, 0.014274, 0.004723, 0.033451]",11
W1,Islamabad,Gur (Average Quality),"[159.8, 166.52, 173.53, 173.53, 178.66, 191.7, 217.23, 217.23, 217.23, 217.23, 217.23, 223.51]","[1, 2, 3, 4, 5, 6, 7, 8, 9, 10, 11, 12]","[6.72, 7.01, 0.0, 5.13, 13.04, 25.53, 0.0, 0.0, 0.0, 0.0, 6.28]","[0.042053, 0.042097, 0.0, 0.029563, 0.072988, 0.133177, 0.0, 0.0, 0.0, 0.0, 0.028909]",11
W1,Islamabad,Hi-Speed Diesel,"[288.49, 293.77, 273.37, 253.75, 257.72, 285.99, 321.2, 311.45, 300.13, 283.72, 277.05, 282.16]","[1, 2, 3, 4, 5, 6, 7, 8, 9, 10, 11, 12]","[5.28, -20.4, -19.62, 3.97, 28.27, 35.21, -9.75, -11.32, -16.41, -6.67, 5.11]","[0.018302, -0.069442, -0.071771, 0.015645, 0.109693, 0.123116, -0.030355, -0.036346, -0.054676, -0.023509, 0.018444]",11
W1,Islamabad,LPG 11.67 kg Cylinder,"[3628.3, 3474.91, 3358.85, 2707.33, 2479.18, 2894.32, 3219.71, 3324.91, 3278.43, 3448.08, 3535.67, 3513.45]","[1, 2, 3, 4, 5, 6, 7, 8, 9, 10, 11, 12]","[-153.39, -116.06, -651.52, -228.15, 415.14, 325.39, 105.2, -46.48, 169.65, 87.59, -22.22]","[-0.042276, -0.033399, -0.193971, -0.084271, 0.167451, 0.112424, 0.032674, -0.013979, 0.051747, 0.025403, -0.006285]",11
W1,Islamabad,Ladies Sandal Bata,"[699.0, 699.0, 799.0, 799.0, 799.0, 799.0, 799.0, 799.0, 799.0, 799.0, 799.0, 799.0]","[1, 2, 3, 4, 5, 6, 7, 8, 9, 10, 11, 12]","[0.0, 100.0, 0.0, 0.0, 0.0, 0.0, 0.0, 0.0, 0.0, 0.0, 0.0]","[0.0, 0.143062, 0.0, 0.0, 0.0, 0.0, 0.0, 0.0, 0.0, 0.0, 0.0]",11
W1,Islamabad,Lawn Printed Gul Ahmed/Al Karam,"[417.34, 428.65, 428.65, 428.65, 428.65, 428.65, 463.89, 476.27, 476.27, 476.27, 476.27, 487.97]","[1, 2, 3, 4, 5, 6, 7, 8, 9, 10, 11, 12]","[11.31, 0.0, 0.0, 0.0, 0.0, 35.24, 12.38, 0.0, 0.0, 0.0, 11.7]","[0.0271, 0.0, 0.0, 0.0, 0.0, 0.082212, 0.026687, 0.0, 0.0, 0.0, 0.024566]",11
W1,Islamabad,"Long Cloth 57"" Gul Ahmed/Al Karam","[503.1, 511.38, 511.38, 511.38, 511.38, 511.38, 546.57, 558.83, 558.83, 567.02, 569.78, 589.31]","[1, 2, 3, 4, 5, 6, 7, 8, 9, 10, 11, 12]","[8.28, 0.0, 0.0, 0.0, 0.0, 35.19, 12.26, 0.0, 8.19, 2.76, 19.53]","[0.016458, 0.0, 0.0, 0.0, 0.0, 0.068814, 0.022431, 0.0, 0.014656, 0.004868, 0.034276]",11
W1,Islamabad,Match Box,"[5.0, 5.0, 5.0, 5.0, 5.31, 5.31, 5.64, 6.0, 6.0, 6.0, 6.0, 6.0]","[1, 2, 3, 4, 5, 6, 7, 8, 9, 10, 11, 12]","[0.0, 0.0, 0.0, 0.31, 0.0, 0.33, 0.36, 0.0, 0.0, 0.0, 0.0]","[0.0, 0.0, 0.0, 0.062, 0.0, 0.062147, 0.06383, 0.0, 0.0, 0.0, 0.0]",11
W1,Islamabad,Milk fresh (Un-boiled),"[190.28, 196.56, 196.56, 197.2, 200.0, 200.0, 212.34, 212.34, 212.34, 212.34, 212.34, 212.34]","[1, 2, 3, 4, 5, 6, 7, 8, 9, 10, 11, 12]","[6.28, 0.0, 0.64, 2.8, 0.0, 12.34, 0.0, 0.0, 0.0, 0.0, 0.0]","[0.033004, 0.0, 0.003256, 0.014199, 0.0, 0.0617, 0.0, 0.0, 0.0, 0.0, 0.0]",11
W1,Islamabad,Mustard Oil (Average Quality),"[697.21, 697.21, 697.21, 697.21, 697.21, 697.21, 697.21, 694.73, 687.35, 682.29, 667.35, 667.35]","[1, 2, 3, 4, 5, 6, 7, 8, 9, 10, 11, 12]","[0.0, 0.0, 0.0, 0.0, 0.0, 0.0, -2.48, -7.38, -5.06, -14.94, 0.0]","[0.0, 0.0, 0.0, 0.0, 0.0, 0.0, -0.003557, -0.010623, -0.007362, -0.021897, 0.0]",11
W1,Islamabad,Mutton (Average Quality),"[1708.34, 1772.16, 1873.75, 1936.84, 1953.58, 1985.37, 1995.37, 2012.18, 2029.23, 2044.86, 2057.45, 2096.13]","[1, 2, 3, 4, 5, 6, 7, 8, 9, 10, 11, 12]","[63.82, 101.59, 63.09, 16.74, 31.79, 10.0, 16.81, 17.05, 15.63, 12.59, 38.68]","[0.037358, 0.057326, 0.03367, 0.008643, 0.016273, 0.005037, 0.008425, 0.008473, 0.007702, 0.006157, 0.0188]",11
W1,Islamabad,Onions,"[180.53, 116.48, 82.75, 75.81, 76.18, 93.29, 121.15, 138.84, 159.82, 211.02, 242.16, 262.06]","[1, 2, 3, 4, 5, 6, 7, 8, 9, 10, 11, 12]","[-64.05, -33.73, -6.94, 0.37, 17.11, 27.86, 17.69, 20.98, 51.2, 31.14, 19.9]","[-0.354789, -0.289578, -0.083867, 0.004881, 0.2246, 0.298639, 0.146017, 0.151109, 0.32036, 0.147569, 0.082177]",11
W1,Islamabad,Petrol Super,"[270.76, 277.73, 276.71, 262.75, 258.2, 284.08, 318.9, 303.58, 283.02, 275.1, 264.14, 272.36]","[1, 2, 3, 4, 5, 6, 7, 8, 9, 10, 11, 12]","[6.97, -1.02, -13.96, -4.55, 25.88, 34.82, -15.32, -20.56, -7.92, -10.96, 8.22]","[0.025742, -0.003673, -0.05045, -0.017317, 0.100232, 0.122571, -0.04804, -0.067725, -0.027984, -0.03984, 0.03112]",11
W1,Islamabad,Potatoes,"[74.82, 88.93, 105.67, 110.88, 120.22, 126.08, 122.89, 128.6, 148.21, 111.76, 86.78, 87.35]","[1, 2, 3, 4, 5, 6, 7, 8, 9, 10, 11, 12]","[14.11, 16.74, 5.21, 9.34, 5.86, -3.19, 5.71, 19.61, -36.45, -24.98, 0.57]","[0.188586, 0.188238, 0.049304, 0.084235, 0.048744, -0.025301, 0.046464, 0.152488, -0.245935, -0.223515, 0.006568]",11
W1,Islamabad,Powdered Milk NIDO 390 gm Polybag,"[689.93, 698.31, 740.0, 740.0, 740.0, 820.0, 820.0, 820.0, 828.64, 832.89, 834.97, 834.97]","[1, 2, 3, 4, 5, 6, 7, 8, 9, 10, 11, 12]","[8.38, 41.69, 0.0, 0.0, 80.0, 0.0, 0.0, 8.64, 4.25, 2.08, 0.0]","[0.012146, 0.059701, 0.0, 0.0, 0.108108, 0.0, 0.0, 0.010537, 0.005129, 0.002497, 0.0]",11
W1,Islamabad,Pulse Gram,"[281.98, 274.97, 277.65, 268.79, 268.81, 268.82, 274.75, 259.71, 250.06, 261.39, 276.4, 281.88]","[1, 2, 3, 4, 5, 6, 7, 8, 9, 10, 11, 12]","[-7.01, 2.68, -8.86, 0.02, 0.01, 5.93, -15.04, -9.65, 11.33, 15.01, 5.48]","[-0.02486, 0.009747, -0.031911, 7.4e-05, 3.7e-05, 0.022059, -0.054741, -0.037157, 0.045309, 0.057424, 0.019826]",11
W1,Islamabad,Pulse Mash (Washed),"[455.66, 455.66, 465.58, 478.92, 483.03, 536.15, 580.68, 571.8, 565.57, 567.25, 571.01, 575.78]","[1, 2, 3, 4, 5, 6, 7, 8, 9, 10, 11, 12]","[0.0, 9.92, 13.34, 4.11, 53.12, 44.53, -8.88, -6.23, 1.68, 3.76, 4.77]","[0.0, 0.021771, 0.028652, 0.008582, 0.109972, 0.083055, -0.015292, -0.010895, 0.00297, 0.006628, 0.008354]",11
W1,Islamabad,Pulse Masoor (Washed),"[299.81, 299.81, 299.81, 299.81, 299.81, 305.02, 375.65, 366.42, 361.43, 367.44, 374.71, 379.32]","[1, 2, 3, 4, 5, 6, 7, 8, 9, 10, 11, 12]","[0.0, 0.0, 0.0, 0.0, 5.21, 70.63, -9.23, -4.99, 6.01, 7.27, 4.61]","[0.0, 0.0, 0.0, 0.0, 0.017378, 0.231559, -0.024571, -0.013618, 0.016628, 0.019786, 0.012303]",11
W1,Islamabad,Pulse Moong (Washed),"[298.06, 298.06, 298.06, 287.02, 283.55, 290.57, 308.07, 295.53, 288.2, 291.62, 314.35, 320.3]","[1, 2, 3, 4, 5, 6, 7, 8, 9, 10, 11, 12]","[0.0, 0.0, -11.04, -3.47, 7.02, 17.5, -12.54, -7.33, 3.42, 22.73, 5.95]","[0.0, 0.0, -0.03704, -0.01209, 0.024758, 0.060226, -0.040705, -0.024803, 0.011867, 0.077944, 0.018928]",11
W1,Islamabad,Rice Basmati Broken (Average Quality),"[200.6, 200.6, 219.88, 228.61, 234.87, 253.89, 255.57, 256.04, 254.82, 254.82, 254.82, 254.82]","[1, 2, 3, 4, 5, 6, 7, 8, 9, 10, 11, 12]","[0.0, 19.28, 8.73, 6.26, 19.02, 1.68, 0.47, -1.22, 0.0, 0.0, 0.0]","[0.0, 0.096112, 0.039703, 0.027383, 0.080981, 0.006617, 0.001839, -0.004765, 0.0, 0.0, 0.0]",11
W1,Islamabad,Rice IRRI-6/9 (Sindh/Punjab),"[131.36, 131.36, 131.36, 144.68, 144.68, 150.61, 154.7, 152.93, 151.18, 158.04, 168.39, 169.76]","[1, 2, 3, 4, 5, 6, 7, 8, 9, 10, 11, 12]","[0.0, 0.0, 13.32, 0.0, 5.93, 4.09, -1.77, -1.75, 6.86, 10.35, 1.37]","[0.0, 0.0, 0.101401, 0.0, 0.040987, 0.027156, -0.011441, -0.011443, 0.045376, 0.06549, 0.008136]",11
W1,Islamabad,Salt Powdered (NATIONAL/SHAN) 800 gm Packet,"[57.15, 60.0, 60.0, 60.0, 60.0, 60.0, 60.0, 67.35, 70.0, 70.0, 70.0, 70.6]","[1, 2, 3, 4, 5, 6, 7, 8, 9, 10, 11, 12]","[2.85, 0.0, 0.0, 0.0, 0.0, 0.0, 7.35, 2.65, 0.0, 0.0, 0.6]","[0.049869, 0.0, 0.0, 0.0, 0.0, 0.0, 0.1225, 0.039347, 0.0, 0.0, 0.008571]",11
W1,Islamabad,Shirting (Average Quality),"[507.04, 517.27, 517.27, 517.27, 517.27, 517.27, 555.59, 568.98, 568.98, 568.98, 568.98, 606.73]","[1, 2, 3, 4, 5, 6, 7, 8, 9, 10, 11, 12]","[10.23, 0.0, 0.0, 0.0, 0.0, 38.32, 13.39, 0.0, 0.0, 0.0, 37.75]","[0.020176, 0.0, 0.0, 0.0, 0.0, 0.074081, 0.024101, 0.0, 0.0, 0.0, 0.066347]",11
W1,Islamabad,Sufi Washing Soap 250 gm Cake,"[127.94, 130.0, 134.9, 136.58, 139.14, 140.0, 140.0, 138.92, 131.62, 131.62, 131.62, 131.62]","[1, 2, 3, 4, 5, 6, 7, 8, 9, 10, 11, 12]","[2.06, 4.9, 1.68, 2.56, 0.86, 0.0, -1.08, -7.3, 0.0, 0.0, 0.0]","[0.016101, 0.037692, 0.012454, 0.018744, 0.006181, 0.0, -0.007714, -0.052548, 0.0, 0.0, 0.0]",11
W1,Islamabad,Sugar Refined,"[106.56, 127.2, 125.57, 125.56, 144.95, 158.05, 170.62, 154.46, 144.03, 146.81, 155.37, 153.24]","[1, 2, 3, 4, 5, 6, 7, 8, 9, 10, 11, 12]","[20.64, -1.63, -0.01, 19.39, 13.1, 12.57, -16.16, -10.43, 2.78, 8.56, -2.13]","[0.193694, -0.012814, -8e-05, 0.154428, 0.090376, 0.079532, -0.094713, -0.067526, 0.019302, 0.058307, -0.013709]",11
W1,Islamabad,Tea Lipton Yellow Label 190 gm Packet,"[495.41, 558.82, 558.82, 558.82, 558.82, 558.82, 546.81, 542.86, 619.89, 573.72, 542.86, 542.86]","[1, 2, 3, 4, 5, 6, 7, 8, 9, 10, 11, 12]","[63.41, 0.0, 0.0, 0.0, 0.0, -12.01, -3.95, 77.03, -46.17, -30.86, 0.0]","[0.127995, 0.0, 0.0, 0.0, 0.0, -0.021492, -0.007224, 0.141897, -0.074481, -0.053789, 0.0]",11
W1,Islamabad,Tea Prepared Ordinary,"[50.0, 50.0, 57.98, 60.0, 60.0, 60.0, 64.8, 66.49, 66.49, 66.49, 67.13, 68.56]","[1, 2, 3, 4, 5, 6, 7, 8, 9, 10, 11, 12]","[0.0, 7.98, 2.02, 0.0, 0.0, 4.8, 1.69, 0.0, 0.0, 0.64, 1.43]","[0.0, 0.1596, 0.03484, 0.0, 0.0, 0.08, 0.02608, 0.0, 0.0, 0.009626, 0.021302]",11
W1,Islamabad,Telephone Call Charges,"[1.79, 1.79, 1.79, 1.79, 1.79, 1.79, 1.79, 1.79, 1.79, 1.79, 1.79, 1.79]","[1, 2, 3, 4, 5, 6, 7, 8, 9, 10, 11, 12]","[0.0, 0.0, 0.0, 0.0, 0.0, 0.0, 0.0, 0.0, 0.0, 0.0, 0.0]","[0.0, 0.0, 0.0, 0.0, 0.0, 0.0, 0.0, 0.0, 0.0, 0.0, 0.0]",11
W1,Islamabad,Toilet Soap LIFEBUOY 115 gm,"[85.35, 91.12, 111.47, 111.47, 111.47, 111.47, 111.47, 111.47, 111.47, 111.47, 111.47, 111.47]","[1, 2, 3, 4, 5, 6, 7, 8, 9, 10, 11, 12]","[5.77, 20.35, 0.0, 0.0, 0.0, 0.0, 0.0, 0.0, 0.0, 0.0, 0.0]","[0.067604, 0.223332, 0.0, 0.0, 0.0, 0.0, 0.0, 0.0, 0.0, 0.0, 0.0]",11
W1,Islamabad,Tomatoes,"[99.42, 90.41, 74.19, 69.64, 128.31, 132.69, 115.24, 142.73, 198.11, 144.47, 179.3, 164.98]","[1, 2, 3, 4, 5, 6, 7, 8, 9, 10, 11, 12]","[-9.01, -16.22, -4.55, 58.67, 4.38, -17.45, 27.49, 55.38, -53.64, 34.83, -14.32]","[-0.090626, -0.179405, -0.061329, 0.842476, 0.034136, -0.13151, 0.238546, 0.388005, -0.270759, 0.241088, -0.079866]",11
W1,Islamabad,Vegetable Ghee DALDA/HABIB 2.5 kg Tin,"[1569.81, 1550.0, 1550.0, 1508.48, 1437.43, 1410.98, 1405.0, 1397.48, 1353.52, 1310.0, 1297.44, 1291.22]","[1, 2, 3, 4, 5, 6, 7, 8, 9, 10, 11, 12]","[-19.81, 0.0, -41.52, -71.05, -26.45, -5.98, -7.52, -43.96, -43.52, -12.56, -6.22]","[-0.012619, 0.0, -0.026787, -0.0471, -0.018401, -0.004238, -0.005352, -0.031457, -0.032153, -0.009588, -0.004794]",11
W1,Islamabad,Wheat Flour Bag,"[1772.83, 2945.03, 3030.11, 2625.9, 2989.5, 2923.83, 2935.45, 2860.21, 2897.36, 2916.82, 2913.23, 2885.86]","[1, 2, 3, 4, 5, 6, 7, 8, 9, 10, 11, 12]","[1172.2, 85.08, -404.21, 363.6, -65.67, 11.62, -75.24, 37.15, 19.46, -3.59, -27.37]","[0.661203, 0.028889, -0.133398, 0.138467, -0.021967, 0.003974, -0.025632, 0.012989, 0.006716, -0.001231, -0.009395]",11
W1,Karachi,Bananas (Kela) Local,"[173.9, 194.52, 175.13, 150.61, 116.7, 112.34, 96.92, 94.7, 93.37, 102.89, 108.97, 138.94]","[1, 2, 3, 4, 5, 6, 7, 8, 9, 10, 11, 12]","[20.62, -19.39, -24.52, -33.91, -4.36, -15.42, -2.22, -1.33, 9.52, 6.08, 29.97]","[0.118574, -0.099681, -0.14001, -0.225151, -0.037361, -0.137262, -0.022905, -0.014044, 0.10196, 0.059092, 0.27503]",11
W1,Karachi,Beef with Bone (Average Quality),"[817.54, 827.83, 867.41, 893.18, 904.12, 909.84, 920.53, 927.43, 932.44, 935.29, 952.46, 1000.24]","[1, 2, 3, 4, 5, 6, 7, 8, 9, 10, 11, 12]","[10.29, 39.58, 25.77, 10.94, 5.72, 10.69, 6.9, 5.01, 2.85, 17.17, 47.78]","[0.012587, 0.047812, 0.029709, 0.012248, 0.006327, 0.011749, 0.007496, 0.005402, 0.003056, 0.018358, 0.050165]",11
W1,Karachi,Bread plain (Small Size),"[110.0, 110.0, 110.0, 120.0, 120.0, 120.0, 120.0, 120.0, 120.0, 120.0, 120.0, 120.0]","[1, 2, 3, 4, 5, 6, 7, 8, 9, 10, 11, 12]","[0.0, 0.0, 10.0, 0.0, 0.0, 0.0, 0.0, 0.0, 0.0, 0.0, 0.0]","[0.0, 0.0, 0.090909, 0.0, 0.0, 0.0, 0.0, 0.0, 0.0, 0.0, 0.0]",11
W1,Karachi,Chicken Farm Broiler (Live),"[428.83, 433.94, 434.04, 482.68, 450.29, 426.1, 411.76, 390.4, 380.65, 359.53, 465.7, 453.65]","[1, 2, 3, 4, 5, 6, 7, 8, 9, 10, 11, 12]","[5.11, 0.1, 48.64, -32.39, -24.19, -14.34, -21.36, -9.75, -21.12, 106.17, -12.05]","[0.011916, 0.00023, 0.112063, -0.067104, -0.053721, -0.033654, -0.051875, -0.024974, -0.055484, 0.295302, -0.025875]",11
W1,Karachi,Chilies Powder NATIONAL 200 gm Packet,"[229.67, 215.0, 215.0, 215.0, 252.28, 400.0, 400.0, 400.0, 400.0, 400.0, 400.0, 400.0]","[1, 2, 3, 4, 5, 6, 7, 8, 9, 10, 11, 12]","[-14.67, 0.0, 0.0, 37.28, 147.72, 0.0, 0.0, 0.0, 0.0, 0.0, 0.0]","[-0.063874, 0.0, 0.0, 0.173395, 0.58554, 0.0, 0.0, 0.0, 0.0, 0.0, 0.0]",11
W1,Karachi,Cigarettes Capstan 20'S Packet,"[231.0, 231.19, 231.19, 231.19, 231.19, 232.27, 232.99, 232.99, 232.99, 232.99, 232.99, 232.99]","[1, 2, 3, 4, 5, 6, 7, 8, 9, 10, 11, 12]","[0.19, 0.0, 0.0, 0.0, 1.08, 0.72, 0.0, 0.0, 0.0, 0.0, 0.0]","[0.000823, 0.0, 0.0, 0.0, 0.004671, 0.0031, 0.0, 0.0, 0.0, 0.0, 0.0]",11
W1,Karachi,Cooked Beef at Average Hotel,"[275.88, 282.71, 285.06, 285.06, 285.51, 299.82, 309.86, 313.35, 316.87, 316.87, 317.63, 319.38]","[1, 2, 3, 4, 5, 6, 7, 8, 9, 10, 11, 12]","[6.83, 2.35, 0.0, 0.45, 14.31, 10.04, 3.49, 3.52, 0.0, 0.76, 1.75]","[0.024757, 0.008312, 0.0, 0.001579, 0.050121, 0.033487, 0.011263, 0.011233, 0.0, 0.002398, 0.00551]",11
W1,Karachi,Cooked Daal at Average Hotel,"[139.05, 142.05, 142.44, 143.07, 144.25, 146.84, 148.74, 150.43, 151.67, 151.67, 152.11, 152.79]","[1, 2, 3, 4, 5, 6, 7, 8, 9, 10, 11, 12]","[3.0, 0.39, 0.63, 1.18, 2.59, 1.9, 1.69, 1.24, 0.0, 0.44, 0.68]","[0.021575, 0.002746, 0.004423, 0.008248, 0.017955, 0.012939, 0.011362, 0.008243, 0.0, 0.002901, 0.00447]",11
W1,Karachi,"Cooking Oil DALDA or Other Similar Brand (SN), 5 Litre Tin","[3366.63, 3290.0, 3290.0, 3210.2, 3190.0, 3046.66, 2960.0, 2960.0, 2798.65, 2745.0, 2745.0, 2692.6]","[1, 2, 3, 4, 5, 6, 7, 8, 9, 10, 11, 12]","[-76.63, 0.0, -79.8, -20.2, -143.34, -86.66, 0.0, -161.35, -53.65, 0.0, -52.4]","[-0.022762, 0.0, -0.024255, -0.006292, -0.044934, -0.028444, 0.0, -0.05451, -0.01917, 0.0, -0.019089]",11
W1,Karachi,Curd (Dahi) Loose,"[299.26, 301.6, 302.98, 312.53, 320.21, 321.6, 322.17, 319.32, 314.83, 309.29, 309.29, 309.29]","[1, 2, 3, 4, 5, 6, 7, 8, 9, 10, 11, 12]","[2.34, 1.38, 9.55, 7.68, 1.39, 0.57, -2.85, -4.49, -5.54, 0.0, 0.0]","[0.007819, 0.004576, 0.03152, 0.024574, 0.004341, 0.001772, -0.008846, -0.014061, -0.017597, 0.0, 0.0]",11
W1,Karachi,Eggs Hen (Farm),"[251.85, 279.27, 289.35, 262.65, 266.16, 302.53, 305.49, 321.64, 340.24, 362.05, 402.36, 337.6]","[1, 2, 3, 4, 5, 6, 7, 8, 9, 10, 11, 12]","[27.42, 10.08, -26.7, 3.51, 36.37, 2.96, 16.15, 18.6, 21.81, 40.31, -64.76]","[0.108874, 0.036094, -0.092276, 0.013364, 0.136647, 0.009784, 0.052866, 0.057829, 0.064102, 0.111338, -0.16095]",11
W1,Karachi,Electricity Charges upto 50 Units,"[6.47, 6.23, 6.15, 6.15, 6.45, 7.54, 7.57, 8.05, 7.4, 7.04, 7.31, 7.36]","[1, 2, 3, 4, 5, 6, 7, 8, 9, 10, 11, 12]","[-0.24, -0.08, 0.0, 0.3, 1.09, 0.03, 0.48, -0.65, -0.36, 0.27, 0.05]","[-0.037094, -0.012841, 0.0, 0.04878, 0.168992, 0.003979, 0.063408, -0.080745, -0.048649, 0.038352, 0.00684]",11
W1,Karachi,Energy Saver Philips 14 Watt,"[280.0, 280.0, 280.0, 280.0, 280.0, 307.81, 316.14, 339.82, 350.0, 350.0, 350.0, 350.0]","[1, 2, 3, 4, 5, 6, 7, 8, 9, 10, 11, 12]","[0.0, 0.0, 0.0, 0.0, 27.81, 8.33, 23.68, 10.18, 0.0, 0.0, 0.0]","[0.0, 0.0, 0.0, 0.0, 0.099321, 0.027062, 0.074904, 0.029957, 0.0, 0.0, 0.0]",11
W1,Karachi,Firewood Whole,"[959.57, 963.74, 965.13, 965.13, 965.13, 968.39, 968.39, 968.39, 1022.57, 1102.94, 1109.28, 1109.28]","[1, 2, 3, 4, 5, 6, 7, 8, 9, 10, 11, 12]","[4.17, 1.39, 0.0, 0.0, 3.26, 0.0, 0.0, 54.18, 80.37, 6.34, 0.0]","[0.004346, 0.001442, 0.0, 0.0, 0.003378, 0.0, 0.0, 0.055949, 0.078596, 0.005748, 0.0]",11
W1,Karachi,Garlic (Lehsun),"[372.57, 319.18, 335.39, 349.3, 359.02, 384.14, 436.01, 459.84, 450.45, 494.62, 543.22, 557.94]","[1, 2, 3, 4, 5, 6, 7, 8, 9, 10, 11, 12]","[-53.39, 16.21, 13.91, 9.72, 25.12, 51.87, 23.83, -9.39, 44.17, 48.6, 14.72]","[-0.143302, 0.050786, 0.041474, 0.027827, 0.069968, 0.135029, 0.054655, -0.02042, 0.098057, 0.098257, 0.027098]",11
W1,Karachi,Gas Charges upto 3.3719 MMBTU,"[295.0, 295.0, 295.0, 295.0, 295.0, 295.0, 295.0, 295.0, 846.99, 1711.0, 1711.0, 1843.75]","[1, 2, 3, 4, 5, 6, 7, 8, 9, 10, 11, 12]","[0.0, 0.0, 0.0, 0.0, 0.0, 0.0, 0.0, 551.99, 864.01, 0.0, 132.75]","[0.0, 0.0, 0.0, 0.0, 0.0, 0.0, 0.0, 1.871153, 1.020095, 0.0, 0.077586]",11
W1,Karachi,Gents Sandal Bata,"[1499.0, 1499.0, 1999.0, 1999.0, 1999.0, 2055.69, 2299.0, 2299.0, 2299.0, 2299.0, 2299.0, 2299.0]","[1, 2, 3, 4, 5, 6, 7, 8, 9, 10, 11, 12]","[0.0, 500.0, 0.0, 0.0, 56.69, 243.31, 0.0, 0.0, 0.0, 0.0, 0.0]","[0.0, 0.333556, 0.0, 0.0, 0.028359, 0.118359, 0.0, 0.0, 0.0, 0.0, 0.0]",11
W1,Karachi,Gents Sponge Chappal Bata,"[379.0, 379.0, 599.0, 599.0, 599.0, 599.0, 599.0, 599.0, 599.0, 599.0, 599.0, 599.0]","[1, 2, 3, 4, 5, 6, 7, 8, 9, 10, 11, 12]","[0.0, 220.0, 0.0, 0.0, 0.0, 0.0, 0.0, 0.0, 0.0, 0.0, 0.0]","[0.0, 0.580475, 0.0, 0.0, 0.0, 0.0, 0.0, 0.0, 0.0, 0.0, 0.0]",11
W1,Karachi,Georgette (Average Quality),"[269.3, 269.3, 269.3, 271.11, 271.72, 271.72, 271.72, 284.92, 302.6, 302.6, 302.6, 302.6]","[1, 2, 3, 4, 5, 6, 7, 8, 9, 10, 11, 12]","[0.0, 0.0, 1.81, 0.61, 0.0, 0.0, 13.2, 17.68, 0.0, 0.0, 0.0]","[0.0, 0.0, 0.006721, 0.00225, 0.0, 0.0, 0.048579, 0.062053, 0.0, 0.0, 0.0]",11
W1,Karachi,Gur (Average Quality),"[162.12, 178.09, 213.87, 229.85, 244.04, 256.56, 259.4, 258.12, 243.62, 220.18, 222.4, 224.22]","[1, 2, 3, 4, 5, 6, 7, 8, 9, 10, 11, 12]","[15.97, 35.78, 15.98, 14.19, 12.52, 2.84, -1.28, -14.5, -23.44, 2.22, 1.82]","[0.098507, 0.20091, 0.074718, 0.061736, 0.051303, 0.01107, -0.004934, -0.056175, -0.096215, 0.010083, 0.008183]",11
W1,Karachi,Hi-Speed Diesel,"[288.49, 293.77, 273.38, 253.74, 257.72, 285.98, 321.2, 311.45, 300.14, 283.71, 277.04, 282.15]","[1, 2, 3, 4, 5, 6, 7, 8, 9, 10, 11, 12]","[5.28, -20.39, -19.64, 3.98, 28.26, 35.22, -9.75, -11.31, -16.43, -6.67, 5.11]","[0.018302, -0.069408, -0.071841, 0.015685, 0.109654, 0.123155, -0.030355, -0.036314, -0.054741, -0.02351, 0.018445]",11
W1,Karachi,LPG 11.67 kg Cylinder,"[3289.83, 3351.57, 3224.45, 2674.59, 2499.47, 2899.04, 3147.51, 3109.4, 3070.8, 3112.72, 3189.73, 3262.4]","[1, 2, 3, 4, 5, 6, 7, 8, 9, 10, 11, 12]","[61.74, -127.12, -549.86, -175.12, 399.57, 248.47, -38.11, -38.6, 41.92, 77.01, 72.67]","[0.018767, -0.037928, -0.170528, -0.065475, 0.159862, 0.085708, -0.012108, -0.012414, 0.013651, 0.02474, 0.022782]",11
W1,Karachi,Ladies Sandal Bata,"[699.0, 699.0, 799.0, 799.0, 799.0, 799.0, 799.0, 799.0, 799.0, 799.0, 799.0, 799.0]","[1, 2, 3, 4, 5, 6, 7, 8, 9, 10, 11, 12]","[0.0, 100.0, 0.0, 0.0, 0.0, 0.0, 0.0, 0.0, 0.0, 0.0, 0.0]","[0.0, 0.143062, 0.0, 0.0, 0.0, 0.0, 0.0, 0.0, 0.0, 0.0, 0.0]",11
W1,Karachi,Lawn Printed Gul Ahmed/Al Karam,"[520.85, 550.0, 550.0, 550.0, 550.0, 550.0, 550.0, 550.0, 552.62, 554.37, 554.37, 554.37]","[1, 2, 3, 4, 5, 6, 7, 8, 9, 10, 11, 12]","[29.15, 0.0, 0.0, 0.0, 0.0, 0.0, 0.0, 2.62, 1.75, 0.0, 0.0]","[0.055966, 0.0, 0.0, 0.0, 0.0, 0.0, 0.0, 0.004764, 0.003167, 0.0, 0.0]",11
W1,Karachi,"Long Cloth 57"" Gul Ahmed/Al Karam","[437.02, 437.02, 437.02, 437.02, 437.02, 449.2, 501.42, 526.14, 583.0, 626.78, 626.78, 626.78]","[1, 2, 3, 4, 5, 6, 7, 8, 9, 10, 11, 12]","[0.0, 0.0, 0.0, 0.0, 12.18, 52.22, 24.72, 56.86, 43.78, 0.0, 0.0]","[0.0, 0.0, 0.0, 0.0, 0.027871, 0.116251, 0.0493, 0.10807, 0.075094, 0.0, 0.0]",11
W1,Karachi,Match Box,"[5.67, 6.0, 6.0, 6.0, 6.48, 7.0, 7.0, 7.0, 7.0, 7.0, 7.0, 7.0]","[1, 2, 3, 4, 5, 6, 7, 8, 9, 10, 11, 12]","[0.33, 0.0, 0.0, 0.48, 0.52, 0.0, 0.0, 0.0, 0.0, 0.0, 0.0]","[0.058201, 0.0, 0.0, 0.08, 0.080247, 0.0, 0.0, 0.0, 0.0, 0.0, 0.0]",11
W1,Karachi,Milk fresh (Un-boiled),"[207.78, 208.45, 208.45, 215.53, 223.01, 224.77, 225.39, 207.12, 200.59, 200.0, 200.0, 200.0]","[1, 2, 3, 4, 5, 6, 7, 8, 9, 10, 11, 12]","[0.67, 0.0, 7.08, 7.48, 1.76, 0.62, -18.27, -6.53, -0.59, 0.0, 0.0]","[0.003225, 0.0, 0.033965, 0.034705, 0.007892, 0.002758, -0.081059, -0.031528, -0.002941, 0.0, 0.0]",11
W1,Karachi,Mustard Oil (Average Quality),"[626.09, 624.32, 595.22, 550.17, 522.98, 519.3, 541.58, 535.02, 486.8, 482.31, 487.72, 489.5]","[1, 2, 3, 4, 5, 6, 7, 8, 9, 10, 11, 12]","[-1.77, -29.1, -45.05, -27.19, -3.68, 22.28, -6.56, -48.22, -4.49, 5.41, 1.78]","[-0.002827, -0.046611, -0.075686, -0.049421, -0.007037, 0.042904, -0.012113, -0.090127, -0.009224, 0.011217, 0.00365]",11
W1,Karachi,Mutton (Average Quality),"[1637.36, 1658.23, 1738.35, 1781.81, 1804.83, 1808.14, 1809.62, 1811.11, 1811.11, 1811.11, 1833.81, 1865.86]","[1, 2, 3, 4, 5, 6, 7, 8, 9, 10, 11, 12]","[20.87, 80.12, 43.46, 23.02, 3.31, 1.48, 1.49, 0.0, 0.0, 22.7, 32.05]","[0.012746, 0.048317, 0.025001, 0.012919, 0.001834, 0.000819, 0.000823, 0.0, 0.0, 0.012534, 0.017477]",11
W1,Karachi,Onions,"[122.59, 85.77, 54.21, 59.78, 59.33, 64.4, 81.28, 112.91, 130.24, 161.9, 206.09, 218.18]","[1, 2, 3, 4, 5, 6, 7, 8, 9, 10, 11, 12]","[-36.82, -31.56, 5.57, -0.45, 5.07, 16.88, 31.63, 17.33, 31.66, 44.19, 12.09]","[-0.300351, -0.367961, 0.102749, -0.007528, 0.085454, 0.262112, 0.389149, 0.153485, 0.24309, 0.272946, 0.058664]",11
W1,Karachi,Petrol Super,"[270.76, 277.73, 276.72, 262.74, 258.2, 284.07, 318.91, 303.58, 283.01, 275.09, 264.13, 272.35]","[1, 2, 3, 4, 5, 6, 7, 8, 9, 10, 11, 12]","[6.97, -1.01, -13.98, -4.54, 25.87, 34.84, -15.33, -20.57, -7.92, -10.96, 8.22]","[0.025742, -0.003637, -0.05052, -0.017279, 0.100194, 0.122646, -0.04807, -0.067758, -0.027985, -0.039842, 0.031121]",11
W1,Karachi,Potatoes,"[48.43, 62.53, 71.57, 74.79, 78.34, 81.49, 82.25, 88.16, 89.39, 80.26, 59.23, 62.49]","[1, 2, 3, 4, 5, 6, 7, 8, 9, 10, 11, 12]","[14.1, 9.04, 3.22, 3.55, 3.15, 0.76, 5.91, 1.23, -9.13, -21.03, 3.26]","[0.291142, 0.144571, 0.044991, 0.047466, 0.040209, 0.009326, 0.071854, 0.013952, -0.102137, -0.262023, 0.05504]",11
W1,Karachi,Powdered Milk NIDO 390 gm Polybag,"[676.82, 677.8, 696.9, 715.15, 730.3, 785.31, 799.88, 809.77, 810.23, 810.23, 810.23, 810.23]","[1, 2, 3, 4, 5, 6, 7, 8, 9, 10, 11, 12]","[0.98, 19.1, 18.25, 15.15, 55.01, 14.57, 9.89, 0.46, 0.0, 0.0, 0.0]","[0.001448, 0.028179, 0.026187, 0.021184, 0.075325, 0.018553, 0.012364, 0.000568, 0.0, 0.0, 0.0]",11
W1,Karachi,Pulse Gram,"[277.89, 264.66, 265.81, 256.24, 247.34, 253.71, 266.61, 254.09, 240.2, 243.64, 257.58, 262.05]","[1, 2, 3, 4, 5, 6, 7, 8, 9, 10, 11, 12]","[-13.23, 1.15, -9.57, -8.9, 6.37, 12.9, -12.52, -13.89, 3.44, 13.94, 4.47]","[-0.047609, 0.004345, -0.036003, -0.034733, 0.025754, 0.050845, -0.04696, -0.054666, 0.014321, 0.057216, 0.017354]",11
W1,Karachi,Pulse Mash (Washed),"[439.6, 442.79, 453.46, 463.19, 475.85, 507.02, 561.33, 555.33, 538.07, 540.7, 543.45, 525.49]","[1, 2, 3, 4, 5, 6, 7, 8, 9, 10, 11, 12]","[3.19, 10.67, 9.73, 12.66, 31.17, 54.31, -6.0, -17.26, 2.63, 2.75, -17.96]","[0.007257, 0.024097, 0.021457, 0.027332, 0.065504, 0.107116, -0.010689, -0.031081, 0.004888, 0.005086, -0.033048]",11
W1,Karachi,Pulse Masoor (Washed),"[295.15, 293.61, 302.57, 290.89, 278.37, 284.28, 348.86, 338.1, 325.04, 340.77, 342.39, 342.38]","[1, 2, 3, 4, 5, 6, 7, 8, 9, 10, 11, 12]","[-1.54, 8.96, -11.68, -12.52, 5.91, 64.58, -10.76, -13.06, 15.73, 1.62, -0.01]","[-0.005218, 0.030517, -0.038603, -0.04304, 0.021231, 0.22717, -0.030843, -0.038628, 0.048394, 0.004754, -2.9e-05]",11
W1,Karachi,Pulse Moong (Washed),"[298.72, 299.11, 304.1, 287.34, 266.43, 276.86, 309.78, 302.41, 289.99, 293.2, 300.43, 303.58]","[1, 2, 3, 4, 5, 6, 7, 8, 9, 10, 11, 12]","[0.39, 4.99, -16.76, -20.91, 10.43, 32.92, -7.37, -12.42, 3.21, 7.23, 3.15]","[0.001306, 0.016683, -0.055113, -0.072771, 0.039147, 0.118905, -0.023791, -0.04107, 0.011069, 0.024659, 0.010485]",11
W1,Karachi,Rice Basmati Broken (Average Quality),"[216.76, 221.54, 230.22, 249.39, 261.29, 271.59, 278.51, 279.37, 271.69, 267.39, 268.02, 268.18]","[1, 2, 3, 4, 5, 6, 7, 8, 9, 10, 11, 12]","[4.78, 8.68, 19.17, 11.9, 10.3, 6.92, 0.86, -7.68, -4.3, 0.63, 0.16]","[0.022052, 0.03918, 0.083268, 0.047716, 0.03942, 0.02548, 0.003088, -0.02749, -0.015827, 0.002356, 0.000597]",11
W1,Karachi,Rice IRRI-6/9 (Sindh/Punjab),"[139.61, 143.72, 146.52, 150.55, 154.25, 158.57, 175.4, 180.05, 179.45, 177.67, 177.75, 179.0]","[1, 2, 3, 4, 5, 6, 7, 8, 9, 10, 11, 12]","[4.11, 2.8, 4.03, 3.7, 4.32, 16.83, 4.65, -0.6, -1.78, 0.08, 1.25]","[0.029439, 0.019482, 0.027505, 0.024577, 0.028006, 0.106136, 0.026511, -0.003332, -0.009919, 0.00045, 0.007032]",11
W1,Karachi,Salt Powdered (NATIONAL/SHAN) 800 gm Packet,"[48.6, 58.04, 60.0, 60.0, 60.0, 60.0, 60.0, 64.81, 70.0, 70.0, 70.0, 70.0]","[1, 2, 3, 4, 5, 6, 7, 8, 9, 10, 11, 12]","[9.44, 1.96, 0.0, 0.0, 0.0, 0.0, 4.81, 5.19, 0.0, 0.0, 0.0]","[0.194239, 0.03377, 0.0, 0.0, 0.0, 0.0, 0.080167, 0.08008, 0.0, 0.0, 0.0]",11
W1,Karachi,Shirting (Average Quality),"[372.22, 372.22, 372.22, 372.22, 372.22, 372.22, 372.22, 386.84, 402.76, 402.76, 402.76, 404.81]","[1, 2, 3, 4, 5, 6, 7, 8, 9, 10, 11, 12]","[0.0, 0.0, 0.0, 0.0, 0.0, 0.0, 14.62, 15.92, 0.0, 0.0, 2.05]","[0.0, 0.0, 0.0, 0.0, 0.0, 0.0, 0.039278, 0.041154, 0.0, 0.0, 0.00509]",11
W1,Karachi,Sufi Washing Soap 250 gm Cake,"[113.35, 120.37, 121.4, 126.16, 130.0, 130.0, 130.0, 130.0, 130.0, 130.0, 130.0, 130.0]","[1, 2, 3, 4, 5, 6, 7, 8, 9, 10, 11, 12]","[7.02, 1.03, 4.76, 3.84, 0.0, 0.0, 0.0, 0.0, 0.0, 0.0, 0.0]","[0.061932, 0.008557, 0.039209, 0.030438, 0.0, 0.0, 0.0, 0.0, 0.0, 0.0, 0.0]",11
W1,Karachi,Sugar Refined,"[106.97, 127.01, 123.53, 125.53, 142.56, 157.59, 167.06, 147.16, 133.34, 136.36, 141.66, 143.58]","[1, 2, 3, 4, 5, 6, 7, 8, 9, 10, 11, 12]","[20.04, -3.48, 2.0, 17.03, 15.03, 9.47, -19.9, -13.82, 3.02, 5.3, 1.92]","[0.187342, -0.027399, 0.01619, 0.135665, 0.105429, 0.060093, -0.119119, -0.093911, 0.022649, 0.038868, 0.013554]",11
W1,Karachi,Tea Lipton Yellow Label 190 gm Packet,"[439.2, 558.82, 558.82, 558.82, 558.82, 558.82, 558.82, 544.29, 544.29, 544.29, 573.89, 558.38]","[1, 2, 3, 4, 5, 6, 7, 8, 9, 10, 11, 12]","[119.62, 0.0, 0.0, 0.0, 0.0, 0.0, -14.53, 0.0, 0.0, 29.6, -15.51]","[0.272359, 0.0, 0.0, 0.0, 0.0, 0.0, -0.026001, 0.0, 0.0, 0.054383, -0.027026]",11
W1,Karachi,Tea Prepared Ordinary,"[58.04, 59.34, 59.59, 60.34, 60.78, 65.14, 67.91, 68.07, 68.19, 68.7, 69.35, 69.35]","[1, 2, 3, 4, 5, 6, 7, 8, 9, 10, 11, 12]","[1.3, 0.25, 0.75, 0.44, 4.36, 2.77, 0.16, 0.12, 0.51, 0.65, 0.0]","[0.022398, 0.004213, 0.012586, 0.007292, 0.071734, 0.042524, 0.002356, 0.001763, 0.007479, 0.009461, 0.0]",11
W1,Karachi,Telephone Call Charges,"[1.79, 1.79, 1.79, 1.79, 1.79, 1.79, 1.79, 1.79, 1.79, 1.79, 1.79, 1.79]","[1, 2, 3, 4, 5, 6, 7, 8, 9, 10, 11, 12]","[0.0, 0.0, 0.0, 0.0, 0.0, 0.0, 0.0, 0.0, 0.0, 0.0, 0.0]","[0.0, 0.0, 0.0, 0.0, 0.0, 0.0, 0.0, 0.0, 0.0, 0.0, 0.0]",11
W1,Karachi,Toilet Soap LIFEBUOY 115 gm,"[80.0, 87.07, 95.0, 102.92, 111.49, 111.49, 111.49, 111.48, 111.48, 111.48, 111.48, 111.48]","[1, 2, 3, 4, 5, 6, 7, 8, 9, 10, 11, 12]","[7.07, 7.93, 7.92, 8.57, 0.0, 0.0, -0.01, 0.0, 0.0, 0.0, 0.0]","[0.088375, 0.091076, 0.083368, 0.083269, 0.0, 0.0, -9e-05, 0.0, 0.0, 0.0, 0.0]",11
W1,Karachi,Tomatoes,"[45.54, 58.02, 54.41, 69.87, 90.86, 127.96, 111.89, 131.26, 152.13, 92.95, 119.43, 112.17]","[1, 2, 3, 4, 5, 6, 7, 8, 9, 10, 11, 12]","[12.48, -3.61, 15.46, 20.99, 37.1, -16.07, 19.37, 20.87, -59.18, 26.48, -7.26]","[0.274045, -0.06222, 0.284139, 0.300415, 0.40832, -0.125586, 0.173116, 0.158997, -0.389009, 0.284884, -0.060789]",11
W1,Karachi,Vegetable Ghee DALDA/HABIB 2.5 kg Tin,"[1584.79, 1550.0, 1550.0, 1499.05, 1439.85, 1412.97, 1405.0, 1390.0, 1351.74, 1310.0, 1310.0, 1297.5]","[1, 2, 3, 4, 5, 6, 7, 8, 9, 10, 11, 12]","[-34.79, 0.0, -50.95, -59.2, -26.88, -7.97, -15.0, -38.26, -41.74, 0.0, -12.5]","[-0.021952, 0.0, -0.032871, -0.039492, -0.018669, -0.005641, -0.010676, -0.027525, -0.030879, 0.0, -0.009542]",11
W1,Karachi,Vegetable Ghee DALDA/HABIB or Other Superior Quality 1 kg Pouch,"[614.41, 605.0, 605.0, 576.94, 568.39, 555.25, 547.0, 547.0, 514.98, 509.0, 508.01, 503.66]","[1, 2, 3, 4, 5, 6, 7, 8, 9, 10, 11, 12]","[-9.41, 0.0, -28.06, -8.55, -13.14, -8.25, 0.0, -32.02, -5.98, -0.99, -4.35]","[-0.015316, 0.0, -0.04638, -0.01482, -0.023118, -0.014858, 0.0, -0.058537, -0.011612, -0.001945, -0.008563]",11
W1,Karachi,Wheat Flour Bag,"[2842.15, 2760.01, 2842.44, 2773.67, 3080.43, 3096.91, 3018.41, 2893.3, 2685.2, 2732.59, 2790.99, 2693.62]","[1, 2, 3, 4, 5, 6, 7, 8, 9, 10, 11, 12]","[-82.14, 82.43, -68.77, 306.76, 16.48, -78.5, -125.11, -208.1, 47.39, 58.4, -97.37]","[-0.028901, 0.029866, -0.024194, 0.110597, 0.00535, -0.025348, -0.041449, -0.071925, 0.017649, 0.021372, -0.034887]",11
W1,Khuzdar,Bananas (Kela) Local,"[147.22, 184.8, 193.1, 237.92, 156.26, 138.91, 130.5, 119.56, 112.92, 112.92, 103.08, 113.91]","[1, 2, 3, 4, 5, 6, 7, 8, 9, 10, 11, 12]","[37.58, 8.3, 44.82, -81.66, -17.35, -8.41, -10.94, -6.64, 0.0, -9.84, 10.83]","[0.255264, 0.044913, 0.232108, -0.343225, -0.111033, -0.060543, -0.083831, -0.055537, 0.0, -0.087141, 0.105064]",11
W1,Khuzdar,Beef with Bone (Average Quality),"[700.0, 700.0, 700.0, 700.0, 732.95, 732.95, 732.95, 766.31, 782.97, 782.97, 782.97, 787.2]","[1, 2, 3, 4, 5, 6, 7, 8, 9, 10, 11, 12]","[0.0, 0.0, 0.0, 32.95, 0.0, 0.0, 33.36, 16.66, 0.0, 0.0, 4.23]","[0.0, 0.0, 0.0, 0.047071, 0.0, 0.0, 0.045515, 0.021741, 0.0, 0.0, 0.005403]",11
W1,Khuzdar,Bread plain (Small Size),"[100.0, 100.0, 100.0, 100.0, 100.0, 100.0, 100.0, 100.0, 100.0, 100.0, 100.0, 100.0]","[1, 2, 3, 4, 5, 6, 7, 8, 9, 10, 11, 12]","[0.0, 0.0, 0.0, 0.0, 0.0, 0.0, 0.0, 0.0, 0.0, 0.0, 0.0]","[0.0, 0.0, 0.0, 0.0, 0.0, 0.0, 0.0, 0.0, 0.0, 0.0, 0.0]",11
W1,Khuzdar,Chicken Farm Broiler (Live),"[527.72, 521.32, 547.12, 564.26, 613.19, 575.94, 515.42, 436.94, 409.81, 384.9, 507.34, 513.6]","[1, 2, 3, 4, 5, 6, 7, 8, 9, 10, 11, 12]","[-6.4, 25.8, 17.14, 48.93, -37.25, -60.52, -78.48, -27.13, -24.91, 122.44, 6.26]","[-0.012128, 0.04949, 0.031328, 0.086715, -0.060748, -0.10508, -0.152264, -0.062091, -0.060784, 0.318109, 0.012339]",11
W1,Khuzdar,Chilies Powder NATIONAL 200 gm Packet,"[215.0, 215.0, 215.0, 215.0, 215.0, 312.04, 400.0, 400.0, 400.0, 400.0, 400.0, 400.0]","[1, 2, 3, 4, 5, 6, 7, 8, 9, 10, 11, 12]","[0.0, 0.0, 0.0, 0.0, 97.04, 87.96, 0.0, 0.0, 0.0, 0.0, 0.0]","[0.0, 0.0, 0.0, 0.0, 0.451349, 0.281887, 0.0, 0.0, 0.0, 0.0, 0.0]",11
W1,Khuzdar,Cigarettes Capstan 20'S Packet,"[226.62, 226.62, 226.62, 226.62, 226.62, 228.64, 230.0, 224.94, 223.28, 223.28, 223.28, 223.28]","[1, 2, 3, 4, 5, 6, 7, 8, 9, 10, 11, 12]","[0.0, 0.0, 0.0, 0.0, 2.02, 1.36, -5.06, -1.66, 0.0, 0.0, 0.0]","[0.0, 0.0, 0.0, 0.0, 0.008914, 0.005948, -0.022, -0.00738, 0.0, 0.0, 0.0]",11
W1,Khuzdar,Cooked Beef at Average Hotel,"[293.18, 293.18, 293.18, 293.18, 293.18, 293.18, 293.18, 319.68, 319.68, 319.68, 319.68, 319.68]","[1, 2, 3, 4, 5, 6, 7, 8, 9, 10, 11, 12]","[0.0, 0.0, 0.0, 0.0, 0.0, 0.0, 26.5, 0.0, 0.0, 0.0, 0.0]","[0.0, 0.0, 0.0, 0.0, 0.0, 0.0, 0.090388, 0.0, 0.0, 0.0, 0.0]",11
W1,Khuzdar,Cooked Daal at Average Hotel,"[139.76, 139.76, 139.76, 139.76, 139.76, 139.76, 139.76, 173.07, 173.07, 173.07, 173.07, 173.07]","[1, 2, 3, 4, 5, 6, 7, 8, 9, 10, 11, 12]","[0.0, 0.0, 0.0, 0.0, 0.0, 0.0, 33.31, 0.0, 0.0, 0.0, 0.0]","[0.0, 0.0, 0.0, 0.0, 0.0, 0.0, 0.238337, 0.0, 0.0, 0.0, 0.0]",11
W1,Khuzdar,"Cooking Oil DALDA or Other Similar Brand (SN), 5 Litre Tin","[3400.0, 3400.0, 3400.0, 3400.0, 3036.8, 3000.0, 3000.0, 2949.58, 2860.26, 2750.0, 2774.89, 2762.44]","[1, 2, 3, 4, 5, 6, 7, 8, 9, 10, 11, 12]","[0.0, 0.0, 0.0, -363.2, -36.8, 0.0, -50.42, -89.32, -110.26, 24.89, -12.45]","[0.0, 0.0, 0.0, -0.106824, -0.012118, 0.0, -0.016807, -0.030282, -0.038549, 0.009051, -0.004487]",11
W1,Khuzdar,Curd (Dahi) Loose,"[189.07, 200.0, 200.0, 200.0, 200.0, 200.0, 200.0, 206.61, 206.61, 206.61, 206.61, 206.61]","[1, 2, 3, 4, 5, 6, 7, 8, 9, 10, 11, 12]","[10.93, 0.0, 0.0, 0.0, 0.0, 0.0, 6.61, 0.0, 0.0, 0.0, 0.0]","[0.057809, 0.0, 0.0, 0.0, 0.0, 0.0, 0.03305, 0.0, 0.0, 0.0, 0.0]",11
W1,Khuzdar,Eggs Hen (Farm),"[269.3, 254.95, 280.0, 273.96, 256.62, 284.46, 299.15, 296.63, 326.63, 366.25, 414.83, 359.06]","[1, 2, 3, 4, 5, 6, 7, 8, 9, 10, 11, 12]","[-14.35, 25.05, -6.04, -17.34, 27.84, 14.69, -2.52, 30.0, 39.62, 48.58, -55.77]","[-0.053286, 0.098255, -0.021571, -0.063294, 0.108487, 0.051642, -0.008424, 0.101136, 0.121299, 0.132642, -0.134441]",11
W1,Khuzdar,Electricity Charges upto 50 Units,"[6.47, 6.23, 6.15, 6.15, 6.45, 7.54, 7.57, 8.05, 7.4, 7.04, 7.31, 7.36]","[1, 2, 3, 4, 5, 6, 7, 8, 9, 10, 11, 12]","[-0.24, -0.08, 0.0, 0.3, 1.09, 0.03, 0.48, -0.65, -0.36, 0.27, 0.05]","[-0.037094, -0.012841, 0.0, 0.04878, 0.168992, 0.003979, 0.063408, -0.080745, -0.048649, 0.038352, 0.00684]",11
W1,Khuzdar,Energy Saver Philips 14 Watt,"[300.0, 300.0, 300.0, 300.0, 300.0, 300.0, 300.0, 300.0, 300.0, 300.0, 338.79, 360.69]","[1, 2, 3, 4, 5, 6, 7, 8, 9, 10, 11, 12]","[0.0, 0.0, 0.0, 0.0, 0.0, 0.0, 0.0, 0.0, 0.0, 38.79, 21.9]","[0.0, 0.0, 0.0, 0.0, 0.0, 0.0, 0.0, 0.0, 0.0, 0.1293, 0.064642]",11
W1,Khuzdar,Firewood Whole,"[1032.28, 1032.28, 1032.28, 1032.28, 1032.28, 1032.28, 1032.28, 1032.28, 1032.28, 1032.28, 1032.28, 1032.28]","[1, 2, 3, 4, 5, 6, 7, 8, 9, 10, 11, 12]","[0.0, 0.0, 0.0, 0.0, 0.0, 0.0, 0.0, 0.0, 0.0, 0.0, 0.0]","[0.0, 0.0, 0.0, 0.0, 0.0, 0.0, 0.0, 0.0, 0.0, 0.0, 0.0]",11
W1,Khuzdar,Garlic (Lehsun),"[600.0, 600.0, 400.0, 385.0, 358.55, 393.22, 410.4, 500.17, 562.96, 593.26, 593.26, 626.28]","[1, 2, 3, 4, 5, 6, 7, 8, 9, 10, 11, 12]","[0.0, -200.0, -15.0, -26.45, 34.67, 17.18, 89.77, 62.79, 30.3, 0.0, 33.02]","[0.0, -0.333333, -0.0375, -0.068701, 0.096695, 0.043691, 0.218738, 0.125537, 0.053823, 0.0, 0.055659]",11
W1,Khuzdar,Gents Sandal Bata,"[1499.0, 1499.0, 1999.0, 1999.0, 1999.0, 2055.69, 2299.0, 2299.0, 2299.0, 2299.0, 2299.0, 2299.0]","[1, 2, 3, 4, 5, 6, 7, 8, 9, 10, 11, 12]","[0.0, 500.0, 0.0, 0.0, 56.69, 243.31, 0.0, 0.0, 0.0, 0.0, 0.0]","[0.0, 0.333556, 0.0, 0.0, 0.028359, 0.118359, 0.0, 0.0, 0.0, 0.0, 0.0]",11
W1,Khuzdar,Gents Sponge Chappal Bata,"[379.0, 379.0, 599.0, 599.0, 599.0, 599.0, 599.0, 599.0, 599.0, 599.0, 599.0, 599.0]","[1, 2, 3, 4, 5, 6, 7, 8, 9, 10, 11, 12]","[0.0, 220.0, 0.0, 0.0, 0.0, 0.0, 0.0, 0.0, 0.0, 0.0, 0.0]","[0.0, 0.580475, 0.0, 0.0, 0.0, 0.0, 0.0, 0.0, 0.0, 0.0, 0.0]",11
W1,Khuzdar,Georgette (Average Quality),"[200.0, 200.0, 200.0, 200.0, 200.0, 200.0, 251.43, 256.62, 276.97, 282.31, 282.31, 282.31]","[1, 2, 3, 4, 5, 6, 7, 8, 9, 10, 11, 12]","[0.0, 0.0, 0.0, 0.0, 0.0, 51.43, 5.19, 20.35, 5.34, 0.0, 0.0]","[0.0, 0.0, 0.0, 0.0, 0.0, 0.25715, 0.020642, 0.0793, 0.01928, 0.0, 0.0]",11
W1,Khuzdar,Gur (Average Quality),"[146.59, 146.59, 167.57, 196.61, 196.61, 204.03, 236.62, 250.4, 213.93, 206.46, 206.46, 206.46]","[1, 2, 3, 4, 5, 6, 7, 8, 9, 10, 11, 12]","[0.0, 20.98, 29.04, 0.0, 7.42, 32.59, 13.78, -36.47, -7.47, 0.0, 0.0]","[0.0, 0.14312, 0.173301, 0.0, 0.03774, 0.159731, 0.058237, -0.145647, -0.034918, 0.0, 0.0]",11
W1,Khuzdar,Hi-Speed Diesel,"[288.49, 293.77, 273.38, 253.79, 257.75, 285.99, 321.2, 311.45, 300.15, 283.72, 277.05, 282.16]","[1, 2, 3, 4, 5, 6, 7, 8, 9, 10, 11, 12]","[5.28, -20.39, -19.59, 3.96, 28.24, 35.21, -9.75, -11.3, -16.43, -6.67, 5.11]","[0.018302, -0.069408, -0.071658, 0.015603, 0.109564, 0.123116, -0.030355, -0.036282, -0.054739, -0.023509, 0.018444]",11
W1,Khuzdar,LPG 11.67 kg Cylinder,"[3430.29, 3242.1, 3300.0, 2935.93, 2731.94, 3056.03, 3406.66, 3247.07, 3174.39, 3300.0, 3189.78, 3223.84]","[1, 2, 3, 4, 5, 6, 7, 8, 9, 10, 11, 12]","[-188.19, 57.9, -364.07, -203.99, 324.09, 350.63, -159.59, -72.68, 125.61, -110.22, 34.06]","[-0.054861, 0.017859, -0.110324, -0.069481, 0.11863, 0.114734, -0.046846, -0.022383, 0.03957, -0.0334, 0.010678]",11
W1,Khuzdar,Ladies Sandal Bata,"[699.0, 699.0, 799.0, 799.0, 799.0, 799.0, 799.0, 799.0, 799.0, 799.0, 799.0, 799.0]","[1, 2, 3, 4, 5, 6, 7, 8, 9, 10, 11, 12]","[0.0, 100.0, 0.0, 0.0, 0.0, 0.0, 0.0, 0.0, 0.0, 0.0, 0.0]","[0.0, 0.143062, 0.0, 0.0, 0.0, 0.0, 0.0, 0.0, 0.0, 0.0, 0.0]",11
W1,Khuzdar,Lawn Printed Gul Ahmed/Al Karam,"[353.3, 353.3, 353.3, 353.3, 353.3, 353.3, 400.0, 400.0, 400.0, 400.0, 400.0, 400.0]","[1, 2, 3, 4, 5, 6, 7, 8, 9, 10, 11, 12]","[0.0, 0.0, 0.0, 0.0, 0.0, 46.7, 0.0, 0.0, 0.0, 0.0, 0.0]","[0.0, 0.0, 0.0, 0.0, 0.0, 0.132182, 0.0, 0.0, 0.0, 0.0, 0.0]",11
W1,Khuzdar,"Long Cloth 57"" Gul Ahmed/Al Karam","[400.0, 400.0, 400.0, 400.0, 400.0, 400.0, 400.0, 400.0, 400.0, 400.0, 400.0, 400.0]","[1, 2, 3, 4, 5, 6, 7, 8, 9, 10, 11, 12]","[0.0, 0.0, 0.0, 0.0, 0.0, 0.0, 0.0, 0.0, 0.0, 0.0, 0.0]","[0.0, 0.0, 0.0, 0.0, 0.0, 0.0, 0.0, 0.0, 0.0, 0.0, 0.0]",11
W1,Khuzdar,Match Box,"[5.0, 5.0, 5.0, 5.0, 5.0, 5.0, 5.0, 5.0, 5.0, 5.0, 5.0, 5.0]","[1, 2, 3, 4, 5, 6, 7, 8, 9, 10, 11, 12]","[0.0, 0.0, 0.0, 0.0, 0.0, 0.0, 0.0, 0.0, 0.0, 0.0, 0.0]","[0.0, 0.0, 0.0, 0.0, 0.0, 0.0, 0.0, 0.0, 0.0, 0.0, 0.0]",11
W1,Khuzdar,Milk fresh (Un-boiled),"[164.59, 170.0, 176.6, 176.6, 176.6, 176.6, 180.0, 193.1, 193.1, 193.1, 193.97, 195.29]","[1, 2, 3, 4, 5, 6, 7, 8, 9, 10, 11, 12]","[5.41, 6.6, 0.0, 0.0, 0.0, 3.4, 13.1, 0.0, 0.0, 0.87, 1.32]","[0.03287, 0.038824, 0.0, 0.0, 0.0, 0.019253, 0.072778, 0.0, 0.0, 0.004505, 0.006805]",11
W1,Khuzdar,Mustard Oil (Average Quality),"[606.59, 606.59, 606.59, 604.94, 600.0, 546.65, 546.65, 546.65, 522.24, 506.58, 506.58, 506.58]","[1, 2, 3, 4, 5, 6, 7, 8, 9, 10, 11, 12]","[0.0, 0.0, -1.65, -4.94, -53.35, 0.0, 0.0, -24.41, -15.66, 0.0, 0.0]","[0.0, 0.0, -0.00272, -0.008166, -0.088917, 0.0, 0.0, -0.044654, -0.029986, 0.0, 0.0]",11
W1,Khuzdar,Mutton (Average Quality),"[1389.85, 1400.0, 1400.0, 1400.0, 1465.9, 1465.9, 1465.9, 1500.0, 1500.0, 1500.0, 1500.0, 1541.44]","[1, 2, 3, 4, 5, 6, 7, 8, 9, 10, 11, 12]","[10.15, 0.0, 0.0, 65.9, 0.0, 0.0, 34.1, 0.0, 0.0, 0.0, 41.44]","[0.007303, 0.0, 0.0, 0.047071, 0.0, 0.0, 0.023262, 0.0, 0.0, 0.0, 0.027627]",11
W1,Khuzdar,Onions,"[140.57, 101.52, 57.93, 49.08, 50.0, 50.0, 62.5, 96.55, 96.55, 152.12, 228.05, 233.84]","[1, 2, 3, 4, 5, 6, 7, 8, 9, 10, 11, 12]","[-39.05, -43.59, -8.85, 0.92, 0.0, 12.5, 34.05, 0.0, 55.57, 75.93, 5.79]","[-0.277798, -0.429374, -0.152771, 0.018745, 0.0, 0.25, 0.5448, 0.0, 0.575557, 0.499145, 0.025389]",11
W1,Khuzdar,Petrol Super,"[270.75, 277.73, 276.72, 262.79, 258.23, 284.08, 318.91, 303.58, 283.02, 275.1, 264.14, 272.36]","[1, 2, 3, 4, 5, 6, 7, 8, 9, 10, 11, 12]","[6.98, -1.01, -13.93, -4.56, 25.85, 34.83, -15.33, -20.56, -7.92, -10.96, 8.22]","[0.02578, -0.003637, -0.05034, -0.017352, 0.100105, 0.122606, -0.04807, -0.067725, -0.027984, -0.03984, 0.03112]",11
W1,Khuzdar,Potatoes,"[51.86, 68.22, 80.0, 80.0, 100.0, 100.0, 100.0, 100.0, 100.0, 89.44, 59.72, 67.31]","[1, 2, 3, 4, 5, 6, 7, 8, 9, 10, 11, 12]","[16.36, 11.78, 0.0, 20.0, 0.0, 0.0, 0.0, 0.0, -10.56, -29.72, 7.59]","[0.315465, 0.172677, 0.0, 0.25, 0.0, 0.0, 0.0, 0.0, -0.1056, -0.33229, 0.127093]",11
W1,Khuzdar,Powdered Milk NIDO 390 gm Polybag,"[680.0, 680.0, 740.0, 740.0, 740.0, 803.34, 820.0, 820.0, 820.0, 820.0, 820.0, 824.97]","[1, 2, 3, 4, 5, 6, 7, 8, 9, 10, 11, 12]","[0.0, 60.0, 0.0, 0.0, 63.34, 16.66, 0.0, 0.0, 0.0, 0.0, 4.97]","[0.0, 0.088235, 0.0, 0.0, 0.085595, 0.020738, 0.0, 0.0, 0.0, 0.0, 0.006061]",11
W1,Khuzdar,Pulse Gram,"[273.29, 273.29, 273.29, 273.29, 273.29, 273.29, 276.63, 262.05, 243.29, 256.62, 276.63, 276.63]","[1, 2, 3, 4, 5, 6, 7, 8, 9, 10, 11, 12]","[0.0, 0.0, 0.0, 0.0, 0.0, 3.34, -14.58, -18.76, 13.33, 20.01, 0.0]","[0.0, 0.0, 0.0, 0.0, 0.0, 0.012221, -0.052706, -0.071589, 0.054791, 0.077975, 0.0]",11
W1,Khuzdar,Pulse Mash (Washed),"[280.0, 280.0, 280.0, 289.83, 300.0, 363.98, 393.31, 383.13, 373.21, 373.21, 465.42, 492.57]","[1, 2, 3, 4, 5, 6, 7, 8, 9, 10, 11, 12]","[0.0, 0.0, 9.83, 10.17, 63.98, 29.33, -10.18, -9.92, 0.0, 92.21, 27.15]","[0.0, 0.0, 0.035107, 0.03509, 0.213267, 0.080581, -0.025883, -0.025892, 0.0, 0.247073, 0.058334]",11
W1,Khuzdar,Pulse Masoor (Washed),"[296.63, 296.63, 296.63, 296.63, 296.63, 296.63, 346.63, 334.76, 327.26, 333.3, 351.53, 340.72]","[1, 2, 3, 4, 5, 6, 7, 8, 9, 10, 11, 12]","[0.0, 0.0, 0.0, 0.0, 0.0, 50.0, -11.87, -7.5, 6.04, 18.23, -10.81]","[0.0, 0.0, 0.0, 0.0, 0.0, 0.16856, -0.034244, -0.022404, 0.018456, 0.054695, -0.030751]",11
W1,Khuzdar,Pulse Moong (Washed),"[313.19, 313.19, 313.19, 313.19, 313.19, 313.19, 313.19, 306.52, 305.21, 313.19, 326.63, 324.97]","[1, 2, 3, 4, 5, 6, 7, 8, 9, 10, 11, 12]","[0.0, 0.0, 0.0, 0.0, 0.0, 0.0, -6.67, -1.31, 7.98, 13.44, -1.66]","[0.0, 0.0, 0.0, 0.0, 0.0, 0.0, -0.021297, -0.004274, 0.026146, 0.042913, -0.005082]",11
W1,Khuzdar,Rice Basmati Broken (Average Quality),"[157.22, 160.0, 160.0, 160.0, 174.11, 203.94, 236.62, 229.85, 223.28, 223.28, 223.28, 234.85]","[1, 2, 3, 4, 5, 6, 7, 8, 9, 10, 11, 12]","[2.78, 0.0, 0.0, 14.11, 29.83, 32.68, -6.77, -6.57, 0.0, 0.0, 11.57]","[0.017682, 0.0, 0.0, 0.088188, 0.171328, 0.160243, -0.028611, -0.028584, 0.0, 0.0, 0.051818]",11
W1,Khuzdar,Rice IRRI-6/9 (Sindh/Punjab),"[136.58, 136.58, 139.02, 146.59, 156.28, 166.6, 176.6, 164.34, 143.26, 148.29, 150.0, 155.35]","[1, 2, 3, 4, 5, 6, 7, 8, 9, 10, 11, 12]","[0.0, 2.44, 7.57, 9.69, 10.32, 10.0, -12.26, -21.08, 5.03, 1.71, 5.35]","[0.0, 0.017865, 0.054453, 0.066103, 0.066035, 0.060024, -0.069422, -0.128271, 0.035111, 0.011531, 0.035667]",11
W1,Khuzdar,Salt Powdered (NATIONAL/SHAN) 800 gm Packet,"[50.0, 50.0, 50.0, 52.44, 55.0, 58.96, 60.0, 63.16, 66.49, 66.49, 66.49, 66.49]","[1, 2, 3, 4, 5, 6, 7, 8, 9, 10, 11, 12]","[0.0, 0.0, 2.44, 2.56, 3.96, 1.04, 3.16, 3.33, 0.0, 0.0, 0.0]","[0.0, 0.0, 0.0488, 0.048818, 0.072, 0.017639, 0.052667, 0.052723, 0.0, 0.0, 0.0]",11
W1,Khuzdar,Shirting (Average Quality),"[200.0, 200.0, 200.0, 200.0, 209.76, 241.22, 265.66, 265.66, 287.46, 293.18, 293.18, 293.18]","[1, 2, 3, 4, 5, 6, 7, 8, 9, 10, 11, 12]","[0.0, 0.0, 0.0, 9.76, 31.46, 24.44, 0.0, 21.8, 5.72, 0.0, 0.0]","[0.0, 0.0, 0.0, 0.0488, 0.149981, 0.101318, 0.0, 0.08206, 0.019898, 0.0, 0.0]",11
W1,Khuzdar,Sufi Washing Soap 250 gm Cake,"[100.0, 100.0, 100.0, 111.8, 125.0, 125.0, 125.0, 125.0, 125.0, 125.0, 125.0, 125.0]","[1, 2, 3, 4, 5, 6, 7, 8, 9, 10, 11, 12]","[0.0, 0.0, 11.8, 13.2, 0.0, 0.0, 0.0, 0.0, 0.0, 0.0, 0.0]","[0.0, 0.0, 0.118, 0.118068, 0.0, 0.0, 0.0, 0.0, 0.0, 0.0, 0.0]",11
W1,Khuzdar,Sugar Refined,"[103.94, 122.66, 125.6, 126.23, 144.37, 157.49, 167.73, 154.13, 142.1, 138.61, 143.5, 144.4]","[1, 2, 3, 4, 5, 6, 7, 8, 9, 10, 11, 12]","[18.72, 2.94, 0.63, 18.14, 13.12, 10.24, -13.6, -12.03, -3.49, 4.89, 0.9]","[0.180104, 0.023969, 0.005016, 0.143706, 0.090878, 0.06502, -0.081083, -0.078051, -0.02456, 0.035279, 0.006272]",11
W1,Khuzdar,Tea Lipton Yellow Label 190 gm Packet,"[413.52, 413.52, 480.71, 558.82, 558.82, 558.82, 558.82, 558.82, 558.82, 558.82, 558.82, 558.82]","[1, 2, 3, 4, 5, 6, 7, 8, 9, 10, 11, 12]","[0.0, 67.19, 78.11, 0.0, 0.0, 0.0, 0.0, 0.0, 0.0, 0.0, 0.0]","[0.0, 0.162483, 0.162489, 0.0, 0.0, 0.0, 0.0, 0.0, 0.0, 0.0, 0.0]",11
W1,Khuzdar,Tea Prepared Ordinary,"[50.0, 50.0, 50.0, 50.0, 50.0, 50.0, 50.0, 50.0, 50.0, 50.0, 50.0, 50.0]","[1, 2, 3, 4, 5, 6, 7, 8, 9, 10, 11, 12]","[0.0, 0.0, 0.0, 0.0, 0.0, 0.0, 0.0, 0.0, 0.0, 0.0, 0.0]","[0.0, 0.0, 0.0, 0.0, 0.0, 0.0, 0.0, 0.0, 0.0, 0.0, 0.0]",11
W1,Khuzdar,Telephone Call Charges,"[1.79, 1.79, 1.79, 1.79, 1.79, 1.79, 1.79, 1.79, 1.79, 1.79, 1.79, 1.79]","[1, 2, 3, 4, 5, 6, 7, 8, 9, 10, 11, 12]","[0.0, 0.0, 0.0, 0.0, 0.0, 0.0, 0.0, 0.0, 0.0, 0.0, 0.0]","[0.0, 0.0, 0.0, 0.0, 0.0, 0.0, 0.0, 0.0, 0.0, 0.0, 0.0]",11
W1,Khuzdar,Toilet Soap LIFEBUOY 115 gm,"[88.3, 88.3, 88.3, 88.3, 88.3, 96.85, 103.0, 103.0, 103.0, 103.0, 103.0, 103.0]","[1, 2, 3, 4, 5, 6, 7, 8, 9, 10, 11, 12]","[0.0, 0.0, 0.0, 0.0, 8.55, 6.15, 0.0, 0.0, 0.0, 0.0, 0.0]","[0.0, 0.0, 0.0, 0.0, 0.096829, 0.0635, 0.0, 0.0, 0.0, 0.0, 0.0]",11
W1,Khuzdar,Tomatoes,"[55.29, 46.42, 47.52, 47.88, 59.44, 114.0, 100.0, 106.02, 167.77, 118.42, 138.26, 130.64]","[1, 2, 3, 4, 5, 6, 7, 8, 9, 10, 11, 12]","[-8.87, 1.1, 0.36, 11.56, 54.56, -14.0, 6.02, 61.75, -49.35, 19.84, -7.62]","[-0.160427, 0.023697, 0.007576, 0.241437, 0.9179, -0.122807, 0.0602, 0.582437, -0.294153, 0.167539, -0.055114]",11
W1,Khuzdar,Vegetable Ghee DALDA/HABIB 2.5 kg Tin,"[1570.0, 1570.0, 1570.0, 1570.0, 1418.71, 1400.0, 1400.0, 1374.77, 1326.41, 1280.0, 1289.96, 1294.98]","[1, 2, 3, 4, 5, 6, 7, 8, 9, 10, 11, 12]","[0.0, 0.0, 0.0, -151.29, -18.71, 0.0, -25.23, -48.36, -46.41, 9.96, 5.02]","[0.0, 0.0, 0.0, -0.096363, -0.013188, 0.0, -0.018021, -0.035177, -0.034989, 0.007781, 0.003892]",11
W1,Khuzdar,Vegetable Ghee DALDA/HABIB or Other Superior Quality 1 kg Pouch,"[625.0, 625.0, 625.0, 609.82, 565.72, 555.0, 555.0, 547.45, 529.73, 510.0, 514.98, 512.49]","[1, 2, 3, 4, 5, 6, 7, 8, 9, 10, 11, 12]","[0.0, 0.0, -15.18, -44.1, -10.72, 0.0, -7.55, -17.72, -19.73, 4.98, -2.49]","[0.0, 0.0, -0.024288, -0.072316, -0.018949, 0.0, -0.013604, -0.032368, -0.037245, 0.009765, -0.004835]",11
W1,Khuzdar,Wheat Flour Bag,"[2820.74, 2812.42, 2800.0, 2624.88, 2821.9, 2945.23, 2931.54, 2845.51, 2821.52, 2875.8, 2879.97, 2788.18]","[1, 2, 3, 4, 5, 6, 7, 8, 9, 10, 11, 12]","[-8.32, -12.42, -175.12, 197.02, 123.33, -13.69, -86.03, -23.99, 54.28, 4.17, -91.79]","[-0.00295, -0.004416, -0.062543, 0.075059, 0.043705, -0.004648, -0.029346, -0.008431, 0.019238, 0.00145, -0.031872]",11
W1,Lahore,Bananas (Kela) Local,"[206.56, 234.36, 253.61, 184.24, 120.8, 127.41, 132.49, 125.08, 98.78, 108.17, 117.42, 148.23]","[1, 2, 3, 4, 5, 6, 7, 8, 9, 10, 11, 12]","[27.8, 19.25, -69.37, -63.44, 6.61, 5.08, -7.41, -26.3, 9.39, 9.25, 30.81]","[0.134586, 0.082139, -0.27353, -0.344333, 0.054719, 0.039871, -0.055929, -0.210265, 0.09506, 0.085514, 0.262391]",11
W1,Lahore,Beef with Bone (Average Quality),"[744.15, 792.21, 836.97, 836.97, 836.97, 855.54, 868.14, 868.14, 868.14, 868.14, 868.14, 868.14]","[1, 2, 3, 4, 5, 6, 7, 8, 9, 10, 11, 12]","[48.06, 44.76, 0.0, 0.0, 18.57, 12.6, 0.0, 0.0, 0.0, 0.0, 0.0]","[0.064584, 0.0565, 0.0, 0.0, 0.022187, 0.014728, 0.0, 0.0, 0.0, 0.0, 0.0]",11
W1,Lahore,Bread plain (Small Size),"[100.0, 104.88, 110.0, 110.0, 110.0, 110.0, 117.42, 120.0, 120.0, 120.0, 120.0, 116.46]","[1, 2, 3, 4, 5, 6, 7, 8, 9, 10, 11, 12]","[4.88, 5.12, 0.0, 0.0, 0.0, 7.42, 2.58, 0.0, 0.0, 0.0, -3.54]","[0.0488, 0.048818, 0.0, 0.0, 0.0, 0.067455, 0.021972, 0.0, 0.0, 0.0, -0.0295]",11
W1,Lahore,Chicken Farm Broiler (Live),"[365.27, 349.46, 403.22, 424.1, 394.24, 382.84, 349.03, 312.7, 331.09, 325.91, 415.22, 410.29]","[1, 2, 3, 4, 5, 6, 7, 8, 9, 10, 11, 12]","[-15.81, 53.76, 20.88, -29.86, -11.4, -33.81, -36.33, 18.39, -5.18, 89.31, -4.93]","[-0.043283, 0.153837, 0.051783, -0.070408, -0.028916, -0.088314, -0.104088, 0.05881, -0.015645, 0.274033, -0.011873]",11
W1,Lahore,Chilies Powder NATIONAL 200 gm Packet,"[215.0, 215.0, 215.0, 215.0, 293.26, 400.0, 400.0, 400.0, 400.0, 400.0, 400.0, 400.0]","[1, 2, 3, 4, 5, 6, 7, 8, 9, 10, 11, 12]","[0.0, 0.0, 0.0, 78.26, 106.74, 0.0, 0.0, 0.0, 0.0, 0.0, 0.0]","[0.0, 0.0, 0.0, 0.364, 0.363977, 0.0, 0.0, 0.0, 0.0, 0.0, 0.0]",11
W1,Lahore,Cigarettes Capstan 20'S Packet,"[220.0, 220.0, 220.0, 220.0, 220.0, 220.0, 220.0, 220.0, 220.0, 220.0, 220.0, 220.0]","[1, 2, 3, 4, 5, 6, 7, 8, 9, 10, 11, 12]","[0.0, 0.0, 0.0, 0.0, 0.0, 0.0, 0.0, 0.0, 0.0, 0.0, 0.0]","[0.0, 0.0, 0.0, 0.0, 0.0, 0.0, 0.0, 0.0, 0.0, 0.0, 0.0]",11
W1,Lahore,Cooked Beef at Average Hotel,"[202.76, 202.76, 215.25, 215.25, 215.25, 216.75, 217.75, 217.75, 217.75, 217.75, 217.75, 217.75]","[1, 2, 3, 4, 5, 6, 7, 8, 9, 10, 11, 12]","[0.0, 12.49, 0.0, 0.0, 1.5, 1.0, 0.0, 0.0, 0.0, 0.0, 0.0]","[0.0, 0.0616, 0.0, 0.0, 0.006969, 0.004614, 0.0, 0.0, 0.0, 0.0, 0.0]",11
W1,Lahore,Cooked Daal at Average Hotel,"[113.24, 113.24, 132.28, 132.28, 132.28, 132.64, 133.18, 133.18, 133.18, 133.18, 133.18, 133.18]","[1, 2, 3, 4, 5, 6, 7, 8, 9, 10, 11, 12]","[0.0, 19.04, 0.0, 0.0, 0.36, 0.54, 0.0, 0.0, 0.0, 0.0, 0.0]","[0.0, 0.168138, 0.0, 0.0, 0.002721, 0.004071, 0.0, 0.0, 0.0, 0.0, 0.0]",11
W1,Lahore,"Cooking Oil DALDA or Other Similar Brand (SN), 5 Litre Tin","[3349.64, 3290.0, 3290.0, 3240.0, 3190.0, 3105.47, 2984.9, 2960.0, 2835.0, 2835.0, 2767.23, 2707.07]","[1, 2, 3, 4, 5, 6, 7, 8, 9, 10, 11, 12]","[-59.64, 0.0, -50.0, -50.0, -84.53, -120.57, -24.9, -125.0, 0.0, -67.77, -60.16]","[-0.017805, 0.0, -0.015198, -0.015432, -0.026498, -0.038825, -0.008342, -0.04223, 0.0, -0.023905, -0.02174]",11
W1,Lahore,Curd (Dahi) Loose,"[165.94, 168.56, 170.93, 175.74, 178.35, 184.13, 184.97, 185.67, 185.9, 185.9, 185.9, 185.9]","[1, 2, 3, 4, 5, 6, 7, 8, 9, 10, 11, 12]","[2.62, 2.37, 4.81, 2.61, 5.78, 0.84, 0.7, 0.23, 0.0, 0.0, 0.0]","[0.015789, 0.01406, 0.02814, 0.014851, 0.032408, 0.004562, 0.003784, 0.001239, 0.0, 0.0, 0.0]",11
W1,Lahore,Eggs Hen (Farm),"[237.98, 267.45, 280.91, 248.89, 252.46, 290.71, 292.17, 312.86, 330.4, 351.31, 399.26, 332.44]","[1, 2, 3, 4, 5, 6, 7, 8, 9, 10, 11, 12]","[29.47, 13.46, -32.02, 3.57, 38.25, 1.46, 20.69, 17.54, 20.91, 47.95, -66.82]","[0.123834, 0.050327, -0.113987, 0.014344, 0.151509, 0.005022, 0.070815, 0.056063, 0.063287, 0.136489, -0.16736]",11
W1,Lahore,Electricity Charges upto 50 Units,"[6.47, 6.23, 6.15, 6.15, 6.45, 7.54, 7.57, 8.05, 7.4, 7.04, 7.31, 7.36]","[1, 2, 3, 4, 5, 6, 7, 8, 9, 10, 11, 12]","[-0.24, -0.08, 0.0, 0.3, 1.09, 0.03, 0.48, -0.65, -0.36, 0.27, 0.05]","[-0.037094, -0.012841, 0.0, 0.04878, 0.168992, 0.003979, 0.063408, -0.080745, -0.048649, 0.038352, 0.00684]",11
W1,Lahore,Energy Saver Philips 14 Watt,"[210.0, 210.0, 210.0, 210.0, 210.0, 210.0, 210.0, 210.0, 210.0, 350.0, 374.17, 437.08]","[1, 2, 3, 4, 5, 6, 7, 8, 9, 10, 11, 12]","[0.0, 0.0, 0.0, 0.0, 0.0, 0.0, 0.0, 0.0, 140.0, 24.17, 62.91]","[0.0, 0.0, 0.0, 0.0, 0.0, 0.0, 0.0, 0.0, 0.666667, 0.069057, 0.168132]",11
W1,Lahore,Firewood Whole,"[1336.09, 1336.09, 1336.09, 1336.09, 1336.09, 1527.92, 1527.92, 1527.92, 1532.62, 1587.95, 1587.95, 1587.95]","[1, 2, 3, 4, 5, 6, 7, 8, 9, 10, 11, 12]","[0.0, 0.0, 0.0, 0.0, 191.83, 0.0, 0.0, 4.7, 55.33, 0.0, 0.0]","[0.0, 0.0, 0.0, 0.0, 0.143576, 0.0, 0.0, 0.003076, 0.036102, 0.0, 0.0]",11
W1,Lahore,Garlic (Lehsun),"[339.92, 275.01, 262.17, 270.4, 307.06, 379.23, 436.62, 527.87, 516.61, 525.86, 532.71, 540.95]","[1, 2, 3, 4, 5, 6, 7, 8, 9, 10, 11, 12]","[-64.91, -12.84, 8.23, 36.66, 72.17, 57.39, 91.25, -11.26, 9.25, 6.85, 8.24]","[-0.190957, -0.046689, 0.031392, 0.135577, 0.235035, 0.151333, 0.208992, -0.021331, 0.017905, 0.013026, 0.015468]",11
W1,Lahore,Gas Charges upto 3.3719 MMBTU,"[295.0, 295.0, 295.0, 295.0, 295.0, 295.0, 295.0, 295.0, 846.99, 1711.0, 1711.0, 1843.75]","[1, 2, 3, 4, 5, 6, 7, 8, 9, 10, 11, 12]","[0.0, 0.0, 0.0, 0.0, 0.0, 0.0, 0.0, 551.99, 864.01, 0.0, 132.75]","[0.0, 0.0, 0.0, 0.0, 0.0, 0.0, 0.0, 1.871153, 1.020095, 0.0, 0.077586]",11
W1,Lahore,Gents Sandal Bata,"[1499.0, 1499.0, 1999.0, 1999.0, 1999.0, 2055.69, 2299.0, 2299.0, 2299.0, 2299.0, 2299.0, 2299.0]","[1, 2, 3, 4, 5, 6, 7, 8, 9, 10, 11, 12]","[0.0, 500.0, 0.0, 0.0, 56.69, 243.31, 0.0, 0.0, 0.0, 0.0, 0.0]","[0.0, 0.333556, 0.0, 0.0, 0.028359, 0.118359, 0.0, 0.0, 0.0, 0.0, 0.0]",11
W1,Lahore,Gents Sponge Chappal Bata,"[379.0, 379.0, 599.0, 599.0, 599.0, 599.0, 599.0, 599.0, 599.0, 599.0, 599.0, 599.0]","[1, 2, 3, 4, 5, 6, 7, 8, 9, 10, 11, 12]","[0.0, 220.0, 0.0, 0.0, 0.0, 0.0, 0.0, 0.0, 0.0, 0.0, 0.0]","[0.0, 0.580475, 0.0, 0.0, 0.0, 0.0, 0.0, 0.0, 0.0, 0.0, 0.0]",11
W1,Lahore,Georgette (Average Quality),"[286.28, 315.58, 315.58, 315.58, 315.58, 315.58, 315.58, 315.58, 315.58, 315.58, 315.58, 315.58]","[1, 2, 3, 4, 5, 6, 7, 8, 9, 10, 11, 12]","[29.3, 0.0, 0.0, 0.0, 0.0, 0.0, 0.0, 0.0, 0.0, 0.0, 0.0]","[0.102347, 0.0, 0.0, 0.0, 0.0, 0.0, 0.0, 0.0, 0.0, 0.0, 0.0]",11
W1,Lahore,Gur (Average Quality),"[146.13, 166.44, 172.8, 177.96, 199.38, 229.48, 243.68, 231.73, 201.84, 201.84, 213.87, 210.95]","[1, 2, 3, 4, 5, 6, 7, 8, 9, 10, 11, 12]","[20.31, 6.36, 5.16, 21.42, 30.1, 14.2, -11.95, -29.89, 0.0, 12.03, -2.92]","[0.138986, 0.038212, 0.029861, 0.120364, 0.150968, 0.061879, -0.04904, -0.128986, 0.0, 0.059602, -0.013653]",11
W1,Lahore,Hi-Speed Diesel,"[288.51, 293.8, 273.38, 253.78, 257.76, 285.99, 321.2, 311.45, 300.15, 283.72, 277.05, 282.15]","[1, 2, 3, 4, 5, 6, 7, 8, 9, 10, 11, 12]","[5.29, -20.42, -19.6, 3.98, 28.23, 35.21, -9.75, -11.3, -16.43, -6.67, 5.1]","[0.018336, -0.069503, -0.071695, 0.015683, 0.10952, 0.123116, -0.030355, -0.036282, -0.054739, -0.023509, 0.018408]",11
W1,Lahore,LPG 11.67 kg Cylinder,"[3253.74, 3278.04, 3242.95, 2668.17, 2461.58, 2879.78, 3150.9, 3238.03, 3149.17, 3267.6, 3432.44, 3450.95]","[1, 2, 3, 4, 5, 6, 7, 8, 9, 10, 11, 12]","[24.3, -35.09, -574.78, -206.59, 418.2, 271.12, 87.13, -88.86, 118.43, 164.84, 18.51]","[0.007468, -0.010705, -0.17724, -0.077428, 0.169891, 0.094146, 0.027652, -0.027443, 0.037607, 0.050447, 0.005393]",11
W1,Lahore,Ladies Sandal Bata,"[699.0, 699.0, 799.0, 799.0, 799.0, 799.0, 799.0, 799.0, 799.0, 799.0, 799.0, 799.0]","[1, 2, 3, 4, 5, 6, 7, 8, 9, 10, 11, 12]","[0.0, 100.0, 0.0, 0.0, 0.0, 0.0, 0.0, 0.0, 0.0, 0.0, 0.0]","[0.0, 0.143062, 0.0, 0.0, 0.0, 0.0, 0.0, 0.0, 0.0, 0.0, 0.0]",11
W1,Lahore,Lawn Printed Gul Ahmed/Al Karam,"[544.07, 669.96, 669.96, 669.96, 669.96, 669.96, 669.96, 669.96, 669.96, 669.96, 669.96, 669.96]","[1, 2, 3, 4, 5, 6, 7, 8, 9, 10, 11, 12]","[125.89, 0.0, 0.0, 0.0, 0.0, 0.0, 0.0, 0.0, 0.0, 0.0, 0.0]","[0.231386, 0.0, 0.0, 0.0, 0.0, 0.0, 0.0, 0.0, 0.0, 0.0, 0.0]",11
W1,Lahore,"Long Cloth 57"" Gul Ahmed/Al Karam","[511.25, 550.19, 550.19, 550.19, 550.19, 550.19, 550.19, 550.19, 550.19, 550.19, 550.19, 550.19]","[1, 2, 3, 4, 5, 6, 7, 8, 9, 10, 11, 12]","[38.94, 0.0, 0.0, 0.0, 0.0, 0.0, 0.0, 0.0, 0.0, 0.0, 0.0]","[0.076166, 0.0, 0.0, 0.0, 0.0, 0.0, 0.0, 0.0, 0.0, 0.0, 0.0]",11
W1,Lahore,Match Box,"[5.5, 5.5, 6.0, 6.0, 6.0, 6.0, 6.16, 6.32, 6.32, 6.32, 6.32, 6.32]","[1, 2, 3, 4, 5, 6, 7, 8, 9, 10, 11, 12]","[0.0, 0.5, 0.0, 0.0, 0.0, 0.16, 0.16, 0.0, 0.0, 0.0, 0.0]","[0.0, 0.090909, 0.0, 0.0, 0.0, 0.026667, 0.025974, 0.0, 0.0, 0.0, 0.0]",11
W1,Lahore,Milk fresh (Un-boiled),"[141.06, 142.12, 143.88, 147.86, 148.58, 152.58, 157.02, 158.11, 160.93, 160.93, 160.93, 160.93]","[1, 2, 3, 4, 5, 6, 7, 8, 9, 10, 11, 12]","[1.06, 1.76, 3.98, 0.72, 4.0, 4.44, 1.09, 2.82, 0.0, 0.0, 0.0]","[0.007515, 0.012384, 0.027662, 0.004869, 0.026922, 0.029099, 0.006942, 0.017836, 0.0, 0.0, 0.0]",11
W1,Lahore,Mustard Oil (Average Quality),"[586.1, 586.1, 586.1, 580.84, 551.92, 519.82, 518.96, 505.33, 500.87, 500.87, 500.87, 491.56]","[1, 2, 3, 4, 5, 6, 7, 8, 9, 10, 11, 12]","[0.0, 0.0, -5.26, -28.92, -32.1, -0.86, -13.63, -4.46, 0.0, 0.0, -9.31]","[0.0, 0.0, -0.008975, -0.04979, -0.058161, -0.001654, -0.026264, -0.008826, 0.0, 0.0, -0.018588]",11
W1,Lahore,Mutton (Average Quality),"[1770.77, 1825.89, 1942.04, 1942.04, 1942.04, 1995.99, 2032.79, 2032.79, 2032.79, 2032.79, 2032.79, 2070.07]","[1, 2, 3, 4, 5, 6, 7, 8, 9, 10, 11, 12]","[55.12, 116.15, 0.0, 0.0, 53.95, 36.8, 0.0, 0.0, 0.0, 0.0, 37.28]","[0.031128, 0.063613, 0.0, 0.0, 0.02778, 0.018437, 0.0, 0.0, 0.0, 0.0, 0.018339]",11
W1,Lahore,Onions,"[139.46, 81.37, 57.29, 73.58, 64.25, 69.04, 93.15, 115.46, 140.09, 183.24, 234.63, 231.4]","[1, 2, 3, 4, 5, 6, 7, 8, 9, 10, 11, 12]","[-58.09, -24.08, 16.29, -9.33, 4.79, 24.11, 22.31, 24.63, 43.15, 51.39, -3.23]","[-0.416535, -0.295932, 0.284343, -0.126801, 0.074553, 0.349218, 0.239506, 0.213321, 0.308016, 0.280452, -0.013766]",11
W1,Lahore,Petrol Super,"[270.79, 277.75, 276.72, 262.78, 258.22, 284.07, 318.91, 303.58, 283.02, 275.1, 264.14, 272.36]","[1, 2, 3, 4, 5, 6, 7, 8, 9, 10, 11, 12]","[6.96, -1.03, -13.94, -4.56, 25.85, 34.84, -15.33, -20.56, -7.92, -10.96, 8.22]","[0.025703, -0.003708, -0.050376, -0.017353, 0.100108, 0.122646, -0.04807, -0.067725, -0.027984, -0.03984, 0.03112]",11
W1,Lahore,Potatoes,"[57.05, 70.17, 79.8, 85.59, 97.03, 96.16, 96.07, 104.9, 130.28, 83.52, 63.6, 66.67]","[1, 2, 3, 4, 5, 6, 7, 8, 9, 10, 11, 12]","[13.12, 9.63, 5.79, 11.44, -0.87, -0.09, 8.83, 25.38, -46.76, -19.92, 3.07]","[0.229974, 0.137238, 0.072556, 0.13366, -0.008966, -0.000936, 0.091912, 0.241945, -0.358919, -0.238506, 0.04827]",11
W1,Lahore,Powdered Milk NIDO 390 gm Polybag,"[680.0, 680.0, 694.53, 740.0, 740.0, 820.0, 820.0, 820.0, 820.0, 820.0, 820.0, 820.0]","[1, 2, 3, 4, 5, 6, 7, 8, 9, 10, 11, 12]","[0.0, 14.53, 45.47, 0.0, 80.0, 0.0, 0.0, 0.0, 0.0, 0.0, 0.0]","[0.0, 0.021368, 0.065469, 0.0, 0.108108, 0.0, 0.0, 0.0, 0.0, 0.0, 0.0]",11
W1,Lahore,Pulse Gram,"[246.76, 236.58, 236.58, 229.4, 217.93, 222.42, 226.58, 218.8, 207.45, 221.91, 248.85, 249.88]","[1, 2, 3, 4, 5, 6, 7, 8, 9, 10, 11, 12]","[-10.18, 0.0, -7.18, -11.47, 4.49, 4.16, -7.78, -11.35, 14.46, 26.94, 1.03]","[-0.041255, 0.0, -0.030349, -0.05, 0.020603, 0.018703, -0.034337, -0.051874, 0.069704, 0.121401, 0.004139]",11
W1,Lahore,Pulse Mash (Washed),"[422.35, 422.35, 443.59, 460.36, 489.9, 516.39, 549.47, 563.95, 535.21, 535.21, 535.21, 558.71]","[1, 2, 3, 4, 5, 6, 7, 8, 9, 10, 11, 12]","[0.0, 21.24, 16.77, 29.54, 26.49, 33.08, 14.48, -28.74, 0.0, 0.0, 23.5]","[0.0, 0.05029, 0.037805, 0.064167, 0.054072, 0.06406, 0.026353, -0.050962, 0.0, 0.0, 0.043908]",11
W1,Lahore,Pulse Masoor (Washed),"[259.0, 259.0, 268.79, 278.96, 278.96, 287.24, 317.82, 322.22, 312.42, 327.14, 329.43, 335.15]","[1, 2, 3, 4, 5, 6, 7, 8, 9, 10, 11, 12]","[0.0, 9.79, 10.17, 0.0, 8.28, 30.58, 4.4, -9.8, 14.72, 2.29, 5.72]","[0.0, 0.037799, 0.037836, 0.0, 0.029682, 0.106461, 0.013844, -0.030414, 0.047116, 0.007, 0.017363]",11
W1,Lahore,Pulse Moong (Washed),"[263.7, 263.7, 267.03, 270.4, 270.4, 270.4, 270.4, 270.4, 270.4, 270.4, 270.4, 279.89]","[1, 2, 3, 4, 5, 6, 7, 8, 9, 10, 11, 12]","[0.0, 3.33, 3.37, 0.0, 0.0, 0.0, 0.0, 0.0, 0.0, 0.0, 9.49]","[0.0, 0.012628, 0.01262, 0.0, 0.0, 0.0, 0.0, 0.0, 0.0, 0.0, 0.035096]",11
W1,Lahore,Rice Basmati Broken (Average Quality),"[200.57, 208.61, 208.84, 217.04, 231.34, 233.36, 234.71, 234.71, 234.71, 226.77, 233.98, 233.98]","[1, 2, 3, 4, 5, 6, 7, 8, 9, 10, 11, 12]","[8.04, 0.23, 8.2, 14.3, 2.02, 1.35, 0.0, 0.0, -7.94, 7.21, 0.0]","[0.040086, 0.001103, 0.039265, 0.065886, 0.008732, 0.005785, 0.0, 0.0, -0.033829, 0.031794, 0.0]",11
W1,Lahore,Salt Powdered (NATIONAL/SHAN) 800 gm Packet,"[50.0, 50.0, 52.33, 53.13, 56.46, 60.0, 60.0, 60.0, 65.81, 70.0, 70.0, 70.0]","[1, 2, 3, 4, 5, 6, 7, 8, 9, 10, 11, 12]","[0.0, 2.33, 0.8, 3.33, 3.54, 0.0, 0.0, 5.81, 4.19, 0.0, 0.0]","[0.0, 0.0466, 0.015288, 0.062676, 0.062699, 0.0, 0.0, 0.096833, 0.063668, 0.0, 0.0]",11
W1,Lahore,Shirting (Average Quality),"[305.03, 361.63, 361.63, 361.63, 369.85, 378.25, 378.25, 378.25, 378.25, 378.25, 378.25, 378.25]","[1, 2, 3, 4, 5, 6, 7, 8, 9, 10, 11, 12]","[56.6, 0.0, 0.0, 8.22, 8.4, 0.0, 0.0, 0.0, 0.0, 0.0, 0.0]","[0.185556, 0.0, 0.0, 0.02273, 0.022712, 0.0, 0.0, 0.0, 0.0, 0.0, 0.0]",11
W1,Lahore,Sufi Washing Soap 250 gm Cake,"[120.98, 125.0, 125.0, 125.0, 125.0, 127.98, 130.0, 130.0, 130.0, 130.0, 130.0, 130.0]","[1, 2, 3, 4, 5, 6, 7, 8, 9, 10, 11, 12]","[4.02, 0.0, 0.0, 0.0, 2.98, 2.02, 0.0, 0.0, 0.0, 0.0, 0.0]","[0.033229, 0.0, 0.0, 0.0, 0.02384, 0.015784, 0.0, 0.0, 0.0, 0.0, 0.0]",11
W1,Lahore,Sugar Refined,"[104.92, 123.15, 118.9, 122.18, 139.67, 154.14, 168.26, 152.51, 140.96, 143.22, 146.98, 146.4]","[1, 2, 3, 4, 5, 6, 7, 8, 9, 10, 11, 12]","[18.23, -4.25, 3.28, 17.49, 14.47, 14.12, -15.75, -11.55, 2.26, 3.76, -0.58]","[0.173751, -0.034511, 0.027586, 0.143149, 0.103601, 0.091605, -0.093605, -0.075733, 0.016033, 0.026253, -0.003946]",11
W1,Lahore,Tea Lipton Yellow Label 190 gm Packet,"[526.16, 558.82, 558.82, 558.82, 558.82, 558.82, 550.78, 542.86, 647.91, 542.85, 542.85, 542.85]","[1, 2, 3, 4, 5, 6, 7, 8, 9, 10, 11, 12]","[32.66, 0.0, 0.0, 0.0, 0.0, -8.04, -7.92, 105.05, -105.06, 0.0, 0.0]","[0.062072, 0.0, 0.0, 0.0, 0.0, -0.014387, -0.01438, 0.193512, -0.162152, 0.0, 0.0]",11
W1,Lahore,Tea Prepared Ordinary,"[42.18, 42.18, 42.18, 45.32, 46.42, 48.23, 49.47, 49.47, 49.47, 49.47, 49.47, 53.21]","[1, 2, 3, 4, 5, 6, 7, 8, 9, 10, 11, 12]","[0.0, 0.0, 3.14, 1.1, 1.81, 1.24, 0.0, 0.0, 0.0, 0.0, 3.74]","[0.0, 0.0, 0.074443, 0.024272, 0.038992, 0.02571, 0.0, 0.0, 0.0, 0.0, 0.075601]",11
W1,Lahore,Telephone Call Charges,"[1.79, 1.79, 1.79, 1.79, 1.79, 1.79, 1.79, 1.79, 1.79, 1.79, 1.79, 1.79]","[1, 2, 3, 4, 5, 6, 7, 8, 9, 10, 11, 12]","[0.0, 0.0, 0.0, 0.0, 0.0, 0.0, 0.0, 0.0, 0.0, 0.0, 0.0]","[0.0, 0.0, 0.0, 0.0, 0.0, 0.0, 0.0, 0.0, 0.0, 0.0, 0.0]",11
W1,Lahore,Toilet Soap LIFEBUOY 115 gm,"[93.87, 93.87, 106.78, 111.47, 111.47, 111.47, 111.47, 111.47, 111.47, 111.47, 111.47, 111.47]","[1, 2, 3, 4, 5, 6, 7, 8, 9, 10, 11, 12]","[0.0, 12.91, 4.69, 0.0, 0.0, 0.0, 0.0, 0.0, 0.0, 0.0, 0.0]","[0.0, 0.137531, 0.043922, 0.0, 0.0, 0.0, 0.0, 0.0, 0.0, 0.0, 0.0]",11
W1,Lahore,Tomatoes,"[76.13, 68.36, 40.58, 46.09, 107.66, 121.65, 110.77, 130.67, 192.73, 115.16, 152.06, 144.95]","[1, 2, 3, 4, 5, 6, 7, 8, 9, 10, 11, 12]","[-7.77, -27.78, 5.51, 61.57, 13.99, -10.88, 19.9, 62.06, -77.57, 36.9, -7.11]","[-0.102062, -0.406378, 0.135781, 1.335865, 0.129946, -0.089437, 0.179652, 0.474937, -0.40248, 0.320424, -0.046758]",11
W1,Lahore,Vegetable Ghee DALDA/HABIB 2.5 kg Tin,"[1579.81, 1550.0, 1550.0, 1525.0, 1460.0, 1416.92, 1405.0, 1405.0, 1380.0, 1327.16, 1310.0, 1300.6]","[1, 2, 3, 4, 5, 6, 7, 8, 9, 10, 11, 12]","[-29.81, 0.0, -25.0, -65.0, -43.08, -11.92, 0.0, -25.0, -52.84, -17.16, -9.4]","[-0.018869, 0.0, -0.016129, -0.042623, -0.029507, -0.008413, 0.0, -0.017794, -0.03829, -0.01293, -0.007176]",11
W1,Lahore,Vegetable Ghee DALDA/HABIB or Other Superior Quality 1 kg Pouch,"[623.6, 605.0, 604.28, 580.96, 569.0, 550.29, 547.0, 535.71, 514.98, 509.0, 501.48, 500.24]","[1, 2, 3, 4, 5, 6, 7, 8, 9, 10, 11, 12]","[-18.6, -0.72, -23.32, -11.96, -18.71, -3.29, -11.29, -20.73, -5.98, -7.52, -1.24]","[-0.029827, -0.00119, -0.038591, -0.020587, -0.032882, -0.005979, -0.02064, -0.038696, -0.011612, -0.014774, -0.002473]",11
W1,Lahore,Wheat Flour Bag,"[1634.02, 2316.0, 2655.5, 2470.7, 2801.65, 2768.93, 2762.41, 2745.06, 2781.41, 2798.0, 2798.0, 2785.58]","[1, 2, 3, 4, 5, 6, 7, 8, 9, 10, 11, 12]","[681.98, 339.5, -184.8, 330.95, -32.72, -6.52, -17.35, 36.35, 16.59, 0.0, -12.42]","[0.417363, 0.146589, -0.069591, 0.13395, -0.011679, -0.002355, -0.006281, 0.013242, 0.005965, 0.0, -0.004439]",11
W1,Larkana,Bananas (Kela) Local,"[133.28, 175.38, 201.26, 168.3, 109.29, 108.88, 102.74, 83.66, 87.9, 96.55, 100.0, 111.76]","[1, 2, 3, 4, 5, 6, 7, 8, 9, 10, 11, 12]","[42.1, 25.88, -32.96, -59.01, -0.41, -6.14, -19.08, 4.24, 8.65, 3.45, 11.76]","[0.315876, 0.147565, -0.163768, -0.350624, -0.003751, -0.056392, -0.185712, 0.050681, 0.098407, 0.035733, 0.1176]",11
W1,Larkana,Beef with Bone (Average Quality),"[779.61, 782.97, 782.97, 782.97, 782.97, 782.97, 800.0, 800.0, 800.0, 800.0, 800.0, 839.41]","[1, 2, 3, 4, 5, 6, 7, 8, 9, 10, 11, 12]","[3.36, 0.0, 0.0, 0.0, 0.0, 17.03, 0.0, 0.0, 0.0, 0.0, 39.41]","[0.00431, 0.0, 0.0, 0.0, 0.0, 0.021751, 0.0, 0.0, 0.0, 0.0, 0.049262]",11
W1,Larkana,Bread plain (Small Size),"[96.55, 96.55, 98.26, 100.0, 100.0, 100.0, 109.54, 112.92, 112.92, 112.92, 112.92, 112.92]","[1, 2, 3, 4, 5, 6, 7, 8, 9, 10, 11, 12]","[0.0, 1.71, 1.74, 0.0, 0.0, 9.54, 3.38, 0.0, 0.0, 0.0, 0.0]","[0.0, 0.017711, 0.017708, 0.0, 0.0, 0.0954, 0.030856, 0.0, 0.0, 0.0, 0.0]",11
W1,Larkana,Chicken Farm Broiler (Live),"[389.86, 412.25, 449.3, 461.47, 444.14, 402.75, 376.35, 367.17, 347.86, 354.82, 440.08, 437.5]","[1, 2, 3, 4, 5, 6, 7, 8, 9, 10, 11, 12]","[22.39, 37.05, 12.17, -17.33, -41.39, -26.4, -9.18, -19.31, 6.96, 85.26, -2.58]","[0.057431, 0.089873, 0.027087, -0.037554, -0.093191, -0.065549, -0.024392, -0.052591, 0.020008, 0.240291, -0.005863]",11
W1,Larkana,Chilies Powder NATIONAL 200 gm Packet,"[215.0, 215.0, 215.0, 215.0, 251.1, 400.0, 400.0, 400.0, 400.0, 400.0, 400.0, 400.0]","[1, 2, 3, 4, 5, 6, 7, 8, 9, 10, 11, 12]","[0.0, 0.0, 0.0, 36.1, 148.9, 0.0, 0.0, 0.0, 0.0, 0.0, 0.0]","[0.0, 0.0, 0.0, 0.167907, 0.592991, 0.0, 0.0, 0.0, 0.0, 0.0, 0.0]",11
W1,Larkana,Cigarettes Capstan 20'S Packet,"[220.0, 220.0, 220.0, 220.0, 220.0, 220.0, 220.0, 220.0, 220.0, 220.0, 220.0, 220.0]","[1, 2, 3, 4, 5, 6, 7, 8, 9, 10, 11, 12]","[0.0, 0.0, 0.0, 0.0, 0.0, 0.0, 0.0, 0.0, 0.0, 0.0, 0.0]","[0.0, 0.0, 0.0, 0.0, 0.0, 0.0, 0.0, 0.0, 0.0, 0.0, 0.0]",11
W1,Larkana,Cooked Beef at Average Hotel,"[240.0, 240.0, 240.0, 240.0, 240.0, 240.0, 240.0, 240.0, 240.0, 240.0, 240.0, 240.0]","[1, 2, 3, 4, 5, 6, 7, 8, 9, 10, 11, 12]","[0.0, 0.0, 0.0, 0.0, 0.0, 0.0, 0.0, 0.0, 0.0, 0.0, 0.0]","[0.0, 0.0, 0.0, 0.0, 0.0, 0.0, 0.0, 0.0, 0.0, 0.0, 0.0]",11
W1,Larkana,Cooked Daal at Average Hotel,"[112.92, 116.41, 120.0, 120.0, 120.0, 120.0, 120.0, 120.0, 120.0, 120.0, 120.0, 120.0]","[1, 2, 3, 4, 5, 6, 7, 8, 9, 10, 11, 12]","[3.49, 3.59, 0.0, 0.0, 0.0, 0.0, 0.0, 0.0, 0.0, 0.0, 0.0]","[0.030907, 0.030839, 0.0, 0.0, 0.0, 0.0, 0.0, 0.0, 0.0, 0.0, 0.0]",11
W1,Larkana,"Cooking Oil DALDA or Other Similar Brand (SN), 5 Litre Tin","[3175.0, 3290.0, 3290.0, 3290.0, 3259.29, 3113.17, 3060.0, 2984.69, 2914.77, 2885.0, 2885.0, 2759.88]","[1, 2, 3, 4, 5, 6, 7, 8, 9, 10, 11, 12]","[115.0, 0.0, 0.0, -30.71, -146.12, -53.17, -75.31, -69.92, -29.77, 0.0, -125.12]","[0.03622, 0.0, 0.0, -0.009334, -0.044832, -0.017079, -0.024611, -0.023426, -0.010213, 0.0, -0.043369]",11
W1,Larkana,Curd (Dahi) Loose,"[215.85, 220.0, 220.0, 220.0, 220.0, 220.0, 220.0, 220.0, 220.0, 220.0, 220.0, 233.24]","[1, 2, 3, 4, 5, 6, 7, 8, 9, 10, 11, 12]","[4.15, 0.0, 0.0, 0.0, 0.0, 0.0, 0.0, 0.0, 0.0, 0.0, 13.24]","[0.019226, 0.0, 0.0, 0.0, 0.0, 0.0, 0.0, 0.0, 0.0, 0.0, 0.060182]",11
W1,Larkana,Eggs Hen (Farm),"[237.61, 260.75, 272.37, 264.95, 264.47, 291.9, 300.0, 312.19, 324.63, 368.54, 424.14, 350.71]","[1, 2, 3, 4, 5, 6, 7, 8, 9, 10, 11, 12]","[23.14, 11.62, -7.42, -0.48, 27.43, 8.1, 12.19, 12.44, 43.91, 55.6, -73.43]","[0.097386, 0.044564, -0.027242, -0.001812, 0.103717, 0.027749, 0.040633, 0.039848, 0.135262, 0.150866, -0.173127]",11
W1,Larkana,Electricity Charges upto 50 Units,"[6.47, 6.23, 6.15, 6.15, 6.45, 7.54, 7.57, 8.05, 7.4, 7.04, 7.31, 7.36]","[1, 2, 3, 4, 5, 6, 7, 8, 9, 10, 11, 12]","[-0.24, -0.08, 0.0, 0.3, 1.09, 0.03, 0.48, -0.65, -0.36, 0.27, 0.05]","[-0.037094, -0.012841, 0.0, 0.04878, 0.168992, 0.003979, 0.063408, -0.080745, -0.048649, 0.038352, 0.00684]",11
W1,Larkana,Energy Saver Philips 14 Watt,"[280.0, 280.0, 296.06, 350.0, 350.0, 350.0, 350.0, 350.0, 350.0, 350.0, 364.9, 367.45]","[1, 2, 3, 4, 5, 6, 7, 8, 9, 10, 11, 12]","[0.0, 16.06, 53.94, 0.0, 0.0, 0.0, 0.0, 0.0, 0.0, 14.9, 2.55]","[0.0, 0.057357, 0.182193, 0.0, 0.0, 0.0, 0.0, 0.0, 0.0, 0.042571, 0.006988]",11
W1,Larkana,Firewood Whole,"[816.33, 816.33, 816.33, 816.33, 816.33, 816.33, 816.33, 816.33, 816.33, 816.33, 840.97, 853.66]","[1, 2, 3, 4, 5, 6, 7, 8, 9, 10, 11, 12]","[0.0, 0.0, 0.0, 0.0, 0.0, 0.0, 0.0, 0.0, 0.0, 24.64, 12.69]","[0.0, 0.0, 0.0, 0.0, 0.0, 0.0, 0.0, 0.0, 0.0, 0.030184, 0.01509]",11
W1,Larkana,Garlic (Lehsun),"[388.49, 345.77, 262.23, 244.45, 296.13, 355.69, 481.57, 481.64, 529.74, 594.94, 555.71, 552.19]","[1, 2, 3, 4, 5, 6, 7, 8, 9, 10, 11, 12]","[-42.72, -83.54, -17.78, 51.68, 59.56, 125.88, 0.07, 48.1, 65.2, -39.23, -3.52]","[-0.109964, -0.241606, -0.067803, 0.211413, 0.201128, 0.353904, 0.000145, 0.099867, 0.123079, -0.065939, -0.006334]",11
W1,Larkana,Gas Charges upto 3.3719 MMBTU,"[295.0, 295.0, 295.0, 295.0, 295.0, 295.0, 295.0, 295.0, 846.99, 1711.0, 1711.0, 1843.75]","[1, 2, 3, 4, 5, 6, 7, 8, 9, 10, 11, 12]","[0.0, 0.0, 0.0, 0.0, 0.0, 0.0, 0.0, 551.99, 864.01, 0.0, 132.75]","[0.0, 0.0, 0.0, 0.0, 0.0, 0.0, 0.0, 1.871153, 1.020095, 0.0, 0.077586]",11
W1,Larkana,Gents Sandal Bata,"[1499.0, 1499.0, 1999.0, 1999.0, 1999.0, 2055.69, 2299.0, 2299.0, 2299.0, 2299.0, 2299.0, 2299.0]","[1, 2, 3, 4, 5, 6, 7, 8, 9, 10, 11, 12]","[0.0, 500.0, 0.0, 0.0, 56.69, 243.31, 0.0, 0.0, 0.0, 0.0, 0.0]","[0.0, 0.333556, 0.0, 0.0, 0.028359, 0.118359, 0.0, 0.0, 0.0, 0.0, 0.0]",11
W1,Larkana,Gents Sponge Chappal Bata,"[379.0, 379.0, 599.0, 599.0, 599.0, 599.0, 599.0, 599.0, 599.0, 599.0, 599.0, 599.0]","[1, 2, 3, 4, 5, 6, 7, 8, 9, 10, 11, 12]","[0.0, 220.0, 0.0, 0.0, 0.0, 0.0, 0.0, 0.0, 0.0, 0.0, 0.0]","[0.0, 0.580475, 0.0, 0.0, 0.0, 0.0, 0.0, 0.0, 0.0, 0.0, 0.0]",11
W1,Larkana,Georgette (Average Quality),"[250.0, 257.71, 265.66, 265.66, 265.66, 265.66, 265.66, 265.66, 265.66, 265.66, 265.66, 265.66]","[1, 2, 3, 4, 5, 6, 7, 8, 9, 10, 11, 12]","[7.71, 7.95, 0.0, 0.0, 0.0, 0.0, 0.0, 0.0, 0.0, 0.0, 0.0]","[0.03084, 0.030849, 0.0, 0.0, 0.0, 0.0, 0.0, 0.0, 0.0, 0.0, 0.0]",11
W1,Larkana,Gur (Average Quality),"[124.45, 130.68, 140.0, 140.0, 154.38, 181.73, 200.0, 180.48, 153.27, 161.2, 196.76, 183.28]","[1, 2, 3, 4, 5, 6, 7, 8, 9, 10, 11, 12]","[6.23, 9.32, 0.0, 14.38, 27.35, 18.27, -19.52, -27.21, 7.93, 35.56, -13.48]","[0.05006, 0.071319, 0.0, 0.102714, 0.17716, 0.100534, -0.0976, -0.150765, 0.051739, 0.220596, -0.06851]",11
W1,Larkana,Hi-Speed Diesel,"[288.83, 294.1, 273.69, 254.1, 257.99, 286.27, 321.5, 311.88, 300.55, 284.04, 277.37, 282.48]","[1, 2, 3, 4, 5, 6, 7, 8, 9, 10, 11, 12]","[5.27, -20.41, -19.59, 3.89, 28.28, 35.23, -9.62, -11.33, -16.51, -6.67, 5.11]","[0.018246, -0.069398, -0.071577, 0.015309, 0.109617, 0.123066, -0.029922, -0.036328, -0.054933, -0.023483, 0.018423]",11
W1,Larkana,LPG 11.67 kg Cylinder,"[3341.78, 3235.22, 3333.02, 2839.2, 2404.18, 2871.67, 3250.0, 3319.59, 3205.98, 3200.0, 3200.0, 3244.79]","[1, 2, 3, 4, 5, 6, 7, 8, 9, 10, 11, 12]","[-106.56, 97.8, -493.82, -435.02, 467.49, 378.33, 69.59, -113.61, -5.98, 0.0, 44.79]","[-0.031887, 0.03023, -0.14816, -0.153219, 0.194449, 0.131746, 0.021412, -0.034224, -0.001865, 0.0, 0.013997]",11
W1,Larkana,Ladies Sandal Bata,"[699.0, 699.0, 799.0, 799.0, 799.0, 799.0, 799.0, 799.0, 799.0, 799.0, 799.0, 799.0]","[1, 2, 3, 4, 5, 6, 7, 8, 9, 10, 11, 12]","[0.0, 100.0, 0.0, 0.0, 0.0, 0.0, 0.0, 0.0, 0.0, 0.0, 0.0]","[0.0, 0.143062, 0.0, 0.0, 0.0, 0.0, 0.0, 0.0, 0.0, 0.0, 0.0]",11
W1,Larkana,Lawn Printed Gul Ahmed/Al Karam,"[500.0, 500.0, 500.0, 500.0, 500.0, 512.87, 532.8, 532.8, 532.8, 532.8, 532.8, 532.8]","[1, 2, 3, 4, 5, 6, 7, 8, 9, 10, 11, 12]","[0.0, 0.0, 0.0, 0.0, 12.87, 19.93, 0.0, 0.0, 0.0, 0.0, 0.0]","[0.0, 0.0, 0.0, 0.0, 0.02574, 0.03886, 0.0, 0.0, 0.0, 0.0, 0.0]",11
W1,Larkana,"Long Cloth 57"" Gul Ahmed/Al Karam","[400.0, 400.0, 400.0, 400.0, 400.0, 442.94, 516.14, 516.14, 516.14, 516.14, 516.14, 516.14]","[1, 2, 3, 4, 5, 6, 7, 8, 9, 10, 11, 12]","[0.0, 0.0, 0.0, 0.0, 42.94, 73.2, 0.0, 0.0, 0.0, 0.0, 0.0]","[0.0, 0.0, 0.0, 0.0, 0.10735, 0.165259, 0.0, 0.0, 0.0, 0.0, 0.0]",11
W1,Larkana,Match Box,"[5.0, 5.0, 5.0, 5.0, 5.0, 5.0, 5.0, 5.0, 5.0, 5.0, 6.44, 6.72]","[1, 2, 3, 4, 5, 6, 7, 8, 9, 10, 11, 12]","[0.0, 0.0, 0.0, 0.0, 0.0, 0.0, 0.0, 0.0, 0.0, 1.44, 0.28]","[0.0, 0.0, 0.0, 0.0, 0.0, 0.0, 0.0, 0.0, 0.0, 0.288, 0.043478]",11
W1,Larkana,Milk fresh (Un-boiled),"[200.0, 206.46, 213.12, 213.12, 213.12, 213.12, 213.12, 213.12, 213.12, 213.12, 213.12, 213.12]","[1, 2, 3, 4, 5, 6, 7, 8, 9, 10, 11, 12]","[6.46, 6.66, 0.0, 0.0, 0.0, 0.0, 0.0, 0.0, 0.0, 0.0, 0.0]","[0.0323, 0.032258, 0.0, 0.0, 0.0, 0.0, 0.0, 0.0, 0.0, 0.0, 0.0]",11
W1,Larkana,Mustard Oil (Average Quality),"[555.78, 529.05, 488.17, 483.28, 552.58, 541.9, 508.17, 499.87, 497.02, 545.78, 513.18, 507.38]","[1, 2, 3, 4, 5, 6, 7, 8, 9, 10, 11, 12]","[-26.73, -40.88, -4.89, 69.3, -10.68, -33.73, -8.3, -2.85, 48.76, -32.6, -5.8]","[-0.048095, -0.077271, -0.010017, 0.143395, -0.019328, -0.062244, -0.016333, -0.005701, 0.098105, -0.059731, -0.011302]",11
W1,Larkana,Mutton (Average Quality),"[1306.63, 1524.4, 1549.2, 1565.95, 1600.0, 1600.0, 1732.7, 1732.7, 1732.7, 1757.64, 1766.03, 1766.03]","[1, 2, 3, 4, 5, 6, 7, 8, 9, 10, 11, 12]","[217.77, 24.8, 16.75, 34.05, 0.0, 132.7, 0.0, 0.0, 24.94, 8.39, 0.0]","[0.166665, 0.016269, 0.010812, 0.021744, 0.0, 0.082938, 0.0, 0.0, 0.014394, 0.004773, 0.0]",11
W1,Larkana,Onions,"[116.94, 63.15, 45.41, 50.59, 52.65, 59.94, 63.01, 91.55, 123.5, 154.6, 213.44, 204.82]","[1, 2, 3, 4, 5, 6, 7, 8, 9, 10, 11, 12]","[-53.79, -17.74, 5.18, 2.06, 7.29, 3.07, 28.54, 31.95, 31.1, 58.84, -8.62]","[-0.459979, -0.280918, 0.114072, 0.04072, 0.138462, 0.051218, 0.452944, 0.34899, 0.251822, 0.380595, -0.040386]",11
W1,Larkana,Petrol Super,"[271.09, 278.06, 277.04, 263.1, 258.53, 284.37, 319.21, 303.91, 283.35, 275.42, 264.45, 272.67]","[1, 2, 3, 4, 5, 6, 7, 8, 9, 10, 11, 12]","[6.97, -1.02, -13.94, -4.57, 25.84, 34.84, -15.3, -20.56, -7.93, -10.97, 8.22]","[0.025711, -0.003668, -0.050318, -0.01737, 0.09995, 0.122516, -0.047931, -0.067652, -0.027987, -0.03983, 0.031083]",11
W1,Larkana,Potatoes,"[42.74, 52.33, 64.8, 64.8, 73.19, 76.58, 77.38, 84.02, 84.73, 65.29, 41.97, 49.22]","[1, 2, 3, 4, 5, 6, 7, 8, 9, 10, 11, 12]","[9.59, 12.47, 0.0, 8.39, 3.39, 0.8, 6.64, 0.71, -19.44, -23.32, 7.25]","[0.22438, 0.238295, 0.0, 0.129475, 0.046318, 0.010447, 0.08581, 0.00845, -0.229435, -0.357176, 0.172742]",11
W1,Larkana,Powdered Milk NIDO 390 gm Polybag,"[680.0, 680.0, 724.84, 740.0, 740.0, 803.34, 820.0, 820.0, 820.0, 820.0, 820.0, 820.0]","[1, 2, 3, 4, 5, 6, 7, 8, 9, 10, 11, 12]","[0.0, 44.84, 15.16, 0.0, 63.34, 16.66, 0.0, 0.0, 0.0, 0.0, 0.0]","[0.0, 0.065941, 0.020915, 0.0, 0.085595, 0.020738, 0.0, 0.0, 0.0, 0.0, 0.0]",11
W1,Larkana,Pulse Gram,"[243.9, 240.0, 240.0, 240.0, 244.95, 233.14, 244.85, 227.12, 224.47, 230.57, 243.94, 241.97]","[1, 2, 3, 4, 5, 6, 7, 8, 9, 10, 11, 12]","[-3.9, 0.0, 0.0, 4.95, -11.81, 11.71, -17.73, -2.65, 6.1, 13.37, -1.97]","[-0.01599, 0.0, 0.0, 0.020625, -0.048214, 0.050227, -0.072412, -0.011668, 0.027175, 0.057987, -0.008076]",11
W1,Larkana,Pulse Mash (Washed),"[372.36, 383.36, 464.76, 480.0, 480.0, 487.75, 520.0, 539.68, 491.74, 534.79, 545.18, 552.02]","[1, 2, 3, 4, 5, 6, 7, 8, 9, 10, 11, 12]","[11.0, 81.4, 15.24, 0.0, 7.75, 32.25, 19.68, -47.94, 43.05, 10.39, 6.84]","[0.029541, 0.212333, 0.032791, 0.0, 0.016146, 0.06612, 0.037846, -0.08883, 0.087546, 0.019428, 0.012546]",11
W1,Larkana,Pulse Masoor (Washed),"[275.83, 257.92, 266.21, 267.79, 283.24, 296.03, 311.51, 309.49, 318.63, 320.0, 326.53, 321.98]","[1, 2, 3, 4, 5, 6, 7, 8, 9, 10, 11, 12]","[-17.91, 8.29, 1.58, 15.45, 12.79, 15.48, -2.02, 9.14, 1.37, 6.53, -4.55]","[-0.064931, 0.032142, 0.005935, 0.057694, 0.045156, 0.052292, -0.006485, 0.029532, 0.0043, 0.020406, -0.013934]",11
W1,Larkana,Pulse Moong (Washed),"[283.89, 286.51, 287.95, 284.76, 299.33, 298.27, 313.19, 301.16, 278.44, 305.94, 305.26, 311.77]","[1, 2, 3, 4, 5, 6, 7, 8, 9, 10, 11, 12]","[2.62, 1.44, -3.19, 14.57, -1.06, 14.92, -12.03, -22.72, 27.5, -0.68, 6.51]","[0.009229, 0.005026, -0.011078, 0.051166, -0.003541, 0.050022, -0.038411, -0.075442, 0.098765, -0.002223, 0.021326]",11
W1,Larkana,Rice Basmati Broken (Average Quality),"[179.31, 180.0, 189.42, 213.12, 213.12, 224.92, 243.29, 228.32, 213.11, 219.39, 249.93, 255.77]","[1, 2, 3, 4, 5, 6, 7, 8, 9, 10, 11, 12]","[0.69, 9.42, 23.7, 0.0, 11.8, 18.37, -14.97, -15.21, 6.28, 30.54, 5.84]","[0.003848, 0.052333, 0.125119, 0.0, 0.055368, 0.081673, -0.061532, -0.066617, 0.029468, 0.139204, 0.023367]",11
W1,Larkana,Rice IRRI-6/9 (Sindh/Punjab),"[135.91, 136.58, 140.63, 146.37, 163.02, 170.37, 186.43, 165.49, 129.27, 132.87, 156.59, 156.59]","[1, 2, 3, 4, 5, 6, 7, 8, 9, 10, 11, 12]","[0.67, 4.05, 5.74, 16.65, 7.35, 16.06, -20.94, -36.22, 3.6, 23.72, 0.0]","[0.00493, 0.029653, 0.040816, 0.113753, 0.045086, 0.094265, -0.112321, -0.218865, 0.027849, 0.17852, 0.0]",11
W1,Larkana,Salt Powdered (NATIONAL/SHAN) 800 gm Packet,"[40.0, 40.0, 40.0, 40.0, 40.0, 47.82, 50.0, 50.0, 61.19, 70.0, 70.0, 70.0]","[1, 2, 3, 4, 5, 6, 7, 8, 9, 10, 11, 12]","[0.0, 0.0, 0.0, 0.0, 7.82, 2.18, 0.0, 11.19, 8.81, 0.0, 0.0]","[0.0, 0.0, 0.0, 0.0, 0.1955, 0.045588, 0.0, 0.2238, 0.143978, 0.0, 0.0]",11
W1,Larkana,Shirting (Average Quality),"[282.31, 282.31, 282.31, 282.31, 282.31, 294.28, 313.19, 313.19, 313.19, 313.19, 313.19, 313.19]","[1, 2, 3, 4, 5, 6, 7, 8, 9, 10, 11, 12]","[0.0, 0.0, 0.0, 0.0, 11.97, 18.91, 0.0, 0.0, 0.0, 0.0, 0.0]","[0.0, 0.0, 0.0, 0.0, 0.0424, 0.064259, 0.0, 0.0, 0.0, 0.0, 0.0]",11
W1,Larkana,Sufi Washing Soap 250 gm Cake,"[108.75, 108.75, 108.75, 108.75, 108.75, 117.66, 120.0, 120.0, 120.0, 120.0, 120.0, 120.0]","[1, 2, 3, 4, 5, 6, 7, 8, 9, 10, 11, 12]","[0.0, 0.0, 0.0, 0.0, 8.91, 2.34, 0.0, 0.0, 0.0, 0.0, 0.0]","[0.0, 0.0, 0.0, 0.0, 0.081931, 0.019888, 0.0, 0.0, 0.0, 0.0, 0.0]",11
W1,Larkana,Sugar Refined,"[99.94, 117.47, 114.49, 120.5, 137.34, 151.87, 162.87, 143.52, 136.33, 135.74, 139.15, 140.28]","[1, 2, 3, 4, 5, 6, 7, 8, 9, 10, 11, 12]","[17.53, -2.98, 6.01, 16.84, 14.53, 11.0, -19.35, -7.19, -0.59, 3.41, 1.13]","[0.175405, -0.025368, 0.052494, 0.139751, 0.105796, 0.07243, -0.118806, -0.050098, -0.004328, 0.025122, 0.008121]",11
W1,Larkana,Tea Lipton Yellow Label 190 gm Packet,"[466.46, 558.82, 558.82, 558.82, 558.82, 558.82, 558.82, 558.82, 627.11, 677.21, 677.21, 610.03]","[1, 2, 3, 4, 5, 6, 7, 8, 9, 10, 11, 12]","[92.36, 0.0, 0.0, 0.0, 0.0, 0.0, 0.0, 68.29, 50.1, 0.0, -67.18]","[0.198002, 0.0, 0.0, 0.0, 0.0, 0.0, 0.0, 0.122204, 0.07989, 0.0, -0.099201]",11
W1,Larkana,Tea Prepared Ordinary,"[46.42, 50.0, 50.0, 50.0, 50.0, 50.0, 53.13, 55.61, 58.56, 60.0, 60.0, 60.0]","[1, 2, 3, 4, 5, 6, 7, 8, 9, 10, 11, 12]","[3.58, 0.0, 0.0, 0.0, 0.0, 3.13, 2.48, 2.95, 1.44, 0.0, 0.0]","[0.077122, 0.0, 0.0, 0.0, 0.0, 0.0626, 0.046678, 0.053048, 0.02459, 0.0, 0.0]",11
W1,Larkana,Telephone Call Charges,"[1.79, 1.79, 1.79, 1.79, 1.79, 1.79, 1.79, 1.79, 1.79, 1.79, 1.79, 1.79]","[1, 2, 3, 4, 5, 6, 7, 8, 9, 10, 11, 12]","[0.0, 0.0, 0.0, 0.0, 0.0, 0.0, 0.0, 0.0, 0.0, 0.0, 0.0]","[0.0, 0.0, 0.0, 0.0, 0.0, 0.0, 0.0, 0.0, 0.0, 0.0, 0.0]",11
W1,Larkana,Toilet Soap LIFEBUOY 115 gm,"[85.0, 85.0, 85.0, 85.0, 103.32, 109.18, 118.6, 118.6, 118.6, 118.6, 118.6, 118.6]","[1, 2, 3, 4, 5, 6, 7, 8, 9, 10, 11, 12]","[0.0, 0.0, 0.0, 18.32, 5.86, 9.42, 0.0, 0.0, 0.0, 0.0, 0.0]","[0.0, 0.0, 0.0, 0.215529, 0.056717, 0.08628, 0.0, 0.0, 0.0, 0.0, 0.0]",11
W1,Larkana,Tomatoes,"[48.05, 32.27, 22.21, 56.5, 86.45, 111.71, 107.89, 120.66, 153.72, 102.38, 136.1, 123.94]","[1, 2, 3, 4, 5, 6, 7, 8, 9, 10, 11, 12]","[-15.78, -10.06, 34.29, 29.95, 25.26, -3.82, 12.77, 33.06, -51.34, 33.72, -12.16]","[-0.328408, -0.311745, 1.543899, 0.530088, 0.292192, -0.034196, 0.118361, 0.273993, -0.333984, 0.329361, -0.089346]",11
W1,Larkana,Vegetable Ghee DALDA/HABIB 2.5 kg Tin,"[1457.74, 1550.0, 1550.0, 1525.0, 1525.0, 1475.82, 1405.0, 1405.0, 1395.98, 1390.0, 1390.0, 1350.24]","[1, 2, 3, 4, 5, 6, 7, 8, 9, 10, 11, 12]","[92.26, 0.0, -25.0, 0.0, -49.18, -70.82, 0.0, -9.02, -5.98, 0.0, -39.76]","[0.06329, 0.0, -0.016129, 0.0, -0.032249, -0.047987, 0.0, -0.00642, -0.004284, 0.0, -0.028604]",11
W1,Larkana,Vegetable Ghee DALDA/HABIB or Other Superior Quality 1 kg Pouch,"[586.82, 605.0, 605.0, 595.0, 595.0, 565.12, 547.0, 547.0, 530.02, 519.0, 519.0, 509.0]","[1, 2, 3, 4, 5, 6, 7, 8, 9, 10, 11, 12]","[18.18, 0.0, -10.0, 0.0, -29.88, -18.12, 0.0, -16.98, -11.02, 0.0, -10.0]","[0.030981, 0.0, -0.016529, 0.0, -0.050218, -0.032064, 0.0, -0.031042, -0.020792, 0.0, -0.019268]",11
W1,Larkana,Wheat Flour Bag,"[2467.15, 2472.13, 2513.22, 2483.23, 2796.1, 2838.63, 2849.63, 2734.43, 2686.5, 2701.66, 2714.88, 2694.77]","[1, 2, 3, 4, 5, 6, 7, 8, 9, 10, 11, 12]","[4.98, 41.09, -29.99, 312.87, 42.53, 11.0, -115.2, -47.93, 15.16, 13.22, -20.11]","[0.002019, 0.016621, -0.011933, 0.125993, 0.01521, 0.003875, -0.040426, -0.017528, 0.005643, 0.004893, -0.007407]",11
W1,Multan,Bananas (Kela) Local,"[291.93, 312.59, 339.73, 266.72, 164.07, 148.22, 148.82, 133.33, 130.89, 143.26, 143.26, 192.95]","[1, 2, 3, 4, 5, 6, 7, 8, 9, 10, 11, 12]","[20.66, 27.14, -73.01, -102.65, -15.85, 0.6, -15.49, -2.44, 12.37, 0.0, 49.69]","[0.07077, 0.086823, -0.214906, -0.384861, -0.096605, 0.004048, -0.104085, -0.0183, 0.094507, 0.0, 0.346852]",11
W1,Multan,Beef with Bone (Average Quality),"[728.47, 750.0, 754.05, 821.85, 821.85, 821.85, 821.85, 821.85, 821.85, 821.85, 835.81, 857.32]","[1, 2, 3, 4, 5, 6, 7, 8, 9, 10, 11, 12]","[21.53, 4.05, 67.8, 0.0, 0.0, 0.0, 0.0, 0.0, 0.0, 13.96, 21.51]","[0.029555, 0.0054, 0.089914, 0.0, 0.0, 0.0, 0.0, 0.0, 0.0, 0.016986, 0.025736]",11
W1,Multan,Bread plain (Small Size),"[100.0, 100.0, 110.0, 110.0, 110.0, 110.0, 117.42, 120.0, 120.0, 120.0, 120.0, 120.0]","[1, 2, 3, 4, 5, 6, 7, 8, 9, 10, 11, 12]","[0.0, 10.0, 0.0, 0.0, 0.0, 7.42, 2.58, 0.0, 0.0, 0.0, 0.0]","[0.0, 0.1, 0.0, 0.0, 0.0, 0.067455, 0.021972, 0.0, 0.0, 0.0, 0.0]",11
W1,Multan,Chicken Farm Broiler (Live),"[383.52, 386.07, 429.72, 442.29, 424.83, 403.85, 380.48, 361.23, 356.87, 349.81, 440.94, 428.48]","[1, 2, 3, 4, 5, 6, 7, 8, 9, 10, 11, 12]","[2.55, 43.65, 12.57, -17.46, -20.98, -23.37, -19.25, -4.36, -7.06, 91.13, -12.46]","[0.006649, 0.113062, 0.029252, -0.039476, -0.049384, -0.057868, -0.050594, -0.01207, -0.019783, 0.260513, -0.028258]",11
W1,Multan,Chilies Powder NATIONAL 200 gm Packet,"[229.67, 215.0, 215.0, 215.0, 293.26, 400.0, 400.0, 400.0, 400.0, 400.0, 400.0, 400.0]","[1, 2, 3, 4, 5, 6, 7, 8, 9, 10, 11, 12]","[-14.67, 0.0, 0.0, 78.26, 106.74, 0.0, 0.0, 0.0, 0.0, 0.0, 0.0]","[-0.063874, 0.0, 0.0, 0.364, 0.363977, 0.0, 0.0, 0.0, 0.0, 0.0, 0.0]",11
W1,Multan,Cigarettes Capstan 20'S Packet,"[220.0, 220.0, 220.0, 220.0, 220.0, 220.0, 220.0, 220.0, 220.0, 220.0, 220.0, 220.0]","[1, 2, 3, 4, 5, 6, 7, 8, 9, 10, 11, 12]","[0.0, 0.0, 0.0, 0.0, 0.0, 0.0, 0.0, 0.0, 0.0, 0.0, 0.0]","[0.0, 0.0, 0.0, 0.0, 0.0, 0.0, 0.0, 0.0, 0.0, 0.0, 0.0]",11
W1,Multan,Cooked Beef at Average Hotel,"[259.62, 259.62, 259.62, 259.62, 259.62, 259.62, 259.62, 289.35, 300.0, 300.0, 300.0, 300.0]","[1, 2, 3, 4, 5, 6, 7, 8, 9, 10, 11, 12]","[0.0, 0.0, 0.0, 0.0, 0.0, 0.0, 29.73, 10.65, 0.0, 0.0, 0.0]","[0.0, 0.0, 0.0, 0.0, 0.0, 0.0, 0.114514, 0.036807, 0.0, 0.0, 0.0]",11
W1,Multan,Cooked Daal at Average Hotel,"[117.59, 117.59, 117.59, 117.59, 117.59, 117.59, 120.93, 122.07, 122.07, 122.07, 122.07, 122.07]","[1, 2, 3, 4, 5, 6, 7, 8, 9, 10, 11, 12]","[0.0, 0.0, 0.0, 0.0, 0.0, 3.34, 1.14, 0.0, 0.0, 0.0, 0.0]","[0.0, 0.0, 0.0, 0.0, 0.0, 0.028404, 0.009427, 0.0, 0.0, 0.0, 0.0]",11
W1,Multan,"Cooking Oil DALDA or Other Similar Brand (SN), 5 Litre Tin","[3399.4, 3510.0, 3429.79, 3200.0, 3132.26, 3110.0, 3084.69, 3010.0, 2884.79, 2835.0, 2745.0, 2726.2]","[1, 2, 3, 4, 5, 6, 7, 8, 9, 10, 11, 12]","[110.6, -80.21, -229.79, -67.74, -22.26, -25.31, -74.69, -125.21, -49.79, -90.0, -18.8]","[0.032535, -0.022852, -0.066998, -0.021169, -0.007107, -0.008138, -0.024213, -0.041598, -0.017259, -0.031746, -0.006849]",11
W1,Multan,Curd (Dahi) Loose,"[161.73, 171.04, 181.59, 182.65, 198.25, 200.0, 213.69, 217.68, 217.68, 217.68, 217.68, 217.68]","[1, 2, 3, 4, 5, 6, 7, 8, 9, 10, 11, 12]","[9.31, 10.55, 1.06, 15.6, 1.75, 13.69, 3.99, 0.0, 0.0, 0.0, 0.0]","[0.057565, 0.061681, 0.005837, 0.085409, 0.008827, 0.06845, 0.018672, 0.0, 0.0, 0.0, 0.0]",11
W1,Multan,Eggs Hen (Farm),"[228.56, 265.19, 272.95, 243.37, 244.42, 286.25, 281.99, 304.17, 323.02, 366.14, 422.36, 341.48]","[1, 2, 3, 4, 5, 6, 7, 8, 9, 10, 11, 12]","[36.63, 7.76, -29.58, 1.05, 41.83, -4.26, 22.18, 18.85, 43.12, 56.22, -80.88]","[0.160264, 0.029262, -0.108371, 0.004314, 0.17114, -0.014882, 0.078655, 0.061972, 0.13349, 0.153548, -0.191495]",11
W1,Multan,Electricity Charges upto 50 Units,"[6.47, 6.23, 6.15, 6.15, 6.45, 7.54, 7.57, 8.05, 7.4, 7.04, 7.31, 7.36]","[1, 2, 3, 4, 5, 6, 7, 8, 9, 10, 11, 12]","[-0.24, -0.08, 0.0, 0.3, 1.09, 0.03, 0.48, -0.65, -0.36, 0.27, 0.05]","[-0.037094, -0.012841, 0.0, 0.04878, 0.168992, 0.003979, 0.063408, -0.080745, -0.048649, 0.038352, 0.00684]",11
W1,Multan,Energy Saver Philips 14 Watt,"[400.0, 400.0, 465.3, 575.0, 575.0, 575.0, 575.0, 575.0, 575.0, 575.0, 575.0, 575.0]","[1, 2, 3, 4, 5, 6, 7, 8, 9, 10, 11, 12]","[0.0, 65.3, 109.7, 0.0, 0.0, 0.0, 0.0, 0.0, 0.0, 0.0, 0.0]","[0.0, 0.16325, 0.235762, 0.0, 0.0, 0.0, 0.0, 0.0, 0.0, 0.0, 0.0]",11
W1,Multan,Firewood Whole,"[1208.19, 1208.19, 1208.19, 1208.19, 1208.19, 1208.19, 1208.19, 1208.19, 1247.5, 1274.41, 1370.98, 1405.98]","[1, 2, 3, 4, 5, 6, 7, 8, 9, 10, 11, 12]","[0.0, 0.0, 0.0, 0.0, 0.0, 0.0, 0.0, 39.31, 26.91, 96.57, 35.0]","[0.0, 0.0, 0.0, 0.0, 0.0, 0.0, 0.0, 0.032536, 0.021571, 0.075776, 0.025529]",11
W1,Multan,Garlic (Lehsun),"[376.26, 330.93, 317.71, 302.47, 306.41, 388.32, 522.61, 560.37, 618.81, 603.18, 604.32, 604.32]","[1, 2, 3, 4, 5, 6, 7, 8, 9, 10, 11, 12]","[-45.33, -13.22, -15.24, 3.94, 81.91, 134.29, 37.76, 58.44, -15.63, 1.14, 0.0]","[-0.120475, -0.039948, -0.047968, 0.013026, 0.267322, 0.345823, 0.072253, 0.104288, -0.025258, 0.00189, 0.0]",11
W1,Multan,Gas Charges upto 3.3719 MMBTU,"[295.0, 295.0, 295.0, 295.0, 295.0, 295.0, 295.0, 295.0, 846.99, 1711.0, 1711.0, 1843.75]","[1, 2, 3, 4, 5, 6, 7, 8, 9, 10, 11, 12]","[0.0, 0.0, 0.0, 0.0, 0.0, 0.0, 0.0, 551.99, 864.01, 0.0, 132.75]","[0.0, 0.0, 0.0, 0.0, 0.0, 0.0, 0.0, 1.871153, 1.020095, 0.0, 0.077586]",11
W1,Multan,Gents Sandal Bata,"[1499.0, 1499.0, 1999.0, 1999.0, 1999.0, 2055.69, 2299.0, 2299.0, 2299.0, 2299.0, 2299.0, 2299.0]","[1, 2, 3, 4, 5, 6, 7, 8, 9, 10, 11, 12]","[0.0, 500.0, 0.0, 0.0, 56.69, 243.31, 0.0, 0.0, 0.0, 0.0, 0.0]","[0.0, 0.333556, 0.0, 0.0, 0.028359, 0.118359, 0.0, 0.0, 0.0, 0.0, 0.0]",11
W1,Multan,Gents Sponge Chappal Bata,"[379.0, 379.0, 599.0, 599.0, 599.0, 599.0, 599.0, 599.0, 599.0, 599.0, 599.0, 599.0]","[1, 2, 3, 4, 5, 6, 7, 8, 9, 10, 11, 12]","[0.0, 220.0, 0.0, 0.0, 0.0, 0.0, 0.0, 0.0, 0.0, 0.0, 0.0]","[0.0, 0.580475, 0.0, 0.0, 0.0, 0.0, 0.0, 0.0, 0.0, 0.0, 0.0]",11
W1,Multan,Georgette (Average Quality),"[188.63, 233.76, 251.09, 251.09, 251.09, 251.09, 251.09, 251.09, 251.09, 251.09, 251.09, 251.09]","[1, 2, 3, 4, 5, 6, 7, 8, 9, 10, 11, 12]","[45.13, 17.33, 0.0, 0.0, 0.0, 0.0, 0.0, 0.0, 0.0, 0.0, 0.0]","[0.239251, 0.074136, 0.0, 0.0, 0.0, 0.0, 0.0, 0.0, 0.0, 0.0, 0.0]",11
W1,Multan,Gur (Average Quality),"[128.93, 158.84, 187.55, 199.81, 217.56, 250.96, 269.17, 233.87, 222.18, 222.18, 222.18, 222.18]","[1, 2, 3, 4, 5, 6, 7, 8, 9, 10, 11, 12]","[29.91, 28.71, 12.26, 17.75, 33.4, 18.21, -35.3, -11.69, 0.0, 0.0, 0.0]","[0.231986, 0.180748, 0.065369, 0.088834, 0.153521, 0.072561, -0.131144, -0.049985, 0.0, 0.0, 0.0]",11
W1,Multan,Hi-Speed Diesel,"[288.38, 293.59, 273.38, 253.79, 257.82, 285.98, 321.23, 311.47, 300.11, 283.81, 277.1, 282.22]","[1, 2, 3, 4, 5, 6, 7, 8, 9, 10, 11, 12]","[5.21, -20.21, -19.59, 4.03, 28.16, 35.25, -9.76, -11.36, -16.3, -6.71, 5.12]","[0.018066, -0.068837, -0.071658, 0.015879, 0.109223, 0.12326, -0.030383, -0.036472, -0.054313, -0.023643, 0.018477]",11
W1,Multan,LPG 11.67 kg Cylinder,"[3292.25, 3415.41, 3231.44, 2628.04, 2533.17, 2867.55, 3128.5, 3117.24, 3146.24, 3178.36, 3466.27, 3523.9]","[1, 2, 3, 4, 5, 6, 7, 8, 9, 10, 11, 12]","[123.16, -183.97, -603.4, -94.87, 334.38, 260.95, -11.26, 29.0, 32.12, 287.91, 57.63]","[0.037409, -0.053865, -0.186728, -0.036099, 0.132001, 0.091001, -0.003599, 0.009303, 0.010209, 0.090584, 0.016626]",11
W1,Multan,Ladies Sandal Bata,"[699.0, 699.0, 799.0, 799.0, 799.0, 799.0, 799.0, 799.0, 799.0, 799.0, 799.0, 799.0]","[1, 2, 3, 4, 5, 6, 7, 8, 9, 10, 11, 12]","[0.0, 100.0, 0.0, 0.0, 0.0, 0.0, 0.0, 0.0, 0.0, 0.0, 0.0]","[0.0, 0.143062, 0.0, 0.0, 0.0, 0.0, 0.0, 0.0, 0.0, 0.0, 0.0]",11
W1,Multan,Lawn Printed Gul Ahmed/Al Karam,"[540.0, 562.53, 586.0, 586.0, 586.0, 586.0, 586.0, 586.0, 586.0, 586.0, 586.0, 586.0]","[1, 2, 3, 4, 5, 6, 7, 8, 9, 10, 11, 12]","[22.53, 23.47, 0.0, 0.0, 0.0, 0.0, 0.0, 0.0, 0.0, 0.0, 0.0]","[0.041722, 0.041722, 0.0, 0.0, 0.0, 0.0, 0.0, 0.0, 0.0, 0.0, 0.0]",11
W1,Multan,"Long Cloth 57"" Gul Ahmed/Al Karam","[570.0, 570.0, 570.0, 570.0, 591.59, 614.0, 614.0, 614.0, 614.0, 614.0, 614.0, 642.0]","[1, 2, 3, 4, 5, 6, 7, 8, 9, 10, 11, 12]","[0.0, 0.0, 0.0, 21.59, 22.41, 0.0, 0.0, 0.0, 0.0, 0.0, 28.0]","[0.0, 0.0, 0.0, 0.037877, 0.037881, 0.0, 0.0, 0.0, 0.0, 0.0, 0.045603]",11
W1,Multan,Match Box,"[5.0, 5.56, 6.0, 6.0, 7.0, 7.0, 7.0, 7.0, 7.0, 7.0, 7.0, 7.0]","[1, 2, 3, 4, 5, 6, 7, 8, 9, 10, 11, 12]","[0.56, 0.44, 0.0, 1.0, 0.0, 0.0, 0.0, 0.0, 0.0, 0.0, 0.0]","[0.112, 0.079137, 0.0, 0.166667, 0.0, 0.0, 0.0, 0.0, 0.0, 0.0, 0.0]",11
W1,Multan,Milk fresh (Un-boiled),"[141.73, 149.14, 150.0, 152.16, 160.0, 163.27, 175.14, 176.01, 176.6, 176.6, 176.6, 176.6]","[1, 2, 3, 4, 5, 6, 7, 8, 9, 10, 11, 12]","[7.41, 0.86, 2.16, 7.84, 3.27, 11.87, 0.87, 0.59, 0.0, 0.0, 0.0]","[0.052283, 0.005766, 0.0144, 0.051525, 0.020438, 0.072702, 0.004967, 0.003352, 0.0, 0.0, 0.0]",11
W1,Multan,Mustard Oil (Average Quality),"[607.21, 577.74, 577.74, 556.81, 520.0, 505.26, 500.0, 499.43, 497.74, 497.74, 497.74, 490.58]","[1, 2, 3, 4, 5, 6, 7, 8, 9, 10, 11, 12]","[-29.47, 0.0, -20.93, -36.81, -14.74, -5.26, -0.57, -1.69, 0.0, 0.0, -7.16]","[-0.048533, 0.0, -0.036227, -0.066109, -0.028346, -0.01041, -0.00114, -0.003384, 0.0, 0.0, -0.014385]",11
W1,Multan,Mutton (Average Quality),"[1634.77, 1699.75, 1705.48, 1800.0, 1800.0, 1800.0, 1800.0, 1800.0, 1800.0, 1800.0, 1800.0, 1841.31]","[1, 2, 3, 4, 5, 6, 7, 8, 9, 10, 11, 12]","[64.98, 5.73, 94.52, 0.0, 0.0, 0.0, 0.0, 0.0, 0.0, 0.0, 41.31]","[0.039749, 0.003371, 0.055421, 0.0, 0.0, 0.0, 0.0, 0.0, 0.0, 0.0, 0.02295]",11
W1,Multan,Onions,"[131.36, 64.99, 51.77, 63.92, 59.69, 65.75, 90.98, 112.35, 132.71, 166.41, 210.89, 200.86]","[1, 2, 3, 4, 5, 6, 7, 8, 9, 10, 11, 12]","[-66.37, -13.22, 12.15, -4.23, 6.06, 25.23, 21.37, 20.36, 33.7, 44.48, -10.03]","[-0.505253, -0.203416, 0.234692, -0.066176, 0.101525, 0.383726, 0.234887, 0.181219, 0.253937, 0.267292, -0.04756]",11
W1,Multan,Petrol Super,"[270.74, 277.71, 276.71, 262.79, 258.24, 284.14, 318.97, 303.61, 283.05, 275.12, 264.17, 272.4]","[1, 2, 3, 4, 5, 6, 7, 8, 9, 10, 11, 12]","[6.97, -1.0, -13.92, -4.55, 25.9, 34.83, -15.36, -20.56, -7.93, -10.95, 8.23]","[0.025744, -0.003601, -0.050305, -0.017314, 0.100294, 0.12258, -0.048155, -0.067718, -0.028016, -0.039801, 0.031154]",11
W1,Multan,Potatoes,"[51.23, 69.3, 82.01, 84.07, 98.84, 100.81, 101.53, 107.89, 129.53, 88.75, 59.35, 63.11]","[1, 2, 3, 4, 5, 6, 7, 8, 9, 10, 11, 12]","[18.07, 12.71, 2.06, 14.77, 1.97, 0.72, 6.36, 21.64, -40.78, -29.4, 3.76]","[0.352723, 0.183405, 0.025119, 0.175687, 0.019931, 0.007142, 0.062642, 0.200575, -0.314831, -0.331268, 0.063353]",11
W1,Multan,Powdered Milk NIDO 390 gm Polybag,"[680.0, 680.0, 740.0, 740.0, 740.0, 820.0, 820.0, 820.0, 820.0, 820.0, 820.0, 820.0]","[1, 2, 3, 4, 5, 6, 7, 8, 9, 10, 11, 12]","[0.0, 60.0, 0.0, 0.0, 80.0, 0.0, 0.0, 0.0, 0.0, 0.0, 0.0]","[0.0, 0.088235, 0.0, 0.0, 0.108108, 0.0, 0.0, 0.0, 0.0, 0.0, 0.0]",11
W1,Multan,Pulse Gram,"[263.48, 251.05, 251.32, 245.51, 238.24, 242.8, 259.63, 224.99, 226.7, 250.45, 272.43, 269.31]","[1, 2, 3, 4, 5, 6, 7, 8, 9, 10, 11, 12]","[-12.43, 0.27, -5.81, -7.27, 4.56, 16.83, -34.64, 1.71, 23.75, 21.98, -3.12]","[-0.047176, 0.001075, -0.023118, -0.029612, 0.01914, 0.069316, -0.133421, 0.0076, 0.104764, 0.087762, -0.011452]",11
W1,Multan,Pulse Mash (Washed),"[442.51, 455.89, 471.27, 482.18, 481.02, 525.92, 553.86, 530.46, 536.12, 544.96, 549.94, 539.28]","[1, 2, 3, 4, 5, 6, 7, 8, 9, 10, 11, 12]","[13.38, 15.38, 10.91, -1.16, 44.9, 27.94, -23.4, 5.66, 8.84, 4.98, -10.66]","[0.030237, 0.033736, 0.02315, -0.002406, 0.093343, 0.053126, -0.042249, 0.01067, 0.016489, 0.009138, -0.019384]",11
W1,Multan,Pulse Masoor (Washed),"[272.15, 272.15, 285.44, 275.38, 266.54, 280.25, 346.05, 299.91, 311.14, 336.5, 338.12, 327.74]","[1, 2, 3, 4, 5, 6, 7, 8, 9, 10, 11, 12]","[0.0, 13.29, -10.06, -8.84, 13.71, 65.8, -46.14, 11.23, 25.36, 1.62, -10.38]","[0.0, 0.048833, -0.035244, -0.032101, 0.051437, 0.23479, -0.133333, 0.037445, 0.081507, 0.004814, -0.030699]",11
W1,Multan,Pulse Moong (Washed),"[279.96, 279.96, 275.16, 257.94, 237.67, 247.62, 280.68, 261.52, 268.68, 293.34, 308.73, 306.55]","[1, 2, 3, 4, 5, 6, 7, 8, 9, 10, 11, 12]","[0.0, -4.8, -17.22, -20.27, 9.95, 33.06, -19.16, 7.16, 24.66, 15.39, -2.18]","[0.0, -0.017145, -0.062582, -0.078584, 0.041865, 0.133511, -0.068263, 0.027378, 0.091782, 0.052465, -0.007061]",11
W1,Multan,Rice Basmati Broken (Average Quality),"[178.8, 178.8, 196.55, 196.55, 196.55, 198.61, 200.0, 200.0, 200.0, 200.0, 200.0, 200.0]","[1, 2, 3, 4, 5, 6, 7, 8, 9, 10, 11, 12]","[0.0, 17.75, 0.0, 0.0, 2.06, 1.39, 0.0, 0.0, 0.0, 0.0, 0.0]","[0.0, 0.099273, 0.0, 0.0, 0.010481, 0.006999, 0.0, 0.0, 0.0, 0.0, 0.0]",11
W1,Multan,Rice IRRI-6/9 (Sindh/Punjab),"[147.72, 147.72, 159.43, 160.0, 160.0, 163.85, 176.04, 176.6, 163.46, 157.72, 158.12, 162.89]","[1, 2, 3, 4, 5, 6, 7, 8, 9, 10, 11, 12]","[0.0, 11.71, 0.57, 0.0, 3.85, 12.19, 0.56, -13.14, -5.74, 0.4, 4.77]","[0.0, 0.079272, 0.003575, 0.0, 0.024062, 0.074397, 0.003181, -0.074405, -0.035116, 0.002536, 0.030167]",11
W1,Multan,Salt Powdered (NATIONAL/SHAN) 800 gm Packet,"[60.0, 60.0, 60.0, 60.0, 60.0, 60.0, 60.0, 60.0, 67.87, 70.0, 70.0, 70.0]","[1, 2, 3, 4, 5, 6, 7, 8, 9, 10, 11, 12]","[0.0, 0.0, 0.0, 0.0, 0.0, 0.0, 0.0, 7.87, 2.13, 0.0, 0.0]","[0.0, 0.0, 0.0, 0.0, 0.0, 0.0, 0.0, 0.131167, 0.031384, 0.0, 0.0]",11
W1,Multan,Shirting (Average Quality),"[300.0, 372.24, 400.0, 400.0, 400.0, 400.0, 400.0, 437.44, 503.34, 520.7, 520.7, 520.7]","[1, 2, 3, 4, 5, 6, 7, 8, 9, 10, 11, 12]","[72.24, 27.76, 0.0, 0.0, 0.0, 0.0, 37.44, 65.9, 17.36, 0.0, 0.0]","[0.2408, 0.074576, 0.0, 0.0, 0.0, 0.0, 0.0936, 0.150649, 0.03449, 0.0, 0.0]",11
W1,Multan,Sufi Washing Soap 250 gm Cake,"[115.0, 122.42, 125.0, 125.0, 125.0, 125.0, 125.0, 125.0, 125.0, 125.0, 125.0, 125.0]","[1, 2, 3, 4, 5, 6, 7, 8, 9, 10, 11, 12]","[7.42, 2.58, 0.0, 0.0, 0.0, 0.0, 0.0, 0.0, 0.0, 0.0, 0.0]","[0.064522, 0.021075, 0.0, 0.0, 0.0, 0.0, 0.0, 0.0, 0.0, 0.0, 0.0]",11
W1,Multan,Sugar Refined,"[101.72, 118.0, 113.88, 119.02, 136.55, 152.61, 161.41, 143.99, 134.25, 139.87, 145.82, 142.27]","[1, 2, 3, 4, 5, 6, 7, 8, 9, 10, 11, 12]","[16.28, -4.12, 5.14, 17.53, 16.06, 8.8, -17.42, -9.74, 5.62, 5.95, -3.55]","[0.160047, -0.034915, 0.045135, 0.147286, 0.117613, 0.057663, -0.107924, -0.067644, 0.041862, 0.04254, -0.024345]",11
W1,Multan,Tea Lipton Yellow Label 190 gm Packet,"[558.82, 558.82, 558.82, 558.82, 558.82, 558.82, 558.82, 558.82, 647.91, 542.85, 542.85, 542.85]","[1, 2, 3, 4, 5, 6, 7, 8, 9, 10, 11, 12]","[0.0, 0.0, 0.0, 0.0, 0.0, 0.0, 0.0, 89.09, -105.06, 0.0, 0.0]","[0.0, 0.0, 0.0, 0.0, 0.0, 0.0, 0.0, 0.159425, -0.162152, 0.0, 0.0]",11
W1,Multan,Tea Prepared Ordinary,"[50.0, 50.0, 50.0, 57.04, 59.7, 60.0, 60.0, 60.0, 60.0, 60.0, 62.36, 66.18]","[1, 2, 3, 4, 5, 6, 7, 8, 9, 10, 11, 12]","[0.0, 0.0, 7.04, 2.66, 0.3, 0.0, 0.0, 0.0, 0.0, 2.36, 3.82]","[0.0, 0.0, 0.1408, 0.046634, 0.005025, 0.0, 0.0, 0.0, 0.0, 0.039333, 0.061257]",11
W1,Multan,Telephone Call Charges,"[1.79, 1.79, 1.79, 1.79, 1.79, 1.79, 1.79, 1.79, 1.79, 1.79, 1.79, 1.79]","[1, 2, 3, 4, 5, 6, 7, 8, 9, 10, 11, 12]","[0.0, 0.0, 0.0, 0.0, 0.0, 0.0, 0.0, 0.0, 0.0, 0.0, 0.0]","[0.0, 0.0, 0.0, 0.0, 0.0, 0.0, 0.0, 0.0, 0.0, 0.0, 0.0]",11
W1,Multan,Toilet Soap LIFEBUOY 115 gm,"[93.87, 93.87, 106.78, 111.47, 111.47, 111.47, 111.47, 111.47, 111.47, 111.47, 111.47, 111.47]","[1, 2, 3, 4, 5, 6, 7, 8, 9, 10, 11, 12]","[0.0, 12.91, 4.69, 0.0, 0.0, 0.0, 0.0, 0.0, 0.0, 0.0, 0.0]","[0.0, 0.137531, 0.043922, 0.0, 0.0, 0.0, 0.0, 0.0, 0.0, 0.0, 0.0]",11
W1,Multan,Tomatoes,"[65.91, 44.96, 28.76, 56.38, 98.45, 120.38, 110.1, 115.49, 158.21, 105.02, 140.9, 134.81]","[1, 2, 3, 4, 5, 6, 7, 8, 9, 10, 11, 12]","[-20.95, -16.2, 27.62, 42.07, 21.93, -10.28, 5.39, 42.72, -53.19, 35.88, -6.09]","[-0.317858, -0.36032, 0.960362, 0.746187, 0.222753, -0.085396, 0.048955, 0.369902, -0.336199, 0.341649, -0.043222]",11
W1,Multan,Vegetable Ghee DALDA/HABIB 2.5 kg Tin,"[1590.08, 1635.0, 1591.93, 1550.0, 1531.21, 1470.34, 1419.92, 1405.0, 1373.62, 1310.0, 1310.0, 1303.72]","[1, 2, 3, 4, 5, 6, 7, 8, 9, 10, 11, 12]","[44.92, -43.07, -41.93, -18.79, -60.87, -50.42, -14.92, -31.38, -63.62, 0.0, -6.28]","[0.02825, -0.026343, -0.026339, -0.012123, -0.039753, -0.034291, -0.010508, -0.022335, -0.046316, 0.0, -0.004794]",11
W1,Multan,Vegetable Ghee DALDA/HABIB or Other Superior Quality 1 kg Pouch,"[625.18, 605.0, 599.94, 585.0, 572.96, 549.39, 547.0, 539.45, 514.98, 509.0, 503.98, 501.49]","[1, 2, 3, 4, 5, 6, 7, 8, 9, 10, 11, 12]","[-20.18, -5.06, -14.94, -12.04, -23.57, -2.39, -7.55, -24.47, -5.98, -5.02, -2.49]","[-0.032279, -0.008364, -0.024902, -0.020581, -0.041137, -0.00435, -0.013803, -0.045361, -0.011612, -0.009862, -0.004941]",11
W1,Multan,Wheat Flour Bag,"[1999.39, 2605.87, 2441.77, 2410.94, 2731.13, 2705.3, 2705.0, 2672.32, 2755.11, 2765.78, 2725.84, 2693.86]","[1, 2, 3, 4, 5, 6, 7, 8, 9, 10, 11, 12]","[606.48, -164.1, -30.83, 320.19, -25.83, -0.3, -32.68, 82.79, 10.67, -39.94, -31.98]","[0.303333, -0.062973, -0.012626, 0.132807, -0.009458, -0.000111, -0.012081, 0.030981, 0.003873, -0.014441, -0.011732]",11
W1,Peshawar,Bananas (Kela) Local,"[207.42, 270.34, 257.66, 211.3, 171.68, 162.64, 154.3, 132.12, 113.22, 118.85, 121.64, 156.71]","[1, 2, 3, 4, 5, 6, 7, 8, 9, 10, 11, 12]","[62.92, -12.68, -46.36, -39.62, -9.04, -8.34, -22.18, -18.9, 5.63, 2.79, 35.07]","[0.303346, -0.046904, -0.179927, -0.187506, -0.052656, -0.051279, -0.143746, -0.143052, 0.049726, 0.023475, 0.28831]",11
W1,Peshawar,Beef with Bone (Average Quality),"[604.03, 630.36, 667.77, 676.51, 680.41, 680.41, 685.65, 699.5, 699.46, 704.53, 765.77, 797.82]","[1, 2, 3, 4, 5, 6, 7, 8, 9, 10, 11, 12]","[26.33, 37.41, 8.74, 3.9, 0.0, 5.24, 13.85, -0.04, 5.07, 61.24, 32.05]","[0.043591, 0.059347, 0.013088, 0.005765, 0.0, 0.007701, 0.0202, -5.7e-05, 0.007248, 0.086923, 0.041853]",11
W1,Peshawar,Bread plain (Small Size),"[103.23, 103.23, 103.23, 103.23, 103.23, 103.23, 105.72, 110.0, 110.0, 110.0, 110.0, 110.0]","[1, 2, 3, 4, 5, 6, 7, 8, 9, 10, 11, 12]","[0.0, 0.0, 0.0, 0.0, 0.0, 2.49, 4.28, 0.0, 0.0, 0.0, 0.0]","[0.0, 0.0, 0.0, 0.0, 0.0, 0.024121, 0.040484, 0.0, 0.0, 0.0, 0.0]",11
W1,Peshawar,Chicken Farm Broiler (Live),"[381.79, 373.55, 428.44, 441.04, 417.2, 416.15, 381.78, 335.38, 362.66, 349.98, 430.75, 431.56]","[1, 2, 3, 4, 5, 6, 7, 8, 9, 10, 11, 12]","[-8.24, 54.89, 12.6, -23.84, -1.05, -34.37, -46.4, 27.28, -12.68, 80.77, 0.81]","[-0.021583, 0.146942, 0.029409, -0.054054, -0.002517, -0.08259, -0.121536, 0.081341, -0.034964, 0.230785, 0.00188]",11
W1,Peshawar,Chilies Powder NATIONAL 200 gm Packet,"[223.88, 215.0, 215.0, 215.0, 251.1, 400.0, 400.0, 400.0, 400.0, 400.0, 400.0, 400.0]","[1, 2, 3, 4, 5, 6, 7, 8, 9, 10, 11, 12]","[-8.88, 0.0, 0.0, 36.1, 148.9, 0.0, 0.0, 0.0, 0.0, 0.0, 0.0]","[-0.039664, 0.0, 0.0, 0.167907, 0.592991, 0.0, 0.0, 0.0, 0.0, 0.0, 0.0]",11
W1,Peshawar,Cigarettes Capstan 20'S Packet,"[225.5, 225.5, 225.5, 225.5, 225.5, 225.5, 226.62, 228.87, 230.0, 230.0, 230.0, 230.0]","[1, 2, 3, 4, 5, 6, 7, 8, 9, 10, 11, 12]","[0.0, 0.0, 0.0, 0.0, 0.0, 1.12, 2.25, 1.13, 0.0, 0.0, 0.0]","[0.0, 0.0, 0.0, 0.0, 0.0, 0.004967, 0.009929, 0.004937, 0.0, 0.0, 0.0]",11
W1,Peshawar,Cooked Beef at Average Hotel,"[158.41, 175.48, 176.6, 176.6, 176.6, 180.37, 182.92, 188.69, 193.1, 196.24, 200.0, 200.0]","[1, 2, 3, 4, 5, 6, 7, 8, 9, 10, 11, 12]","[17.07, 1.12, 0.0, 0.0, 3.77, 2.55, 5.77, 4.41, 3.14, 3.76, 0.0]","[0.107758, 0.006382, 0.0, 0.0, 0.021348, 0.014138, 0.031544, 0.023372, 0.016261, 0.01916, 0.0]",11
W1,Peshawar,Cooked Daal at Average Hotel,"[102.55, 104.83, 104.83, 104.83, 104.83, 111.25, 115.98, 115.98, 115.98, 115.98, 115.98, 115.98]","[1, 2, 3, 4, 5, 6, 7, 8, 9, 10, 11, 12]","[2.28, 0.0, 0.0, 0.0, 6.42, 4.73, 0.0, 0.0, 0.0, 0.0, 0.0]","[0.022233, 0.0, 0.0, 0.0, 0.061242, 0.042517, 0.0, 0.0, 0.0, 0.0, 0.0]",11
W1,Peshawar,"Cooking Oil DALDA or Other Similar Brand (SN), 5 Litre Tin","[3388.51, 3290.0, 3290.0, 3050.0, 3030.0, 3013.99, 2960.0, 2829.01, 2721.26, 2665.0, 2660.0, 2639.98]","[1, 2, 3, 4, 5, 6, 7, 8, 9, 10, 11, 12]","[-98.51, 0.0, -240.0, -20.0, -16.01, -53.99, -130.99, -107.75, -56.26, -5.0, -20.02]","[-0.029072, 0.0, -0.072948, -0.006557, -0.005284, -0.017913, -0.044253, -0.038088, -0.020674, -0.001876, -0.007526]",11
W1,Peshawar,Curd (Dahi) Loose,"[198.53, 205.32, 207.57, 208.44, 214.48, 228.46, 228.46, 228.46, 228.46, 228.46, 228.46, 228.46]","[1, 2, 3, 4, 5, 6, 7, 8, 9, 10, 11, 12]","[6.79, 2.25, 0.87, 6.04, 13.98, 0.0, 0.0, 0.0, 0.0, 0.0, 0.0]","[0.034201, 0.010959, 0.004191, 0.028977, 0.065181, 0.0, 0.0, 0.0, 0.0, 0.0, 0.0]",11
W1,Peshawar,Eggs Hen (Farm),"[245.48, 264.93, 278.54, 248.77, 250.73, 291.25, 299.26, 318.63, 347.53, 376.18, 430.13, 355.02]","[1, 2, 3, 4, 5, 6, 7, 8, 9, 10, 11, 12]","[19.45, 13.61, -29.77, 1.96, 40.52, 8.01, 19.37, 28.9, 28.65, 53.95, -75.11]","[0.079233, 0.051372, -0.106879, 0.007879, 0.161608, 0.027502, 0.064726, 0.090701, 0.082439, 0.143415, -0.174622]",11
W1,Peshawar,Electricity Charges upto 50 Units,"[6.47, 6.23, 6.15, 6.15, 6.45, 7.54, 7.57, 8.05, 7.4, 7.04, 7.31, 7.36]","[1, 2, 3, 4, 5, 6, 7, 8, 9, 10, 11, 12]","[-0.24, -0.08, 0.0, 0.3, 1.09, 0.03, 0.48, -0.65, -0.36, 0.27, 0.05]","[-0.037094, -0.012841, 0.0, 0.04878, 0.168992, 0.003979, 0.063408, -0.080745, -0.048649, 0.038352, 0.00684]",11
W1,Peshawar,Energy Saver Philips 14 Watt,"[240.0, 240.0, 240.0, 240.0, 240.0, 240.0, 240.0, 240.0, 240.0, 240.0, 249.8, 254.9]","[1, 2, 3, 4, 5, 6, 7, 8, 9, 10, 11, 12]","[0.0, 0.0, 0.0, 0.0, 0.0, 0.0, 0.0, 0.0, 0.0, 9.8, 5.1]","[0.0, 0.0, 0.0, 0.0, 0.0, 0.0, 0.0, 0.0, 0.0, 0.040833, 0.020416]",11
W1,Peshawar,Firewood Whole,"[1288.87, 1206.14, 1119.69, 1040.71, 1040.71, 996.87, 968.67, 986.56, 987.3, 987.3, 1022.59, 995.35]","[1, 2, 3, 4, 5, 6, 7, 8, 9, 10, 11, 12]","[-82.73, -86.45, -78.98, 0.0, -43.84, -28.2, 17.89, 0.74, 0.0, 35.29, -27.24]","[-0.064188, -0.071675, -0.070537, 0.0, -0.042125, -0.028289, 0.018469, 0.00075, 0.0, 0.035744, -0.026638]",11
W1,Peshawar,Garlic (Lehsun),"[427.17, 415.28, 393.46, 366.04, 407.51, 439.58, 525.68, 583.68, 598.96, 684.16, 653.14, 641.9]","[1, 2, 3, 4, 5, 6, 7, 8, 9, 10, 11, 12]","[-11.89, -21.82, -27.42, 41.47, 32.07, 86.1, 58.0, 15.28, 85.2, -31.02, -11.24]","[-0.027834, -0.052543, -0.069689, 0.113294, 0.078697, 0.195869, 0.110333, 0.026179, 0.142247, -0.04534, -0.017209]",11
W1,Peshawar,Gas Charges upto 3.3719 MMBTU,"[295.0, 295.0, 295.0, 295.0, 295.0, 295.0, 295.0, 295.0, 846.99, 1711.0, 1711.0, 1843.75]","[1, 2, 3, 4, 5, 6, 7, 8, 9, 10, 11, 12]","[0.0, 0.0, 0.0, 0.0, 0.0, 0.0, 0.0, 551.99, 864.01, 0.0, 132.75]","[0.0, 0.0, 0.0, 0.0, 0.0, 0.0, 0.0, 1.871153, 1.020095, 0.0, 0.077586]",11
W1,Peshawar,Gents Sandal Bata,"[1499.0, 1499.0, 1999.0, 1999.0, 1999.0, 2055.69, 2299.0, 2299.0, 2299.0, 2299.0, 2299.0, 2299.0]","[1, 2, 3, 4, 5, 6, 7, 8, 9, 10, 11, 12]","[0.0, 500.0, 0.0, 0.0, 56.69, 243.31, 0.0, 0.0, 0.0, 0.0, 0.0]","[0.0, 0.333556, 0.0, 0.0, 0.028359, 0.118359, 0.0, 0.0, 0.0, 0.0, 0.0]",11
W1,Peshawar,Gents Sponge Chappal Bata,"[379.0, 379.0, 599.0, 599.0, 599.0, 599.0, 599.0, 599.0, 599.0, 599.0, 599.0, 599.0]","[1, 2, 3, 4, 5, 6, 7, 8, 9, 10, 11, 12]","[0.0, 220.0, 0.0, 0.0, 0.0, 0.0, 0.0, 0.0, 0.0, 0.0, 0.0]","[0.0, 0.580475, 0.0, 0.0, 0.0, 0.0, 0.0, 0.0, 0.0, 0.0, 0.0]",11
W1,Peshawar,Georgette (Average Quality),"[189.84, 210.48, 215.67, 215.67, 218.63, 222.47, 233.46, 236.33, 236.33, 236.33, 236.33, 236.33]","[1, 2, 3, 4, 5, 6, 7, 8, 9, 10, 11, 12]","[20.64, 5.19, 0.0, 2.96, 3.84, 10.99, 2.87, 0.0, 0.0, 0.0, 0.0]","[0.108723, 0.024658, 0.0, 0.013725, 0.017564, 0.0494, 0.012293, 0.0, 0.0, 0.0, 0.0]",11
W1,Peshawar,Gur (Average Quality),"[140.0, 148.29, 154.09, 173.48, 211.71, 245.95, 266.62, 238.6, 212.48, 209.84, 204.38, 204.1]","[1, 2, 3, 4, 5, 6, 7, 8, 9, 10, 11, 12]","[8.29, 5.8, 19.39, 38.23, 34.24, 20.67, -28.02, -26.12, -2.64, -5.46, -0.28]","[0.059214, 0.039113, 0.125836, 0.220371, 0.161731, 0.084041, -0.105093, -0.109472, -0.012425, -0.02602, -0.00137]",11
W1,Peshawar,Hi-Speed Diesel,"[288.47, 293.75, 273.35, 253.75, 257.73, 285.99, 321.18, 311.44, 300.14, 283.77, 277.1, 282.18]","[1, 2, 3, 4, 5, 6, 7, 8, 9, 10, 11, 12]","[5.28, -20.4, -19.6, 3.98, 28.26, 35.19, -9.74, -11.3, -16.37, -6.67, 5.08]","[0.018303, -0.069447, -0.071703, 0.015685, 0.10965, 0.123046, -0.030326, -0.036283, -0.054541, -0.023505, 0.018333]",11
W1,Peshawar,LPG 11.67 kg Cylinder,"[3501.0, 3354.74, 3378.58, 2749.18, 2446.5, 2754.02, 3014.62, 3179.92, 3139.19, 3281.82, 3559.0, 3516.04]","[1, 2, 3, 4, 5, 6, 7, 8, 9, 10, 11, 12]","[-146.26, 23.84, -629.4, -302.68, 307.52, 260.6, 165.3, -40.73, 142.63, 277.18, -42.96]","[-0.041777, 0.007106, -0.186291, -0.110098, 0.125698, 0.094625, 0.054833, -0.012808, 0.045435, 0.084459, -0.012071]",11
W1,Peshawar,Ladies Sandal Bata,"[699.0, 699.0, 799.0, 799.0, 799.0, 799.0, 799.0, 799.0, 799.0, 799.0, 799.0, 799.0]","[1, 2, 3, 4, 5, 6, 7, 8, 9, 10, 11, 12]","[0.0, 100.0, 0.0, 0.0, 0.0, 0.0, 0.0, 0.0, 0.0, 0.0, 0.0]","[0.0, 0.143062, 0.0, 0.0, 0.0, 0.0, 0.0, 0.0, 0.0, 0.0, 0.0]",11
W1,Peshawar,Lawn Printed Gul Ahmed/Al Karam,"[702.0, 702.0, 702.0, 702.0, 702.0, 702.0, 702.0, 702.0, 702.0, 702.0, 702.0, 702.0]","[1, 2, 3, 4, 5, 6, 7, 8, 9, 10, 11, 12]","[0.0, 0.0, 0.0, 0.0, 0.0, 0.0, 0.0, 0.0, 0.0, 0.0, 0.0]","[0.0, 0.0, 0.0, 0.0, 0.0, 0.0, 0.0, 0.0, 0.0, 0.0, 0.0]",11
W1,Peshawar,"Long Cloth 57"" Gul Ahmed/Al Karam","[642.0, 642.0, 642.0, 642.0, 642.0, 642.0, 642.0, 642.0, 642.0, 642.0, 642.0, 642.0]","[1, 2, 3, 4, 5, 6, 7, 8, 9, 10, 11, 12]","[0.0, 0.0, 0.0, 0.0, 0.0, 0.0, 0.0, 0.0, 0.0, 0.0, 0.0]","[0.0, 0.0, 0.0, 0.0, 0.0, 0.0, 0.0, 0.0, 0.0, 0.0, 0.0]",11
W1,Peshawar,Match Box,"[5.0, 5.0, 5.0, 5.23, 6.0, 6.0, 6.0, 6.0, 6.0, 6.0, 6.48, 6.74]","[1, 2, 3, 4, 5, 6, 7, 8, 9, 10, 11, 12]","[0.0, 0.0, 0.23, 0.77, 0.0, 0.0, 0.0, 0.0, 0.0, 0.48, 0.26]","[0.0, 0.0, 0.046, 0.147228, 0.0, 0.0, 0.0, 0.0, 0.0, 0.08, 0.040123]",11
W1,Peshawar,Milk fresh (Un-boiled),"[187.39, 193.71, 193.09, 193.09, 196.7, 211.59, 211.59, 211.59, 211.59, 211.59, 211.59, 211.59]","[1, 2, 3, 4, 5, 6, 7, 8, 9, 10, 11, 12]","[6.32, -0.62, 0.0, 3.61, 14.89, 0.0, 0.0, 0.0, 0.0, 0.0, 0.0]","[0.033726, -0.003201, 0.0, 0.018696, 0.075699, 0.0, 0.0, 0.0, 0.0, 0.0, 0.0]",11
W1,Peshawar,Mustard Oil (Average Quality),"[656.2, 666.26, 666.26, 666.26, 666.26, 652.19, 631.64, 627.75, 616.22, 616.22, 616.22, 586.15]","[1, 2, 3, 4, 5, 6, 7, 8, 9, 10, 11, 12]","[10.06, 0.0, 0.0, 0.0, -14.07, -20.55, -3.89, -11.53, 0.0, 0.0, -30.07]","[0.015331, 0.0, 0.0, 0.0, -0.021118, -0.031509, -0.006159, -0.018367, 0.0, 0.0, -0.048798]",11
W1,Peshawar,Mutton (Average Quality),"[1321.92, 1361.43, 1538.21, 1538.21, 1538.21, 1538.21, 1538.21, 1566.86, 1610.88, 1619.59, 1714.34, 1734.18]","[1, 2, 3, 4, 5, 6, 7, 8, 9, 10, 11, 12]","[39.51, 176.78, 0.0, 0.0, 0.0, 0.0, 28.65, 44.02, 8.71, 94.75, 19.84]","[0.029888, 0.129849, 0.0, 0.0, 0.0, 0.0, 0.018626, 0.028094, 0.005407, 0.058502, 0.011573]",11
W1,Peshawar,Onions,"[151.58, 97.74, 69.05, 57.55, 59.05, 68.55, 100.22, 107.11, 125.49, 156.99, 216.05, 238.0]","[1, 2, 3, 4, 5, 6, 7, 8, 9, 10, 11, 12]","[-53.84, -28.69, -11.5, 1.5, 9.5, 31.67, 6.89, 18.38, 31.5, 59.06, 21.95]","[-0.355192, -0.293534, -0.166546, 0.026064, 0.160881, 0.461999, 0.068749, 0.171599, 0.251016, 0.376202, 0.101597]",11
W1,Peshawar,Petrol Super,"[270.74, 277.7, 276.7, 262.75, 258.24, 284.08, 318.88, 303.57, 283.02, 275.11, 264.17, 272.38]","[1, 2, 3, 4, 5, 6, 7, 8, 9, 10, 11, 12]","[6.96, -1.0, -13.95, -4.51, 25.84, 34.8, -15.31, -20.55, -7.91, -10.94, 8.21]","[0.025707, -0.003601, -0.050416, -0.017165, 0.100062, 0.122501, -0.048012, -0.067694, -0.027949, -0.039766, 0.031078]",11
W1,Peshawar,Potatoes,"[65.31, 80.54, 89.07, 92.21, 100.95, 101.71, 102.53, 100.18, 105.21, 94.83, 76.26, 79.04]","[1, 2, 3, 4, 5, 6, 7, 8, 9, 10, 11, 12]","[15.23, 8.53, 3.14, 8.74, 0.76, 0.82, -2.35, 5.03, -10.38, -18.57, 2.78]","[0.233196, 0.10591, 0.035253, 0.094784, 0.007528, 0.008062, -0.02292, 0.05021, -0.09866, -0.195824, 0.036454]",11
W1,Peshawar,Powdered Milk NIDO 390 gm Polybag,"[719.1, 720.0, 729.93, 742.49, 751.66, 790.44, 837.21, 850.0, 826.65, 826.65, 826.65, 823.32]","[1, 2, 3, 4, 5, 6, 7, 8, 9, 10, 11, 12]","[0.9, 9.93, 12.56, 9.17, 38.78, 46.77, 12.79, -23.35, 0.0, 0.0, -3.33]","[0.001252, 0.013792, 0.017207, 0.01235, 0.051592, 0.05917, 0.015277, -0.027471, 0.0, 0.0, -0.004028]",11
W1,Peshawar,Pulse Gram,"[264.42, 263.58, 262.75, 242.71, 240.82, 245.06, 278.59, 248.65, 255.85, 270.44, 296.62, 294.64]","[1, 2, 3, 4, 5, 6, 7, 8, 9, 10, 11, 12]","[-0.84, -0.83, -20.04, -1.89, 4.24, 33.53, -29.94, 7.2, 14.59, 26.18, -1.98]","[-0.003177, -0.003149, -0.07627, -0.007787, 0.017607, 0.136824, -0.10747, 0.028956, 0.057026, 0.096805, -0.006675]",11
W1,Peshawar,Pulse Mash (Washed),"[435.96, 451.61, 460.51, 462.2, 480.0, 510.75, 539.42, 533.85, 526.65, 541.54, 552.21, 552.21]","[1, 2, 3, 4, 5, 6, 7, 8, 9, 10, 11, 12]","[15.65, 8.9, 1.69, 17.8, 30.75, 28.67, -5.57, -7.2, 14.89, 10.67, 0.0]","[0.035898, 0.019707, 0.00367, 0.038511, 0.064062, 0.056133, -0.010326, -0.013487, 0.028273, 0.019703, 0.0]",11
W1,Peshawar,Pulse Masoor (Washed),"[271.66, 275.8, 280.0, 268.74, 267.75, 272.16, 339.63, 320.56, 315.23, 326.28, 337.75, 335.92]","[1, 2, 3, 4, 5, 6, 7, 8, 9, 10, 11, 12]","[4.14, 4.2, -11.26, -0.99, 4.41, 67.47, -19.07, -5.33, 11.05, 11.47, -1.83]","[0.01524, 0.015228, -0.040214, -0.003684, 0.016471, 0.247906, -0.056149, -0.016627, 0.035054, 0.035154, -0.005418]",11
W1,Peshawar,Pulse Moong (Washed),"[269.32, 266.62, 269.93, 252.87, 239.08, 247.66, 273.17, 261.24, 266.82, 266.33, 280.0, 288.88]","[1, 2, 3, 4, 5, 6, 7, 8, 9, 10, 11, 12]","[-2.7, 3.31, -17.06, -13.79, 8.58, 25.51, -11.93, 5.58, -0.49, 13.67, 8.88]","[-0.010025, 0.012415, -0.063202, -0.054534, 0.035888, 0.103004, -0.043672, 0.02136, -0.001836, 0.051327, 0.031714]",11
W1,Peshawar,Rice Basmati Broken (Average Quality),"[189.25, 196.61, 202.45, 210.0, 217.46, 220.0, 234.84, 232.64, 250.0, 236.18, 234.92, 233.36]","[1, 2, 3, 4, 5, 6, 7, 8, 9, 10, 11, 12]","[7.36, 5.84, 7.55, 7.46, 2.54, 14.84, -2.2, 17.36, -13.82, -1.26, -1.56]","[0.03889, 0.029703, 0.037293, 0.035524, 0.01168, 0.067455, -0.009368, 0.074622, -0.05528, -0.005335, -0.006641]",11
W1,Peshawar,Rice IRRI-6/9 (Sindh/Punjab),"[146.59, 161.52, 174.93, 176.6, 176.6, 177.27, 196.33, 169.54, 161.95, 170.0, 174.93, 175.48]","[1, 2, 3, 4, 5, 6, 7, 8, 9, 10, 11, 12]","[14.93, 13.41, 1.67, 0.0, 0.67, 19.06, -26.79, -7.59, 8.05, 4.93, 0.55]","[0.101849, 0.083024, 0.009547, 0.0, 0.003794, 0.10752, -0.136454, -0.044768, 0.049707, 0.029, 0.003144]",11
W1,Peshawar,Salt Powdered (NATIONAL/SHAN) 800 gm Packet,"[50.0, 50.0, 50.0, 60.0, 60.0, 60.0, 67.35, 70.0, 70.0, 70.0, 70.0, 70.0]","[1, 2, 3, 4, 5, 6, 7, 8, 9, 10, 11, 12]","[0.0, 0.0, 10.0, 0.0, 0.0, 7.35, 2.65, 0.0, 0.0, 0.0, 0.0]","[0.0, 0.0, 0.2, 0.0, 0.0, 0.1225, 0.039347, 0.0, 0.0, 0.0, 0.0]",11
W1,Peshawar,Shirting (Average Quality),"[427.71, 435.94, 444.32, 444.32, 444.32, 444.32, 444.32, 444.32, 444.32, 444.32, 444.32, 463.51]","[1, 2, 3, 4, 5, 6, 7, 8, 9, 10, 11, 12]","[8.23, 8.38, 0.0, 0.0, 0.0, 0.0, 0.0, 0.0, 0.0, 0.0, 19.19]","[0.019242, 0.019223, 0.0, 0.0, 0.0, 0.0, 0.0, 0.0, 0.0, 0.0, 0.04319]",11
W1,Peshawar,Sufi Washing Soap 250 gm Cake,"[122.98, 127.89, 130.0, 130.0, 130.0, 130.0, 130.0, 130.0, 130.0, 130.0, 130.0, 130.0]","[1, 2, 3, 4, 5, 6, 7, 8, 9, 10, 11, 12]","[4.91, 2.11, 0.0, 0.0, 0.0, 0.0, 0.0, 0.0, 0.0, 0.0, 0.0]","[0.039925, 0.016499, 0.0, 0.0, 0.0, 0.0, 0.0, 0.0, 0.0, 0.0, 0.0]",11
W1,Peshawar,Sugar Refined,"[106.33, 124.8, 123.06, 124.27, 142.39, 156.56, 170.99, 155.36, 140.46, 144.08, 148.07, 147.87]","[1, 2, 3, 4, 5, 6, 7, 8, 9, 10, 11, 12]","[18.47, -1.74, 1.21, 18.12, 14.17, 14.43, -15.63, -14.9, 3.62, 3.99, -0.2]","[0.173705, -0.013942, 0.009833, 0.145812, 0.099515, 0.092169, -0.091409, -0.095906, 0.025772, 0.027693, -0.001351]",11
W1,Peshawar,Tea Lipton Yellow Label 190 gm Packet,"[466.46, 558.82, 558.82, 558.82, 558.82, 558.82, 542.86, 542.86, 593.07, 542.85, 542.85, 542.85]","[1, 2, 3, 4, 5, 6, 7, 8, 9, 10, 11, 12]","[92.36, 0.0, 0.0, 0.0, 0.0, -15.96, 0.0, 50.21, -50.22, 0.0, 0.0]","[0.198002, 0.0, 0.0, 0.0, 0.0, -0.02856, 0.0, 0.092492, -0.084678, 0.0, 0.0]",11
W1,Peshawar,Tea Prepared Ordinary,"[33.02, 33.02, 33.02, 33.02, 34.09, 35.2, 39.15, 39.39, 40.13, 40.13, 40.13, 40.13]","[1, 2, 3, 4, 5, 6, 7, 8, 9, 10, 11, 12]","[0.0, 0.0, 0.0, 1.07, 1.11, 3.95, 0.24, 0.74, 0.0, 0.0, 0.0]","[0.0, 0.0, 0.0, 0.032405, 0.032561, 0.112216, 0.00613, 0.018786, 0.0, 0.0, 0.0]",11
W1,Peshawar,Telephone Call Charges,"[1.79, 1.79, 1.79, 1.79, 1.79, 1.79, 1.79, 1.79, 1.79, 1.79, 1.79, 1.79]","[1, 2, 3, 4, 5, 6, 7, 8, 9, 10, 11, 12]","[0.0, 0.0, 0.0, 0.0, 0.0, 0.0, 0.0, 0.0, 0.0, 0.0, 0.0]","[0.0, 0.0, 0.0, 0.0, 0.0, 0.0, 0.0, 0.0, 0.0, 0.0, 0.0]",11
W1,Peshawar,Toilet Soap LIFEBUOY 115 gm,"[96.0, 99.59, 103.32, 103.32, 103.32, 103.32, 103.32, 103.32, 103.32, 103.32, 103.32, 103.32]","[1, 2, 3, 4, 5, 6, 7, 8, 9, 10, 11, 12]","[3.59, 3.73, 0.0, 0.0, 0.0, 0.0, 0.0, 0.0, 0.0, 0.0, 0.0]","[0.037396, 0.037454, 0.0, 0.0, 0.0, 0.0, 0.0, 0.0, 0.0, 0.0, 0.0]",11
W1,Peshawar,Tomatoes,"[76.77, 72.72, 57.1, 38.36, 85.59, 98.71, 83.48, 96.03, 158.14, 121.76, 150.66, 139.45]","[1, 2, 3, 4, 5, 6, 7, 8, 9, 10, 11, 12]","[-4.05, -15.62, -18.74, 47.23, 13.12, -15.23, 12.55, 62.11, -36.38, 28.9, -11.21]","[-0.052755, -0.214796, -0.328196, 1.23123, 0.153289, -0.15429, 0.150335, 0.646777, -0.230049, 0.237352, -0.074406]",11
W1,Peshawar,Vegetable Ghee DALDA/HABIB 2.5 kg Tin,"[1565.73, 1550.0, 1550.0, 1480.0, 1420.0, 1420.0, 1405.0, 1367.33, 1322.7, 1300.0, 1300.0, 1292.49]","[1, 2, 3, 4, 5, 6, 7, 8, 9, 10, 11, 12]","[-15.73, 0.0, -70.0, -60.0, 0.0, -15.0, -37.67, -44.63, -22.7, 0.0, -7.51]","[-0.010046, 0.0, -0.045161, -0.040541, 0.0, -0.010563, -0.026811, -0.03264, -0.017162, 0.0, -0.005777]",11
W1,Peshawar,Vegetable Ghee DALDA/HABIB or Other Superior Quality 1 kg Pouch,"[632.05, 605.0, 605.0, 583.71, 570.0, 556.36, 551.49, 520.28, 505.95, 500.0, 500.0, 500.0]","[1, 2, 3, 4, 5, 6, 7, 8, 9, 10, 11, 12]","[-27.05, 0.0, -21.29, -13.71, -13.64, -4.87, -31.21, -14.33, -5.95, 0.0, 0.0]","[-0.042797, 0.0, -0.03519, -0.023488, -0.02393, -0.008753, -0.056592, -0.027543, -0.01176, 0.0, 0.0]",11
W1,Peshawar,Wheat Flour Bag,"[2259.05, 2916.01, 3026.85, 2517.55, 2761.59, 2739.8, 2765.12, 2719.03, 2800.69, 2812.89, 2829.33, 2789.82]","[1, 2, 3, 4, 5, 6, 7, 8, 9, 10, 11, 12]","[656.96, 110.84, -509.3, 244.04, -21.79, 25.32, -46.09, 81.66, 12.2, 16.44, -39.51]","[0.290813, 0.038011, -0.168261, 0.096936, -0.00789, 0.009242, -0.016668, 0.030033, 0.004356, 0.005845, -0.013964]",11
W1,Quetta,Bananas (Kela) Local,"[174.19, 177.19, 198.88, 162.82, 134.52, 142.85, 126.17, 106.89, 100.52, 93.52, 101.56, 112.94]","[1, 2, 3, 4, 5, 6, 7, 8, 9, 10, 11, 12]","[3.0, 21.69, -36.06, -28.3, 8.33, -16.68, -19.28, -6.37, -7.0, 8.04, 11.38]","[0.017223, 0.122411, -0.181315, -0.173812, 0.061924, -0.116766, -0.15281, -0.059594, -0.069638, 0.085971, 0.112052]",11
W1,Quetta,Beef with Bone (Average Quality),"[689.95, 729.81, 789.57, 809.96, 834.91, 849.96, 849.96, 864.95, 864.95, 864.95, 867.41, 881.15]","[1, 2, 3, 4, 5, 6, 7, 8, 9, 10, 11, 12]","[39.86, 59.76, 20.39, 24.95, 15.05, 0.0, 14.99, 0.0, 0.0, 2.46, 13.74]","[0.057772, 0.081884, 0.025824, 0.030804, 0.018026, 0.0, 0.017636, 0.0, 0.0, 0.002844, 0.01584]",11
W1,Quetta,Bread plain (Small Size),"[100.0, 100.0, 100.0, 100.0, 100.0, 100.0, 114.65, 120.0, 120.0, 120.0, 120.0, 120.0]","[1, 2, 3, 4, 5, 6, 7, 8, 9, 10, 11, 12]","[0.0, 0.0, 0.0, 0.0, 0.0, 14.65, 5.35, 0.0, 0.0, 0.0, 0.0]","[0.0, 0.0, 0.0, 0.0, 0.0, 0.1465, 0.046664, 0.0, 0.0, 0.0, 0.0]",11
W1,Quetta,Chicken Farm Broiler (Live),"[445.02, 433.92, 479.57, 505.68, 501.96, 453.72, 433.0, 400.04, 387.37, 377.18, 460.01, 466.43]","[1, 2, 3, 4, 5, 6, 7, 8, 9, 10, 11, 12]","[-11.1, 45.65, 26.11, -3.72, -48.24, -20.72, -32.96, -12.67, -10.19, 82.83, 6.42]","[-0.024943, 0.105204, 0.054445, -0.007356, -0.096103, -0.045667, -0.07612, -0.031672, -0.026306, 0.219603, 0.013956]",11
W1,Quetta,Chilies Powder NATIONAL 200 gm Packet,"[215.0, 215.0, 215.0, 215.0, 293.26, 400.0, 400.0, 400.0, 400.0, 400.0, 400.0, 400.0]","[1, 2, 3, 4, 5, 6, 7, 8, 9, 10, 11, 12]","[0.0, 0.0, 0.0, 78.26, 106.74, 0.0, 0.0, 0.0, 0.0, 0.0, 0.0]","[0.0, 0.0, 0.0, 0.364, 0.363977, 0.0, 0.0, 0.0, 0.0, 0.0, 0.0]",11
W1,Quetta,Cigarettes Capstan 20'S Packet,"[220.0, 220.0, 220.0, 220.0, 220.0, 225.95, 230.0, 230.0, 227.96, 224.94, 224.94, 224.94]","[1, 2, 3, 4, 5, 6, 7, 8, 9, 10, 11, 12]","[0.0, 0.0, 0.0, 0.0, 5.95, 4.05, 0.0, -2.04, -3.02, 0.0, 0.0]","[0.0, 0.0, 0.0, 0.0, 0.027045, 0.017924, 0.0, -0.00887, -0.013248, 0.0, 0.0]",11
W1,Quetta,Cooked Beef at Average Hotel,"[278.93, 284.97, 304.97, 312.35, 319.9, 319.9, 319.9, 332.2, 344.98, 344.98, 344.98, 344.98]","[1, 2, 3, 4, 5, 6, 7, 8, 9, 10, 11, 12]","[6.04, 20.0, 7.38, 7.55, 0.0, 0.0, 12.3, 12.78, 0.0, 0.0, 0.0]","[0.021654, 0.070183, 0.024199, 0.024172, 0.0, 0.0, 0.03845, 0.038471, 0.0, 0.0, 0.0]",11
W1,Quetta,Cooked Daal at Average Hotel,"[129.74, 129.74, 139.76, 139.76, 139.76, 139.76, 139.76, 139.76, 139.76, 139.76, 139.76, 139.76]","[1, 2, 3, 4, 5, 6, 7, 8, 9, 10, 11, 12]","[0.0, 10.02, 0.0, 0.0, 0.0, 0.0, 0.0, 0.0, 0.0, 0.0, 0.0]","[0.0, 0.077231, 0.0, 0.0, 0.0, 0.0, 0.0, 0.0, 0.0, 0.0, 0.0]",11
W1,Quetta,"Cooking Oil DALDA or Other Similar Brand (SN), 5 Litre Tin","[3274.1, 3290.0, 3277.43, 3240.0, 3169.81, 3110.0, 2972.42, 2960.0, 2914.77, 2835.0, 2756.09, 2695.43]","[1, 2, 3, 4, 5, 6, 7, 8, 9, 10, 11, 12]","[15.9, -12.57, -37.43, -70.19, -59.81, -137.58, -12.42, -45.23, -79.77, -78.91, -60.66]","[0.004856, -0.003821, -0.011421, -0.021664, -0.018869, -0.044238, -0.004178, -0.01528, -0.027368, -0.027834, -0.022009]",11
W1,Quetta,Curd (Dahi) Loose,"[208.94, 220.0, 220.0, 220.0, 220.0, 220.0, 220.0, 220.0, 220.0, 220.0, 220.0, 220.0]","[1, 2, 3, 4, 5, 6, 7, 8, 9, 10, 11, 12]","[11.06, 0.0, 0.0, 0.0, 0.0, 0.0, 0.0, 0.0, 0.0, 0.0, 0.0]","[0.052934, 0.0, 0.0, 0.0, 0.0, 0.0, 0.0, 0.0, 0.0, 0.0, 0.0]",11
W1,Quetta,Eggs Hen (Farm),"[258.84, 267.34, 278.68, 268.54, 259.73, 300.87, 312.44, 321.07, 337.92, 368.19, 411.7, 344.4]","[1, 2, 3, 4, 5, 6, 7, 8, 9, 10, 11, 12]","[8.5, 11.34, -10.14, -8.81, 41.14, 11.57, 8.63, 16.85, 30.27, 43.51, -67.3]","[0.032839, 0.042418, -0.036386, -0.032807, 0.158395, 0.038455, 0.027621, 0.052481, 0.089577, 0.118173, -0.163469]",11
W1,Quetta,Electricity Charges upto 50 Units,"[6.47, 6.23, 6.15, 6.15, 6.45, 7.54, 7.57, 8.05, 7.4, 7.04, 7.31, 7.36]","[1, 2, 3, 4, 5, 6, 7, 8, 9, 10, 11, 12]","[-0.24, -0.08, 0.0, 0.3, 1.09, 0.03, 0.48, -0.65, -0.36, 0.27, 0.05]","[-0.037094, -0.012841, 0.0, 0.04878, 0.168992, 0.003979, 0.063408, -0.080745, -0.048649, 0.038352, 0.00684]",11
W1,Quetta,Energy Saver Philips 14 Watt,"[350.0, 350.0, 350.0, 350.0, 350.0, 350.0, 350.0, 350.0, 350.0, 350.0, 350.0, 350.0]","[1, 2, 3, 4, 5, 6, 7, 8, 9, 10, 11, 12]","[0.0, 0.0, 0.0, 0.0, 0.0, 0.0, 0.0, 0.0, 0.0, 0.0, 0.0]","[0.0, 0.0, 0.0, 0.0, 0.0, 0.0, 0.0, 0.0, 0.0, 0.0, 0.0]",11
W1,Quetta,Firewood Whole,"[1449.43, 1449.43, 1385.37, 1299.36, 1299.36, 1299.36, 1311.69, 1349.38, 1349.38, 1349.38, 1349.38, 1349.38]","[1, 2, 3, 4, 5, 6, 7, 8, 9, 10, 11, 12]","[0.0, -64.06, -86.01, 0.0, 0.0, 12.33, 37.69, 0.0, 0.0, 0.0, 0.0]","[0.0, -0.044197, -0.062084, 0.0, 0.0, 0.009489, 0.028734, 0.0, 0.0, 0.0, 0.0]",11
W1,Quetta,Garlic (Lehsun),"[476.15, 409.02, 379.78, 359.7, 349.9, 375.88, 402.75, 489.62, 541.4, 584.47, 586.17, 610.79]","[1, 2, 3, 4, 5, 6, 7, 8, 9, 10, 11, 12]","[-67.13, -29.24, -20.08, -9.8, 25.98, 26.87, 86.87, 51.78, 43.07, 1.7, 24.62]","[-0.140985, -0.071488, -0.052873, -0.027245, 0.07425, 0.071486, 0.215692, 0.105755, 0.079553, 0.002909, 0.042001]",11
W1,Quetta,Gas Charges upto 3.3719 MMBTU,"[295.0, 295.0, 295.0, 295.0, 295.0, 295.0, 295.0, 295.0, 846.99, 1711.0, 1711.0, 1843.75]","[1, 2, 3, 4, 5, 6, 7, 8, 9, 10, 11, 12]","[0.0, 0.0, 0.0, 0.0, 0.0, 0.0, 0.0, 551.99, 864.01, 0.0, 132.75]","[0.0, 0.0, 0.0, 0.0, 0.0, 0.0, 0.0, 1.871153, 1.020095, 0.0, 0.077586]",11
W1,Quetta,Gents Sandal Bata,"[1499.0, 1499.0, 1999.0, 1999.0, 1999.0, 2055.69, 2299.0, 2299.0, 2299.0, 2299.0, 2299.0, 2299.0]","[1, 2, 3, 4, 5, 6, 7, 8, 9, 10, 11, 12]","[0.0, 500.0, 0.0, 0.0, 56.69, 243.31, 0.0, 0.0, 0.0, 0.0, 0.0]","[0.0, 0.333556, 0.0, 0.0, 0.028359, 0.118359, 0.0, 0.0, 0.0, 0.0, 0.0]",11
W1,Quetta,Gents Sponge Chappal Bata,"[379.0, 379.0, 599.0, 599.0, 599.0, 599.0, 599.0, 599.0, 599.0, 599.0, 599.0, 599.0]","[1, 2, 3, 4, 5, 6, 7, 8, 9, 10, 11, 12]","[0.0, 220.0, 0.0, 0.0, 0.0, 0.0, 0.0, 0.0, 0.0, 0.0, 0.0]","[0.0, 0.580475, 0.0, 0.0, 0.0, 0.0, 0.0, 0.0, 0.0, 0.0, 0.0]",11
W1,Quetta,Georgette (Average Quality),"[187.57, 199.83, 199.83, 199.83, 199.83, 199.83, 199.83, 199.83, 199.83, 199.83, 210.6, 215.11]","[1, 2, 3, 4, 5, 6, 7, 8, 9, 10, 11, 12]","[12.26, 0.0, 0.0, 0.0, 0.0, 0.0, 0.0, 0.0, 0.0, 10.77, 4.51]","[0.065362, 0.0, 0.0, 0.0, 0.0, 0.0, 0.0, 0.0, 0.0, 0.053896, 0.021415]",11
W1,Quetta,Gur (Average Quality),"[169.8, 169.8, 187.27, 189.82, 193.5, 217.86, 257.96, 266.81, 276.87, 279.83, 242.68, 231.3]","[1, 2, 3, 4, 5, 6, 7, 8, 9, 10, 11, 12]","[0.0, 17.47, 2.55, 3.68, 24.36, 40.1, 8.85, 10.06, 2.96, -37.15, -11.38]","[0.0, 0.102886, 0.013617, 0.019387, 0.125891, 0.184063, 0.034308, 0.037705, 0.010691, -0.132759, -0.046893]",11
W1,Quetta,Hi-Speed Diesel,"[288.43, 293.7, 273.29, 253.7, 257.68, 285.93, 321.1, 311.36, 300.09, 283.68, 277.02, 282.11]","[1, 2, 3, 4, 5, 6, 7, 8, 9, 10, 11, 12]","[5.27, -20.41, -19.59, 3.98, 28.25, 35.17, -9.74, -11.27, -16.41, -6.66, 5.09]","[0.018271, -0.069493, -0.071682, 0.015688, 0.109632, 0.123002, -0.030333, -0.036196, -0.054684, -0.023477, 0.018374]",11
W1,Quetta,LPG 11.67 kg Cylinder,"[3654.3, 3387.19, 3287.37, 3141.28, 2899.39, 2893.16, 3056.11, 3124.73, 3179.66, 3274.94, 3333.97, 3398.17]","[1, 2, 3, 4, 5, 6, 7, 8, 9, 10, 11, 12]","[-267.11, -99.82, -146.09, -241.89, -6.23, 162.95, 68.62, 54.93, 95.28, 59.03, 64.2]","[-0.073095, -0.02947, -0.04444, -0.077004, -0.002149, 0.056322, 0.022453, 0.017579, 0.029965, 0.018025, 0.019256]",11
W1,Quetta,Ladies Sandal Bata,"[699.0, 699.0, 799.0, 799.0, 799.0, 799.0, 799.0, 799.0, 799.0, 799.0, 799.0, 799.0]","[1, 2, 3, 4, 5, 6, 7, 8, 9, 10, 11, 12]","[0.0, 100.0, 0.0, 0.0, 0.0, 0.0, 0.0, 0.0, 0.0, 0.0, 0.0]","[0.0, 0.143062, 0.0, 0.0, 0.0, 0.0, 0.0, 0.0, 0.0, 0.0, 0.0]",11
W1,Quetta,Lawn Printed Gul Ahmed/Al Karam,"[536.25, 598.61, 598.61, 598.61, 623.16, 648.72, 648.72, 648.72, 648.72, 648.72, 648.72, 648.72]","[1, 2, 3, 4, 5, 6, 7, 8, 9, 10, 11, 12]","[62.36, 0.0, 0.0, 24.55, 25.56, 0.0, 0.0, 0.0, 0.0, 0.0, 0.0]","[0.116289, 0.0, 0.0, 0.041012, 0.041017, 0.0, 0.0, 0.0, 0.0, 0.0, 0.0]",11
W1,Quetta,"Long Cloth 57"" Gul Ahmed/Al Karam","[586.57, 648.72, 648.72, 648.72, 648.72, 648.72, 648.72, 648.72, 648.72, 648.72, 648.72, 648.72]","[1, 2, 3, 4, 5, 6, 7, 8, 9, 10, 11, 12]","[62.15, 0.0, 0.0, 0.0, 0.0, 0.0, 0.0, 0.0, 0.0, 0.0, 0.0]","[0.105955, 0.0, 0.0, 0.0, 0.0, 0.0, 0.0, 0.0, 0.0, 0.0, 0.0]",11
W1,Quetta,Match Box,"[5.0, 5.0, 5.0, 5.0, 5.0, 5.0, 5.0, 5.0, 5.19, 5.48, 5.84, 5.9]","[1, 2, 3, 4, 5, 6, 7, 8, 9, 10, 11, 12]","[0.0, 0.0, 0.0, 0.0, 0.0, 0.0, 0.0, 0.19, 0.29, 0.36, 0.06]","[0.0, 0.0, 0.0, 0.0, 0.0, 0.0, 0.0, 0.038, 0.055877, 0.065693, 0.010274]",11
W1,Quetta,Milk fresh (Un-boiled),"[191.27, 200.0, 200.0, 200.0, 200.0, 200.0, 200.0, 200.0, 200.0, 200.0, 200.0, 200.0]","[1, 2, 3, 4, 5, 6, 7, 8, 9, 10, 11, 12]","[8.73, 0.0, 0.0, 0.0, 0.0, 0.0, 0.0, 0.0, 0.0, 0.0, 0.0]","[0.045642, 0.0, 0.0, 0.0, 0.0, 0.0, 0.0, 0.0, 0.0, 0.0, 0.0]",11
W1,Quetta,Mustard Oil (Average Quality),"[577.75, 584.92, 584.92, 584.92, 584.92, 584.92, 584.92, 584.92, 574.75, 574.75, 562.92, 555.7]","[1, 2, 3, 4, 5, 6, 7, 8, 9, 10, 11, 12]","[7.17, 0.0, 0.0, 0.0, 0.0, 0.0, 0.0, -10.17, 0.0, -11.83, -7.22]","[0.01241, 0.0, 0.0, 0.0, 0.0, 0.0, 0.0, -0.017387, 0.0, -0.020583, -0.012826]",11
W1,Quetta,Mutton (Average Quality),"[1568.97, 1649.49, 1649.49, 1649.49, 1649.49, 1649.49, 1649.49, 1705.86, 1724.58, 1724.58, 1734.1, 1774.57]","[1, 2, 3, 4, 5, 6, 7, 8, 9, 10, 11, 12]","[80.52, 0.0, 0.0, 0.0, 0.0, 0.0, 56.37, 18.72, 0.0, 9.52, 40.47]","[0.05132, 0.0, 0.0, 0.0, 0.0, 0.0, 0.034174, 0.010974, 0.0, 0.00552, 0.023338]",11
W1,Quetta,Onions,"[143.5, 92.83, 59.65, 54.85, 49.58, 54.85, 56.09, 74.89, 107.98, 151.21, 193.39, 201.76]","[1, 2, 3, 4, 5, 6, 7, 8, 9, 10, 11, 12]","[-50.67, -33.18, -4.8, -5.27, 5.27, 1.24, 18.8, 33.09, 43.23, 42.18, 8.37]","[-0.353101, -0.357428, -0.080469, -0.09608, 0.106293, 0.022607, 0.335176, 0.441848, 0.400352, 0.27895, 0.04328]",11
W1,Quetta,Petrol Super,"[270.62, 277.54, 276.53, 262.6, 258.06, 283.92, 318.76, 303.54, 282.96, 275.05, 264.09, 272.29]","[1, 2, 3, 4, 5, 6, 7, 8, 9, 10, 11, 12]","[6.92, -1.01, -13.93, -4.54, 25.86, 34.84, -15.22, -20.58, -7.91, -10.96, 8.2]","[0.025571, -0.003639, -0.050374, -0.017289, 0.100209, 0.122711, -0.047748, -0.0678, -0.027954, -0.039847, 0.03105]",11
W1,Quetta,Potatoes,"[50.24, 64.48, 74.89, 74.89, 84.9, 90.77, 87.3, 87.3, 92.29, 78.27, 58.52, 60.36]","[1, 2, 3, 4, 5, 6, 7, 8, 9, 10, 11, 12]","[14.24, 10.41, 0.0, 10.01, 5.87, -3.47, 0.0, 4.99, -14.02, -19.75, 1.84]","[0.283439, 0.161445, 0.0, 0.133663, 0.06914, -0.038228, 0.0, 0.057159, -0.151912, -0.252332, 0.031442]",11
W1,Quetta,Powdered Milk NIDO 390 gm Polybag,"[680.0, 680.0, 740.0, 740.0, 749.93, 803.76, 834.87, 850.0, 850.0, 850.0, 850.0, 850.0]","[1, 2, 3, 4, 5, 6, 7, 8, 9, 10, 11, 12]","[0.0, 60.0, 0.0, 9.93, 53.83, 31.11, 15.13, 0.0, 0.0, 0.0, 0.0]","[0.0, 0.088235, 0.0, 0.013419, 0.07178, 0.038706, 0.018123, 0.0, 0.0, 0.0, 0.0]",11
W1,Quetta,Pulse Gram,"[307.9, 289.93, 284.7, 274.97, 264.97, 269.92, 279.93, 282.44, 280.93, 289.1, 289.93, 292.45]","[1, 2, 3, 4, 5, 6, 7, 8, 9, 10, 11, 12]","[-17.97, -5.23, -9.73, -10.0, 4.95, 10.01, 2.51, -1.51, 8.17, 0.83, 2.52]","[-0.058363, -0.018039, -0.034176, -0.036368, 0.018681, 0.037085, 0.008967, -0.005346, 0.029082, 0.002871, 0.008692]",11
W1,Quetta,Pulse Mash (Washed),"[454.98, 454.98, 482.46, 494.98, 512.46, 522.96, 549.87, 573.66, 564.97, 573.7, 558.34, 581.62]","[1, 2, 3, 4, 5, 6, 7, 8, 9, 10, 11, 12]","[0.0, 27.48, 12.52, 17.48, 10.5, 26.91, 23.79, -8.69, 8.73, -15.36, 23.28]","[0.0, 0.060398, 0.02595, 0.035315, 0.020489, 0.051457, 0.043265, -0.015148, 0.015452, -0.026774, 0.041695]",11
W1,Quetta,Pulse Masoor (Washed),"[314.97, 314.97, 324.97, 299.76, 274.97, 293.78, 304.12, 333.6, 329.63, 367.56, 366.11, 371.76]","[1, 2, 3, 4, 5, 6, 7, 8, 9, 10, 11, 12]","[0.0, 10.0, -25.21, -24.79, 18.81, 10.34, 29.48, -3.97, 37.93, -1.45, 5.65]","[0.0, 0.031749, -0.077576, -0.082699, 0.068407, 0.035196, 0.096935, -0.0119, 0.115068, -0.003945, 0.015433]",11
W1,Quetta,Pulse Moong (Washed),"[340.94, 332.45, 342.45, 307.44, 294.97, 305.89, 313.62, 332.45, 319.93, 341.37, 346.1, 366.76]","[1, 2, 3, 4, 5, 6, 7, 8, 9, 10, 11, 12]","[-8.49, 10.0, -35.01, -12.47, 10.92, 7.73, 18.83, -12.52, 21.44, 4.73, 20.66]","[-0.024902, 0.03008, -0.102234, -0.040561, 0.037021, 0.025271, 0.060041, -0.03766, 0.067015, 0.013856, 0.059694]",11
W1,Quetta,Rice Basmati Broken (Average Quality),"[214.87, 247.33, 262.34, 269.92, 274.97, 274.97, 274.97, 269.87, 254.97, 262.43, 264.97, 268.71]","[1, 2, 3, 4, 5, 6, 7, 8, 9, 10, 11, 12]","[32.46, 15.01, 7.58, 5.05, 0.0, 0.0, -5.1, -14.9, 7.46, 2.54, 3.74]","[0.151068, 0.060688, 0.028894, 0.018709, 0.0, 0.0, -0.018547, -0.055212, 0.029258, 0.009679, 0.014115]",11
W1,Quetta,Rice IRRI-6/9 (Sindh/Punjab),"[128.84, 139.85, 144.94, 144.94, 144.94, 156.52, 184.95, 184.95, 184.95, 184.95, 184.95, 184.95]","[1, 2, 3, 4, 5, 6, 7, 8, 9, 10, 11, 12]","[11.01, 5.09, 0.0, 0.0, 11.58, 28.43, 0.0, 0.0, 0.0, 0.0, 0.0]","[0.085455, 0.036396, 0.0, 0.0, 0.079895, 0.181638, 0.0, 0.0, 0.0, 0.0, 0.0]",11
W1,Quetta,Salt Powdered (NATIONAL/SHAN) 800 gm Packet,"[50.0, 50.0, 50.0, 50.0, 50.0, 50.0, 60.0, 60.0, 60.0, 63.57, 64.81, 67.4]","[1, 2, 3, 4, 5, 6, 7, 8, 9, 10, 11, 12]","[0.0, 0.0, 0.0, 0.0, 0.0, 10.0, 0.0, 0.0, 3.57, 1.24, 2.59]","[0.0, 0.0, 0.0, 0.0, 0.0, 0.2, 0.0, 0.0, 0.0595, 0.019506, 0.039963]",11
W1,Quetta,Shirting (Average Quality),"[200.78, 209.84, 212.3, 219.85, 224.79, 229.85, 229.85, 229.85, 229.85, 229.85, 229.85, 229.85]","[1, 2, 3, 4, 5, 6, 7, 8, 9, 10, 11, 12]","[9.06, 2.46, 7.55, 4.94, 5.06, 0.0, 0.0, 0.0, 0.0, 0.0, 0.0]","[0.045124, 0.011723, 0.035563, 0.02247, 0.02251, 0.0, 0.0, 0.0, 0.0, 0.0, 0.0]",11
W1,Quetta,Sufi Washing Soap 250 gm Cake,"[110.0, 110.0, 120.0, 120.0, 120.0, 120.0, 120.0, 124.9, 130.0, 130.0, 130.0, 130.0]","[1, 2, 3, 4, 5, 6, 7, 8, 9, 10, 11, 12]","[0.0, 10.0, 0.0, 0.0, 0.0, 0.0, 4.9, 5.1, 0.0, 0.0, 0.0]","[0.0, 0.090909, 0.0, 0.0, 0.0, 0.0, 0.040833, 0.040833, 0.0, 0.0, 0.0]",11
W1,Quetta,Sugar Refined,"[106.33, 127.99, 135.74, 134.99, 145.58, 166.31, 177.37, 159.6, 161.9, 162.33, 161.44, 159.33]","[1, 2, 3, 4, 5, 6, 7, 8, 9, 10, 11, 12]","[21.66, 7.75, -0.75, 10.59, 20.73, 11.06, -17.77, 2.3, 0.43, -0.89, -2.11]","[0.203705, 0.060552, -0.005525, 0.07845, 0.142396, 0.066502, -0.100186, 0.014411, 0.002656, -0.005483, -0.01307]",11
W1,Quetta,Tea Lipton Yellow Label 190 gm Packet,"[413.53, 480.72, 558.82, 558.82, 558.82, 558.82, 558.82, 550.78, 542.85, 542.85, 542.85, 542.85]","[1, 2, 3, 4, 5, 6, 7, 8, 9, 10, 11, 12]","[67.19, 78.1, 0.0, 0.0, 0.0, 0.0, -8.04, -7.93, 0.0, 0.0, 0.0]","[0.162479, 0.162465, 0.0, 0.0, 0.0, 0.0, -0.014387, -0.014398, 0.0, 0.0, 0.0]",11
W1,Quetta,Tea Prepared Ordinary,"[43.73, 50.0, 54.77, 60.0, 64.81, 70.0, 70.0, 70.0, 70.0, 70.0, 70.0, 70.0]","[1, 2, 3, 4, 5, 6, 7, 8, 9, 10, 11, 12]","[6.27, 4.77, 5.23, 4.81, 5.19, 0.0, 0.0, 0.0, 0.0, 0.0, 0.0]","[0.14338, 0.0954, 0.09549, 0.080167, 0.08008, 0.0, 0.0, 0.0, 0.0, 0.0, 0.0]",11
W1,Quetta,Telephone Call Charges,"[1.79, 1.79, 1.79, 1.79, 1.79, 1.79, 1.79, 1.79, 1.79, 1.79, 1.79, 1.79]","[1, 2, 3, 4, 5, 6, 7, 8, 9, 10, 11, 12]","[0.0, 0.0, 0.0, 0.0, 0.0, 0.0, 0.0, 0.0, 0.0, 0.0, 0.0]","[0.0, 0.0, 0.0, 0.0, 0.0, 0.0, 0.0, 0.0, 0.0, 0.0, 0.0]",11
W1,Quetta,Toilet Soap LIFEBUOY 115 gm,"[93.87, 93.87, 97.99, 109.11, 111.48, 111.48, 111.48, 111.48, 111.48, 111.48, 111.48, 111.48]","[1, 2, 3, 4, 5, 6, 7, 8, 9, 10, 11, 12]","[0.0, 4.12, 11.12, 2.37, 0.0, 0.0, 0.0, 0.0, 0.0, 0.0, 0.0]","[0.0, 0.04389, 0.113481, 0.021721, 0.0, 0.0, 0.0, 0.0, 0.0, 0.0, 0.0]",11
W1,Quetta,Tomatoes,"[55.7, 52.15, 47.13, 54.38, 54.85, 93.87, 83.4, 90.87, 148.66, 113.79, 133.31, 115.81]","[1, 2, 3, 4, 5, 6, 7, 8, 9, 10, 11, 12]","[-3.55, -5.02, 7.25, 0.47, 39.02, -10.47, 7.47, 57.79, -34.87, 19.52, -17.5]","[-0.063734, -0.096261, 0.15383, 0.008643, 0.711395, -0.111537, 0.089568, 0.635963, -0.234562, 0.171544, -0.131273]",11
W1,Quetta,Vegetable Ghee DALDA/HABIB 2.5 kg Tin,"[1543.53, 1550.0, 1550.0, 1526.99, 1460.0, 1435.87, 1420.0, 1406.87, 1376.57, 1310.0, 1310.0, 1297.5]","[1, 2, 3, 4, 5, 6, 7, 8, 9, 10, 11, 12]","[6.47, 0.0, -23.01, -66.99, -24.13, -15.87, -13.13, -30.3, -66.57, 0.0, -12.5]","[0.004192, 0.0, -0.014845, -0.043871, -0.016527, -0.011053, -0.009246, -0.021537, -0.048359, 0.0, -0.009542]",11
W1,Quetta,Vegetable Ghee DALDA/HABIB or Other Superior Quality 1 kg Pouch,"[616.92, 605.0, 605.0, 580.96, 569.0, 554.94, 547.0, 547.0, 522.13, 509.0, 505.23, 502.12]","[1, 2, 3, 4, 5, 6, 7, 8, 9, 10, 11, 12]","[-11.92, 0.0, -24.04, -11.96, -14.06, -7.94, 0.0, -24.87, -13.13, -3.77, -3.11]","[-0.019322, 0.0, -0.039736, -0.020587, -0.02471, -0.014308, 0.0, -0.045466, -0.025147, -0.007407, -0.006156]",11
W1,Quetta,Wheat Flour Bag,"[2783.35, 2834.98, 2942.41, 2672.2, 2779.43, 2878.81, 2797.33, 2702.09, 2771.02, 2851.24, 2890.29, 2842.42]","[1, 2, 3, 4, 5, 6, 7, 8, 9, 10, 11, 12]","[51.63, 107.43, -270.21, 107.23, 99.38, -81.48, -95.24, 68.93, 80.22, 39.05, -47.87]","[0.01855, 0.037894, -0.091833, 0.040128, 0.035756, -0.028303, -0.034047, 0.02551, 0.02895, 0.013696, -0.016562]",11
W1,Rawalpindi,Bananas (Kela) Local,"[315.49, 373.69, 338.44, 276.38, 240.68, 198.96, 171.75, 159.98, 149.85, 161.97, 175.07, 213.16]","[1, 2, 3, 4, 5, 6, 7, 8, 9, 10, 11, 12]","[58.2, -35.25, -62.06, -35.7, -41.72, -27.21, -11.77, -10.13, 12.12, 13.1, 38.09]","[0.184475, -0.09433, -0.183371, -0.12917, -0.173342, -0.136761, -0.06853, -0.06332, 0.080881, 0.080879, 0.21757]",11
W1,Rawalpindi,Beef with Bone (Average Quality),"[800.79, 820.44, 854.94, 913.42, 931.9, 943.44, 947.97, 955.29, 965.45, 970.62, 970.62, 1011.92]","[1, 2, 3, 4, 5, 6, 7, 8, 9, 10, 11, 12]","[19.65, 34.5, 58.48, 18.48, 11.54, 4.53, 7.32, 10.16, 5.17, 0.0, 41.3]","[0.024538, 0.042051, 0.068402, 0.020232, 0.012383, 0.004802, 0.007722, 0.010636, 0.005355, 0.0, 0.04255]",11
W1,Rawalpindi,Bread plain (Small Size),"[100.0, 108.0, 116.64, 116.72, 118.48, 120.0, 120.0, 120.0, 120.0, 120.0, 120.0, 120.0]","[1, 2, 3, 4, 5, 6, 7, 8, 9, 10, 11, 12]","[8.0, 8.64, 0.08, 1.76, 1.52, 0.0, 0.0, 0.0, 0.0, 0.0, 0.0]","[0.08, 0.08, 0.000686, 0.015079, 0.012829, 0.0, 0.0, 0.0, 0.0, 0.0, 0.0]",11
W1,Rawalpindi,Chicken Farm Broiler (Live),"[379.65, 375.85, 426.17, 437.85, 414.18, 411.31, 377.69, 332.37, 354.18, 348.28, 423.89, 424.26]","[1, 2, 3, 4, 5, 6, 7, 8, 9, 10, 11, 12]","[-3.8, 50.32, 11.68, -23.67, -2.87, -33.62, -45.32, 21.81, -5.9, 75.61, 0.37]","[-0.010009, 0.133883, 0.027407, -0.05406, -0.006929, -0.081739, -0.119993, 0.06562, -0.016658, 0.217095, 0.000873]",11
W1,Rawalpindi,Chilies Powder NATIONAL 200 gm Packet,"[215.0, 215.0, 215.0, 215.0, 293.26, 400.0, 400.0, 400.0, 400.0, 400.0, 400.0, 400.0]","[1, 2, 3, 4, 5, 6, 7, 8, 9, 10, 11, 12]","[0.0, 0.0, 0.0, 78.26, 106.74, 0.0, 0.0, 0.0, 0.0, 0.0, 0.0]","[0.0, 0.0, 0.0, 0.364, 0.363977, 0.0, 0.0, 0.0, 0.0, 0.0, 0.0]",11
W1,Rawalpindi,Cigarettes Capstan 20'S Packet,"[220.0, 220.0, 220.0, 220.0, 220.0, 220.0, 220.0, 220.0, 220.0, 220.0, 220.0, 220.0]","[1, 2, 3, 4, 5, 6, 7, 8, 9, 10, 11, 12]","[0.0, 0.0, 0.0, 0.0, 0.0, 0.0, 0.0, 0.0, 0.0, 0.0, 0.0]","[0.0, 0.0, 0.0, 0.0, 0.0, 0.0, 0.0, 0.0, 0.0, 0.0, 0.0]",11
W1,Rawalpindi,Cooked Beef at Average Hotel,"[233.04, 233.04, 238.2, 239.95, 242.19, 244.46, 247.25, 255.83, 255.83, 270.81, 275.99, 280.73]","[1, 2, 3, 4, 5, 6, 7, 8, 9, 10, 11, 12]","[0.0, 5.16, 1.75, 2.24, 2.27, 2.79, 8.58, 0.0, 14.98, 5.18, 4.74]","[0.0, 0.022142, 0.007347, 0.009335, 0.009373, 0.011413, 0.034702, 0.0, 0.058555, 0.019128, 0.017175]",11
W1,Rawalpindi,Cooked Daal at Average Hotel,"[160.81, 162.71, 169.5, 171.38, 174.87, 179.45, 181.06, 185.22, 185.22, 194.91, 198.25, 202.7]","[1, 2, 3, 4, 5, 6, 7, 8, 9, 10, 11, 12]","[1.9, 6.79, 1.88, 3.49, 4.58, 1.61, 4.16, 0.0, 9.69, 3.34, 4.45]","[0.011815, 0.041731, 0.011091, 0.020364, 0.026191, 0.008972, 0.022976, 0.0, 0.052316, 0.017136, 0.022446]",11
W1,Rawalpindi,"Cooking Oil DALDA or Other Similar Brand (SN), 5 Litre Tin","[3329.64, 3290.0, 3290.0, 3154.06, 3084.9, 2903.01, 2960.0, 2922.26, 2813.13, 2762.77, 2745.0, 2680.0]","[1, 2, 3, 4, 5, 6, 7, 8, 9, 10, 11, 12]","[-39.64, 0.0, -135.94, -69.16, -181.89, 56.99, -37.74, -109.13, -50.36, -17.77, -65.0]","[-0.011905, 0.0, -0.041319, -0.021927, -0.058961, 0.019631, -0.01275, -0.037344, -0.017902, -0.006432, -0.023679]",11
W1,Rawalpindi,Curd (Dahi) Loose,"[204.41, 206.73, 209.0, 215.12, 223.9, 231.08, 231.08, 231.08, 231.08, 231.08, 231.08, 231.75]","[1, 2, 3, 4, 5, 6, 7, 8, 9, 10, 11, 12]","[2.32, 2.27, 6.12, 8.78, 7.18, 0.0, 0.0, 0.0, 0.0, 0.0, 0.67]","[0.01135, 0.010981, 0.029282, 0.040814, 0.032068, 0.0, 0.0, 0.0, 0.0, 0.0, 0.002899]",11
W1,Rawalpindi,Eggs Hen (Farm),"[245.16, 270.1, 286.2, 255.57, 256.89, 301.49, 299.28, 321.34, 339.58, 372.8, 416.49, 344.81]","[1, 2, 3, 4, 5, 6, 7, 8, 9, 10, 11, 12]","[24.94, 16.1, -30.63, 1.32, 44.6, -2.21, 22.06, 18.24, 33.22, 43.69, -71.68]","[0.101729, 0.059608, -0.107023, 0.005165, 0.173615, -0.00733, 0.07371, 0.056762, 0.097827, 0.117194, -0.172105]",11
W1,Rawalpindi,Electricity Charges upto 50 Units,"[6.47, 6.23, 6.15, 6.15, 6.45, 7.54, 7.57, 8.05, 7.4, 7.04, 7.31, 7.36]","[1, 2, 3, 4, 5, 6, 7, 8, 9, 10, 11, 12]","[-0.24, -0.08, 0.0, 0.3, 1.09, 0.03, 0.48, -0.65, -0.36, 0.27, 0.05]","[-0.037094, -0.012841, 0.0, 0.04878, 0.168992, 0.003979, 0.063408, -0.080745, -0.048649, 0.038352, 0.00684]",11
W1,Rawalpindi,Energy Saver Philips 14 Watt,"[241.54, 241.8, 250.93, 260.4, 260.4, 260.4, 260.4, 260.4, 260.4, 260.4, 260.4, 260.4]","[1, 2, 3, 4, 5, 6, 7, 8, 9, 10, 11, 12]","[0.26, 9.13, 9.47, 0.0, 0.0, 0.0, 0.0, 0.0, 0.0, 0.0, 0.0]","[0.001076, 0.037758, 0.03774, 0.0, 0.0, 0.0, 0.0, 0.0, 0.0, 0.0, 0.0]",11
W1,Rawalpindi,Firewood Whole,"[1365.2, 1365.2, 1365.2, 1365.2, 1365.2, 1365.2, 1365.2, 1365.2, 1365.2, 1434.39, 1507.08, 1507.08]","[1, 2, 3, 4, 5, 6, 7, 8, 9, 10, 11, 12]","[0.0, 0.0, 0.0, 0.0, 0.0, 0.0, 0.0, 0.0, 69.19, 72.69, 0.0]","[0.0, 0.0, 0.0, 0.0, 0.0, 0.0, 0.0, 0.0, 0.050681, 0.050677, 0.0]",11
W1,Rawalpindi,Garlic (Lehsun),"[454.93, 438.28, 435.15, 435.15, 438.95, 517.57, 511.57, 544.14, 573.94, 616.7, 641.15, 632.77]","[1, 2, 3, 4, 5, 6, 7, 8, 9, 10, 11, 12]","[-16.65, -3.13, 0.0, 3.8, 78.62, -6.0, 32.57, 29.8, 42.76, 24.45, -8.38]","[-0.036599, -0.007142, 0.0, 0.008733, 0.179109, -0.011593, 0.063667, 0.054765, 0.074503, 0.039647, -0.01307]",11
W1,Rawalpindi,Gas Charges upto 3.3719 MMBTU,"[295.0, 295.0, 295.0, 295.0, 295.0, 295.0, 295.0, 295.0, 846.99, 1711.0, 1711.0, 1843.75]","[1, 2, 3, 4, 5, 6, 7, 8, 9, 10, 11, 12]","[0.0, 0.0, 0.0, 0.0, 0.0, 0.0, 0.0, 551.99, 864.01, 0.0, 132.75]","[0.0, 0.0, 0.0, 0.0, 0.0, 0.0, 0.0, 1.871153, 1.020095, 0.0, 0.077586]",11
W1,Rawalpindi,Gents Sandal Bata,"[1499.0, 1499.0, 1999.0, 1999.0, 1999.0, 2055.69, 2299.0, 2299.0, 2299.0, 2299.0, 2299.0, 2299.0]","[1, 2, 3, 4, 5, 6, 7, 8, 9, 10, 11, 12]","[0.0, 500.0, 0.0, 0.0, 56.69, 243.31, 0.0, 0.0, 0.0, 0.0, 0.0]","[0.0, 0.333556, 0.0, 0.0, 0.028359, 0.118359, 0.0, 0.0, 0.0, 0.0, 0.0]",11
W1,Rawalpindi,Gents Sponge Chappal Bata,"[379.0, 379.0, 599.0, 599.0, 599.0, 599.0, 599.0, 599.0, 599.0, 599.0, 599.0, 599.0]","[1, 2, 3, 4, 5, 6, 7, 8, 9, 10, 11, 12]","[0.0, 220.0, 0.0, 0.0, 0.0, 0.0, 0.0, 0.0, 0.0, 0.0, 0.0]","[0.0, 0.580475, 0.0, 0.0, 0.0, 0.0, 0.0, 0.0, 0.0, 0.0, 0.0]",11
W1,Rawalpindi,Georgette (Average Quality),"[292.12, 295.8, 295.8, 295.8, 295.8, 295.8, 295.8, 295.8, 295.8, 297.8, 298.47, 308.77]","[1, 2, 3, 4, 5, 6, 7, 8, 9, 10, 11, 12]","[3.68, 0.0, 0.0, 0.0, 0.0, 0.0, 0.0, 0.0, 2.0, 0.67, 10.3]","[0.012598, 0.0, 0.0, 0.0, 0.0, 0.0, 0.0, 0.0, 0.006761, 0.00225, 0.034509]",11
W1,Rawalpindi,Gur (Average Quality),"[159.19, 165.08, 171.18, 171.18, 175.23, 183.42, 203.15, 203.15, 203.15, 203.15, 203.15, 207.48]","[1, 2, 3, 4, 5, 6, 7, 8, 9, 10, 11, 12]","[5.89, 6.1, 0.0, 4.05, 8.19, 19.73, 0.0, 0.0, 0.0, 0.0, 4.33]","[0.037, 0.036952, 0.0, 0.023659, 0.046739, 0.107567, 0.0, 0.0, 0.0, 0.0, 0.021314]",11
W1,Rawalpindi,Hi-Speed Diesel,"[288.45, 293.73, 273.34, 253.76, 257.91, 285.98, 321.18, 311.43, 300.14, 283.74, 277.07, 282.17]","[1, 2, 3, 4, 5, 6, 7, 8, 9, 10, 11, 12]","[5.28, -20.39, -19.58, 4.15, 28.07, 35.2, -9.75, -11.29, -16.4, -6.67, 5.1]","[0.018305, -0.069417, -0.071632, 0.016354, 0.108836, 0.123086, -0.030357, -0.036252, -0.054641, -0.023507, 0.018407]",11
W1,Rawalpindi,LPG 11.67 kg Cylinder,"[3646.94, 3576.44, 3503.87, 2784.09, 2559.41, 2923.09, 3137.8, 3330.26, 3360.38, 3423.22, 3483.12, 3499.12]","[1, 2, 3, 4, 5, 6, 7, 8, 9, 10, 11, 12]","[-70.5, -72.57, -719.78, -224.68, 363.68, 214.71, 192.46, 30.12, 62.84, 59.9, 16.0]","[-0.019331, -0.020291, -0.205424, -0.080701, 0.142095, 0.073453, 0.061336, 0.009044, 0.0187, 0.017498, 0.004594]",11
W1,Rawalpindi,Ladies Sandal Bata,"[699.0, 699.0, 799.0, 799.0, 799.0, 799.0, 799.0, 799.0, 799.0, 799.0, 799.0, 799.0]","[1, 2, 3, 4, 5, 6, 7, 8, 9, 10, 11, 12]","[0.0, 100.0, 0.0, 0.0, 0.0, 0.0, 0.0, 0.0, 0.0, 0.0, 0.0]","[0.0, 0.143062, 0.0, 0.0, 0.0, 0.0, 0.0, 0.0, 0.0, 0.0, 0.0]",11
W1,Rawalpindi,Lawn Printed Gul Ahmed/Al Karam,"[374.99, 379.07, 379.07, 379.07, 379.07, 379.07, 414.05, 426.41, 426.41, 426.41, 426.41, 440.38]","[1, 2, 3, 4, 5, 6, 7, 8, 9, 10, 11, 12]","[4.08, 0.0, 0.0, 0.0, 0.0, 34.98, 12.36, 0.0, 0.0, 0.0, 13.97]","[0.01088, 0.0, 0.0, 0.0, 0.0, 0.092278, 0.029851, 0.0, 0.0, 0.0, 0.032762]",11
W1,Rawalpindi,"Long Cloth 57"" Gul Ahmed/Al Karam","[479.6, 487.04, 487.04, 487.04, 487.04, 487.04, 529.04, 543.83, 543.83, 549.88, 551.91, 569.15]","[1, 2, 3, 4, 5, 6, 7, 8, 9, 10, 11, 12]","[7.44, 0.0, 0.0, 0.0, 0.0, 42.0, 14.79, 0.0, 6.05, 2.03, 17.24]","[0.015513, 0.0, 0.0, 0.0, 0.0, 0.086235, 0.027956, 0.0, 0.011125, 0.003692, 0.031237]",11
W1,Rawalpindi,Match Box,"[5.0, 5.0, 5.0, 5.0, 5.44, 5.57, 5.84, 6.0, 6.0, 6.0, 6.0, 6.0]","[1, 2, 3, 4, 5, 6, 7, 8, 9, 10, 11, 12]","[0.0, 0.0, 0.0, 0.44, 0.13, 0.27, 0.16, 0.0, 0.0, 0.0, 0.0]","[0.0, 0.0, 0.0, 0.088, 0.023897, 0.048474, 0.027397, 0.0, 0.0, 0.0, 0.0]",11
W1,Rawalpindi,Milk fresh (Un-boiled),"[186.39, 190.58, 191.43, 195.16, 208.18, 211.77, 211.77, 211.77, 211.77, 211.77, 211.77, 212.44]","[1, 2, 3, 4, 5, 6, 7, 8, 9, 10, 11, 12]","[4.19, 0.85, 3.73, 13.02, 3.59, 0.0, 0.0, 0.0, 0.0, 0.0, 0.67]","[0.02248, 0.00446, 0.019485, 0.066714, 0.017245, 0.0, 0.0, 0.0, 0.0, 0.0, 0.003164]",11
W1,Rawalpindi,Mustard Oil (Average Quality),"[674.55, 674.55, 674.55, 674.55, 674.55, 674.55, 674.55, 672.72, 667.24, 663.89, 653.94, 653.94]","[1, 2, 3, 4, 5, 6, 7, 8, 9, 10, 11, 12]","[0.0, 0.0, 0.0, 0.0, 0.0, 0.0, -1.83, -5.48, -3.35, -9.95, 0.0]","[0.0, 0.0, 0.0, 0.0, 0.0, 0.0, -0.002713, -0.008146, -0.005021, -0.014987, 0.0]",11
W1,Rawalpindi,Mutton (Average Quality),"[1662.47, 1722.7, 1807.4, 1899.19, 1919.41, 1948.67, 1955.99, 1960.12, 1976.48, 1993.1, 1995.63, 2047.06]","[1, 2, 3, 4, 5, 6, 7, 8, 9, 10, 11, 12]","[60.23, 84.7, 91.79, 20.22, 29.26, 7.32, 4.13, 16.36, 16.62, 2.53, 51.43]","[0.036229, 0.049167, 0.050786, 0.010647, 0.015244, 0.003756, 0.002111, 0.008346, 0.008409, 0.001269, 0.025771]",11
W1,Rawalpindi,Onions,"[163.56, 111.29, 74.75, 70.33, 74.48, 83.58, 110.91, 127.68, 147.86, 192.72, 235.23, 251.6]","[1, 2, 3, 4, 5, 6, 7, 8, 9, 10, 11, 12]","[-52.27, -36.54, -4.42, 4.15, 9.1, 27.33, 16.77, 20.18, 44.86, 42.51, 16.37]","[-0.319577, -0.328331, -0.05913, 0.059008, 0.12218, 0.326992, 0.151204, 0.158051, 0.303395, 0.220579, 0.069591]",11
W1,Rawalpindi,Petrol Super,"[270.71, 277.69, 276.68, 262.76, 258.21, 284.07, 318.87, 303.54, 283.0, 275.1, 264.11, 272.35]","[1, 2, 3, 4, 5, 6, 7, 8, 9, 10, 11, 12]","[6.98, -1.01, -13.92, -4.55, 25.86, 34.8, -15.33, -20.54, -7.9, -10.99, 8.24]","[0.025784, -0.003637, -0.050311, -0.017316, 0.100151, 0.122505, -0.048076, -0.067668, -0.027915, -0.039949, 0.031199]",11
W1,Rawalpindi,Potatoes,"[63.77, 82.52, 96.85, 100.17, 107.99, 113.89, 112.46, 118.6, 135.43, 104.68, 80.47, 79.84]","[1, 2, 3, 4, 5, 6, 7, 8, 9, 10, 11, 12]","[18.75, 14.33, 3.32, 7.82, 5.9, -1.43, 6.14, 16.83, -30.75, -24.21, -0.63]","[0.294025, 0.173655, 0.03428, 0.078067, 0.054635, -0.012556, 0.054597, 0.141906, -0.227055, -0.231276, -0.007829]",11
W1,Rawalpindi,Powdered Milk NIDO 390 gm Polybag,"[680.0, 680.0, 740.0, 740.0, 740.0, 820.0, 820.0, 820.0, 824.25, 829.97, 834.65, 834.65]","[1, 2, 3, 4, 5, 6, 7, 8, 9, 10, 11, 12]","[0.0, 60.0, 0.0, 0.0, 80.0, 0.0, 0.0, 4.25, 5.72, 4.68, 0.0]","[0.0, 0.088235, 0.0, 0.0, 0.108108, 0.0, 0.0, 0.005183, 0.00694, 0.005639, 0.0]",11
W1,Rawalpindi,Pulse Gram,"[261.87, 257.4, 256.41, 257.87, 257.87, 257.87, 260.53, 250.12, 239.4, 248.7, 261.03, 266.48]","[1, 2, 3, 4, 5, 6, 7, 8, 9, 10, 11, 12]","[-4.47, -0.99, 1.46, 0.0, 0.0, 2.66, -10.41, -10.72, 9.3, 12.33, 5.45]","[-0.01707, -0.003846, 0.005694, 0.0, 0.0, 0.010315, -0.039957, -0.042859, 0.038847, 0.049578, 0.020879]",11
W1,Rawalpindi,Pulse Mash (Washed),"[446.63, 446.63, 451.25, 459.93, 459.93, 511.01, 558.49, 551.36, 548.99, 550.59, 552.61, 554.94]","[1, 2, 3, 4, 5, 6, 7, 8, 9, 10, 11, 12]","[0.0, 4.62, 8.68, 0.0, 51.08, 47.48, -7.13, -2.37, 1.6, 2.02, 2.33]","[0.0, 0.010344, 0.019235, 0.0, 0.11106, 0.092914, -0.012767, -0.004298, 0.002914, 0.003669, 0.004216]",11
W1,Rawalpindi,Pulse Masoor (Washed),"[292.67, 292.67, 292.67, 288.35, 286.92, 291.57, 355.26, 341.99, 334.13, 350.24, 358.44, 361.8]","[1, 2, 3, 4, 5, 6, 7, 8, 9, 10, 11, 12]","[0.0, 0.0, -4.32, -1.43, 4.65, 63.69, -13.27, -7.86, 16.11, 8.2, 3.36]","[0.0, 0.0, -0.014761, -0.004959, 0.016207, 0.218438, -0.037353, -0.022983, 0.048215, 0.023413, 0.009374]",11
W1,Rawalpindi,Pulse Moong (Washed),"[273.81, 273.81, 273.81, 270.48, 267.2, 270.4, 287.16, 279.54, 272.48, 272.62, 291.19, 296.89]","[1, 2, 3, 4, 5, 6, 7, 8, 9, 10, 11, 12]","[0.0, 0.0, -3.33, -3.28, 3.2, 16.76, -7.62, -7.06, 0.14, 18.57, 5.7]","[0.0, 0.0, -0.012162, -0.012127, 0.011976, 0.061982, -0.026536, -0.025256, 0.000514, 0.068117, 0.019575]",11
W1,Rawalpindi,Rice Basmati Broken (Average Quality),"[202.35, 202.35, 218.62, 224.53, 231.13, 245.25, 247.22, 247.24, 245.28, 245.28, 245.28, 245.28]","[1, 2, 3, 4, 5, 6, 7, 8, 9, 10, 11, 12]","[0.0, 16.27, 5.91, 6.6, 14.12, 1.97, 0.02, -1.96, 0.0, 0.0, 0.0]","[0.0, 0.080405, 0.027033, 0.029395, 0.061091, 0.008033, 8.1e-05, -0.007928, 0.0, 0.0, 0.0]",11
W1,Rawalpindi,Rice IRRI-6/9 (Sindh/Punjab),"[118.27, 118.27, 118.27, 124.0, 124.0, 127.22, 129.41, 129.41, 129.41, 140.75, 147.87, 148.4]","[1, 2, 3, 4, 5, 6, 7, 8, 9, 10, 11, 12]","[0.0, 0.0, 5.73, 0.0, 3.22, 2.19, 0.0, 0.0, 11.34, 7.12, 0.53]","[0.0, 0.0, 0.048448, 0.0, 0.025968, 0.017214, 0.0, 0.0, 0.087628, 0.050586, 0.003584]",11
W1,Rawalpindi,Salt Powdered (NATIONAL/SHAN) 800 gm Packet,"[57.15, 60.0, 60.0, 60.0, 60.0, 60.0, 60.0, 66.84, 70.0, 70.0, 70.0, 70.0]","[1, 2, 3, 4, 5, 6, 7, 8, 9, 10, 11, 12]","[2.85, 0.0, 0.0, 0.0, 0.0, 0.0, 6.84, 3.16, 0.0, 0.0, 0.0]","[0.049869, 0.0, 0.0, 0.0, 0.0, 0.0, 0.114, 0.047277, 0.0, 0.0, 0.0]",11
W1,Rawalpindi,Shirting (Average Quality),"[475.46, 485.91, 485.91, 485.91, 485.91, 485.91, 523.91, 537.22, 537.22, 537.22, 537.22, 566.9]","[1, 2, 3, 4, 5, 6, 7, 8, 9, 10, 11, 12]","[10.45, 0.0, 0.0, 0.0, 0.0, 38.0, 13.31, 0.0, 0.0, 0.0, 29.68]","[0.021979, 0.0, 0.0, 0.0, 0.0, 0.078204, 0.025405, 0.0, 0.0, 0.0, 0.055247]",11
W1,Rawalpindi,Sufi Washing Soap 250 gm Cake,"[127.4, 130.0, 134.41, 136.24, 139.14, 140.0, 140.0, 139.14, 131.29, 131.29, 131.29, 131.29]","[1, 2, 3, 4, 5, 6, 7, 8, 9, 10, 11, 12]","[2.6, 4.41, 1.83, 2.9, 0.86, 0.0, -0.86, -7.85, 0.0, 0.0, 0.0]","[0.020408, 0.033923, 0.013615, 0.021286, 0.006181, 0.0, -0.006143, -0.056418, 0.0, 0.0, 0.0]",11
W1,Rawalpindi,Sugar Refined,"[106.8, 126.54, 123.81, 124.46, 145.45, 157.95, 172.3, 153.57, 143.14, 146.76, 151.45, 150.38]","[1, 2, 3, 4, 5, 6, 7, 8, 9, 10, 11, 12]","[19.74, -2.73, 0.65, 20.99, 12.5, 14.35, -18.73, -10.43, 3.62, 4.69, -1.07]","[0.184831, -0.021574, 0.00525, 0.168649, 0.08594, 0.090852, -0.108706, -0.067917, 0.02529, 0.031957, -0.007065]",11
W1,Rawalpindi,Tea Lipton Yellow Label 190 gm Packet,"[495.41, 558.82, 558.82, 558.82, 558.82, 558.82, 546.81, 542.86, 619.93, 573.73, 542.86, 542.86]","[1, 2, 3, 4, 5, 6, 7, 8, 9, 10, 11, 12]","[63.41, 0.0, 0.0, 0.0, 0.0, -12.01, -3.95, 77.07, -46.2, -30.87, 0.0]","[0.127995, 0.0, 0.0, 0.0, 0.0, -0.021492, -0.007224, 0.14197, -0.074525, -0.053806, 0.0]",11
W1,Rawalpindi,Tea Prepared Ordinary,"[47.82, 48.17, 54.77, 56.46, 56.8, 57.15, 64.14, 65.14, 65.14, 65.14, 65.64, 67.11]","[1, 2, 3, 4, 5, 6, 7, 8, 9, 10, 11, 12]","[0.35, 6.6, 1.69, 0.34, 0.35, 6.99, 1.0, 0.0, 0.0, 0.5, 1.47]","[0.007319, 0.137015, 0.030856, 0.006022, 0.006162, 0.12231, 0.015591, 0.0, 0.0, 0.007676, 0.022395]",11
W1,Rawalpindi,Telephone Call Charges,"[1.79, 1.79, 1.79, 1.79, 1.79, 1.79, 1.79, 1.79, 1.79, 1.79, 1.79, 1.79]","[1, 2, 3, 4, 5, 6, 7, 8, 9, 10, 11, 12]","[0.0, 0.0, 0.0, 0.0, 0.0, 0.0, 0.0, 0.0, 0.0, 0.0, 0.0]","[0.0, 0.0, 0.0, 0.0, 0.0, 0.0, 0.0, 0.0, 0.0, 0.0, 0.0]",11
W1,Rawalpindi,Toilet Soap LIFEBUOY 115 gm,"[85.35, 93.87, 111.47, 111.47, 111.47, 111.47, 111.47, 111.47, 111.47, 111.47, 111.47, 111.47]","[1, 2, 3, 4, 5, 6, 7, 8, 9, 10, 11, 12]","[8.52, 17.6, 0.0, 0.0, 0.0, 0.0, 0.0, 0.0, 0.0, 0.0, 0.0]","[0.099824, 0.187493, 0.0, 0.0, 0.0, 0.0, 0.0, 0.0, 0.0, 0.0, 0.0]",11
W1,Rawalpindi,Tomatoes,"[86.33, 87.46, 69.19, 60.55, 114.92, 121.48, 106.77, 123.51, 184.43, 133.78, 160.73, 150.27]","[1, 2, 3, 4, 5, 6, 7, 8, 9, 10, 11, 12]","[1.13, -18.27, -8.64, 54.37, 6.56, -14.71, 16.74, 60.92, -50.65, 26.95, -10.46]","[0.013089, -0.208895, -0.124874, 0.897936, 0.057083, -0.12109, 0.156786, 0.493239, -0.27463, 0.20145, -0.065078]",11
W1,Rawalpindi,Vegetable Ghee DALDA/HABIB 2.5 kg Tin,"[1569.81, 1550.0, 1550.0, 1508.48, 1437.43, 1410.98, 1405.0, 1397.48, 1364.83, 1323.71, 1297.44, 1291.22]","[1, 2, 3, 4, 5, 6, 7, 8, 9, 10, 11, 12]","[-19.81, 0.0, -41.52, -71.05, -26.45, -5.98, -7.52, -32.65, -41.12, -26.27, -6.22]","[-0.012619, 0.0, -0.026787, -0.0471, -0.018401, -0.004238, -0.005352, -0.023363, -0.030128, -0.019846, -0.004794]",11
W1,Rawalpindi,Wheat Flour Bag,"[1758.99, 2955.44, 3022.92, 2617.39, 2972.33, 2914.64, 2921.97, 2865.54, 2891.46, 2908.11, 2902.12, 2869.06]","[1, 2, 3, 4, 5, 6, 7, 8, 9, 10, 11, 12]","[1196.45, 67.48, -405.53, 354.94, -57.69, 7.33, -56.43, 25.92, 16.65, -5.99, -33.06]","[0.680191, 0.022832, -0.134152, 0.135608, -0.019409, 0.002515, -0.019312, 0.009045, 0.005758, -0.00206, -0.011392]",11
W1,Sargodha,Bananas (Kela) Local,"[168.84, 239.75, 210.61, 179.85, 131.93, 120.0, 114.89, 101.52, 98.54, 103.23, 100.0, 139.2]","[1, 2, 3, 4, 5, 6, 7, 8, 9, 10, 11, 12]","[70.91, -29.14, -30.76, -47.92, -11.93, -5.11, -13.37, -2.98, 4.69, -3.23, 39.2]","[0.419983, -0.121543, -0.146052, -0.266444, -0.090427, -0.042583, -0.116372, -0.029354, 0.047595, -0.031289, 0.392]",11
W1,Sargodha,Beef with Bone (Average Quality),"[668.87, 750.0, 750.0, 750.0, 750.0, 750.0, 750.0, 770.44, 801.32, 806.61, 806.61, 810.76]","[1, 2, 3, 4, 5, 6, 7, 8, 9, 10, 11, 12]","[81.13, 0.0, 0.0, 0.0, 0.0, 0.0, 20.44, 30.88, 5.29, 0.0, 4.15]","[0.121294, 0.0, 0.0, 0.0, 0.0, 0.0, 0.027253, 0.040081, 0.006602, 0.0, 0.005145]",11
W1,Sargodha,Bread plain (Small Size),"[100.0, 100.0, 100.0, 100.0, 100.0, 100.0, 100.0, 102.41, 110.0, 110.0, 110.0, 110.0]","[1, 2, 3, 4, 5, 6, 7, 8, 9, 10, 11, 12]","[0.0, 0.0, 0.0, 0.0, 0.0, 0.0, 2.41, 7.59, 0.0, 0.0, 0.0]","[0.0, 0.0, 0.0, 0.0, 0.0, 0.0, 0.0241, 0.074114, 0.0, 0.0, 0.0]",11
W1,Sargodha,Chicken Farm Broiler (Live),"[359.51, 350.6, 414.92, 417.42, 388.53, 391.03, 358.77, 313.83, 345.81, 327.06, 417.25, 419.8]","[1, 2, 3, 4, 5, 6, 7, 8, 9, 10, 11, 12]","[-8.91, 64.32, 2.5, -28.89, 2.5, -32.26, -44.94, 31.98, -18.75, 90.19, 2.55]","[-0.024784, 0.183457, 0.006025, -0.069211, 0.006435, -0.0825, -0.125261, 0.101902, -0.054221, 0.27576, 0.006111]",11
W1,Sargodha,Chilies Powder NATIONAL 200 gm Packet,"[215.0, 215.0, 215.0, 215.0, 215.0, 400.0, 400.0, 400.0, 400.0, 400.0, 400.0, 400.0]","[1, 2, 3, 4, 5, 6, 7, 8, 9, 10, 11, 12]","[0.0, 0.0, 0.0, 0.0, 185.0, 0.0, 0.0, 0.0, 0.0, 0.0, 0.0]","[0.0, 0.0, 0.0, 0.0, 0.860465, 0.0, 0.0, 0.0, 0.0, 0.0, 0.0]",11
W1,Sargodha,Cigarettes Capstan 20'S Packet,"[220.0, 220.0, 220.0, 220.0, 220.0, 220.0, 220.0, 220.0, 220.0, 220.0, 220.0, 220.0]","[1, 2, 3, 4, 5, 6, 7, 8, 9, 10, 11, 12]","[0.0, 0.0, 0.0, 0.0, 0.0, 0.0, 0.0, 0.0, 0.0, 0.0, 0.0]","[0.0, 0.0, 0.0, 0.0, 0.0, 0.0, 0.0, 0.0, 0.0, 0.0, 0.0]",11
W1,Sargodha,Cooked Beef at Average Hotel,"[243.29, 243.29, 248.31, 250.0, 250.0, 250.0, 250.0, 250.0, 250.0, 250.0, 250.0, 250.0]","[1, 2, 3, 4, 5, 6, 7, 8, 9, 10, 11, 12]","[0.0, 5.02, 1.69, 0.0, 0.0, 0.0, 0.0, 0.0, 0.0, 0.0, 0.0]","[0.0, 0.020634, 0.006806, 0.0, 0.0, 0.0, 0.0, 0.0, 0.0, 0.0, 0.0]",11
W1,Sargodha,Cooked Daal at Average Hotel,"[120.0, 120.0, 120.0, 120.0, 120.0, 120.0, 120.0, 120.0, 120.0, 120.0, 120.0, 120.0]","[1, 2, 3, 4, 5, 6, 7, 8, 9, 10, 11, 12]","[0.0, 0.0, 0.0, 0.0, 0.0, 0.0, 0.0, 0.0, 0.0, 0.0, 0.0]","[0.0, 0.0, 0.0, 0.0, 0.0, 0.0, 0.0, 0.0, 0.0, 0.0, 0.0]",11
W1,Sargodha,"Cooking Oil DALDA or Other Similar Brand (SN), 5 Litre Tin","[3510.0, 3510.0, 3453.66, 3220.32, 3029.95, 2997.57, 2950.0, 2891.93, 2798.65, 2745.0, 2732.41, 2713.7]","[1, 2, 3, 4, 5, 6, 7, 8, 9, 10, 11, 12]","[0.0, -56.34, -233.34, -190.37, -32.38, -47.57, -58.07, -93.28, -53.65, -12.59, -18.71]","[0.0, -0.016051, -0.067563, -0.059115, -0.010687, -0.01587, -0.019685, -0.032255, -0.01917, -0.004587, -0.006847]",11
W1,Sargodha,Curd (Dahi) Loose,"[160.0, 160.0, 160.0, 168.1, 180.0, 180.0, 180.0, 180.0, 180.0, 180.0, 180.0, 180.0]","[1, 2, 3, 4, 5, 6, 7, 8, 9, 10, 11, 12]","[0.0, 0.0, 8.1, 11.9, 0.0, 0.0, 0.0, 0.0, 0.0, 0.0, 0.0]","[0.0, 0.0, 0.050625, 0.070791, 0.0, 0.0, 0.0, 0.0, 0.0, 0.0, 0.0]",11
W1,Sargodha,Eggs Hen (Farm),"[237.79, 267.45, 280.91, 251.35, 252.46, 290.71, 292.17, 312.86, 330.4, 351.31, 404.66, 334.64]","[1, 2, 3, 4, 5, 6, 7, 8, 9, 10, 11, 12]","[29.66, 13.46, -29.56, 1.11, 38.25, 1.46, 20.69, 17.54, 20.91, 53.35, -70.02]","[0.124732, 0.050327, -0.105229, 0.004416, 0.151509, 0.005022, 0.070815, 0.056063, 0.063287, 0.15186, -0.173034]",11
W1,Sargodha,Electricity Charges upto 50 Units,"[6.47, 6.23, 6.15, 6.15, 6.45, 7.54, 7.57, 8.05, 7.4, 7.04, 7.31, 7.36]","[1, 2, 3, 4, 5, 6, 7, 8, 9, 10, 11, 12]","[-0.24, -0.08, 0.0, 0.3, 1.09, 0.03, 0.48, -0.65, -0.36, 0.27, 0.05]","[-0.037094, -0.012841, 0.0, 0.04878, 0.168992, 0.003979, 0.063408, -0.080745, -0.048649, 0.038352, 0.00684]",11
W1,Sargodha,Energy Saver Philips 14 Watt,"[343.3, 343.3, 386.23, 550.0, 550.0, 550.0, 550.0, 550.0, 550.0, 550.0, 550.0, 550.0]","[1, 2, 3, 4, 5, 6, 7, 8, 9, 10, 11, 12]","[0.0, 42.93, 163.77, 0.0, 0.0, 0.0, 0.0, 0.0, 0.0, 0.0, 0.0]","[0.0, 0.125051, 0.424022, 0.0, 0.0, 0.0, 0.0, 0.0, 0.0, 0.0, 0.0]",11
W1,Sargodha,Firewood Whole,"[800.0, 800.0, 800.0, 800.0, 800.0, 900.0, 900.0, 900.0, 932.69, 978.86, 1000.0, 1000.0]","[1, 2, 3, 4, 5, 6, 7, 8, 9, 10, 11, 12]","[0.0, 0.0, 0.0, 0.0, 100.0, 0.0, 0.0, 32.69, 46.17, 21.14, 0.0]","[0.0, 0.0, 0.0, 0.0, 0.125, 0.0, 0.0, 0.036322, 0.049502, 0.021597, 0.0]",11
W1,Sargodha,Garlic (Lehsun),"[352.62, 355.77, 314.12, 317.39, 353.28, 415.8, 473.15, 494.14, 540.04, 583.22, 579.83, 598.38]","[1, 2, 3, 4, 5, 6, 7, 8, 9, 10, 11, 12]","[3.15, -41.65, 3.27, 35.89, 62.52, 57.35, 20.99, 45.9, 43.18, -3.39, 18.55]","[0.008933, -0.11707, 0.01041, 0.113079, 0.17697, 0.137927, 0.044362, 0.092889, 0.079957, -0.005813, 0.031992]",11
W1,Sargodha,Gas Charges upto 3.3719 MMBTU,"[295.0, 295.0, 295.0, 295.0, 295.0, 295.0, 295.0, 295.0, 846.99, 1711.0, 1711.0, 1843.75]","[1, 2, 3, 4, 5, 6, 7, 8, 9, 10, 11, 12]","[0.0, 0.0, 0.0, 0.0, 0.0, 0.0, 0.0, 551.99, 864.01, 0.0, 132.75]","[0.0, 0.0, 0.0, 0.0, 0.0, 0.0, 0.0, 1.871153, 1.020095, 0.0, 0.077586]",11
W1,Sargodha,Gents Sandal Bata,"[1499.0, 1499.0, 1999.0, 1999.0, 1999.0, 2055.69, 2299.0, 2299.0, 2299.0, 2299.0, 2299.0, 2299.0]","[1, 2, 3, 4, 5, 6, 7, 8, 9, 10, 11, 12]","[0.0, 500.0, 0.0, 0.0, 56.69, 243.31, 0.0, 0.0, 0.0, 0.0, 0.0]","[0.0, 0.333556, 0.0, 0.0, 0.028359, 0.118359, 0.0, 0.0, 0.0, 0.0, 0.0]",11
W1,Sargodha,Gents Sponge Chappal Bata,"[379.0, 379.0, 599.0, 599.0, 599.0, 599.0, 599.0, 599.0, 599.0, 599.0, 599.0, 599.0]","[1, 2, 3, 4, 5, 6, 7, 8, 9, 10, 11, 12]","[0.0, 220.0, 0.0, 0.0, 0.0, 0.0, 0.0, 0.0, 0.0, 0.0, 0.0]","[0.0, 0.580475, 0.0, 0.0, 0.0, 0.0, 0.0, 0.0, 0.0, 0.0, 0.0]",11
W1,Sargodha,Georgette (Average Quality),"[313.19, 343.22, 346.63, 346.63, 346.63, 346.63, 346.63, 346.63, 346.63, 349.15, 350.0, 350.0]","[1, 2, 3, 4, 5, 6, 7, 8, 9, 10, 11, 12]","[30.03, 3.41, 0.0, 0.0, 0.0, 0.0, 0.0, 0.0, 2.52, 0.85, 0.0]","[0.095884, 0.009935, 0.0, 0.0, 0.0, 0.0, 0.0, 0.0, 0.00727, 0.002434, 0.0]",11
W1,Sargodha,Gur (Average Quality),"[140.5, 149.89, 175.62, 192.37, 225.67, 226.62, 234.08, 222.94, 200.65, 200.0, 224.87, 212.44]","[1, 2, 3, 4, 5, 6, 7, 8, 9, 10, 11, 12]","[9.39, 25.73, 16.75, 33.3, 0.95, 7.46, -11.14, -22.29, -0.65, 24.87, -12.43]","[0.066833, 0.171659, 0.095376, 0.173104, 0.00421, 0.032919, -0.047591, -0.099982, -0.003239, 0.12435, -0.055276]",11
W1,Sargodha,Hi-Speed Diesel,"[288.74, 294.02, 273.63, 253.98, 257.96, 286.23, 321.46, 311.78, 300.42, 284.37, 277.32, 282.43]","[1, 2, 3, 4, 5, 6, 7, 8, 9, 10, 11, 12]","[5.28, -20.39, -19.65, 3.98, 28.27, 35.23, -9.68, -11.36, -16.05, -7.05, 5.11]","[0.018286, -0.069349, -0.071812, 0.015671, 0.109591, 0.123083, -0.030113, -0.036436, -0.053425, -0.024792, 0.018426]",11
W1,Sargodha,LPG 11.67 kg Cylinder,"[3219.75, 2974.68, 3197.6, 2768.88, 2474.62, 2749.46, 3000.0, 3199.41, 3100.0, 3150.0, 3237.43, 3231.16]","[1, 2, 3, 4, 5, 6, 7, 8, 9, 10, 11, 12]","[-245.07, 222.92, -428.72, -294.26, 274.84, 250.54, 199.41, -99.41, 50.0, 87.43, -6.27]","[-0.076115, 0.074939, -0.134076, -0.106274, 0.111064, 0.091123, 0.06647, -0.031071, 0.016129, 0.027756, -0.001937]",11
W1,Sargodha,Ladies Sandal Bata,"[699.0, 699.0, 799.0, 799.0, 799.0, 799.0, 799.0, 799.0, 799.0, 799.0, 799.0, 799.0]","[1, 2, 3, 4, 5, 6, 7, 8, 9, 10, 11, 12]","[0.0, 100.0, 0.0, 0.0, 0.0, 0.0, 0.0, 0.0, 0.0, 0.0, 0.0]","[0.0, 0.143062, 0.0, 0.0, 0.0, 0.0, 0.0, 0.0, 0.0, 0.0, 0.0]",11
W1,Sargodha,Lawn Printed Gul Ahmed/Al Karam,"[603.7, 646.66, 647.49, 650.0, 650.0, 650.0, 650.0, 650.0, 650.0, 650.0, 650.0, 650.0]","[1, 2, 3, 4, 5, 6, 7, 8, 9, 10, 11, 12]","[42.96, 0.83, 2.51, 0.0, 0.0, 0.0, 0.0, 0.0, 0.0, 0.0, 0.0]","[0.071161, 0.001284, 0.003877, 0.0, 0.0, 0.0, 0.0, 0.0, 0.0, 0.0, 0.0]",11
W1,Sargodha,"Long Cloth 57"" Gul Ahmed/Al Karam","[565.31, 600.0, 606.15, 625.0, 625.0, 625.0, 625.0, 650.0, 650.0, 650.0, 650.0, 665.0]","[1, 2, 3, 4, 5, 6, 7, 8, 9, 10, 11, 12]","[34.69, 6.15, 18.85, 0.0, 0.0, 0.0, 25.0, 0.0, 0.0, 0.0, 15.0]","[0.061365, 0.01025, 0.031098, 0.0, 0.0, 0.0, 0.04, 0.0, 0.0, 0.0, 0.023077]",11
W1,Sargodha,Match Box,"[5.0, 5.0, 5.0, 5.0, 5.0, 5.19, 6.0, 6.0, 6.0, 6.0, 6.0, 6.0]","[1, 2, 3, 4, 5, 6, 7, 8, 9, 10, 11, 12]","[0.0, 0.0, 0.0, 0.0, 0.19, 0.81, 0.0, 0.0, 0.0, 0.0, 0.0]","[0.0, 0.0, 0.0, 0.0, 0.038, 0.156069, 0.0, 0.0, 0.0, 0.0, 0.0]",11
W1,Sargodha,Milk fresh (Un-boiled),"[126.58, 126.58, 127.43, 139.88, 146.59, 146.59, 146.59, 146.59, 146.59, 146.59, 146.59, 146.59]","[1, 2, 3, 4, 5, 6, 7, 8, 9, 10, 11, 12]","[0.0, 0.85, 12.45, 6.71, 0.0, 0.0, 0.0, 0.0, 0.0, 0.0, 0.0]","[0.0, 0.006715, 0.097701, 0.04797, 0.0, 0.0, 0.0, 0.0, 0.0, 0.0, 0.0]",11
W1,Sargodha,Mustard Oil (Average Quality),"[583.96, 583.29, 546.65, 546.65, 541.63, 512.56, 500.0, 500.0, 500.0, 500.0, 500.0, 500.0]","[1, 2, 3, 4, 5, 6, 7, 8, 9, 10, 11, 12]","[-0.67, -36.64, 0.0, -5.02, -29.07, -12.56, 0.0, 0.0, 0.0, 0.0, 0.0]","[-0.001147, -0.062816, 0.0, -0.009183, -0.053671, -0.024504, 0.0, 0.0, 0.0, 0.0, 0.0]",11
W1,Sargodha,Mutton (Average Quality),"[1332.76, 1400.0, 1400.0, 1400.0, 1400.0, 1400.0, 1400.0, 1445.05, 1503.28, 1520.63, 1533.15, 1541.44]","[1, 2, 3, 4, 5, 6, 7, 8, 9, 10, 11, 12]","[67.24, 0.0, 0.0, 0.0, 0.0, 0.0, 45.05, 58.23, 17.35, 12.52, 8.29]","[0.050452, 0.0, 0.0, 0.0, 0.0, 0.0, 0.032179, 0.040296, 0.011541, 0.008233, 0.005407]",11
W1,Sargodha,Onions,"[121.66, 78.83, 48.75, 59.58, 54.77, 66.35, 82.81, 98.88, 119.17, 162.87, 212.25, 215.71]","[1, 2, 3, 4, 5, 6, 7, 8, 9, 10, 11, 12]","[-42.83, -30.08, 10.83, -4.81, 11.58, 16.46, 16.07, 20.29, 43.7, 49.38, 3.46]","[-0.352047, -0.381581, 0.222154, -0.080732, 0.21143, 0.248078, 0.194059, 0.205198, 0.366703, 0.303187, 0.016302]",11
W1,Sargodha,Petrol Super,"[271.01, 277.98, 276.96, 262.98, 258.44, 284.32, 319.19, 303.86, 283.3, 275.37, 264.4, 272.62]","[1, 2, 3, 4, 5, 6, 7, 8, 9, 10, 11, 12]","[6.97, -1.02, -13.98, -4.54, 25.88, 34.87, -15.33, -20.56, -7.93, -10.97, 8.22]","[0.025719, -0.003669, -0.050477, -0.017264, 0.100139, 0.122644, -0.048028, -0.067663, -0.027992, -0.039837, 0.031089]",11
W1,Sargodha,Potatoes,"[50.2, 66.27, 74.84, 86.79, 80.0, 87.22, 85.69, 85.69, 102.52, 74.06, 51.87, 57.11]","[1, 2, 3, 4, 5, 6, 7, 8, 9, 10, 11, 12]","[16.07, 8.57, 11.95, -6.79, 7.22, -1.53, 0.0, 16.83, -28.46, -22.19, 5.24]","[0.32012, 0.129319, 0.159674, -0.078235, 0.09025, -0.017542, 0.0, 0.196406, -0.277604, -0.299622, 0.101022]",11
W1,Sargodha,Powdered Milk NIDO 390 gm Polybag,"[647.93, 660.0, 724.52, 740.0, 740.0, 820.0, 820.0, 820.0, 820.0, 820.0, 820.0, 820.0]","[1, 2, 3, 4, 5, 6, 7, 8, 9, 10, 11, 12]","[12.07, 64.52, 15.48, 0.0, 80.0, 0.0, 0.0, 0.0, 0.0, 0.0, 0.0]","[0.018629, 0.097758, 0.021366, 0.0, 0.108108, 0.0, 0.0, 0.0, 0.0, 0.0, 0.0]",11
W1,Sargodha,Pulse Gram,"[240.0, 226.62, 239.15, 240.0, 238.3, 238.64, 234.95, 215.15, 205.82, 216.61, 238.3, 239.15]","[1, 2, 3, 4, 5, 6, 7, 8, 9, 10, 11, 12]","[-13.38, 12.53, 0.85, -1.7, 0.34, -3.69, -19.8, -9.33, 10.79, 21.69, 0.85]","[-0.05575, 0.055291, 0.003554, -0.007083, 0.001427, -0.015463, -0.084273, -0.043365, 0.052424, 0.100134, 0.003567]",11
W1,Sargodha,Pulse Mash (Washed),"[433.31, 444.12, 449.12, 464.07, 494.12, 525.22, 550.79, 554.98, 556.65, 556.65, 556.65, 548.33]","[1, 2, 3, 4, 5, 6, 7, 8, 9, 10, 11, 12]","[10.81, 5.0, 14.95, 30.05, 31.1, 25.57, 4.19, 1.67, 0.0, 0.0, -8.32]","[0.024947, 0.011258, 0.033287, 0.064753, 0.06294, 0.048684, 0.007607, 0.003009, 0.0, 0.0, -0.014947]",11
W1,Sargodha,Pulse Masoor (Washed),"[306.63, 313.3, 313.3, 303.22, 294.96, 297.95, 325.69, 335.67, 322.62, 337.47, 340.0, 332.44]","[1, 2, 3, 4, 5, 6, 7, 8, 9, 10, 11, 12]","[6.67, 0.0, -10.08, -8.26, 2.99, 27.74, 9.98, -13.05, 14.85, 2.53, -7.56]","[0.021753, 0.0, -0.032174, -0.027241, 0.010137, 0.093103, 0.030643, -0.038877, 0.046029, 0.007497, -0.022235]",11
W1,Sargodha,Pulse Moong (Washed),"[296.63, 296.63, 296.63, 280.0, 280.0, 280.0, 280.0, 280.0, 280.0, 280.82, 296.63, 307.47]","[1, 2, 3, 4, 5, 6, 7, 8, 9, 10, 11, 12]","[0.0, 0.0, -16.63, 0.0, 0.0, 0.0, 0.0, 0.0, 0.82, 15.81, 10.84]","[0.0, 0.0, -0.056063, 0.0, 0.0, 0.0, 0.0, 0.0, 0.002929, 0.056299, 0.036544]",11
W1,Sargodha,Rice Basmati Broken (Average Quality),"[176.6, 176.6, 176.6, 183.23, 196.61, 208.51, 213.28, 213.28, 215.27, 216.61, 219.15, 211.98]","[1, 2, 3, 4, 5, 6, 7, 8, 9, 10, 11, 12]","[0.0, 0.0, 6.63, 13.38, 11.9, 4.77, 0.0, 1.99, 1.34, 2.54, -7.17]","[0.0, 0.0, 0.037542, 0.073023, 0.060526, 0.022877, 0.0, 0.00933, 0.006225, 0.011726, -0.032717]",11
W1,Sargodha,Rice IRRI-6/9 (Sindh/Punjab),"[163.86, 206.49, 219.07, 231.6, 238.24, 219.31, 173.27, 173.27, 173.27, 173.27, 176.6, 176.6]","[1, 2, 3, 4, 5, 6, 7, 8, 9, 10, 11, 12]","[42.63, 12.58, 12.53, 6.64, -18.93, -46.04, 0.0, 0.0, 0.0, 3.33, 0.0]","[0.260161, 0.060923, 0.057196, 0.02867, -0.079458, -0.209931, 0.0, 0.0, 0.0, 0.019219, 0.0]",11
W1,Sargodha,Salt Powdered (NATIONAL/SHAN) 800 gm Packet,"[56.46, 60.0, 60.0, 60.0, 60.0, 60.0, 67.35, 70.0, 70.0, 70.0, 70.0, 70.0]","[1, 2, 3, 4, 5, 6, 7, 8, 9, 10, 11, 12]","[3.54, 0.0, 0.0, 0.0, 0.0, 7.35, 2.65, 0.0, 0.0, 0.0, 0.0]","[0.062699, 0.0, 0.0, 0.0, 0.0, 0.1225, 0.039347, 0.0, 0.0, 0.0, 0.0]",11
W1,Sargodha,Shirting (Average Quality),"[303.17, 418.69, 472.96, 508.19, 546.65, 554.64, 561.63, 566.65, 566.65, 586.59, 586.59, 586.59]","[1, 2, 3, 4, 5, 6, 7, 8, 9, 10, 11, 12]","[115.52, 54.27, 35.23, 38.46, 7.99, 6.99, 5.02, 0.0, 19.94, 0.0, 0.0]","[0.38104, 0.129619, 0.074488, 0.07568, 0.014616, 0.012603, 0.008938, 0.0, 0.035189, 0.0, 0.0]",11
W1,Sargodha,Sufi Washing Soap 250 gm Cake,"[120.0, 127.42, 130.0, 130.0, 130.0, 130.0, 130.0, 130.0, 130.0, 130.0, 130.0, 130.0]","[1, 2, 3, 4, 5, 6, 7, 8, 9, 10, 11, 12]","[7.42, 2.58, 0.0, 0.0, 0.0, 0.0, 0.0, 0.0, 0.0, 0.0, 0.0]","[0.061833, 0.020248, 0.0, 0.0, 0.0, 0.0, 0.0, 0.0, 0.0, 0.0, 0.0]",11
W1,Sargodha,Sugar Refined,"[102.78, 118.98, 116.98, 118.44, 136.89, 150.94, 162.15, 146.39, 140.0, 139.96, 142.48, 142.48]","[1, 2, 3, 4, 5, 6, 7, 8, 9, 10, 11, 12]","[16.2, -2.0, 1.46, 18.45, 14.05, 11.21, -15.76, -6.39, -0.04, 2.52, 0.0]","[0.157618, -0.01681, 0.012481, 0.155775, 0.102637, 0.074268, -0.097194, -0.043651, -0.000286, 0.018005, 0.0]",11
W1,Sargodha,Tea Lipton Yellow Label 190 gm Packet,"[466.45, 558.82, 558.82, 558.82, 558.82, 558.82, 558.82, 558.82, 570.84, 677.0, 606.23, 574.55]","[1, 2, 3, 4, 5, 6, 7, 8, 9, 10, 11, 12]","[92.37, 0.0, 0.0, 0.0, 0.0, 0.0, 0.0, 12.02, 106.16, -70.77, -31.68]","[0.198028, 0.0, 0.0, 0.0, 0.0, 0.0, 0.0, 0.02151, 0.185972, -0.104535, -0.052257]",11
W1,Sargodha,Tea Prepared Ordinary,"[50.0, 50.0, 50.0, 50.0, 50.0, 50.0, 50.0, 52.33, 53.13, 56.46, 56.46, 56.46]","[1, 2, 3, 4, 5, 6, 7, 8, 9, 10, 11, 12]","[0.0, 0.0, 0.0, 0.0, 0.0, 0.0, 2.33, 0.8, 3.33, 0.0, 0.0]","[0.0, 0.0, 0.0, 0.0, 0.0, 0.0, 0.0466, 0.015288, 0.062676, 0.0, 0.0]",11
W1,Sargodha,Telephone Call Charges,"[1.79, 1.79, 1.79, 1.79, 1.79, 1.79, 1.79, 1.79, 1.79, 1.79, 1.79, 1.79]","[1, 2, 3, 4, 5, 6, 7, 8, 9, 10, 11, 12]","[0.0, 0.0, 0.0, 0.0, 0.0, 0.0, 0.0, 0.0, 0.0, 0.0, 0.0]","[0.0, 0.0, 0.0, 0.0, 0.0, 0.0, 0.0, 0.0, 0.0, 0.0, 0.0]",11
W1,Sargodha,Toilet Soap LIFEBUOY 115 gm,"[111.47, 106.58, 105.0, 105.0, 105.0, 117.47, 117.47, 117.47, 117.47, 117.47, 117.47, 117.47]","[1, 2, 3, 4, 5, 6, 7, 8, 9, 10, 11, 12]","[-4.89, -1.58, 0.0, 0.0, 12.47, 0.0, 0.0, 0.0, 0.0, 0.0, 0.0]","[-0.043868, -0.014825, 0.0, 0.0, 0.118762, 0.0, 0.0, 0.0, 0.0, 0.0, 0.0]",11
W1,Sargodha,Tomatoes,"[67.6, 57.97, 40.0, 48.4, 92.94, 100.96, 91.77, 109.54, 141.49, 104.66, 135.19, 125.32]","[1, 2, 3, 4, 5, 6, 7, 8, 9, 10, 11, 12]","[-9.63, -17.97, 8.4, 44.54, 8.02, -9.19, 17.77, 31.95, -36.83, 30.53, -9.87]","[-0.142456, -0.309988, 0.21, 0.920248, 0.086292, -0.091026, 0.193636, 0.291674, -0.260301, 0.291706, -0.073008]",11
W1,Sargodha,Vegetable Ghee DALDA/HABIB 2.5 kg Tin,"[1620.91, 1635.0, 1613.32, 1511.06, 1444.76, 1448.83, 1405.0, 1392.44, 1380.0, 1380.0, 1310.0, 1310.0]","[1, 2, 3, 4, 5, 6, 7, 8, 9, 10, 11, 12]","[14.09, -21.68, -102.26, -66.3, 4.07, -43.83, -12.56, -12.44, 0.0, -70.0, 0.0]","[0.008693, -0.01326, -0.063385, -0.043876, 0.002817, -0.030252, -0.00894, -0.008934, 0.0, -0.050725, 0.0]",11
W1,Sargodha,Vegetable Ghee DALDA/HABIB or Other Superior Quality 1 kg Pouch,"[618.38, 605.0, 605.0, 586.72, 564.96, 551.79, 547.0, 532.82, 512.98, 509.0, 501.48, 500.24]","[1, 2, 3, 4, 5, 6, 7, 8, 9, 10, 11, 12]","[-13.38, 0.0, -18.28, -21.76, -13.17, -4.79, -14.18, -19.84, -3.98, -7.52, -1.24]","[-0.021637, 0.0, -0.030215, -0.037088, -0.023311, -0.008681, -0.025923, -0.037236, -0.007759, -0.014774, -0.002473]",11
W1,Sargodha,Wheat Flour Bag,"[1633.74, 2774.99, 2549.59, 2465.17, 2762.95, 2773.0, 2779.73, 2759.8, 2826.49, 2848.44, 2830.0, 2789.3]","[1, 2, 3, 4, 5, 6, 7, 8, 9, 10, 11, 12]","[1141.25, -225.4, -84.42, 297.78, 10.05, 6.73, -19.93, 66.69, 21.95, -18.44, -40.7]","[0.698551, -0.081226, -0.033111, 0.120795, 0.003637, 0.002427, -0.00717, 0.024165, 0.007766, -0.006474, -0.014382]",11
W1,Sialkot,Bananas (Kela) Local,"[193.6, 230.0, 234.95, 208.8, 147.08, 120.0, 122.42, 123.24, 123.24, 123.24, 139.64, 182.59]","[1, 2, 3, 4, 5, 6, 7, 8, 9, 10, 11, 12]","[36.4, 4.95, -26.15, -61.72, -27.08, 2.42, 0.82, 0.0, 0.0, 16.4, 42.95]","[0.188017, 0.021522, -0.1113, -0.295594, -0.184117, 0.020167, 0.006698, 0.0, 0.0, 0.133074, 0.307577]",11
W1,Sialkot,Beef with Bone (Average Quality),"[688.29, 750.0, 762.2, 800.0, 800.0, 800.0, 800.0, 800.0, 800.0, 800.0, 824.62, 837.31]","[1, 2, 3, 4, 5, 6, 7, 8, 9, 10, 11, 12]","[61.71, 12.2, 37.8, 0.0, 0.0, 0.0, 0.0, 0.0, 0.0, 24.62, 12.69]","[0.089657, 0.016267, 0.049593, 0.0, 0.0, 0.0, 0.0, 0.0, 0.0, 0.030775, 0.015389]",11
W1,Sialkot,Bread plain (Small Size),"[100.0, 100.0, 100.0, 100.0, 100.0, 101.92, 110.0, 110.0, 110.0, 110.0, 110.0, 110.0]","[1, 2, 3, 4, 5, 6, 7, 8, 9, 10, 11, 12]","[0.0, 0.0, 0.0, 0.0, 1.92, 8.08, 0.0, 0.0, 0.0, 0.0, 0.0]","[0.0, 0.0, 0.0, 0.0, 0.0192, 0.079278, 0.0, 0.0, 0.0, 0.0, 0.0]",11
W1,Sialkot,Chicken Farm Broiler (Live),"[379.98, 367.26, 424.54, 432.16, 389.98, 389.6, 360.26, 316.33, 347.45, 339.47, 415.63, 414.97]","[1, 2, 3, 4, 5, 6, 7, 8, 9, 10, 11, 12]","[-12.72, 57.28, 7.62, -42.18, -0.38, -29.34, -43.93, 31.12, -7.98, 76.16, -0.66]","[-0.033475, 0.155966, 0.017949, -0.097603, -0.000974, -0.075308, -0.12194, 0.098378, -0.022967, 0.22435, -0.001588]",11
W1,Sialkot,Chilies Powder NATIONAL 200 gm Packet,"[229.67, 215.0, 215.0, 215.0, 251.1, 400.0, 400.0, 400.0, 400.0, 400.0, 400.0, 400.0]","[1, 2, 3, 4, 5, 6, 7, 8, 9, 10, 11, 12]","[-14.67, 0.0, 0.0, 36.1, 148.9, 0.0, 0.0, 0.0, 0.0, 0.0, 0.0]","[-0.063874, 0.0, 0.0, 0.167907, 0.592991, 0.0, 0.0, 0.0, 0.0, 0.0, 0.0]",11
W1,Sialkot,Cigarettes Capstan 20'S Packet,"[220.0, 220.0, 220.0, 220.0, 220.0, 220.0, 220.0, 220.0, 220.0, 220.0, 220.0, 220.0]","[1, 2, 3, 4, 5, 6, 7, 8, 9, 10, 11, 12]","[0.0, 0.0, 0.0, 0.0, 0.0, 0.0, 0.0, 0.0, 0.0, 0.0, 0.0]","[0.0, 0.0, 0.0, 0.0, 0.0, 0.0, 0.0, 0.0, 0.0, 0.0, 0.0]",11
W1,Sialkot,Cooked Beef at Average Hotel,"[218.67, 250.0, 250.0, 250.0, 250.0, 268.91, 300.0, 300.0, 300.0, 300.0, 300.0, 300.0]","[1, 2, 3, 4, 5, 6, 7, 8, 9, 10, 11, 12]","[31.33, 0.0, 0.0, 0.0, 18.91, 31.09, 0.0, 0.0, 0.0, 0.0, 0.0]","[0.143275, 0.0, 0.0, 0.0, 0.07564, 0.115615, 0.0, 0.0, 0.0, 0.0, 0.0]",11
W1,Sialkot,Cooked Daal at Average Hotel,"[100.0, 100.0, 100.0, 100.0, 100.0, 107.57, 120.0, 120.0, 120.0, 120.0, 120.0, 120.0]","[1, 2, 3, 4, 5, 6, 7, 8, 9, 10, 11, 12]","[0.0, 0.0, 0.0, 0.0, 7.57, 12.43, 0.0, 0.0, 0.0, 0.0, 0.0]","[0.0, 0.0, 0.0, 0.0, 0.0757, 0.115553, 0.0, 0.0, 0.0, 0.0, 0.0]",11
W1,Sialkot,"Cooking Oil DALDA or Other Similar Brand (SN), 5 Litre Tin","[3169.44, 3290.0, 3290.0, 3100.0, 3100.0, 3100.0, 3064.39, 2960.0, 2835.0, 2835.0, 2835.0, 2765.0]","[1, 2, 3, 4, 5, 6, 7, 8, 9, 10, 11, 12]","[120.56, 0.0, -190.0, 0.0, 0.0, -35.61, -104.39, -125.0, 0.0, 0.0, -70.0]","[0.038038, 0.0, -0.057751, 0.0, 0.0, -0.011487, -0.034066, -0.04223, 0.0, 0.0, -0.024691]",11
W1,Sialkot,Curd (Dahi) Loose,"[140.0, 150.0, 160.0, 160.0, 160.0, 175.81, 180.0, 180.0, 180.0, 180.0, 180.0, 180.0]","[1, 2, 3, 4, 5, 6, 7, 8, 9, 10, 11, 12]","[10.0, 10.0, 0.0, 0.0, 15.81, 4.19, 0.0, 0.0, 0.0, 0.0, 0.0]","[0.071429, 0.066667, 0.0, 0.0, 0.098813, 0.023833, 0.0, 0.0, 0.0, 0.0, 0.0]",11
W1,Sialkot,Eggs Hen (Farm),"[243.87, 267.46, 284.96, 253.72, 255.54, 290.89, 294.96, 314.8, 335.29, 372.57, 427.48, 347.47]","[1, 2, 3, 4, 5, 6, 7, 8, 9, 10, 11, 12]","[23.59, 17.5, -31.24, 1.82, 35.35, 4.07, 19.84, 20.49, 37.28, 54.91, -80.01]","[0.096732, 0.06543, -0.109629, 0.007173, 0.138335, 0.013992, 0.067263, 0.065089, 0.111187, 0.147382, -0.187167]",11
W1,Sialkot,Electricity Charges upto 50 Units,"[6.47, 6.23, 6.15, 6.15, 6.45, 7.54, 7.57, 8.05, 7.4, 7.04, 7.31, 7.36]","[1, 2, 3, 4, 5, 6, 7, 8, 9, 10, 11, 12]","[-0.24, -0.08, 0.0, 0.3, 1.09, 0.03, 0.48, -0.65, -0.36, 0.27, 0.05]","[-0.037094, -0.012841, 0.0, 0.04878, 0.168992, 0.003979, 0.063408, -0.080745, -0.048649, 0.038352, 0.00684]",11
W1,Sialkot,Energy Saver Philips 14 Watt,"[400.0, 400.0, 400.0, 575.0, 575.0, 575.0, 575.0, 575.0, 575.0, 575.0, 575.0, 575.0]","[1, 2, 3, 4, 5, 6, 7, 8, 9, 10, 11, 12]","[0.0, 0.0, 175.0, 0.0, 0.0, 0.0, 0.0, 0.0, 0.0, 0.0, 0.0]","[0.0, 0.0, 0.4375, 0.0, 0.0, 0.0, 0.0, 0.0, 0.0, 0.0, 0.0]",11
W1,Sialkot,Firewood Whole,"[1000.0, 1000.0, 1000.0, 1000.0, 1000.0, 1000.0, 1000.0, 1000.0, 1000.0, 1000.0, 1000.0, 1100.0]","[1, 2, 3, 4, 5, 6, 7, 8, 9, 10, 11, 12]","[0.0, 0.0, 0.0, 0.0, 0.0, 0.0, 0.0, 0.0, 0.0, 0.0, 100.0]","[0.0, 0.0, 0.0, 0.0, 0.0, 0.0, 0.0, 0.0, 0.0, 0.0, 0.1]",11
W1,Sialkot,Garlic (Lehsun),"[355.24, 357.47, 344.96, 340.0, 344.96, 404.08, 480.58, 499.04, 558.73, 630.0, 583.67, 581.84]","[1, 2, 3, 4, 5, 6, 7, 8, 9, 10, 11, 12]","[2.23, -12.51, -4.96, 4.96, 59.12, 76.5, 18.46, 59.69, 71.27, -46.33, -1.83]","[0.006277, -0.034996, -0.014378, 0.014588, 0.171382, 0.189319, 0.038412, 0.11961, 0.127557, -0.07354, -0.003135]",11
W1,Sialkot,Gas Charges upto 3.3719 MMBTU,"[295.0, 295.0, 295.0, 295.0, 295.0, 295.0, 295.0, 295.0, 846.99, 1711.0, 1711.0, 1843.75]","[1, 2, 3, 4, 5, 6, 7, 8, 9, 10, 11, 12]","[0.0, 0.0, 0.0, 0.0, 0.0, 0.0, 0.0, 551.99, 864.01, 0.0, 132.75]","[0.0, 0.0, 0.0, 0.0, 0.0, 0.0, 0.0, 1.871153, 1.020095, 0.0, 0.077586]",11
W1,Sialkot,Gents Sandal Bata,"[1499.0, 1499.0, 1999.0, 1999.0, 1999.0, 2055.69, 2299.0, 2299.0, 2299.0, 2299.0, 2299.0, 2299.0]","[1, 2, 3, 4, 5, 6, 7, 8, 9, 10, 11, 12]","[0.0, 500.0, 0.0, 0.0, 56.69, 243.31, 0.0, 0.0, 0.0, 0.0, 0.0]","[0.0, 0.333556, 0.0, 0.0, 0.028359, 0.118359, 0.0, 0.0, 0.0, 0.0, 0.0]",11
W1,Sialkot,Gents Sponge Chappal Bata,"[379.0, 379.0, 599.0, 599.0, 599.0, 599.0, 599.0, 599.0, 599.0, 599.0, 599.0, 599.0]","[1, 2, 3, 4, 5, 6, 7, 8, 9, 10, 11, 12]","[0.0, 220.0, 0.0, 0.0, 0.0, 0.0, 0.0, 0.0, 0.0, 0.0, 0.0]","[0.0, 0.580475, 0.0, 0.0, 0.0, 0.0, 0.0, 0.0, 0.0, 0.0, 0.0]",11
W1,Sialkot,Georgette (Average Quality),"[283.89, 300.0, 300.0, 300.0, 300.0, 300.0, 300.0, 300.0, 300.0, 300.0, 300.0, 300.0]","[1, 2, 3, 4, 5, 6, 7, 8, 9, 10, 11, 12]","[16.11, 0.0, 0.0, 0.0, 0.0, 0.0, 0.0, 0.0, 0.0, 0.0, 0.0]","[0.056747, 0.0, 0.0, 0.0, 0.0, 0.0, 0.0, 0.0, 0.0, 0.0, 0.0]",11
W1,Sialkot,Gur (Average Quality),"[160.0, 184.79, 200.0, 204.94, 220.0, 220.0, 220.0, 220.0, 203.85, 200.0, 200.0, 210.0]","[1, 2, 3, 4, 5, 6, 7, 8, 9, 10, 11, 12]","[24.79, 15.21, 4.94, 15.06, 0.0, 0.0, 0.0, -16.15, -3.85, 0.0, 10.0]","[0.154937, 0.08231, 0.0247, 0.073485, 0.0, 0.0, 0.0, -0.073409, -0.018886, 0.0, 0.05]",11
W1,Sialkot,Hi-Speed Diesel,"[288.92, 294.43, 273.54, 253.9, 257.88, 286.14, 321.37, 311.63, 300.33, 283.9, 277.23, 282.34]","[1, 2, 3, 4, 5, 6, 7, 8, 9, 10, 11, 12]","[5.51, -20.89, -19.64, 3.98, 28.26, 35.23, -9.74, -11.3, -16.43, -6.67, 5.11]","[0.019071, -0.070951, -0.071799, 0.015675, 0.109586, 0.123122, -0.030308, -0.036261, -0.054706, -0.023494, 0.018432]",11
W1,Sialkot,LPG 11.67 kg Cylinder,"[3500.22, 3556.86, 3408.33, 2913.07, 2602.99, 2940.44, 3179.85, 3354.62, 3290.88, 3268.0, 3468.78, 3508.5]","[1, 2, 3, 4, 5, 6, 7, 8, 9, 10, 11, 12]","[56.64, -148.53, -495.26, -310.08, 337.45, 239.41, 174.77, -63.74, -22.88, 200.78, 39.72]","[0.016182, -0.041759, -0.145309, -0.106444, 0.129639, 0.08142, 0.054962, -0.019001, -0.006953, 0.061438, 0.011451]",11
W1,Sialkot,Ladies Sandal Bata,"[699.0, 699.0, 799.0, 799.0, 799.0, 799.0, 799.0, 799.0, 799.0, 799.0, 799.0, 799.0]","[1, 2, 3, 4, 5, 6, 7, 8, 9, 10, 11, 12]","[0.0, 100.0, 0.0, 0.0, 0.0, 0.0, 0.0, 0.0, 0.0, 0.0, 0.0]","[0.0, 0.143062, 0.0, 0.0, 0.0, 0.0, 0.0, 0.0, 0.0, 0.0, 0.0]",11
W1,Sialkot,Lawn Printed Gul Ahmed/Al Karam,"[353.91, 370.0, 370.0, 370.0, 370.0, 400.53, 550.0, 550.0, 550.0, 550.0, 550.0, 550.0]","[1, 2, 3, 4, 5, 6, 7, 8, 9, 10, 11, 12]","[16.09, 0.0, 0.0, 0.0, 30.53, 149.47, 0.0, 0.0, 0.0, 0.0, 0.0]","[0.045464, 0.0, 0.0, 0.0, 0.082514, 0.373181, 0.0, 0.0, 0.0, 0.0, 0.0]",11
W1,Sialkot,"Long Cloth 57"" Gul Ahmed/Al Karam","[450.0, 450.0, 450.0, 450.0, 450.0, 471.79, 570.0, 570.0, 570.0, 570.0, 570.0, 570.0]","[1, 2, 3, 4, 5, 6, 7, 8, 9, 10, 11, 12]","[0.0, 0.0, 0.0, 0.0, 21.79, 98.21, 0.0, 0.0, 0.0, 0.0, 0.0]","[0.0, 0.0, 0.0, 0.0, 0.048422, 0.208165, 0.0, 0.0, 0.0, 0.0, 0.0]",11
W1,Sialkot,Match Box,"[4.0, 4.47, 5.0, 5.0, 5.0, 5.0, 5.0, 5.0, 5.0, 5.0, 5.0, 5.0]","[1, 2, 3, 4, 5, 6, 7, 8, 9, 10, 11, 12]","[0.47, 0.53, 0.0, 0.0, 0.0, 0.0, 0.0, 0.0, 0.0, 0.0, 0.0]","[0.1175, 0.118568, 0.0, 0.0, 0.0, 0.0, 0.0, 0.0, 0.0, 0.0, 0.0]",11
W1,Sialkot,Milk fresh (Un-boiled),"[120.0, 140.0, 140.0, 140.0, 140.0, 155.78, 160.0, 160.0, 160.0, 160.0, 160.0, 160.0]","[1, 2, 3, 4, 5, 6, 7, 8, 9, 10, 11, 12]","[20.0, 0.0, 0.0, 0.0, 15.78, 4.22, 0.0, 0.0, 0.0, 0.0, 0.0]","[0.166667, 0.0, 0.0, 0.0, 0.112714, 0.027089, 0.0, 0.0, 0.0, 0.0, 0.0]",11
W1,Sialkot,Mustard Oil (Average Quality),"[560.0, 560.0, 560.0, 504.93, 500.0, 500.0, 494.92, 480.0, 480.0, 480.0, 480.0, 480.0]","[1, 2, 3, 4, 5, 6, 7, 8, 9, 10, 11, 12]","[0.0, 0.0, -55.07, -4.93, 0.0, -5.08, -14.92, 0.0, 0.0, 0.0, 0.0]","[0.0, 0.0, -0.098339, -0.009764, 0.0, -0.01016, -0.030146, 0.0, 0.0, 0.0, 0.0]",11
W1,Sialkot,Mutton (Average Quality),"[1558.29, 1650.0, 1686.29, 1800.0, 1800.0, 1800.0, 1800.0, 1800.0, 1800.0, 1800.0, 1824.83, 1837.42]","[1, 2, 3, 4, 5, 6, 7, 8, 9, 10, 11, 12]","[91.71, 36.29, 113.71, 0.0, 0.0, 0.0, 0.0, 0.0, 0.0, 24.83, 12.59]","[0.058853, 0.021994, 0.067432, 0.0, 0.0, 0.0, 0.0, 0.0, 0.0, 0.013794, 0.006899]",11
W1,Sialkot,Onions,"[137.41, 76.24, 57.19, 65.0, 64.81, 69.41, 96.31, 114.52, 134.93, 202.33, 235.75, 233.2]","[1, 2, 3, 4, 5, 6, 7, 8, 9, 10, 11, 12]","[-61.17, -19.05, 7.81, -0.19, 4.6, 26.9, 18.21, 20.41, 67.4, 33.42, -2.55]","[-0.445164, -0.249869, 0.136562, -0.002923, 0.070977, 0.387552, 0.189077, 0.178222, 0.499518, 0.165176, -0.010817]",11
W1,Sialkot,Petrol Super,"[270.92, 277.9, 276.89, 262.9, 258.37, 284.23, 319.08, 303.76, 283.2, 275.28, 264.3, 272.53]","[1, 2, 3, 4, 5, 6, 7, 8, 9, 10, 11, 12]","[6.98, -1.01, -13.99, -4.53, 25.86, 34.85, -15.32, -20.56, -7.92, -10.98, 8.23]","[0.025764, -0.003634, -0.050525, -0.017231, 0.100089, 0.122612, -0.048013, -0.067685, -0.027966, -0.039887, 0.031139]",11
W1,Sialkot,Potatoes,"[49.32, 62.35, 69.76, 77.96, 93.22, 95.2, 96.55, 112.12, 125.83, 87.89, 68.87, 70.22]","[1, 2, 3, 4, 5, 6, 7, 8, 9, 10, 11, 12]","[13.03, 7.41, 8.2, 15.26, 1.98, 1.35, 15.57, 13.71, -37.94, -19.02, 1.35]","[0.264193, 0.118845, 0.117546, 0.195741, 0.02124, 0.014181, 0.161264, 0.12228, -0.301518, -0.216407, 0.019602]",11
W1,Sialkot,Powdered Milk NIDO 390 gm Polybag,"[680.0, 680.0, 740.0, 740.0, 740.0, 820.0, 820.0, 820.0, 820.0, 820.0, 820.0, 820.0]","[1, 2, 3, 4, 5, 6, 7, 8, 9, 10, 11, 12]","[0.0, 60.0, 0.0, 0.0, 80.0, 0.0, 0.0, 0.0, 0.0, 0.0, 0.0]","[0.0, 0.088235, 0.0, 0.0, 0.108108, 0.0, 0.0, 0.0, 0.0, 0.0, 0.0]",11
W1,Sialkot,Pulse Gram,"[223.95, 220.0, 234.97, 216.24, 213.74, 215.0, 216.21, 201.24, 209.9, 220.0, 232.49, 233.12]","[1, 2, 3, 4, 5, 6, 7, 8, 9, 10, 11, 12]","[-3.95, 14.97, -18.73, -2.5, 1.26, 1.21, -14.97, 8.66, 10.1, 12.49, 0.63]","[-0.017638, 0.068045, -0.079712, -0.011561, 0.005895, 0.005628, -0.069238, 0.043033, 0.048118, 0.056773, 0.00271]",11
W1,Sialkot,Pulse Mash (Washed),"[429.0, 442.42, 453.74, 466.15, 484.97, 515.78, 544.93, 510.79, 514.98, 520.0, 521.25, 513.12]","[1, 2, 3, 4, 5, 6, 7, 8, 9, 10, 11, 12]","[13.42, 11.32, 12.41, 18.82, 30.81, 29.15, -34.14, 4.19, 5.02, 1.25, -8.13]","[0.031282, 0.025587, 0.02735, 0.040373, 0.06353, 0.056516, -0.06265, 0.008203, 0.009748, 0.002404, -0.015597]",11
W1,Sialkot,Pulse Masoor (Washed),"[251.97, 261.17, 263.74, 250.0, 250.0, 266.45, 340.0, 304.88, 318.74, 327.47, 330.0, 320.0]","[1, 2, 3, 4, 5, 6, 7, 8, 9, 10, 11, 12]","[9.2, 2.57, -13.74, 0.0, 16.45, 73.55, -35.12, 13.86, 8.73, 2.53, -10.0]","[0.036512, 0.00984, -0.052097, 0.0, 0.0658, 0.276037, -0.103294, 0.045461, 0.027389, 0.007726, -0.030303]",11
W1,Sialkot,Pulse Moong (Washed),"[253.88, 253.74, 257.46, 229.92, 217.49, 223.88, 258.69, 252.49, 250.0, 259.9, 274.87, 282.44]","[1, 2, 3, 4, 5, 6, 7, 8, 9, 10, 11, 12]","[-0.14, 3.72, -27.54, -12.43, 6.39, 34.81, -6.2, -2.49, 9.9, 14.97, 7.57]","[-0.000551, 0.014661, -0.106968, -0.054062, 0.029381, 0.155485, -0.023967, -0.009862, 0.0396, 0.057599, 0.02754]",11
W1,Sialkot,Rice Basmati Broken (Average Quality),"[155.92, 169.71, 189.9, 195.0, 198.74, 219.82, 230.0, 227.46, 220.0, 163.27, 163.27, 162.04]","[1, 2, 3, 4, 5, 6, 7, 8, 9, 10, 11, 12]","[13.79, 20.19, 5.1, 3.74, 21.08, 10.18, -2.54, -7.46, -56.73, 0.0, -1.23]","[0.088443, 0.118968, 0.026856, 0.019179, 0.106068, 0.046311, -0.011043, -0.032797, -0.257864, 0.0, -0.007534]",11
W1,Sialkot,Salt Powdered (NATIONAL/SHAN) 800 gm Packet,"[60.0, 60.0, 60.0, 60.0, 60.0, 60.0, 67.35, 70.0, 70.0, 70.0, 70.0, 70.0]","[1, 2, 3, 4, 5, 6, 7, 8, 9, 10, 11, 12]","[0.0, 0.0, 0.0, 0.0, 0.0, 7.35, 2.65, 0.0, 0.0, 0.0, 0.0]","[0.0, 0.0, 0.0, 0.0, 0.0, 0.1225, 0.039347, 0.0, 0.0, 0.0, 0.0]",11
W1,Sialkot,Shirting (Average Quality),"[353.91, 370.0, 370.0, 370.0, 370.0, 370.0, 370.0, 370.0, 370.0, 370.0, 370.0, 370.0]","[1, 2, 3, 4, 5, 6, 7, 8, 9, 10, 11, 12]","[16.09, 0.0, 0.0, 0.0, 0.0, 0.0, 0.0, 0.0, 0.0, 0.0, 0.0]","[0.045464, 0.0, 0.0, 0.0, 0.0, 0.0, 0.0, 0.0, 0.0, 0.0, 0.0]",11
W1,Sialkot,Sufi Washing Soap 250 gm Cake,"[110.0, 110.0, 125.0, 125.0, 126.23, 130.0, 130.0, 130.0, 130.0, 130.0, 120.0, 120.0]","[1, 2, 3, 4, 5, 6, 7, 8, 9, 10, 11, 12]","[0.0, 15.0, 0.0, 1.23, 3.77, 0.0, 0.0, 0.0, 0.0, -10.0, 0.0]","[0.0, 0.136364, 0.0, 0.00984, 0.029866, 0.0, 0.0, 0.0, 0.0, -0.076923, 0.0]",11
W1,Sialkot,Sugar Refined,"[106.92, 122.47, 118.73, 123.2, 140.67, 156.13, 165.53, 149.1, 140.24, 141.97, 144.24, 144.62]","[1, 2, 3, 4, 5, 6, 7, 8, 9, 10, 11, 12]","[15.55, -3.74, 4.47, 17.47, 15.46, 9.4, -16.43, -8.86, 1.73, 2.27, 0.38]","[0.145436, -0.030538, 0.037648, 0.141802, 0.109903, 0.060206, -0.099257, -0.059423, 0.012336, 0.015989, 0.002634]",11
W1,Sialkot,Tea Lipton Yellow Label 190 gm Packet,"[495.41, 558.82, 558.82, 558.82, 558.82, 558.82, 554.79, 542.86, 542.86, 542.86, 542.86, 542.86]","[1, 2, 3, 4, 5, 6, 7, 8, 9, 10, 11, 12]","[63.41, 0.0, 0.0, 0.0, 0.0, -4.03, -11.93, 0.0, 0.0, 0.0, 0.0]","[0.127995, 0.0, 0.0, 0.0, 0.0, -0.007212, -0.021504, 0.0, 0.0, 0.0, 0.0]",11
W1,Sialkot,Tea Prepared Ordinary,"[40.0, 40.0, 40.0, 50.0, 50.0, 50.0, 50.0, 50.0, 50.0, 50.0, 50.0, 50.0]","[1, 2, 3, 4, 5, 6, 7, 8, 9, 10, 11, 12]","[0.0, 0.0, 10.0, 0.0, 0.0, 0.0, 0.0, 0.0, 0.0, 0.0, 0.0]","[0.0, 0.0, 0.25, 0.0, 0.0, 0.0, 0.0, 0.0, 0.0, 0.0, 0.0]",11
W1,Sialkot,Telephone Call Charges,"[1.79, 1.79, 1.79, 1.79, 1.79, 1.79, 1.79, 1.79, 1.79, 1.79, 1.79, 1.79]","[1, 2, 3, 4, 5, 6, 7, 8, 9, 10, 11, 12]","[0.0, 0.0, 0.0, 0.0, 0.0, 0.0, 0.0, 0.0, 0.0, 0.0, 0.0]","[0.0, 0.0, 0.0, 0.0, 0.0, 0.0, 0.0, 0.0, 0.0, 0.0, 0.0]",11
W1,Sialkot,Toilet Soap LIFEBUOY 115 gm,"[85.35, 85.35, 94.17, 97.31, 107.75, 111.47, 111.47, 111.47, 111.47, 111.47, 111.47, 111.47]","[1, 2, 3, 4, 5, 6, 7, 8, 9, 10, 11, 12]","[0.0, 8.82, 3.14, 10.44, 3.72, 0.0, 0.0, 0.0, 0.0, 0.0, 0.0]","[0.0, 0.103339, 0.033344, 0.107286, 0.034524, 0.0, 0.0, 0.0, 0.0, 0.0, 0.0]",11
W1,Sialkot,Tomatoes,"[74.17, 68.45, 38.84, 45.45, 104.39, 119.55, 110.23, 121.41, 178.85, 127.3, 149.83, 139.43]","[1, 2, 3, 4, 5, 6, 7, 8, 9, 10, 11, 12]","[-5.72, -29.61, 6.61, 58.94, 15.16, -9.32, 11.18, 57.44, -51.55, 22.53, -10.4]","[-0.07712, -0.432579, 0.170185, 1.29681, 0.145225, -0.077959, 0.101424, 0.473108, -0.28823, 0.176984, -0.069412]",11
W1,Sialkot,Vegetable Ghee DALDA/HABIB 2.5 kg Tin,"[1442.65, 1550.0, 1550.0, 1525.0, 1499.36, 1425.0, 1409.97, 1397.48, 1380.0, 1310.0, 1310.0, 1297.5]","[1, 2, 3, 4, 5, 6, 7, 8, 9, 10, 11, 12]","[107.35, 0.0, -25.0, -25.64, -74.36, -15.03, -12.49, -17.48, -70.0, 0.0, -12.5]","[0.074412, 0.0, -0.016129, -0.016813, -0.049594, -0.010547, -0.008858, -0.012508, -0.050725, 0.0, -0.009542]",11
W1,Sialkot,Vegetable Ghee DALDA/HABIB or Other Superior Quality 1 kg Pouch,"[612.92, 605.0, 605.0, 577.48, 569.5, 554.95, 547.0, 536.12, 514.98, 509.0, 506.48, 502.74]","[1, 2, 3, 4, 5, 6, 7, 8, 9, 10, 11, 12]","[-7.92, 0.0, -27.52, -7.98, -14.55, -7.95, -10.88, -21.14, -5.98, -2.52, -3.74]","[-0.012922, 0.0, -0.045488, -0.013819, -0.025549, -0.014326, -0.01989, -0.039431, -0.011612, -0.004951, -0.007384]",11
W1,Sialkot,Wheat Flour Bag,"[1633.74, 2398.39, 2532.63, 2463.65, 2848.71, 2733.0, 2783.1, 2783.1, 2825.83, 2867.0, 2800.0, 2766.0]","[1, 2, 3, 4, 5, 6, 7, 8, 9, 10, 11, 12]","[764.65, 134.24, -68.98, 385.06, -115.71, 50.1, 0.0, 42.73, 41.17, -67.0, -34.0]","[0.468037, 0.055971, -0.027237, 0.156297, -0.040618, 0.018332, 0.0, 0.015353, 0.014569, -0.023369, -0.012143]",11
W1,Sukkur,Bananas (Kela) Local,"[168.29, 200.0, 200.0, 200.0, 113.7, 105.69, 127.75, 105.47, 103.09, 100.0, 101.53, 113.25]","[1, 2, 3, 4, 5, 6, 7, 8, 9, 10, 11, 12]","[31.71, 0.0, 0.0, -86.3, -8.01, 22.06, -22.28, -2.38, -3.09, 1.53, 11.72]","[0.188425, 0.0, 0.0, -0.4315, -0.070449, 0.208724, -0.174403, -0.022566, -0.029974, 0.0153, 0.115434]",11
W1,Sukkur,Beef with Bone (Average Quality),"[700.0, 700.0, 700.0, 700.0, 700.0, 700.0, 700.0, 700.0, 739.72, 750.0, 774.6, 787.3]","[1, 2, 3, 4, 5, 6, 7, 8, 9, 10, 11, 12]","[0.0, 0.0, 0.0, 0.0, 0.0, 0.0, 0.0, 39.72, 10.28, 24.6, 12.7]","[0.0, 0.0, 0.0, 0.0, 0.0, 0.0, 0.0, 0.056743, 0.013897, 0.0328, 0.016396]",11
W1,Sukkur,Bread plain (Small Size),"[100.0, 100.0, 100.0, 100.0, 100.0, 100.0, 120.0, 120.0, 123.9, 130.0, 130.0, 130.0]","[1, 2, 3, 4, 5, 6, 7, 8, 9, 10, 11, 12]","[0.0, 0.0, 0.0, 0.0, 0.0, 20.0, 0.0, 3.9, 6.1, 0.0, 0.0]","[0.0, 0.0, 0.0, 0.0, 0.0, 0.2, 0.0, 0.0325, 0.049233, 0.0, 0.0]",11
W1,Sukkur,Chicken Farm Broiler (Live),"[405.22, 393.59, 442.25, 454.75, 447.31, 425.93, 385.9, 366.14, 365.86, 357.27, 452.37, 448.56]","[1, 2, 3, 4, 5, 6, 7, 8, 9, 10, 11, 12]","[-11.63, 48.66, 12.5, -7.44, -21.38, -40.03, -19.76, -0.28, -8.59, 95.1, -3.81]","[-0.0287, 0.123631, 0.028265, -0.016361, -0.047797, -0.093983, -0.051205, -0.000765, -0.023479, 0.266185, -0.008422]",11
W1,Sukkur,Chilies Powder NATIONAL 200 gm Packet,"[215.0, 215.0, 215.0, 215.0, 251.1, 400.0, 400.0, 400.0, 400.0, 400.0, 400.0, 400.0]","[1, 2, 3, 4, 5, 6, 7, 8, 9, 10, 11, 12]","[0.0, 0.0, 0.0, 36.1, 148.9, 0.0, 0.0, 0.0, 0.0, 0.0, 0.0]","[0.0, 0.0, 0.0, 0.167907, 0.592991, 0.0, 0.0, 0.0, 0.0, 0.0, 0.0]",11
W1,Sukkur,Cigarettes Capstan 20'S Packet,"[220.0, 220.0, 220.0, 220.0, 220.0, 220.0, 220.0, 220.0, 220.0, 220.0, 220.0, 220.0]","[1, 2, 3, 4, 5, 6, 7, 8, 9, 10, 11, 12]","[0.0, 0.0, 0.0, 0.0, 0.0, 0.0, 0.0, 0.0, 0.0, 0.0, 0.0]","[0.0, 0.0, 0.0, 0.0, 0.0, 0.0, 0.0, 0.0, 0.0, 0.0, 0.0]",11
W1,Sukkur,Cooked Beef at Average Hotel,"[200.0, 200.0, 200.0, 200.0, 200.0, 200.0, 200.0, 200.0, 200.0, 200.0, 200.0, 200.0]","[1, 2, 3, 4, 5, 6, 7, 8, 9, 10, 11, 12]","[0.0, 0.0, 0.0, 0.0, 0.0, 0.0, 0.0, 0.0, 0.0, 0.0, 0.0]","[0.0, 0.0, 0.0, 0.0, 0.0, 0.0, 0.0, 0.0, 0.0, 0.0, 0.0]",11
W1,Sukkur,Cooked Daal at Average Hotel,"[100.0, 100.0, 100.0, 107.07, 109.54, 115.7, 120.0, 120.0, 120.0, 120.0, 126.88, 138.44]","[1, 2, 3, 4, 5, 6, 7, 8, 9, 10, 11, 12]","[0.0, 0.0, 7.07, 2.47, 6.16, 4.3, 0.0, 0.0, 0.0, 6.88, 11.56]","[0.0, 0.0, 0.0707, 0.023069, 0.056235, 0.037165, 0.0, 0.0, 0.0, 0.057333, 0.09111]",11
W1,Sukkur,"Cooking Oil DALDA or Other Similar Brand (SN), 5 Litre Tin","[3090.15, 3250.0, 3250.0, 3250.0, 3214.42, 3069.61, 2984.9, 2960.0, 2960.0, 2904.72, 2745.0, 2720.0]","[1, 2, 3, 4, 5, 6, 7, 8, 9, 10, 11, 12]","[159.85, 0.0, 0.0, -35.58, -144.81, -84.71, -24.9, 0.0, -55.28, -159.72, -25.0]","[0.051729, 0.0, 0.0, -0.010948, -0.04505, -0.027596, -0.008342, 0.0, -0.018676, -0.054986, -0.009107]",11
W1,Sukkur,Curd (Dahi) Loose,"[170.0, 179.86, 190.0, 204.45, 220.0, 220.0, 220.0, 220.0, 220.0, 220.0, 220.0, 220.0]","[1, 2, 3, 4, 5, 6, 7, 8, 9, 10, 11, 12]","[9.86, 10.14, 14.45, 15.55, 0.0, 0.0, 0.0, 0.0, 0.0, 0.0, 0.0]","[0.058, 0.056377, 0.076053, 0.076058, 0.0, 0.0, 0.0, 0.0, 0.0, 0.0, 0.0]",11
W1,Sukkur,Eggs Hen (Farm),"[247.72, 267.46, 274.95, 254.47, 254.47, 291.83, 300.0, 319.76, 336.98, 370.76, 422.3, 347.91]","[1, 2, 3, 4, 5, 6, 7, 8, 9, 10, 11, 12]","[19.74, 7.49, -20.48, 0.0, 37.36, 8.17, 19.76, 17.22, 33.78, 51.54, -74.39]","[0.079687, 0.028004, -0.074486, 0.0, 0.146815, 0.027996, 0.065867, 0.053853, 0.100243, 0.139012, -0.176154]",11
W1,Sukkur,Electricity Charges upto 50 Units,"[6.47, 6.23, 6.15, 6.15, 6.45, 7.54, 7.57, 8.05, 7.4, 7.04, 7.31, 7.36]","[1, 2, 3, 4, 5, 6, 7, 8, 9, 10, 11, 12]","[-0.24, -0.08, 0.0, 0.3, 1.09, 0.03, 0.48, -0.65, -0.36, 0.27, 0.05]","[-0.037094, -0.012841, 0.0, 0.04878, 0.168992, 0.003979, 0.063408, -0.080745, -0.048649, 0.038352, 0.00684]",11
W1,Sukkur,Energy Saver Philips 14 Watt,"[212.13, 212.13, 212.13, 230.29, 250.0, 250.0, 250.0, 250.0, 250.0, 250.0, 273.86, 286.93]","[1, 2, 3, 4, 5, 6, 7, 8, 9, 10, 11, 12]","[0.0, 0.0, 18.16, 19.71, 0.0, 0.0, 0.0, 0.0, 0.0, 23.86, 13.07]","[0.0, 0.0, 0.085608, 0.085588, 0.0, 0.0, 0.0, 0.0, 0.0, 0.09544, 0.047725]",11
W1,Sukkur,Firewood Whole,"[700.0, 700.0, 700.0, 700.0, 700.0, 700.0, 700.0, 700.0, 712.57, 731.86, 731.86, 765.93]","[1, 2, 3, 4, 5, 6, 7, 8, 9, 10, 11, 12]","[0.0, 0.0, 0.0, 0.0, 0.0, 0.0, 0.0, 12.57, 19.29, 0.0, 34.07]","[0.0, 0.0, 0.0, 0.0, 0.0, 0.0, 0.0, 0.017957, 0.027071, 0.0, 0.046553]",11
W1,Sukkur,Garlic (Lehsun),"[371.29, 355.9, 295.06, 295.8, 374.17, 426.58, 462.01, 538.0, 593.08, 587.09, 578.64, 561.58]","[1, 2, 3, 4, 5, 6, 7, 8, 9, 10, 11, 12]","[-15.39, -60.84, 0.74, 78.37, 52.41, 35.43, 75.99, 55.08, -5.99, -8.45, -17.06]","[-0.04145, -0.170947, 0.002508, 0.264943, 0.14007, 0.083056, 0.164477, 0.102379, -0.0101, -0.014393, -0.029483]",11
W1,Sukkur,Gas Charges upto 3.3719 MMBTU,"[295.0, 295.0, 295.0, 295.0, 295.0, 295.0, 295.0, 295.0, 846.99, 1711.0, 1711.0, 1843.75]","[1, 2, 3, 4, 5, 6, 7, 8, 9, 10, 11, 12]","[0.0, 0.0, 0.0, 0.0, 0.0, 0.0, 0.0, 551.99, 864.01, 0.0, 132.75]","[0.0, 0.0, 0.0, 0.0, 0.0, 0.0, 0.0, 1.871153, 1.020095, 0.0, 0.077586]",11
W1,Sukkur,Gents Sandal Bata,"[1499.0, 1499.0, 1999.0, 1999.0, 1999.0, 2055.69, 2299.0, 2299.0, 2299.0, 2299.0, 2299.0, 2299.0]","[1, 2, 3, 4, 5, 6, 7, 8, 9, 10, 11, 12]","[0.0, 500.0, 0.0, 0.0, 56.69, 243.31, 0.0, 0.0, 0.0, 0.0, 0.0]","[0.0, 0.333556, 0.0, 0.0, 0.028359, 0.118359, 0.0, 0.0, 0.0, 0.0, 0.0]",11
W1,Sukkur,Gents Sponge Chappal Bata,"[379.0, 379.0, 599.0, 599.0, 599.0, 599.0, 599.0, 599.0, 599.0, 599.0, 599.0, 599.0]","[1, 2, 3, 4, 5, 6, 7, 8, 9, 10, 11, 12]","[0.0, 220.0, 0.0, 0.0, 0.0, 0.0, 0.0, 0.0, 0.0, 0.0, 0.0]","[0.0, 0.580475, 0.0, 0.0, 0.0, 0.0, 0.0, 0.0, 0.0, 0.0, 0.0]",11
W1,Sukkur,Georgette (Average Quality),"[206.46, 206.46, 206.46, 206.46, 206.46, 206.46, 206.46, 206.46, 206.46, 206.46, 206.46, 206.46]","[1, 2, 3, 4, 5, 6, 7, 8, 9, 10, 11, 12]","[0.0, 0.0, 0.0, 0.0, 0.0, 0.0, 0.0, 0.0, 0.0, 0.0, 0.0]","[0.0, 0.0, 0.0, 0.0, 0.0, 0.0, 0.0, 0.0, 0.0, 0.0, 0.0]",11
W1,Sukkur,Gur (Average Quality),"[141.94, 160.0, 174.78, 180.0, 250.0, 250.0, 242.14, 199.5, 180.0, 180.0, 182.39, 181.2]","[1, 2, 3, 4, 5, 6, 7, 8, 9, 10, 11, 12]","[18.06, 14.78, 5.22, 70.0, 0.0, -7.86, -42.64, -19.5, 0.0, 2.39, -1.19]","[0.127237, 0.092375, 0.029866, 0.388889, 0.0, -0.03144, -0.176096, -0.097744, 0.0, 0.013278, -0.006524]",11
W1,Sukkur,Hi-Speed Diesel,"[288.49, 293.8, 273.39, 253.8, 257.84, 286.4, 321.59, 311.51, 300.22, 283.77, 277.1, 282.45]","[1, 2, 3, 4, 5, 6, 7, 8, 9, 10, 11, 12]","[5.31, -20.41, -19.59, 4.04, 28.56, 35.19, -10.08, -11.29, -16.45, -6.67, 5.35]","[0.018406, -0.069469, -0.071656, 0.015918, 0.110766, 0.12287, -0.031344, -0.036243, -0.054793, -0.023505, 0.019307]",11
W1,Sukkur,LPG 11.67 kg Cylinder,"[3383.44, 3308.2, 3327.0, 2927.82, 2599.49, 2871.39, 3058.6, 3351.57, 3315.52, 3270.0, 3327.0, 3385.78]","[1, 2, 3, 4, 5, 6, 7, 8, 9, 10, 11, 12]","[-75.24, 18.8, -399.18, -328.33, 271.9, 187.21, 292.97, -36.05, -45.52, 57.0, 58.78]","[-0.022238, 0.005683, -0.119982, -0.112141, 0.104597, 0.065198, 0.095786, -0.010756, -0.013729, 0.017431, 0.017668]",11
W1,Sukkur,Ladies Sandal Bata,"[699.0, 699.0, 799.0, 799.0, 799.0, 799.0, 799.0, 799.0, 799.0, 799.0, 799.0, 799.0]","[1, 2, 3, 4, 5, 6, 7, 8, 9, 10, 11, 12]","[0.0, 100.0, 0.0, 0.0, 0.0, 0.0, 0.0, 0.0, 0.0, 0.0, 0.0]","[0.0, 0.143062, 0.0, 0.0, 0.0, 0.0, 0.0, 0.0, 0.0, 0.0, 0.0]",11
W1,Sukkur,Lawn Printed Gul Ahmed/Al Karam,"[550.0, 550.0, 550.0, 550.0, 550.0, 550.0, 550.0, 550.0, 550.0, 550.0, 550.0, 550.0]","[1, 2, 3, 4, 5, 6, 7, 8, 9, 10, 11, 12]","[0.0, 0.0, 0.0, 0.0, 0.0, 0.0, 0.0, 0.0, 0.0, 0.0, 0.0]","[0.0, 0.0, 0.0, 0.0, 0.0, 0.0, 0.0, 0.0, 0.0, 0.0, 0.0]",11
W1,Sukkur,"Long Cloth 57"" Gul Ahmed/Al Karam","[500.0, 500.0, 500.0, 500.0, 500.0, 500.0, 500.0, 500.0, 500.0, 500.0, 500.0, 500.0]","[1, 2, 3, 4, 5, 6, 7, 8, 9, 10, 11, 12]","[0.0, 0.0, 0.0, 0.0, 0.0, 0.0, 0.0, 0.0, 0.0, 0.0, 0.0]","[0.0, 0.0, 0.0, 0.0, 0.0, 0.0, 0.0, 0.0, 0.0, 0.0, 0.0]",11
W1,Sukkur,Match Box,"[5.0, 5.48, 6.0, 6.0, 6.0, 6.0, 6.0, 6.0, 6.0, 6.0, 6.0, 6.0]","[1, 2, 3, 4, 5, 6, 7, 8, 9, 10, 11, 12]","[0.48, 0.52, 0.0, 0.0, 0.0, 0.0, 0.0, 0.0, 0.0, 0.0, 0.0]","[0.096, 0.094891, 0.0, 0.0, 0.0, 0.0, 0.0, 0.0, 0.0, 0.0, 0.0]",11
W1,Sukkur,Milk fresh (Un-boiled),"[160.0, 169.85, 180.0, 189.74, 200.0, 200.0, 200.0, 200.0, 200.0, 200.0, 200.0, 200.0]","[1, 2, 3, 4, 5, 6, 7, 8, 9, 10, 11, 12]","[9.85, 10.15, 9.74, 10.26, 0.0, 0.0, 0.0, 0.0, 0.0, 0.0, 0.0]","[0.061562, 0.059759, 0.054111, 0.054074, 0.0, 0.0, 0.0, 0.0, 0.0, 0.0, 0.0]",11
W1,Sukkur,Mustard Oil (Average Quality),"[458.86, 449.89, 427.18, 362.47, 400.0, 400.0, 407.48, 353.38, 351.62, 337.26, 344.96, 356.15]","[1, 2, 3, 4, 5, 6, 7, 8, 9, 10, 11, 12]","[-8.97, -22.71, -64.71, 37.53, 0.0, 7.48, -54.1, -1.76, -14.36, 7.7, 11.19]","[-0.019548, -0.050479, -0.151482, 0.10354, 0.0, 0.0187, -0.132767, -0.00498, -0.04084, 0.022831, 0.032439]",11
W1,Sukkur,Mutton (Average Quality),"[1400.0, 1400.0, 1400.0, 1400.0, 1400.0, 1400.0, 1400.0, 1400.0, 1400.0, 1400.0, 1500.0, 1550.0]","[1, 2, 3, 4, 5, 6, 7, 8, 9, 10, 11, 12]","[0.0, 0.0, 0.0, 0.0, 0.0, 0.0, 0.0, 0.0, 0.0, 100.0, 50.0]","[0.0, 0.0, 0.0, 0.0, 0.0, 0.0, 0.0, 0.0, 0.0, 0.071429, 0.033333]",11
W1,Sukkur,Onions,"[102.87, 69.64, 52.33, 57.33, 50.0, 60.0, 72.38, 94.87, 120.79, 169.18, 211.11, 196.96]","[1, 2, 3, 4, 5, 6, 7, 8, 9, 10, 11, 12]","[-33.23, -17.31, 5.0, -7.33, 10.0, 12.38, 22.49, 25.92, 48.39, 41.93, -14.15]","[-0.323029, -0.248564, 0.095547, -0.127856, 0.2, 0.206333, 0.310721, 0.273216, 0.400613, 0.247843, -0.067027]",11
W1,Sukkur,Petrol Super,"[270.74, 277.73, 276.73, 262.8, 258.26, 284.26, 318.94, 303.76, 283.22, 275.16, 264.17, 272.28]","[1, 2, 3, 4, 5, 6, 7, 8, 9, 10, 11, 12]","[6.99, -1.0, -13.93, -4.54, 26.0, 34.68, -15.18, -20.54, -8.06, -10.99, 8.11]","[0.025818, -0.003601, -0.050338, -0.017275, 0.100674, 0.122001, -0.047595, -0.067619, -0.028458, -0.03994, 0.0307]",11
W1,Sukkur,Potatoes,"[43.73, 60.0, 70.0, 74.83, 80.0, 80.0, 80.0, 80.0, 80.0, 71.35, 46.42, 51.02]","[1, 2, 3, 4, 5, 6, 7, 8, 9, 10, 11, 12]","[16.27, 10.0, 4.83, 5.17, 0.0, 0.0, 0.0, 0.0, -8.65, -24.93, 4.6]","[0.372056, 0.166667, 0.069, 0.06909, 0.0, 0.0, 0.0, 0.0, -0.108125, -0.349404, 0.099095]",11
W1,Sukkur,Powdered Milk NIDO 390 gm Polybag,"[680.0, 680.0, 702.38, 710.0, 714.95, 785.29, 820.0, 820.0, 820.0, 820.0, 820.0, 820.0]","[1, 2, 3, 4, 5, 6, 7, 8, 9, 10, 11, 12]","[0.0, 22.38, 7.62, 4.95, 70.34, 34.71, 0.0, 0.0, 0.0, 0.0, 0.0]","[0.0, 0.032912, 0.010849, 0.006972, 0.098385, 0.0442, 0.0, 0.0, 0.0, 0.0, 0.0]",11
W1,Sukkur,Pulse Gram,"[260.0, 260.0, 260.0, 260.0, 260.0, 260.0, 260.0, 244.85, 220.0, 229.38, 260.0, 260.0]","[1, 2, 3, 4, 5, 6, 7, 8, 9, 10, 11, 12]","[0.0, 0.0, 0.0, 0.0, 0.0, 0.0, -15.15, -24.85, 9.38, 30.62, 0.0]","[0.0, 0.0, 0.0, 0.0, 0.0, 0.0, -0.058269, -0.101491, 0.042636, 0.13349, 0.0]",11
W1,Sukkur,Pulse Mash (Washed),"[420.0, 420.0, 420.0, 439.55, 460.0, 475.93, 540.0, 529.91, 510.0, 512.48, 520.0, 504.85]","[1, 2, 3, 4, 5, 6, 7, 8, 9, 10, 11, 12]","[0.0, 0.0, 19.55, 20.45, 15.93, 64.07, -10.09, -19.91, 2.48, 7.52, -15.15]","[0.0, 0.0, 0.046548, 0.046525, 0.03463, 0.134621, -0.018685, -0.037572, 0.004863, 0.014674, -0.029135]",11
W1,Sukkur,Pulse Masoor (Washed),"[271.82, 260.0, 260.0, 262.46, 270.0, 270.0, 342.25, 319.51, 307.46, 332.47, 340.0, 334.92]","[1, 2, 3, 4, 5, 6, 7, 8, 9, 10, 11, 12]","[-11.82, 0.0, 2.46, 7.54, 0.0, 72.25, -22.74, -12.05, 25.01, 7.53, -5.08]","[-0.043485, 0.0, 0.009462, 0.028728, 0.0, 0.267593, -0.066443, -0.037714, 0.081344, 0.022649, -0.014941]",11
W1,Sukkur,Pulse Moong (Washed),"[315.96, 310.0, 310.0, 310.0, 294.88, 290.0, 320.0, 297.23, 290.0, 301.76, 344.89, 342.44]","[1, 2, 3, 4, 5, 6, 7, 8, 9, 10, 11, 12]","[-5.96, 0.0, 0.0, -15.12, -4.88, 30.0, -22.77, -7.23, 11.76, 43.13, -2.45]","[-0.018863, 0.0, 0.0, -0.048774, -0.016549, 0.103448, -0.071156, -0.024325, 0.040552, 0.142928, -0.007104]",11
W1,Sukkur,Rice Basmati Broken (Average Quality),"[191.36, 220.0, 220.0, 220.0, 220.0, 240.0, 240.0, 240.0, 240.0, 229.78, 220.0, 220.0]","[1, 2, 3, 4, 5, 6, 7, 8, 9, 10, 11, 12]","[28.64, 0.0, 0.0, 0.0, 20.0, 0.0, 0.0, 0.0, -10.22, -9.78, 0.0]","[0.149666, 0.0, 0.0, 0.0, 0.090909, 0.0, 0.0, 0.0, -0.042583, -0.042562, 0.0]",11
W1,Sukkur,Rice IRRI-6/9 (Sindh/Punjab),"[100.0, 102.41, 114.89, 139.44, 150.0, 160.0, 164.92, 170.0, 170.0, 170.0, 170.0, 170.0]","[1, 2, 3, 4, 5, 6, 7, 8, 9, 10, 11, 12]","[2.41, 12.48, 24.55, 10.56, 10.0, 4.92, 5.08, 0.0, 0.0, 0.0, 0.0]","[0.0241, 0.121863, 0.213683, 0.075731, 0.066667, 0.03075, 0.030803, 0.0, 0.0, 0.0, 0.0]",11
W1,Sukkur,Salt Powdered (NATIONAL/SHAN) 800 gm Packet,"[40.0, 40.0, 40.0, 42.29, 52.33, 60.0, 60.0, 60.0, 67.87, 70.0, 70.0, 70.0]","[1, 2, 3, 4, 5, 6, 7, 8, 9, 10, 11, 12]","[0.0, 0.0, 2.29, 10.04, 7.67, 0.0, 0.0, 7.87, 2.13, 0.0, 0.0]","[0.0, 0.0, 0.05725, 0.237408, 0.14657, 0.0, 0.0, 0.131167, 0.031384, 0.0, 0.0]",11
W1,Sukkur,Shirting (Average Quality),"[215.44, 215.44, 215.44, 215.44, 222.4, 229.58, 229.58, 229.58, 229.58, 229.58, 229.58, 229.58]","[1, 2, 3, 4, 5, 6, 7, 8, 9, 10, 11, 12]","[0.0, 0.0, 0.0, 6.96, 7.18, 0.0, 0.0, 0.0, 0.0, 0.0, 0.0]","[0.0, 0.0, 0.0, 0.032306, 0.032284, 0.0, 0.0, 0.0, 0.0, 0.0, 0.0]",11
W1,Sukkur,Sufi Washing Soap 250 gm Cake,"[116.84, 127.42, 130.0, 130.0, 130.0, 130.0, 138.0, 138.0, 138.0, 138.0, 138.0, 138.0]","[1, 2, 3, 4, 5, 6, 7, 8, 9, 10, 11, 12]","[10.58, 2.58, 0.0, 0.0, 0.0, 8.0, 0.0, 0.0, 0.0, 0.0, 0.0]","[0.090551, 0.020248, 0.0, 0.0, 0.0, 0.061538, 0.0, 0.0, 0.0, 0.0, 0.0]",11
W1,Sukkur,Sugar Refined,"[102.11, 117.1, 113.99, 120.17, 135.7, 150.51, 153.79, 139.87, 129.56, 133.95, 137.36, 136.55]","[1, 2, 3, 4, 5, 6, 7, 8, 9, 10, 11, 12]","[14.99, -3.11, 6.18, 15.53, 14.81, 3.28, -13.92, -10.31, 4.39, 3.41, -0.81]","[0.146802, -0.026558, 0.054215, 0.129234, 0.109138, 0.021793, -0.090513, -0.073711, 0.033884, 0.025457, -0.005897]",11
W1,Sukkur,Tea Lipton Yellow Label 190 gm Packet,"[413.52, 413.52, 499.06, 558.82, 558.82, 558.82, 558.82, 558.82, 546.18, 543.06, 542.86, 550.84]","[1, 2, 3, 4, 5, 6, 7, 8, 9, 10, 11, 12]","[0.0, 85.54, 59.76, 0.0, 0.0, 0.0, 0.0, -12.64, -3.12, -0.2, 7.98]","[0.0, 0.206858, 0.119745, 0.0, 0.0, 0.0, 0.0, -0.022619, -0.005712, -0.000368, 0.0147]",11
W1,Sukkur,Tea Prepared Ordinary,"[50.0, 50.0, 50.0, 50.0, 55.0, 55.0, 55.0, 56.21, 60.0, 60.0, 60.0, 60.0]","[1, 2, 3, 4, 5, 6, 7, 8, 9, 10, 11, 12]","[0.0, 0.0, 0.0, 5.0, 0.0, 0.0, 1.21, 3.79, 0.0, 0.0, 0.0]","[0.0, 0.0, 0.0, 0.1, 0.0, 0.0, 0.022, 0.067426, 0.0, 0.0, 0.0]",11
W1,Sukkur,Telephone Call Charges,"[1.79, 1.79, 1.79, 1.79, 1.79, 1.79, 1.79, 1.79, 1.79, 1.79, 1.79, 1.79]","[1, 2, 3, 4, 5, 6, 7, 8, 9, 10, 11, 12]","[0.0, 0.0, 0.0, 0.0, 0.0, 0.0, 0.0, 0.0, 0.0, 0.0, 0.0]","[0.0, 0.0, 0.0, 0.0, 0.0, 0.0, 0.0, 0.0, 0.0, 0.0, 0.0]",11
W1,Sukkur,Toilet Soap LIFEBUOY 115 gm,"[95.0, 97.41, 105.0, 105.0, 105.0, 105.0, 105.0, 105.0, 105.0, 105.0, 105.0, 107.5]","[1, 2, 3, 4, 5, 6, 7, 8, 9, 10, 11, 12]","[2.41, 7.59, 0.0, 0.0, 0.0, 0.0, 0.0, 0.0, 0.0, 0.0, 2.5]","[0.025368, 0.077918, 0.0, 0.0, 0.0, 0.0, 0.0, 0.0, 0.0, 0.0, 0.02381]",11
W1,Sukkur,Tomatoes,"[52.1, 27.83, 23.78, 51.8, 78.72, 115.86, 104.66, 112.47, 142.22, 100.0, 109.54, 111.12]","[1, 2, 3, 4, 5, 6, 7, 8, 9, 10, 11, 12]","[-24.27, -4.05, 28.02, 26.92, 37.14, -11.2, 7.81, 29.75, -42.22, 9.54, 1.58]","[-0.465835, -0.145526, 1.178301, 0.519691, 0.471799, -0.096668, 0.074623, 0.264515, -0.296864, 0.0954, 0.014424]",11
W1,Sukkur,Vegetable Ghee DALDA/HABIB 2.5 kg Tin,"[1573.35, 1550.0, 1550.0, 1550.0, 1550.0, 1509.2, 1427.32, 1405.0, 1405.0, 1400.0, 1400.0, 1356.42]","[1, 2, 3, 4, 5, 6, 7, 8, 9, 10, 11, 12]","[-23.35, 0.0, 0.0, 0.0, -40.8, -81.88, -22.32, 0.0, -5.0, 0.0, -43.58]","[-0.014841, 0.0, 0.0, 0.0, -0.026323, -0.054254, -0.015638, 0.0, -0.003559, 0.0, -0.031129]",11
W1,Sukkur,Vegetable Ghee DALDA/HABIB or Other Superior Quality 1 kg Pouch,"[614.67, 605.0, 605.0, 599.98, 581.85, 553.0, 548.49, 547.0, 524.48, 509.0, 509.0, 505.24]","[1, 2, 3, 4, 5, 6, 7, 8, 9, 10, 11, 12]","[-9.67, 0.0, -5.02, -18.13, -28.85, -4.51, -1.49, -22.52, -15.48, 0.0, -3.76]","[-0.015732, 0.0, -0.008298, -0.030218, -0.049583, -0.008156, -0.002717, -0.04117, -0.029515, 0.0, -0.007387]",11
W1,Sukkur,Wheat Flour Bag,"[2367.36, 2440.0, 2504.62, 2494.71, 2829.66, 2819.94, 2742.01, 2611.48, 2651.19, 2689.98, 2694.99, 2591.57]","[1, 2, 3, 4, 5, 6, 7, 8, 9, 10, 11, 12]","[72.64, 64.62, -9.91, 334.95, -9.72, -77.93, -130.53, 39.71, 38.79, 5.01, -103.42]","[0.030684, 0.026484, -0.003957, 0.134264, -0.003435, -0.027635, -0.047604, 0.015206, 0.014631, 0.001862, -0.038375]",11
W2,Bahawalpur,Bananas (Kela) Local,"[151.52, 173.27, 157.9, 156.59, 167.89, 175.89, 132.89, 123.24, 123.24, 123.24, 130.0, 138.1]","[1, 2, 3, 4, 5, 6, 7, 8, 9, 10, 11, 12]","[21.75, -15.37, -1.31, 11.3, 8.0, -43.0, -9.65, 0.0, 0.0, 6.76, 8.1]","[0.143545, -0.088705, -0.008296, 0.072163, 0.04765, -0.244471, -0.072616, 0.0, 0.0, 0.054852, 0.062308]",11
W2,Bahawalpur,Beef with Bone (Average Quality),"[782.97, 848.53, 879.45, 895.72, 900.0, 900.0, 965.94, 983.05, 983.05, 983.05, 983.05, 983.05]","[1, 2, 3, 4, 5, 6, 7, 8, 9, 10, 11, 12]","[65.56, 30.92, 16.27, 4.28, 0.0, 65.94, 17.11, 0.0, 0.0, 0.0, 0.0]","[0.083732, 0.036439, 0.0185, 0.004778, 0.0, 0.073267, 0.017713, 0.0, 0.0, 0.0, 0.0]",11
W2,Bahawalpur,Bread plain (Small Size),"[120.0, 120.0, 120.0, 117.42, 110.0, 110.0, 110.0, 110.0, 110.0, 110.0, 110.0, 107.41]","[1, 2, 3, 4, 5, 6, 7, 8, 9, 10, 11, 12]","[0.0, 0.0, -2.58, -7.42, 0.0, 0.0, 0.0, 0.0, 0.0, 0.0, -2.59]","[0.0, 0.0, -0.0215, -0.063192, 0.0, 0.0, 0.0, 0.0, 0.0, 0.0, -0.023545]",11
W2,Bahawalpur,Chicken Farm Broiler (Live),"[393.53, 429.64, 305.6, 302.93, 337.46, 413.87, 400.99, 405.16, 346.19, 323.52, 415.96, 423.02]","[1, 2, 3, 4, 5, 6, 7, 8, 9, 10, 11, 12]","[36.11, -124.04, -2.67, 34.53, 76.41, -12.88, 4.17, -58.97, -22.67, 92.44, 7.06]","[0.091759, -0.288707, -0.008737, 0.113987, 0.226427, -0.031121, 0.010399, -0.145547, -0.065484, 0.285732, 0.016973]",11
W2,Bahawalpur,Chilies Powder NATIONAL 200 gm Packet,"[400.0, 400.0, 382.54, 320.0, 320.0, 320.0, 320.0, 320.0, 320.0, 320.0, 320.0, 320.0]","[1, 2, 3, 4, 5, 6, 7, 8, 9, 10, 11, 12]","[0.0, -17.46, -62.54, 0.0, 0.0, 0.0, 0.0, 0.0, 0.0, 0.0, 0.0]","[0.0, -0.04365, -0.163486, 0.0, 0.0, 0.0, 0.0, 0.0, 0.0, 0.0, 0.0]",11
W2,Bahawalpur,Cigarettes Capstan 20'S Packet,"[220.0, 220.0, 220.0, 220.0, 220.0, 222.62, 223.28, 223.28, 223.28, 226.62, 226.62, 226.62]","[1, 2, 3, 4, 5, 6, 7, 8, 9, 10, 11, 12]","[0.0, 0.0, 0.0, 0.0, 2.62, 0.66, 0.0, 0.0, 3.34, 0.0, 0.0]","[0.0, 0.0, 0.0, 0.0, 0.011909, 0.002965, 0.0, 0.0, 0.014959, 0.0, 0.0]",11
W2,Bahawalpur,Cooked Beef at Average Hotel,"[273.17, 273.17, 273.17, 273.17, 273.17, 273.17, 273.17, 273.17, 273.17, 273.17, 273.17, 273.17]","[1, 2, 3, 4, 5, 6, 7, 8, 9, 10, 11, 12]","[0.0, 0.0, 0.0, 0.0, 0.0, 0.0, 0.0, 0.0, 0.0, 0.0, 0.0]","[0.0, 0.0, 0.0, 0.0, 0.0, 0.0, 0.0, 0.0, 0.0, 0.0, 0.0]",11
W2,Bahawalpur,Cooked Daal at Average Hotel,"[132.99, 132.99, 132.99, 132.99, 132.99, 132.99, 134.77, 136.58, 136.58, 136.58, 136.58, 136.58]","[1, 2, 3, 4, 5, 6, 7, 8, 9, 10, 11, 12]","[0.0, 0.0, 0.0, 0.0, 0.0, 1.78, 1.81, 0.0, 0.0, 0.0, 0.0]","[0.0, 0.0, 0.0, 0.0, 0.0, 0.013384, 0.01343, 0.0, 0.0, 0.0, 0.0]",11
W2,Bahawalpur,"Cooking Oil DALDA or Other Similar Brand (SN), 5 Litre Tin","[2674.77, 2634.77, 2695.0, 2695.0, 2695.0, 2695.0, 2668.07, 2668.07, 2688.24, 2767.27, 2924.0, 2964.83]","[1, 2, 3, 4, 5, 6, 7, 8, 9, 10, 11, 12]","[-40.0, 60.23, 0.0, 0.0, 0.0, -26.93, 0.0, 20.17, 79.03, 156.73, 40.83]","[-0.014955, 0.02286, 0.0, 0.0, 0.0, -0.009993, 0.0, 0.00756, 0.029398, 0.056637, 0.013964]",11
W2,Bahawalpur,Curd (Dahi) Loose,"[186.43, 186.43, 186.43, 191.41, 193.1, 193.1, 194.8, 200.0, 200.0, 200.0, 200.0, 200.0]","[1, 2, 3, 4, 5, 6, 7, 8, 9, 10, 11, 12]","[0.0, 0.0, 4.98, 1.69, 0.0, 1.7, 5.2, 0.0, 0.0, 0.0, 0.0]","[0.0, 0.0, 0.026712, 0.008829, 0.0, 0.008804, 0.026694, 0.0, 0.0, 0.0, 0.0]",11
W2,Bahawalpur,Eggs Hen (Farm),"[261.43, 256.03, 239.68, 234.5, 236.16, 279.55, 291.07, 291.69, 335.64, 341.13, 275.63, 252.04]","[1, 2, 3, 4, 5, 6, 7, 8, 9, 10, 11, 12]","[-5.4, -16.35, -5.18, 1.66, 43.39, 11.52, 0.62, 43.95, 5.49, -65.5, -23.59]","[-0.020656, -0.06386, -0.021612, 0.007079, 0.183731, 0.041209, 0.00213, 0.150674, 0.016357, -0.192009, -0.085586]",11
W2,Bahawalpur,Electricity Charges upto 50 Units,"[7.4, 7.13, 6.87, 7.32, 7.47, 6.29, 6.48, 6.55, 6.55, 6.55, 6.05, 6.0]","[1, 2, 3, 4, 5, 6, 7, 8, 9, 10, 11, 12]","[-0.27, -0.26, 0.45, 0.15, -1.18, 0.19, 0.07, 0.0, 0.0, -0.5, -0.05]","[-0.036486, -0.036466, 0.065502, 0.020492, -0.157965, 0.030207, 0.010802, 0.0, 0.0, -0.076336, -0.008264]",11
W2,Bahawalpur,Energy Saver Philips 14 Watt,"[272.7, 272.7, 272.7, 272.7, 272.7, 272.7, 272.7, 272.7, 272.7, 272.7, 272.7, 272.7]","[1, 2, 3, 4, 5, 6, 7, 8, 9, 10, 11, 12]","[0.0, 0.0, 0.0, 0.0, 0.0, 0.0, 0.0, 0.0, 0.0, 0.0, 0.0]","[0.0, 0.0, 0.0, 0.0, 0.0, 0.0, 0.0, 0.0, 0.0, 0.0, 0.0]",11
W2,Bahawalpur,Firewood Whole,"[1300.0, 1300.0, 1352.41, 1400.0, 1400.0, 1400.0, 1400.0, 1400.0, 1400.0, 1432.57, 1565.95, 1600.0]","[1, 2, 3, 4, 5, 6, 7, 8, 9, 10, 11, 12]","[0.0, 52.41, 47.59, 0.0, 0.0, 0.0, 0.0, 0.0, 32.57, 133.38, 34.05]","[0.0, 0.040315, 0.035189, 0.0, 0.0, 0.0, 0.0, 0.0, 0.023264, 0.093105, 0.021744]",11
W2,Bahawalpur,Garlic (Lehsun),"[622.89, 600.0, 571.53, 554.0, 556.99, 556.99, 556.99, 580.12, 653.06, 685.58, 651.29, 643.32]","[1, 2, 3, 4, 5, 6, 7, 8, 9, 10, 11, 12]","[-22.89, -28.47, -17.53, 2.99, 0.0, 0.0, 23.13, 72.94, 32.52, -34.29, -7.97]","[-0.036748, -0.04745, -0.030672, 0.005397, 0.0, 0.0, 0.041527, 0.125733, 0.049796, -0.050016, -0.012237]",11
W2,Bahawalpur,Gas Charges upto 3.3719 MMBTU,"[1976.5, 1976.5, 1976.5, 1976.5, 1976.5, 1976.5, 1976.5, 1976.5, 1976.5, 1976.5, 1976.5, 1976.5]","[1, 2, 3, 4, 5, 6, 7, 8, 9, 10, 11, 12]","[0.0, 0.0, 0.0, 0.0, 0.0, 0.0, 0.0, 0.0, 0.0, 0.0, 0.0]","[0.0, 0.0, 0.0, 0.0, 0.0, 0.0, 0.0, 0.0, 0.0, 0.0, 0.0]",11
W2,Bahawalpur,Gents Sandal Bata,"[2299.0, 2499.0, 2499.0, 2499.0, 2499.0, 2499.0, 2499.0, 2499.0, 2499.0, 2499.0, 2499.0, 2499.0]","[1, 2, 3, 4, 5, 6, 7, 8, 9, 10, 11, 12]","[200.0, 0.0, 0.0, 0.0, 0.0, 0.0, 0.0, 0.0, 0.0, 0.0, 0.0]","[0.086994, 0.0, 0.0, 0.0, 0.0, 0.0, 0.0, 0.0, 0.0, 0.0, 0.0]",11
W2,Bahawalpur,Gents Sponge Chappal Bata,"[599.0, 599.0, 599.0, 599.0, 599.0, 599.0, 599.0, 599.0, 599.0, 599.0, 599.0, 599.0]","[1, 2, 3, 4, 5, 6, 7, 8, 9, 10, 11, 12]","[0.0, 0.0, 0.0, 0.0, 0.0, 0.0, 0.0, 0.0, 0.0, 0.0, 0.0]","[0.0, 0.0, 0.0, 0.0, 0.0, 0.0, 0.0, 0.0, 0.0, 0.0, 0.0]",11
W2,Bahawalpur,Georgette (Average Quality),"[269.62, 269.62, 269.62, 269.62, 282.19, 290.49, 300.0, 300.0, 300.0, 300.0, 300.0, 300.0]","[1, 2, 3, 4, 5, 6, 7, 8, 9, 10, 11, 12]","[0.0, 0.0, 0.0, 12.57, 8.3, 9.51, 0.0, 0.0, 0.0, 0.0, 0.0]","[0.0, 0.0, 0.0, 0.046621, 0.029413, 0.032738, 0.0, 0.0, 0.0, 0.0, 0.0]",11
W2,Bahawalpur,Gur (Average Quality),"[188.84, 176.6, 168.55, 166.6, 177.3, 189.21, 209.76, 193.62, 155.7, 158.79, 176.52, 164.1]","[1, 2, 3, 4, 5, 6, 7, 8, 9, 10, 11, 12]","[-12.24, -8.05, -1.95, 10.7, 11.91, 20.55, -16.14, -37.92, 3.09, 17.73, -12.42]","[-0.064817, -0.045583, -0.011569, 0.064226, 0.067174, 0.108609, -0.076945, -0.195848, 0.019846, 0.111657, -0.07036]",11
W2,Bahawalpur,Hi-Speed Diesel,"[287.76, 287.6, 278.54, 270.38, 281.94, 270.21, 257.6, 250.72, 256.56, 258.37, 261.36, 267.41]","[1, 2, 3, 4, 5, 6, 7, 8, 9, 10, 11, 12]","[-0.16, -9.06, -8.16, 11.56, -11.73, -12.61, -6.88, 5.84, 1.81, 2.99, 6.05]","[-0.000556, -0.031502, -0.029296, 0.042755, -0.041605, -0.046667, -0.026708, 0.023293, 0.007055, 0.011573, 0.023148]",11
W2,Bahawalpur,LPG 11.67 kg Cylinder,"[3325.37, 3188.1, 2765.63, 2825.54, 3080.0, 3080.0, 2997.13, 2991.68, 3434.43, 3400.69, 3299.27, 3107.14]","[1, 2, 3, 4, 5, 6, 7, 8, 9, 10, 11, 12]","[-137.27, -422.47, 59.91, 254.46, 0.0, -82.87, -5.45, 442.75, -33.74, -101.42, -192.13]","[-0.04128, -0.132515, 0.021662, 0.090057, 0.0, -0.026906, -0.001818, 0.147994, -0.009824, -0.029823, -0.058234]",11
W2,Bahawalpur,Ladies Sandal Bata,"[799.0, 899.0, 899.0, 899.0, 899.0, 899.0, 899.0, 899.0, 1121.47, 1399.0, 1399.0, 1399.0]","[1, 2, 3, 4, 5, 6, 7, 8, 9, 10, 11, 12]","[100.0, 0.0, 0.0, 0.0, 0.0, 0.0, 0.0, 222.47, 277.53, 0.0, 0.0]","[0.125156, 0.0, 0.0, 0.0, 0.0, 0.0, 0.0, 0.247464, 0.24747, 0.0, 0.0]",11
W2,Bahawalpur,Lawn Printed Gul Ahmed/Al Karam,"[600.0, 600.0, 600.0, 600.0, 757.63, 818.89, 818.89, 818.89, 818.89, 818.89, 818.89, 818.89]","[1, 2, 3, 4, 5, 6, 7, 8, 9, 10, 11, 12]","[0.0, 0.0, 0.0, 157.63, 61.26, 0.0, 0.0, 0.0, 0.0, 0.0, 0.0]","[0.0, 0.0, 0.0, 0.262717, 0.080857, 0.0, 0.0, 0.0, 0.0, 0.0, 0.0]",11
W2,Bahawalpur,"Long Cloth 57"" Gul Ahmed/Al Karam","[685.64, 685.64, 685.64, 685.64, 741.4, 760.98, 760.98, 760.98, 760.98, 760.98, 760.98, 793.28]","[1, 2, 3, 4, 5, 6, 7, 8, 9, 10, 11, 12]","[0.0, 0.0, 0.0, 55.76, 19.58, 0.0, 0.0, 0.0, 0.0, 0.0, 32.3]","[0.0, 0.0, 0.0, 0.081325, 0.026409, 0.0, 0.0, 0.0, 0.0, 0.0, 0.042445]",11
W2,Bahawalpur,Match Box,"[7.0, 7.0, 7.0, 7.0, 7.0, 7.0, 7.0, 7.0, 7.0, 7.0, 7.0, 7.0]","[1, 2, 3, 4, 5, 6, 7, 8, 9, 10, 11, 12]","[0.0, 0.0, 0.0, 0.0, 0.0, 0.0, 0.0, 0.0, 0.0, 0.0, 0.0]","[0.0, 0.0, 0.0, 0.0, 0.0, 0.0, 0.0, 0.0, 0.0, 0.0, 0.0]",11
W2,Bahawalpur,Milk fresh (Un-boiled),"[146.59, 146.59, 146.59, 146.59, 146.59, 146.59, 148.23, 153.26, 153.26, 153.26, 155.92, 160.6]","[1, 2, 3, 4, 5, 6, 7, 8, 9, 10, 11, 12]","[0.0, 0.0, 0.0, 0.0, 0.0, 1.64, 5.03, 0.0, 0.0, 2.66, 4.68]","[0.0, 0.0, 0.0, 0.0, 0.0, 0.011188, 0.033934, 0.0, 0.0, 0.017356, 0.030015]",11
W2,Bahawalpur,Mustard Oil (Average Quality),"[487.0, 459.79, 486.36, 457.32, 450.0, 489.57, 500.0, 500.0, 533.25, 518.26, 521.32, 520.0]","[1, 2, 3, 4, 5, 6, 7, 8, 9, 10, 11, 12]","[-27.21, 26.57, -29.04, -7.32, 39.57, 10.43, 0.0, 33.25, -14.99, 3.06, -1.32]","[-0.055873, 0.057787, -0.059709, -0.016006, 0.087933, 0.021304, 0.0, 0.0665, -0.028111, 0.005904, -0.002532]",11
W2,Bahawalpur,Mutton (Average Quality),"[1565.95, 1665.99, 1665.99, 1665.99, 1665.99, 1665.99, 1789.54, 1832.73, 1832.73, 1832.73, 1832.73, 1832.73]","[1, 2, 3, 4, 5, 6, 7, 8, 9, 10, 11, 12]","[100.04, 0.0, 0.0, 0.0, 0.0, 123.55, 43.19, 0.0, 0.0, 0.0, 0.0]","[0.063885, 0.0, 0.0, 0.0, 0.0, 0.07416, 0.024135, 0.0, 0.0, 0.0, 0.0]",11
W2,Bahawalpur,Onions,"[203.6, 159.18, 111.98, 133.18, 126.93, 132.23, 149.89, 160.92, 154.92, 138.89, 112.55, 93.12]","[1, 2, 3, 4, 5, 6, 7, 8, 9, 10, 11, 12]","[-44.42, -47.2, 21.2, -6.25, 5.3, 17.66, 11.03, -6.0, -16.03, -26.34, -19.43]","[-0.218173, -0.29652, 0.18932, -0.046929, 0.041755, 0.133555, 0.073587, -0.037286, -0.103473, -0.189646, -0.172634]",11
W2,Bahawalpur,Petrol Super,"[281.09, 293.01, 280.5, 264.54, 271.99, 265.83, 255.52, 248.48, 249.83, 253.56, 256.2, 258.1]","[1, 2, 3, 4, 5, 6, 7, 8, 9, 10, 11, 12]","[11.92, -12.51, -15.96, 7.45, -6.16, -10.31, -7.04, 1.35, 3.73, 2.64, 1.9]","[0.042406, -0.042695, -0.056898, 0.028162, -0.022648, -0.038784, -0.027552, 0.005433, 0.01493, 0.010412, 0.007416]",11
W2,Bahawalpur,Potatoes,"[71.33, 75.85, 98.61, 100.0, 106.26, 112.92, 112.92, 112.92, 112.92, 126.22, 89.62, 68.87]","[1, 2, 3, 4, 5, 6, 7, 8, 9, 10, 11, 12]","[4.52, 22.76, 1.39, 6.26, 6.66, 0.0, 0.0, 0.0, 13.3, -36.6, -20.75]","[0.063367, 0.300066, 0.014096, 0.0626, 0.062676, 0.0, 0.0, 0.0, 0.117783, -0.28997, -0.231533]",11
W2,Bahawalpur,Powdered Milk NIDO 390 gm Polybag,"[820.0, 820.0, 820.0, 820.0, 972.93, 1030.0, 1030.0, 1030.0, 1030.0, 1030.0, 1030.0, 1030.0]","[1, 2, 3, 4, 5, 6, 7, 8, 9, 10, 11, 12]","[0.0, 0.0, 0.0, 152.93, 57.07, 0.0, 0.0, 0.0, 0.0, 0.0, 0.0]","[0.0, 0.0, 0.0, 0.1865, 0.058658, 0.0, 0.0, 0.0, 0.0, 0.0, 0.0]",11
W2,Bahawalpur,Pulse Gram,"[256.62, 256.62, 269.15, 290.46, 327.26, 356.04, 395.39, 429.62, 413.77, 387.41, 372.36, 322.88]","[1, 2, 3, 4, 5, 6, 7, 8, 9, 10, 11, 12]","[0.0, 12.53, 21.31, 36.8, 28.78, 39.35, 34.23, -15.85, -26.36, -15.05, -49.48]","[0.0, 0.048827, 0.079175, 0.126696, 0.087942, 0.110521, 0.086573, -0.036893, -0.063707, -0.038848, -0.132882]",11
W2,Bahawalpur,Pulse Mash (Washed),"[514.93, 506.58, 515.94, 546.65, 548.31, 559.27, 564.04, 514.55, 484.94, 478.3, 476.64, 473.27]","[1, 2, 3, 4, 5, 6, 7, 8, 9, 10, 11, 12]","[-8.35, 9.36, 30.71, 1.66, 10.96, 4.77, -49.49, -29.61, -6.64, -1.66, -3.37]","[-0.016216, 0.018477, 0.059522, 0.003037, 0.019989, 0.008529, -0.087742, -0.057545, -0.013692, -0.003471, -0.00707]",11
W2,Bahawalpur,Pulse Masoor (Washed),"[308.18, 300.0, 300.0, 303.24, 313.19, 313.19, 306.52, 300.0, 281.64, 280.0, 280.0, 280.0]","[1, 2, 3, 4, 5, 6, 7, 8, 9, 10, 11, 12]","[-8.18, 0.0, 3.24, 9.95, 0.0, -6.67, -6.52, -18.36, -1.64, 0.0, 0.0]","[-0.026543, 0.0, 0.0108, 0.032812, 0.0, -0.021297, -0.021271, -0.0612, -0.005823, 0.0, 0.0]",11
W2,Bahawalpur,Pulse Moong (Washed),"[290.76, 289.88, 300.0, 309.76, 329.1, 334.61, 322.87, 353.79, 363.3, 373.3, 385.18, 394.97]","[1, 2, 3, 4, 5, 6, 7, 8, 9, 10, 11, 12]","[-0.88, 10.12, 9.76, 19.34, 5.51, -11.74, 30.92, 9.51, 10.0, 11.88, 9.79]","[-0.003027, 0.034911, 0.032533, 0.062435, 0.016743, -0.035086, 0.095766, 0.02688, 0.027525, 0.031824, 0.025417]",11
W2,Bahawalpur,Rice Basmati Broken (Average Quality),"[186.43, 186.43, 186.43, 186.43, 186.43, 186.43, 186.43, 186.43, 186.43, 186.43, 186.43, 186.43]","[1, 2, 3, 4, 5, 6, 7, 8, 9, 10, 11, 12]","[0.0, 0.0, 0.0, 0.0, 0.0, 0.0, 0.0, 0.0, 0.0, 0.0, 0.0]","[0.0, 0.0, 0.0, 0.0, 0.0, 0.0, 0.0, 0.0, 0.0, 0.0, 0.0]",11
W2,Bahawalpur,Rice IRRI-6/9 (Sindh/Punjab),"[170.0, 170.0, 170.0, 170.0, 170.0, 170.0, 170.0, 170.0, 170.0, 170.0, 170.0, 170.0]","[1, 2, 3, 4, 5, 6, 7, 8, 9, 10, 11, 12]","[0.0, 0.0, 0.0, 0.0, 0.0, 0.0, 0.0, 0.0, 0.0, 0.0, 0.0]","[0.0, 0.0, 0.0, 0.0, 0.0, 0.0, 0.0, 0.0, 0.0, 0.0, 0.0]",11
W2,Bahawalpur,Salt Powdered (NATIONAL/SHAN) 800 gm Packet,"[70.0, 70.0, 70.0, 70.0, 70.0, 70.0, 70.0, 70.0, 70.0, 70.0, 70.0, 70.0]","[1, 2, 3, 4, 5, 6, 7, 8, 9, 10, 11, 12]","[0.0, 0.0, 0.0, 0.0, 0.0, 0.0, 0.0, 0.0, 0.0, 0.0, 0.0]","[0.0, 0.0, 0.0, 0.0, 0.0, 0.0, 0.0, 0.0, 0.0, 0.0, 0.0]",11
W2,Bahawalpur,Shirting (Average Quality),"[586.59, 586.59, 586.59, 586.59, 586.59, 586.59, 586.59, 586.59, 586.59, 586.59, 586.59, 586.59]","[1, 2, 3, 4, 5, 6, 7, 8, 9, 10, 11, 12]","[0.0, 0.0, 0.0, 0.0, 0.0, 0.0, 0.0, 0.0, 0.0, 0.0, 0.0]","[0.0, 0.0, 0.0, 0.0, 0.0, 0.0, 0.0, 0.0, 0.0, 0.0, 0.0]",11
W2,Bahawalpur,Sufi Washing Soap 250 gm Cake,"[133.25, 133.25, 133.25, 135.74, 136.58, 136.58, 136.58, 136.58, 136.58, 139.14, 140.0, 140.0]","[1, 2, 3, 4, 5, 6, 7, 8, 9, 10, 11, 12]","[0.0, 0.0, 2.49, 0.84, 0.0, 0.0, 0.0, 0.0, 2.56, 0.86, 0.0]","[0.0, 0.0, 0.018687, 0.006188, 0.0, 0.0, 0.0, 0.0, 0.018744, 0.006181, 0.0]",11
W2,Bahawalpur,Sugar Refined,"[140.0, 138.72, 140.66, 140.0, 144.55, 142.98, 138.73, 131.84, 129.33, 131.23, 141.63, 152.48]","[1, 2, 3, 4, 5, 6, 7, 8, 9, 10, 11, 12]","[-1.28, 1.94, -0.66, 4.55, -1.57, -4.25, -6.89, -2.51, 1.9, 10.4, 10.85]","[-0.009143, 0.013985, -0.004692, 0.0325, -0.010861, -0.029724, -0.049665, -0.019038, 0.014691, 0.07925, 0.076608]",11
W2,Bahawalpur,Tea Lipton Yellow Label 190 gm Packet,"[542.86, 542.86, 542.86, 542.86, 542.86, 542.86, 542.86, 542.86, 542.86, 542.86, 542.86, 469.25]","[1, 2, 3, 4, 5, 6, 7, 8, 9, 10, 11, 12]","[0.0, 0.0, 0.0, 0.0, 0.0, 0.0, 0.0, 0.0, 0.0, 0.0, -73.61]","[0.0, 0.0, 0.0, 0.0, 0.0, 0.0, 0.0, 0.0, 0.0, 0.0, -0.135597]",11
W2,Bahawalpur,Tea Prepared Ordinary,"[50.0, 50.0, 50.0, 50.0, 50.0, 50.0, 50.0, 50.0, 50.0, 50.0, 50.0, 50.0]","[1, 2, 3, 4, 5, 6, 7, 8, 9, 10, 11, 12]","[0.0, 0.0, 0.0, 0.0, 0.0, 0.0, 0.0, 0.0, 0.0, 0.0, 0.0]","[0.0, 0.0, 0.0, 0.0, 0.0, 0.0, 0.0, 0.0, 0.0, 0.0, 0.0]",11
W2,Bahawalpur,Telephone Call Charges,"[1.79, 1.79, 1.79, 1.79, 1.79, 1.79, 1.79, 1.79, 1.79, 1.79, 1.79, 1.79]","[1, 2, 3, 4, 5, 6, 7, 8, 9, 10, 11, 12]","[0.0, 0.0, 0.0, 0.0, 0.0, 0.0, 0.0, 0.0, 0.0, 0.0, 0.0]","[0.0, 0.0, 0.0, 0.0, 0.0, 0.0, 0.0, 0.0, 0.0, 0.0, 0.0]",11
W2,Bahawalpur,Toilet Soap LIFEBUOY 115 gm,"[111.48, 111.48, 111.48, 111.48, 111.48, 111.48, 111.48, 104.29, 99.75, 99.75, 99.75, 113.8]","[1, 2, 3, 4, 5, 6, 7, 8, 9, 10, 11, 12]","[0.0, 0.0, 0.0, 0.0, 0.0, 0.0, -7.19, -4.54, 0.0, 0.0, 14.05]","[0.0, 0.0, 0.0, 0.0, 0.0, 0.0, -0.064496, -0.043532, 0.0, 0.0, 0.140852]",11
W2,Bahawalpur,Tomatoes,"[134.98, 101.53, 44.81, 90.9, 189.88, 139.02, 135.86, 151.78, 188.19, 179.61, 122.14, 66.71]","[1, 2, 3, 4, 5, 6, 7, 8, 9, 10, 11, 12]","[-33.45, -56.72, 46.09, 98.98, -50.86, -3.16, 15.92, 36.41, -8.58, -57.47, -55.43]","[-0.247814, -0.558653, 1.028565, 1.088889, -0.267853, -0.022731, 0.117179, 0.239887, -0.045592, -0.319971, -0.453823]",11
W2,Bahawalpur,Vegetable Ghee DALDA/HABIB 2.5 kg Tin,"[1285.0, 1291.2, 1310.0, 1310.0, 1310.0, 1315.98, 1325.0, 1325.0, 1374.09, 1463.74, 1502.9, 1514.9]","[1, 2, 3, 4, 5, 6, 7, 8, 9, 10, 11, 12]","[6.2, 18.8, 0.0, 0.0, 5.98, 9.02, 0.0, 49.09, 89.65, 39.16, 12.0]","[0.004825, 0.01456, 0.0, 0.0, 0.004565, 0.006854, 0.0, 0.037049, 0.065243, 0.026753, 0.007985]",11
W2,Bahawalpur,Vegetable Ghee DALDA/HABIB or Other Superior Quality 1 kg Pouch,"[503.97, 501.48, 509.0, 509.0, 509.0, 513.79, 515.0, 515.0, 555.33, 577.48, 588.99, 590.96]","[1, 2, 3, 4, 5, 6, 7, 8, 9, 10, 11, 12]","[-2.49, 7.52, 0.0, 0.0, 4.79, 1.21, 0.0, 40.33, 22.15, 11.51, 1.97]","[-0.004941, 0.014996, 0.0, 0.0, 0.009411, 0.002355, 0.0, 0.078311, 0.039886, 0.019931, 0.003345]",11
W2,Bahawalpur,Wheat Flour Bag,"[2766.05, 2336.95, 1830.8, 1649.96, 1985.06, 1830.99, 1729.81, 1815.76, 1778.16, 1699.5, 1645.36, 1666.56]","[1, 2, 3, 4, 5, 6, 7, 8, 9, 10, 11, 12]","[-429.1, -506.15, -180.84, 335.1, -154.07, -101.18, 85.95, -37.6, -78.66, -54.14, 21.2]","[-0.155131, -0.216586, -0.098776, 0.203096, -0.077615, -0.05526, 0.049688, -0.020708, -0.044237, -0.031856, 0.012885]",11
W2,Bannu,Bananas (Kela) Local,"[195.26, 190.19, 150.71, 194.8, 193.1, 153.69, 132.63, 112.92, 112.92, 112.92, 114.09, 154.19]","[1, 2, 3, 4, 5, 6, 7, 8, 9, 10, 11, 12]","[-5.07, -39.48, 44.09, -1.7, -39.41, -21.06, -19.71, 0.0, 0.0, 1.17, 40.1]","[-0.025965, -0.207582, 0.292549, -0.008727, -0.204091, -0.137029, -0.148609, 0.0, 0.0, 0.010361, 0.351477]",11
W2,Bannu,Beef with Bone (Average Quality),"[737.17, 750.0, 750.0, 750.0, 787.2, 800.0, 800.0, 800.0, 800.0, 800.0, 800.0, 812.22]","[1, 2, 3, 4, 5, 6, 7, 8, 9, 10, 11, 12]","[12.83, 0.0, 0.0, 37.2, 12.8, 0.0, 0.0, 0.0, 0.0, 0.0, 12.22]","[0.017404, 0.0, 0.0, 0.0496, 0.01626, 0.0, 0.0, 0.0, 0.0, 0.0, 0.015275]",11
W2,Bannu,Bread plain (Small Size),"[100.0, 100.0, 100.0, 100.0, 100.0, 100.0, 100.0, 100.0, 100.0, 100.0, 100.0, 100.0]","[1, 2, 3, 4, 5, 6, 7, 8, 9, 10, 11, 12]","[0.0, 0.0, 0.0, 0.0, 0.0, 0.0, 0.0, 0.0, 0.0, 0.0, 0.0]","[0.0, 0.0, 0.0, 0.0, 0.0, 0.0, 0.0, 0.0, 0.0, 0.0, 0.0]",11
W2,Bannu,Chicken Farm Broiler (Live),"[437.44, 480.11, 362.69, 355.7, 405.74, 459.75, 453.56, 450.32, 377.39, 352.0, 455.98, 453.41]","[1, 2, 3, 4, 5, 6, 7, 8, 9, 10, 11, 12]","[42.67, -117.42, -6.99, 50.04, 54.01, -6.19, -3.24, -72.93, -25.39, 103.98, -2.57]","[0.097545, -0.244569, -0.019273, 0.14068, 0.133115, -0.013464, -0.007143, -0.161952, -0.067278, 0.295398, -0.005636]",11
W2,Bannu,Chilies Powder NATIONAL 200 gm Packet,"[400.0, 400.0, 382.54, 320.0, 320.0, 320.0, 320.0, 320.0, 320.0, 320.0, 320.0, 320.0]","[1, 2, 3, 4, 5, 6, 7, 8, 9, 10, 11, 12]","[0.0, -17.46, -62.54, 0.0, 0.0, 0.0, 0.0, 0.0, 0.0, 0.0, 0.0]","[0.0, -0.04365, -0.163486, 0.0, 0.0, 0.0, 0.0, 0.0, 0.0, 0.0, 0.0]",11
W2,Bannu,Cigarettes Capstan 20'S Packet,"[220.0, 220.0, 240.0, 244.95, 250.0, 250.0, 250.0, 250.0, 250.0, 250.0, 250.0, 250.0]","[1, 2, 3, 4, 5, 6, 7, 8, 9, 10, 11, 12]","[0.0, 20.0, 4.95, 5.05, 0.0, 0.0, 0.0, 0.0, 0.0, 0.0, 0.0]","[0.0, 0.090909, 0.020625, 0.020616, 0.0, 0.0, 0.0, 0.0, 0.0, 0.0, 0.0]",11
W2,Bannu,Cooked Beef at Average Hotel,"[250.0, 250.0, 250.0, 250.0, 250.0, 250.0, 250.0, 250.0, 250.0, 250.0, 250.0, 250.0]","[1, 2, 3, 4, 5, 6, 7, 8, 9, 10, 11, 12]","[0.0, 0.0, 0.0, 0.0, 0.0, 0.0, 0.0, 0.0, 0.0, 0.0, 0.0]","[0.0, 0.0, 0.0, 0.0, 0.0, 0.0, 0.0, 0.0, 0.0, 0.0, 0.0]",11
W2,Bannu,Cooked Daal at Average Hotel,"[120.0, 120.0, 120.0, 120.0, 120.0, 120.0, 122.43, 130.0, 130.0, 130.0, 130.0, 130.0]","[1, 2, 3, 4, 5, 6, 7, 8, 9, 10, 11, 12]","[0.0, 0.0, 0.0, 0.0, 0.0, 2.43, 7.57, 0.0, 0.0, 0.0, 0.0]","[0.0, 0.0, 0.0, 0.0, 0.0, 0.02025, 0.061831, 0.0, 0.0, 0.0, 0.0]",11
W2,Bannu,"Cooking Oil DALDA or Other Similar Brand (SN), 5 Litre Tin","[2500.0, 2500.0, 2500.0, 2500.0, 2600.0, 2600.0, 2600.0, 2600.0, 2709.46, 2695.0, 2893.21, 2945.0]","[1, 2, 3, 4, 5, 6, 7, 8, 9, 10, 11, 12]","[0.0, 0.0, 0.0, 100.0, 0.0, 0.0, 0.0, 109.46, -14.46, 198.21, 51.79]","[0.0, 0.0, 0.0, 0.04, 0.0, 0.0, 0.0, 0.0421, -0.005337, 0.073547, 0.017901]",11
W2,Bannu,Curd (Dahi) Loose,"[176.6, 176.6, 176.6, 176.6, 186.56, 190.0, 190.0, 190.0, 190.0, 190.0, 190.0, 190.0]","[1, 2, 3, 4, 5, 6, 7, 8, 9, 10, 11, 12]","[0.0, 0.0, 0.0, 9.96, 3.44, 0.0, 0.0, 0.0, 0.0, 0.0, 0.0]","[0.0, 0.0, 0.0, 0.056399, 0.018439, 0.0, 0.0, 0.0, 0.0, 0.0, 0.0]",11
W2,Bannu,Eggs Hen (Farm),"[278.04, 268.67, 251.91, 249.97, 250.0, 267.6, 296.63, 301.72, 346.41, 356.64, 319.82, 282.88]","[1, 2, 3, 4, 5, 6, 7, 8, 9, 10, 11, 12]","[-9.37, -16.76, -1.94, 0.03, 17.6, 29.03, 5.09, 44.69, 10.23, -36.82, -36.94]","[-0.0337, -0.062381, -0.007701, 0.00012, 0.0704, 0.108483, 0.017159, 0.148117, 0.029531, -0.103241, -0.115502]",11
W2,Bannu,Electricity Charges upto 50 Units,"[7.4, 7.13, 6.87, 7.32, 7.47, 6.29, 6.48, 6.55, 6.55, 6.55, 6.05, 6.0]","[1, 2, 3, 4, 5, 6, 7, 8, 9, 10, 11, 12]","[-0.27, -0.26, 0.45, 0.15, -1.18, 0.19, 0.07, 0.0, 0.0, -0.5, -0.05]","[-0.036486, -0.036466, 0.065502, 0.020492, -0.157965, 0.030207, 0.010802, 0.0, 0.0, -0.076336, -0.008264]",11
W2,Bannu,Energy Saver Philips 14 Watt,"[250.0, 250.0, 250.0, 250.0, 250.0, 250.0, 250.0, 250.0, 250.0, 250.0, 250.0, 250.0]","[1, 2, 3, 4, 5, 6, 7, 8, 9, 10, 11, 12]","[0.0, 0.0, 0.0, 0.0, 0.0, 0.0, 0.0, 0.0, 0.0, 0.0, 0.0]","[0.0, 0.0, 0.0, 0.0, 0.0, 0.0, 0.0, 0.0, 0.0, 0.0, 0.0]",11
W2,Bannu,Firewood Whole,"[795.81, 795.81, 795.81, 795.81, 795.81, 795.81, 795.81, 795.81, 795.81, 808.79, 849.02, 849.02]","[1, 2, 3, 4, 5, 6, 7, 8, 9, 10, 11, 12]","[0.0, 0.0, 0.0, 0.0, 0.0, 0.0, 0.0, 0.0, 12.98, 40.23, 0.0]","[0.0, 0.0, 0.0, 0.0, 0.0, 0.0, 0.0, 0.0, 0.01631, 0.049741, 0.0]",11
W2,Bannu,Garlic (Lehsun),"[624.5, 612.13, 605.06, 565.4, 600.0, 586.24, 600.0, 600.0, 671.91, 685.25, 679.55, 658.08]","[1, 2, 3, 4, 5, 6, 7, 8, 9, 10, 11, 12]","[-12.37, -7.07, -39.66, 34.6, -13.76, 13.76, 0.0, 71.91, 13.34, -5.7, -21.47]","[-0.019808, -0.01155, -0.065547, 0.061196, -0.022933, 0.023472, 0.0, 0.11985, 0.019854, -0.008318, -0.031594]",11
W2,Bannu,Gas Charges upto 3.3719 MMBTU,"[1976.5, 1976.5, 1976.5, 1976.5, 1976.5, 1976.5, 1976.5, 1976.5, 1976.5, 1976.5, 1976.5, 1976.5]","[1, 2, 3, 4, 5, 6, 7, 8, 9, 10, 11, 12]","[0.0, 0.0, 0.0, 0.0, 0.0, 0.0, 0.0, 0.0, 0.0, 0.0, 0.0]","[0.0, 0.0, 0.0, 0.0, 0.0, 0.0, 0.0, 0.0, 0.0, 0.0, 0.0]",11
W2,Bannu,Gents Sandal Bata,"[2299.0, 2499.0, 2499.0, 2499.0, 2499.0, 2499.0, 2499.0, 2499.0, 2499.0, 2499.0, 2499.0, 2499.0]","[1, 2, 3, 4, 5, 6, 7, 8, 9, 10, 11, 12]","[200.0, 0.0, 0.0, 0.0, 0.0, 0.0, 0.0, 0.0, 0.0, 0.0, 0.0]","[0.086994, 0.0, 0.0, 0.0, 0.0, 0.0, 0.0, 0.0, 0.0, 0.0, 0.0]",11
W2,Bannu,Gents Sponge Chappal Bata,"[599.0, 599.0, 599.0, 599.0, 599.0, 599.0, 599.0, 599.0, 599.0, 599.0, 599.0, 599.0]","[1, 2, 3, 4, 5, 6, 7, 8, 9, 10, 11, 12]","[0.0, 0.0, 0.0, 0.0, 0.0, 0.0, 0.0, 0.0, 0.0, 0.0, 0.0]","[0.0, 0.0, 0.0, 0.0, 0.0, 0.0, 0.0, 0.0, 0.0, 0.0, 0.0]",11
W2,Bannu,Georgette (Average Quality),"[160.0, 160.0, 160.0, 160.0, 160.0, 191.27, 200.0, 200.0, 200.0, 200.0, 200.0, 200.0]","[1, 2, 3, 4, 5, 6, 7, 8, 9, 10, 11, 12]","[0.0, 0.0, 0.0, 0.0, 31.27, 8.73, 0.0, 0.0, 0.0, 0.0, 0.0]","[0.0, 0.0, 0.0, 0.0, 0.195438, 0.045642, 0.0, 0.0, 0.0, 0.0, 0.0]",11
W2,Bannu,Gur (Average Quality),"[186.43, 186.43, 186.43, 186.43, 196.52, 200.0, 200.0, 200.0, 200.0, 200.0, 200.0, 200.0]","[1, 2, 3, 4, 5, 6, 7, 8, 9, 10, 11, 12]","[0.0, 0.0, 0.0, 10.09, 3.48, 0.0, 0.0, 0.0, 0.0, 0.0, 0.0]","[0.0, 0.0, 0.0, 0.054122, 0.017708, 0.0, 0.0, 0.0, 0.0, 0.0, 0.0]",11
W2,Bannu,Hi-Speed Diesel,"[288.71, 288.32, 279.23, 269.85, 282.58, 270.76, 258.17, 251.29, 257.2, 259.0, 262.42, 268.09]","[1, 2, 3, 4, 5, 6, 7, 8, 9, 10, 11, 12]","[-0.39, -9.09, -9.38, 12.73, -11.82, -12.59, -6.88, 5.91, 1.8, 3.42, 5.67]","[-0.001351, -0.031527, -0.033592, 0.047174, -0.041829, -0.046499, -0.026649, 0.023519, 0.006998, 0.013205, 0.021607]",11
W2,Bannu,LPG 11.67 kg Cylinder,"[3324.53, 3132.44, 2735.5, 2698.99, 3000.0, 2989.93, 2924.68, 2900.0, 3182.32, 3232.99, 3215.24, 3011.81]","[1, 2, 3, 4, 5, 6, 7, 8, 9, 10, 11, 12]","[-192.09, -396.94, -36.51, 301.01, -10.07, -65.25, -24.68, 282.32, 50.67, -17.75, -203.43]","[-0.05778, -0.126719, -0.013347, 0.111527, -0.003357, -0.021823, -0.008439, 0.097352, 0.015922, -0.00549, -0.063271]",11
W2,Bannu,Ladies Sandal Bata,"[799.0, 899.0, 899.0, 899.0, 899.0, 899.0, 899.0, 899.0, 1121.47, 1399.0, 1399.0, 1399.0]","[1, 2, 3, 4, 5, 6, 7, 8, 9, 10, 11, 12]","[100.0, 0.0, 0.0, 0.0, 0.0, 0.0, 0.0, 222.47, 277.53, 0.0, 0.0]","[0.125156, 0.0, 0.0, 0.0, 0.0, 0.0, 0.0, 0.247464, 0.24747, 0.0, 0.0]",11
W2,Bannu,Lawn Printed Gul Ahmed/Al Karam,"[650.0, 650.0, 650.0, 650.0, 650.0, 650.0, 650.0, 650.0, 650.0, 650.0, 650.0, 650.0]","[1, 2, 3, 4, 5, 6, 7, 8, 9, 10, 11, 12]","[0.0, 0.0, 0.0, 0.0, 0.0, 0.0, 0.0, 0.0, 0.0, 0.0, 0.0]","[0.0, 0.0, 0.0, 0.0, 0.0, 0.0, 0.0, 0.0, 0.0, 0.0, 0.0]",11
W2,Bannu,"Long Cloth 57"" Gul Ahmed/Al Karam","[700.0, 700.0, 700.0, 700.0, 700.0, 700.0, 700.0, 700.0, 700.0, 700.0, 700.0, 700.0]","[1, 2, 3, 4, 5, 6, 7, 8, 9, 10, 11, 12]","[0.0, 0.0, 0.0, 0.0, 0.0, 0.0, 0.0, 0.0, 0.0, 0.0, 0.0]","[0.0, 0.0, 0.0, 0.0, 0.0, 0.0, 0.0, 0.0, 0.0, 0.0, 0.0]",11
W2,Bannu,Match Box,"[5.0, 5.0, 5.0, 5.0, 5.0, 5.0, 5.0, 5.0, 5.0, 5.0, 5.0, 5.0]","[1, 2, 3, 4, 5, 6, 7, 8, 9, 10, 11, 12]","[0.0, 0.0, 0.0, 0.0, 0.0, 0.0, 0.0, 0.0, 0.0, 0.0, 0.0]","[0.0, 0.0, 0.0, 0.0, 0.0, 0.0, 0.0, 0.0, 0.0, 0.0, 0.0]",11
W2,Bannu,Milk fresh (Un-boiled),"[156.59, 156.59, 156.59, 156.59, 173.84, 180.0, 180.0, 180.0, 180.0, 180.0, 180.0, 180.0]","[1, 2, 3, 4, 5, 6, 7, 8, 9, 10, 11, 12]","[0.0, 0.0, 0.0, 17.25, 6.16, 0.0, 0.0, 0.0, 0.0, 0.0, 0.0]","[0.0, 0.0, 0.0, 0.11016, 0.035435, 0.0, 0.0, 0.0, 0.0, 0.0, 0.0]",11
W2,Bannu,Mustard Oil (Average Quality),"[442.08, 442.08, 436.41, 401.63, 406.56, 423.41, 450.0, 461.57, 524.4, 550.0, 550.0, 532.8]","[1, 2, 3, 4, 5, 6, 7, 8, 9, 10, 11, 12]","[0.0, -5.67, -34.78, 4.93, 16.85, 26.59, 11.57, 62.83, 25.6, 0.0, -17.2]","[0.0, -0.012826, -0.079696, 0.012275, 0.041445, 0.0628, 0.025711, 0.136122, 0.048818, 0.0, -0.031273]",11
W2,Bannu,Mutton (Average Quality),"[1511.06, 1550.0, 1550.0, 1550.0, 1550.0, 1550.0, 1550.0, 1550.0, 1550.0, 1550.0, 1550.0, 1562.35]","[1, 2, 3, 4, 5, 6, 7, 8, 9, 10, 11, 12]","[38.94, 0.0, 0.0, 0.0, 0.0, 0.0, 0.0, 0.0, 0.0, 0.0, 12.35]","[0.02577, 0.0, 0.0, 0.0, 0.0, 0.0, 0.0, 0.0, 0.0, 0.0, 0.007968]",11
W2,Bannu,Onions,"[195.27, 163.81, 101.44, 114.73, 101.53, 123.06, 135.43, 133.36, 133.05, 117.92, 108.88, 87.68]","[1, 2, 3, 4, 5, 6, 7, 8, 9, 10, 11, 12]","[-31.46, -62.37, 13.29, -13.2, 21.53, 12.37, -2.07, -0.31, -15.13, -9.04, -21.2]","[-0.16111, -0.380746, 0.131013, -0.115053, 0.212056, 0.10052, -0.015285, -0.002325, -0.113717, -0.076662, -0.19471]",11
W2,Bannu,Petrol Super,"[281.9, 293.84, 281.36, 265.15, 272.75, 266.47, 256.15, 249.1, 250.5, 254.2, 256.72, 258.8]","[1, 2, 3, 4, 5, 6, 7, 8, 9, 10, 11, 12]","[11.94, -12.48, -16.21, 7.6, -6.28, -10.32, -7.05, 1.4, 3.7, 2.52, 2.08]","[0.042355, -0.042472, -0.057613, 0.028663, -0.023025, -0.038729, -0.027523, 0.00562, 0.01477, 0.009913, 0.008102]",11
W2,Bannu,Potatoes,"[72.38, 79.91, 99.73, 110.5, 99.66, 93.56, 93.75, 94.97, 100.0, 108.75, 84.09, 62.06]","[1, 2, 3, 4, 5, 6, 7, 8, 9, 10, 11, 12]","[7.53, 19.82, 10.77, -10.84, -6.1, 0.19, 1.22, 5.03, 8.75, -24.66, -22.03]","[0.104034, 0.248029, 0.107992, -0.0981, -0.061208, 0.002031, 0.013013, 0.052964, 0.0875, -0.226759, -0.261981]",11
W2,Bannu,Powdered Milk NIDO 390 gm Polybag,"[820.0, 820.0, 820.0, 820.0, 1050.0, 1050.0, 1050.0, 1050.0, 1050.0, 1050.0, 1043.19, 1016.4]","[1, 2, 3, 4, 5, 6, 7, 8, 9, 10, 11, 12]","[0.0, 0.0, 0.0, 230.0, 0.0, 0.0, 0.0, 0.0, 0.0, -6.81, -26.79]","[0.0, 0.0, 0.0, 0.280488, 0.0, 0.0, 0.0, 0.0, 0.0, -0.006486, -0.025681]",11
W2,Bannu,Pulse Gram,"[260.0, 260.0, 263.95, 290.26, 320.82, 331.62, 373.23, 398.65, 381.63, 362.47, 346.5, 308.2]","[1, 2, 3, 4, 5, 6, 7, 8, 9, 10, 11, 12]","[0.0, 3.95, 26.31, 30.56, 10.8, 41.61, 25.42, -17.02, -19.16, -15.97, -38.3]","[0.0, 0.015192, 0.099678, 0.105285, 0.033664, 0.125475, 0.068108, -0.042694, -0.050206, -0.044059, -0.110534]",11
W2,Bannu,Pulse Mash (Washed),"[587.02, 584.81, 567.78, 600.0, 600.0, 600.0, 588.08, 551.95, 539.95, 509.71, 500.0, 500.0]","[1, 2, 3, 4, 5, 6, 7, 8, 9, 10, 11, 12]","[-2.21, -17.03, 32.22, 0.0, 0.0, -11.92, -36.13, -12.0, -30.24, -9.71, 0.0]","[-0.003765, -0.029121, 0.056747, 0.0, 0.0, -0.019867, -0.061437, -0.021741, -0.056005, -0.01905, 0.0]",11
W2,Bannu,Pulse Masoor (Washed),"[314.88, 320.0, 311.84, 308.18, 309.84, 300.0, 294.87, 280.0, 284.87, 277.47, 280.0, 280.0]","[1, 2, 3, 4, 5, 6, 7, 8, 9, 10, 11, 12]","[5.12, -8.16, -3.66, 1.66, -9.84, -5.13, -14.87, 4.87, -7.4, 2.53, 0.0]","[0.01626, -0.0255, -0.011737, 0.005386, -0.031758, -0.0171, -0.050429, 0.017393, -0.025977, 0.009118, 0.0]",11
W2,Bannu,Pulse Moong (Washed),"[300.0, 302.47, 300.0, 314.88, 334.1, 325.05, 313.19, 359.89, 380.0, 380.0, 395.92, 400.0]","[1, 2, 3, 4, 5, 6, 7, 8, 9, 10, 11, 12]","[2.47, -2.47, 14.88, 19.22, -9.05, -11.86, 46.7, 20.11, 0.0, 15.92, 4.08]","[0.008233, -0.008166, 0.0496, 0.061039, -0.027088, -0.036487, 0.149111, 0.055878, 0.0, 0.041895, 0.010305]",11
W2,Bannu,Rice Basmati Broken (Average Quality),"[190.0, 187.45, 177.95, 159.9, 153.26, 153.26, 153.26, 153.26, 147.08, 130.0, 130.0, 130.0]","[1, 2, 3, 4, 5, 6, 7, 8, 9, 10, 11, 12]","[-2.55, -9.5, -18.05, -6.64, 0.0, 0.0, 0.0, -6.18, -17.08, 0.0, 0.0]","[-0.013421, -0.05068, -0.101433, -0.041526, 0.0, 0.0, 0.0, -0.040324, -0.116127, 0.0, 0.0]",11
W2,Bannu,Rice IRRI-6/9 (Sindh/Punjab),"[170.0, 170.0, 168.63, 166.6, 166.6, 166.6, 166.6, 166.6, 166.6, 153.99, 150.0, 154.77]","[1, 2, 3, 4, 5, 6, 7, 8, 9, 10, 11, 12]","[0.0, -1.37, -2.03, 0.0, 0.0, 0.0, 0.0, 0.0, -12.61, -3.99, 4.77]","[0.0, -0.008059, -0.012038, 0.0, 0.0, 0.0, 0.0, 0.0, -0.07569, -0.025911, 0.0318]",11
W2,Bannu,Salt Powdered (NATIONAL/SHAN) 800 gm Packet,"[60.0, 60.0, 70.0, 70.0, 70.0, 70.0, 70.0, 70.0, 70.0, 70.0, 70.0, 70.0]","[1, 2, 3, 4, 5, 6, 7, 8, 9, 10, 11, 12]","[0.0, 10.0, 0.0, 0.0, 0.0, 0.0, 0.0, 0.0, 0.0, 0.0, 0.0]","[0.0, 0.166667, 0.0, 0.0, 0.0, 0.0, 0.0, 0.0, 0.0, 0.0, 0.0]",11
W2,Bannu,Shirting (Average Quality),"[450.0, 450.0, 450.0, 476.22, 476.22, 476.22, 476.22, 476.22, 476.22, 476.22, 476.22, 476.22]","[1, 2, 3, 4, 5, 6, 7, 8, 9, 10, 11, 12]","[0.0, 0.0, 26.22, 0.0, 0.0, 0.0, 0.0, 0.0, 0.0, 0.0, 0.0]","[0.0, 0.0, 0.058267, 0.0, 0.0, 0.0, 0.0, 0.0, 0.0, 0.0, 0.0]",11
W2,Bannu,Sufi Washing Soap 250 gm Cake,"[125.0, 125.0, 130.0, 130.0, 130.0, 130.0, 130.0, 130.0, 130.0, 130.0, 130.0, 130.0]","[1, 2, 3, 4, 5, 6, 7, 8, 9, 10, 11, 12]","[0.0, 5.0, 0.0, 0.0, 0.0, 0.0, 0.0, 0.0, 0.0, 0.0, 0.0]","[0.0, 0.04, 0.0, 0.0, 0.0, 0.0, 0.0, 0.0, 0.0, 0.0, 0.0]",11
W2,Bannu,Sugar Refined,"[142.06, 140.0, 140.0, 140.0, 143.31, 141.58, 137.9, 131.32, 130.0, 132.89, 141.91, 152.48]","[1, 2, 3, 4, 5, 6, 7, 8, 9, 10, 11, 12]","[-2.06, 0.0, 0.0, 3.31, -1.73, -3.68, -6.58, -1.32, 2.89, 9.02, 10.57]","[-0.014501, 0.0, 0.0, 0.023643, -0.012072, -0.025992, -0.047716, -0.010052, 0.022231, 0.067876, 0.074484]",11
W2,Bannu,Tea Lipton Yellow Label 190 gm Packet,"[542.85, 542.85, 542.85, 542.85, 542.85, 542.85, 542.85, 542.85, 542.85, 542.85, 542.85, 542.85]","[1, 2, 3, 4, 5, 6, 7, 8, 9, 10, 11, 12]","[0.0, 0.0, 0.0, 0.0, 0.0, 0.0, 0.0, 0.0, 0.0, 0.0, 0.0]","[0.0, 0.0, 0.0, 0.0, 0.0, 0.0, 0.0, 0.0, 0.0, 0.0, 0.0]",11
W2,Bannu,Tea Prepared Ordinary,"[50.0, 50.0, 50.0, 50.0, 50.0, 50.0, 50.0, 50.0, 50.0, 50.0, 50.0, 50.0]","[1, 2, 3, 4, 5, 6, 7, 8, 9, 10, 11, 12]","[0.0, 0.0, 0.0, 0.0, 0.0, 0.0, 0.0, 0.0, 0.0, 0.0, 0.0]","[0.0, 0.0, 0.0, 0.0, 0.0, 0.0, 0.0, 0.0, 0.0, 0.0, 0.0]",11
W2,Bannu,Telephone Call Charges,"[1.79, 1.79, 1.79, 1.79, 1.79, 1.79, 1.79, 1.79, 1.79, 1.79, 1.79, 1.79]","[1, 2, 3, 4, 5, 6, 7, 8, 9, 10, 11, 12]","[0.0, 0.0, 0.0, 0.0, 0.0, 0.0, 0.0, 0.0, 0.0, 0.0, 0.0]","[0.0, 0.0, 0.0, 0.0, 0.0, 0.0, 0.0, 0.0, 0.0, 0.0, 0.0]",11
W2,Bannu,Toilet Soap LIFEBUOY 115 gm,"[111.47, 111.47, 111.47, 111.47, 111.47, 111.47, 111.47, 111.47, 98.35, 94.33, 98.63, 99.74]","[1, 2, 3, 4, 5, 6, 7, 8, 9, 10, 11, 12]","[0.0, 0.0, 0.0, 0.0, 0.0, 0.0, 0.0, -13.12, -4.02, 4.3, 1.11]","[0.0, 0.0, 0.0, 0.0, 0.0, 0.0, 0.0, -0.1177, -0.040874, 0.045585, 0.011254]",11
W2,Bannu,Tomatoes,"[114.03, 92.49, 60.93, 91.15, 128.53, 98.31, 92.54, 92.91, 133.22, 158.36, 107.89, 54.2]","[1, 2, 3, 4, 5, 6, 7, 8, 9, 10, 11, 12]","[-21.54, -31.56, 30.22, 37.38, -30.22, -5.77, 0.37, 40.31, 25.14, -50.47, -53.69]","[-0.188898, -0.341226, 0.495979, 0.410093, -0.23512, -0.058692, 0.003998, 0.433861, 0.18871, -0.318704, -0.497636]",11
W2,Bannu,Vegetable Ghee DALDA/HABIB 2.5 kg Tin,"[1200.0, 1200.0, 1159.61, 1137.43, 1193.7, 1219.96, 1225.0, 1250.0, 1386.99, 1425.0, 1444.97, 1437.45]","[1, 2, 3, 4, 5, 6, 7, 8, 9, 10, 11, 12]","[0.0, -40.39, -22.18, 56.27, 26.26, 5.04, 25.0, 136.99, 38.01, 19.97, -7.52]","[0.0, -0.033658, -0.019127, 0.049471, 0.021999, 0.004131, 0.020408, 0.109592, 0.027405, 0.014014, -0.005204]",11
W2,Bannu,Vegetable Ghee DALDA/HABIB or Other Superior Quality 1 kg Pouch,"[470.0, 480.0, 471.98, 470.0, 474.97, 480.0, 480.0, 500.0, 537.34, 550.0, 557.99, 554.98]","[1, 2, 3, 4, 5, 6, 7, 8, 9, 10, 11, 12]","[10.0, -8.02, -1.98, 4.97, 5.03, 0.0, 20.0, 37.34, 12.66, 7.99, -3.01]","[0.021277, -0.016708, -0.004195, 0.010574, 0.01059, 0.0, 0.041667, 0.07468, 0.023561, 0.014527, -0.005394]",11
W2,Bannu,Wheat Flour Bag,"[2777.83, 2446.92, 1839.02, 1685.56, 1887.37, 1779.2, 1630.66, 1799.35, 1824.03, 1791.1, 1711.03, 1689.97]","[1, 2, 3, 4, 5, 6, 7, 8, 9, 10, 11, 12]","[-330.91, -607.9, -153.46, 201.81, -108.17, -148.54, 168.69, 24.68, -32.93, -80.07, -21.06]","[-0.119125, -0.248435, -0.083447, 0.119729, -0.057313, -0.083487, 0.103449, 0.013716, -0.018053, -0.044704, -0.012308]",11
W2,Faisalabad,Bananas (Kela) Local,"[192.38, 165.52, 140.32, 138.16, 138.16, 120.28, 106.27, 106.27, 106.27, 106.27, 106.27, 135.47]","[1, 2, 3, 4, 5, 6, 7, 8, 9, 10, 11, 12]","[-26.86, -25.2, -2.16, 0.0, -17.88, -14.01, 0.0, 0.0, 0.0, 0.0, 29.2]","[-0.13962, -0.152247, -0.015393, 0.0, -0.129415, -0.116478, 0.0, 0.0, 0.0, 0.0, 0.274772]",11
W2,Faisalabad,Beef with Bone (Average Quality),"[1000.0, 1000.0, 1122.4, 1190.92, 1200.0, 1200.0, 1200.0, 1200.0, 1200.0, 1200.0, 1200.0, 1200.0]","[1, 2, 3, 4, 5, 6, 7, 8, 9, 10, 11, 12]","[0.0, 122.4, 68.52, 9.08, 0.0, 0.0, 0.0, 0.0, 0.0, 0.0, 0.0]","[0.0, 0.1224, 0.061048, 0.007624, 0.0, 0.0, 0.0, 0.0, 0.0, 0.0, 0.0]",11
W2,Faisalabad,Bread plain (Small Size),"[120.0, 120.0, 120.0, 112.42, 110.0, 110.0, 110.0, 110.0, 110.0, 110.0, 110.0, 110.0]","[1, 2, 3, 4, 5, 6, 7, 8, 9, 10, 11, 12]","[0.0, 0.0, -7.58, -2.42, 0.0, 0.0, 0.0, 0.0, 0.0, 0.0, 0.0]","[0.0, 0.0, -0.063167, -0.021526, 0.0, 0.0, 0.0, 0.0, 0.0, 0.0, 0.0]",11
W2,Faisalabad,Chicken Farm Broiler (Live),"[419.59, 456.86, 321.99, 318.98, 365.55, 415.97, 414.98, 414.55, 350.58, 333.08, 434.6, 442.7]","[1, 2, 3, 4, 5, 6, 7, 8, 9, 10, 11, 12]","[37.27, -134.87, -3.01, 46.57, 50.42, -0.99, -0.43, -63.97, -17.5, 101.52, 8.1]","[0.088825, -0.295211, -0.009348, 0.145997, 0.137929, -0.00238, -0.001036, -0.154312, -0.049917, 0.304792, 0.018638]",11
W2,Faisalabad,Chilies Powder NATIONAL 200 gm Packet,"[400.0, 400.0, 391.17, 329.05, 320.0, 320.0, 320.0, 320.0, 320.0, 320.0, 320.0, 320.0]","[1, 2, 3, 4, 5, 6, 7, 8, 9, 10, 11, 12]","[0.0, -8.83, -62.12, -9.05, 0.0, 0.0, 0.0, 0.0, 0.0, 0.0, 0.0]","[0.0, -0.022075, -0.158806, -0.027503, 0.0, 0.0, 0.0, 0.0, 0.0, 0.0, 0.0]",11
W2,Faisalabad,Cigarettes Capstan 20'S Packet,"[220.0, 220.0, 220.0, 220.0, 220.0, 220.0, 220.0, 220.0, 220.0, 227.46, 230.0, 230.0]","[1, 2, 3, 4, 5, 6, 7, 8, 9, 10, 11, 12]","[0.0, 0.0, 0.0, 0.0, 0.0, 0.0, 0.0, 0.0, 7.46, 2.54, 0.0]","[0.0, 0.0, 0.0, 0.0, 0.0, 0.0, 0.0, 0.0, 0.033909, 0.011167, 0.0]",11
W2,Faisalabad,Cooked Beef at Average Hotel,"[300.0, 300.0, 300.0, 300.0, 300.0, 300.0, 307.81, 315.82, 315.82, 315.82, 315.82, 315.82]","[1, 2, 3, 4, 5, 6, 7, 8, 9, 10, 11, 12]","[0.0, 0.0, 0.0, 0.0, 0.0, 7.81, 8.01, 0.0, 0.0, 0.0, 0.0]","[0.0, 0.0, 0.0, 0.0, 0.0, 0.026033, 0.026023, 0.0, 0.0, 0.0, 0.0]",11
W2,Faisalabad,Cooked Daal at Average Hotel,"[166.41, 166.41, 166.41, 166.41, 166.41, 166.41, 166.41, 166.41, 166.41, 166.41, 166.41, 168.79]","[1, 2, 3, 4, 5, 6, 7, 8, 9, 10, 11, 12]","[0.0, 0.0, 0.0, 0.0, 0.0, 0.0, 0.0, 0.0, 0.0, 0.0, 2.38]","[0.0, 0.0, 0.0, 0.0, 0.0, 0.0, 0.0, 0.0, 0.0, 0.0, 0.014302]",11
W2,Faisalabad,"Cooking Oil DALDA or Other Similar Brand (SN), 5 Litre Tin","[2634.77, 2615.0, 2615.0, 2615.0, 2615.0, 2678.81, 2654.7, 2615.0, 2717.11, 2860.93, 2924.9, 2945.0]","[1, 2, 3, 4, 5, 6, 7, 8, 9, 10, 11, 12]","[-19.77, 0.0, 0.0, 0.0, 63.81, -24.11, -39.7, 102.11, 143.82, 63.97, 20.1]","[-0.007504, 0.0, 0.0, 0.0, 0.024402, -0.009, -0.014955, 0.039048, 0.052931, 0.02236, 0.006872]",11
W2,Faisalabad,Curd (Dahi) Loose,"[220.0, 220.0, 220.0, 220.0, 240.0, 240.0, 240.0, 240.0, 240.0, 240.0, 240.0, 240.0]","[1, 2, 3, 4, 5, 6, 7, 8, 9, 10, 11, 12]","[0.0, 0.0, 0.0, 20.0, 0.0, 0.0, 0.0, 0.0, 0.0, 0.0, 0.0]","[0.0, 0.0, 0.0, 0.090909, 0.0, 0.0, 0.0, 0.0, 0.0, 0.0, 0.0]",11
W2,Faisalabad,Eggs Hen (Farm),"[267.06, 261.0, 257.79, 248.31, 254.12, 290.56, 314.88, 305.9, 351.53, 346.44, 278.23, 256.91]","[1, 2, 3, 4, 5, 6, 7, 8, 9, 10, 11, 12]","[-6.06, -3.21, -9.48, 5.81, 36.44, 24.32, -8.98, 45.63, -5.09, -68.21, -21.32]","[-0.022692, -0.012299, -0.036774, 0.023398, 0.143397, 0.0837, -0.028519, 0.149166, -0.01448, -0.196888, -0.076627]",11
W2,Faisalabad,Electricity Charges upto 50 Units,"[7.4, 7.13, 6.87, 7.32, 7.47, 6.29, 6.48, 6.55, 6.55, 6.55, 6.05, 6.0]","[1, 2, 3, 4, 5, 6, 7, 8, 9, 10, 11, 12]","[-0.27, -0.26, 0.45, 0.15, -1.18, 0.19, 0.07, 0.0, 0.0, -0.5, -0.05]","[-0.036486, -0.036466, 0.065502, 0.020492, -0.157965, 0.030207, 0.010802, 0.0, 0.0, -0.076336, -0.008264]",11
W2,Faisalabad,Energy Saver Philips 14 Watt,"[400.0, 400.0, 400.0, 400.0, 400.0, 400.0, 400.0, 400.0, 400.0, 400.0, 400.0, 400.0]","[1, 2, 3, 4, 5, 6, 7, 8, 9, 10, 11, 12]","[0.0, 0.0, 0.0, 0.0, 0.0, 0.0, 0.0, 0.0, 0.0, 0.0, 0.0]","[0.0, 0.0, 0.0, 0.0, 0.0, 0.0, 0.0, 0.0, 0.0, 0.0, 0.0]",11
W2,Faisalabad,Firewood Whole,"[1600.0, 1600.0, 1600.0, 1600.0, 1600.0, 1600.0, 1600.0, 1600.0, 1600.0, 1600.0, 1717.16, 1800.0]","[1, 2, 3, 4, 5, 6, 7, 8, 9, 10, 11, 12]","[0.0, 0.0, 0.0, 0.0, 0.0, 0.0, 0.0, 0.0, 0.0, 117.16, 82.84]","[0.0, 0.0, 0.0, 0.0, 0.0, 0.0, 0.0, 0.0, 0.0, 0.073225, 0.048242]",11
W2,Faisalabad,Garlic (Lehsun),"[578.64, 582.04, 600.0, 510.47, 448.74, 509.9, 500.0, 577.72, 623.57, 678.43, 650.0, 637.12]","[1, 2, 3, 4, 5, 6, 7, 8, 9, 10, 11, 12]","[3.4, 17.96, -89.53, -61.73, 61.16, -9.9, 77.72, 45.85, 54.86, -28.43, -12.88]","[0.005876, 0.030857, -0.149217, -0.120928, 0.136293, -0.019416, 0.15544, 0.079364, 0.087977, -0.041906, -0.019815]",11
W2,Faisalabad,Gas Charges upto 3.3719 MMBTU,"[1976.5, 1976.5, 1976.5, 1976.5, 1976.5, 1976.5, 1976.5, 1976.5, 1976.5, 1976.5, 1976.5, 1976.5]","[1, 2, 3, 4, 5, 6, 7, 8, 9, 10, 11, 12]","[0.0, 0.0, 0.0, 0.0, 0.0, 0.0, 0.0, 0.0, 0.0, 0.0, 0.0]","[0.0, 0.0, 0.0, 0.0, 0.0, 0.0, 0.0, 0.0, 0.0, 0.0, 0.0]",11
W2,Faisalabad,Gents Sandal Bata,"[2299.0, 2499.0, 2499.0, 2499.0, 2499.0, 2499.0, 2499.0, 2499.0, 2499.0, 2499.0, 2499.0, 2499.0]","[1, 2, 3, 4, 5, 6, 7, 8, 9, 10, 11, 12]","[200.0, 0.0, 0.0, 0.0, 0.0, 0.0, 0.0, 0.0, 0.0, 0.0, 0.0]","[0.086994, 0.0, 0.0, 0.0, 0.0, 0.0, 0.0, 0.0, 0.0, 0.0, 0.0]",11
W2,Faisalabad,Gents Sponge Chappal Bata,"[599.0, 599.0, 599.0, 599.0, 599.0, 599.0, 599.0, 599.0, 599.0, 599.0, 599.0, 599.0]","[1, 2, 3, 4, 5, 6, 7, 8, 9, 10, 11, 12]","[0.0, 0.0, 0.0, 0.0, 0.0, 0.0, 0.0, 0.0, 0.0, 0.0, 0.0]","[0.0, 0.0, 0.0, 0.0, 0.0, 0.0, 0.0, 0.0, 0.0, 0.0, 0.0]",11
W2,Faisalabad,Georgette (Average Quality),"[350.0, 350.0, 350.0, 350.0, 350.0, 350.0, 350.0, 350.0, 350.0, 350.0, 350.0, 350.0]","[1, 2, 3, 4, 5, 6, 7, 8, 9, 10, 11, 12]","[0.0, 0.0, 0.0, 0.0, 0.0, 0.0, 0.0, 0.0, 0.0, 0.0, 0.0]","[0.0, 0.0, 0.0, 0.0, 0.0, 0.0, 0.0, 0.0, 0.0, 0.0, 0.0]",11
W2,Faisalabad,Gur (Average Quality),"[206.46, 206.46, 206.46, 206.46, 206.46, 206.46, 206.46, 205.15, 200.0, 200.0, 200.0, 200.0]","[1, 2, 3, 4, 5, 6, 7, 8, 9, 10, 11, 12]","[0.0, 0.0, 0.0, 0.0, 0.0, 0.0, -1.31, -5.15, 0.0, 0.0, 0.0]","[0.0, 0.0, 0.0, 0.0, 0.0, 0.0, -0.006345, -0.025104, 0.0, 0.0, 0.0]",11
W2,Faisalabad,Hi-Speed Diesel,"[287.2, 287.12, 278.03, 269.91, 281.38, 269.64, 257.07, 250.19, 256.05, 257.85, 260.86, 266.89]","[1, 2, 3, 4, 5, 6, 7, 8, 9, 10, 11, 12]","[-0.08, -9.09, -8.12, 11.47, -11.74, -12.57, -6.88, 5.86, 1.8, 3.01, 6.03]","[-0.000279, -0.031659, -0.029205, 0.042496, -0.041723, -0.046618, -0.026763, 0.023422, 0.00703, 0.011673, 0.023116]",11
W2,Faisalabad,LPG 11.67 kg Cylinder,"[3377.67, 3236.85, 2844.21, 2877.07, 3120.59, 3126.45, 2903.02, 3171.96, 3580.77, 3502.5, 3392.48, 3062.59]","[1, 2, 3, 4, 5, 6, 7, 8, 9, 10, 11, 12]","[-140.82, -392.64, 32.86, 243.52, 5.86, -223.43, 268.94, 408.81, -78.27, -110.02, -329.89]","[-0.041691, -0.121303, 0.011553, 0.084642, 0.001878, -0.071464, 0.092641, 0.128882, -0.021858, -0.031412, -0.097242]",11
W2,Faisalabad,Ladies Sandal Bata,"[799.0, 899.0, 899.0, 899.0, 899.0, 899.0, 899.0, 899.0, 1121.47, 1399.0, 1399.0, 1399.0]","[1, 2, 3, 4, 5, 6, 7, 8, 9, 10, 11, 12]","[100.0, 0.0, 0.0, 0.0, 0.0, 0.0, 0.0, 222.47, 277.53, 0.0, 0.0]","[0.125156, 0.0, 0.0, 0.0, 0.0, 0.0, 0.0, 0.247464, 0.24747, 0.0, 0.0]",11
W2,Faisalabad,Lawn Printed Gul Ahmed/Al Karam,"[566.19, 582.85, 600.0, 600.0, 600.0, 600.0, 600.0, 600.0, 600.0, 600.0, 600.0, 600.0]","[1, 2, 3, 4, 5, 6, 7, 8, 9, 10, 11, 12]","[16.66, 17.15, 0.0, 0.0, 0.0, 0.0, 0.0, 0.0, 0.0, 0.0, 0.0]","[0.029425, 0.029424, 0.0, 0.0, 0.0, 0.0, 0.0, 0.0, 0.0, 0.0, 0.0]",11
W2,Faisalabad,"Long Cloth 57"" Gul Ahmed/Al Karam","[482.74, 491.3, 491.3, 491.3, 491.3, 491.3, 491.3, 491.3, 491.3, 491.3, 491.3, 491.3]","[1, 2, 3, 4, 5, 6, 7, 8, 9, 10, 11, 12]","[8.56, 0.0, 0.0, 0.0, 0.0, 0.0, 0.0, 0.0, 0.0, 0.0, 0.0]","[0.017732, 0.0, 0.0, 0.0, 0.0, 0.0, 0.0, 0.0, 0.0, 0.0, 0.0]",11
W2,Faisalabad,Match Box,"[7.0, 7.0, 7.0, 7.0, 7.0, 7.0, 7.0, 7.0, 7.0, 7.0, 7.0, 7.0]","[1, 2, 3, 4, 5, 6, 7, 8, 9, 10, 11, 12]","[0.0, 0.0, 0.0, 0.0, 0.0, 0.0, 0.0, 0.0, 0.0, 0.0, 0.0]","[0.0, 0.0, 0.0, 0.0, 0.0, 0.0, 0.0, 0.0, 0.0, 0.0, 0.0]",11
W2,Faisalabad,Milk fresh (Un-boiled),"[186.43, 186.43, 197.21, 200.0, 200.0, 200.0, 200.0, 200.0, 200.0, 200.0, 200.0, 200.0]","[1, 2, 3, 4, 5, 6, 7, 8, 9, 10, 11, 12]","[0.0, 10.78, 2.79, 0.0, 0.0, 0.0, 0.0, 0.0, 0.0, 0.0, 0.0]","[0.0, 0.057823, 0.014147, 0.0, 0.0, 0.0, 0.0, 0.0, 0.0, 0.0, 0.0]",11
W2,Faisalabad,Mustard Oil (Average Quality),"[600.0, 600.0, 532.8, 532.8, 532.8, 532.8, 541.33, 550.0, 550.0, 553.73, 554.98, 554.98]","[1, 2, 3, 4, 5, 6, 7, 8, 9, 10, 11, 12]","[0.0, -67.2, 0.0, 0.0, 0.0, 8.53, 8.67, 0.0, 3.73, 1.25, 0.0]","[0.0, -0.112, 0.0, 0.0, 0.0, 0.01601, 0.016016, 0.0, 0.006782, 0.002257, 0.0]",11
W2,Faisalabad,Mutton (Average Quality),"[2000.0, 2000.0, 2137.99, 2191.28, 2200.0, 2200.0, 2200.0, 2200.0, 2200.0, 2200.0, 2200.0, 2200.0]","[1, 2, 3, 4, 5, 6, 7, 8, 9, 10, 11, 12]","[0.0, 137.99, 53.29, 8.72, 0.0, 0.0, 0.0, 0.0, 0.0, 0.0, 0.0]","[0.0, 0.068995, 0.024925, 0.003979, 0.0, 0.0, 0.0, 0.0, 0.0, 0.0, 0.0]",11
W2,Faisalabad,Onions,"[202.18, 174.55, 108.96, 122.92, 105.25, 119.09, 139.88, 147.87, 139.36, 133.06, 104.28, 83.2]","[1, 2, 3, 4, 5, 6, 7, 8, 9, 10, 11, 12]","[-27.63, -65.59, 13.96, -17.67, 13.84, 20.79, 7.99, -8.51, -6.3, -28.78, -21.08]","[-0.13666, -0.375766, 0.12812, -0.143752, 0.131496, 0.174574, 0.05712, -0.057551, -0.045207, -0.216293, -0.202148]",11
W2,Faisalabad,Petrol Super,"[280.5, 292.44, 279.96, 263.95, 271.4, 264.72, 254.95, 248.0, 249.29, 253.1, 255.69, 257.6]","[1, 2, 3, 4, 5, 6, 7, 8, 9, 10, 11, 12]","[11.94, -12.48, -16.01, 7.45, -6.68, -9.77, -6.95, 1.29, 3.81, 2.59, 1.91]","[0.042567, -0.042675, -0.057187, 0.028225, -0.024613, -0.036907, -0.02726, 0.005202, 0.015283, 0.010233, 0.00747]",11
W2,Faisalabad,Potatoes,"[61.17, 67.76, 86.46, 95.67, 99.53, 95.2, 116.7, 117.97, 125.57, 114.23, 76.21, 58.07]","[1, 2, 3, 4, 5, 6, 7, 8, 9, 10, 11, 12]","[6.59, 18.7, 9.21, 3.86, -4.33, 21.5, 1.27, 7.6, -11.34, -38.02, -18.14]","[0.107733, 0.275974, 0.106523, 0.040347, -0.043504, 0.22584, 0.010883, 0.064423, -0.090308, -0.332837, -0.238027]",11
W2,Faisalabad,Powdered Milk NIDO 390 gm Polybag,"[820.0, 820.0, 839.65, 870.0, 946.63, 1030.0, 1030.0, 1030.0, 1030.0, 1030.0, 1030.0, 1030.0]","[1, 2, 3, 4, 5, 6, 7, 8, 9, 10, 11, 12]","[0.0, 19.65, 30.35, 76.63, 83.37, 0.0, 0.0, 0.0, 0.0, 0.0, 0.0]","[0.0, 0.023963, 0.036146, 0.08808, 0.08807, 0.0, 0.0, 0.0, 0.0, 0.0, 0.0]",11
W2,Faisalabad,Pulse Gram,"[238.24, 233.29, 233.29, 272.16, 300.0, 311.84, 339.77, 386.55, 378.85, 353.3, 329.3, 292.28]","[1, 2, 3, 4, 5, 6, 7, 8, 9, 10, 11, 12]","[-4.95, 0.0, 38.87, 27.84, 11.84, 27.93, 46.78, -7.7, -25.55, -24.0, -37.02]","[-0.020777, 0.0, 0.166617, 0.102293, 0.039467, 0.089565, 0.137681, -0.01992, -0.067441, -0.067931, -0.11242]",11
W2,Faisalabad,Pulse Mash (Washed),"[569.94, 569.94, 566.94, 564.95, 564.95, 567.94, 569.94, 569.94, 566.62, 566.62, 512.41, 479.19]","[1, 2, 3, 4, 5, 6, 7, 8, 9, 10, 11, 12]","[0.0, -3.0, -1.99, 0.0, 2.99, 2.0, 0.0, -3.32, 0.0, -54.21, -33.22]","[0.0, -0.005264, -0.00351, 0.0, 0.005293, 0.003521, 0.0, -0.005825, 0.0, -0.095673, -0.064831]",11
W2,Faisalabad,Pulse Masoor (Washed),"[346.54, 346.54, 338.53, 333.3, 333.3, 334.63, 340.0, 340.0, 336.63, 343.3, 332.16, 291.1]","[1, 2, 3, 4, 5, 6, 7, 8, 9, 10, 11, 12]","[0.0, -8.01, -5.23, 0.0, 1.33, 5.37, 0.0, -3.37, 6.67, -11.14, -41.06]","[0.0, -0.023114, -0.015449, 0.0, 0.00399, 0.016048, 0.0, -0.009912, 0.019814, -0.03245, -0.123615]",11
W2,Faisalabad,Pulse Moong (Washed),"[291.65, 288.31, 282.3, 295.3, 309.84, 322.62, 330.77, 344.06, 373.3, 370.42, 376.21, 308.1]","[1, 2, 3, 4, 5, 6, 7, 8, 9, 10, 11, 12]","[-3.34, -6.01, 13.0, 14.54, 12.78, 8.15, 13.29, 29.24, -2.88, 5.79, -68.11]","[-0.011452, -0.020846, 0.04605, 0.049238, 0.041247, 0.025262, 0.040179, 0.084985, -0.007715, 0.015631, -0.181043]",11
W2,Faisalabad,Rice Basmati Broken (Average Quality),"[223.28, 221.63, 207.77, 200.0, 200.0, 201.28, 206.46, 205.15, 200.0, 200.0, 211.77, 214.82]","[1, 2, 3, 4, 5, 6, 7, 8, 9, 10, 11, 12]","[-1.65, -13.86, -7.77, 0.0, 1.28, 5.18, -1.31, -5.15, 0.0, 11.77, 3.05]","[-0.00739, -0.062537, -0.037397, 0.0, 0.0064, 0.025735, -0.006345, -0.025104, 0.0, 0.05885, 0.014402]",11
W2,Faisalabad,Rice IRRI-6/9 (Sindh/Punjab),"[160.0, 160.0, 160.0, 160.0, 160.0, 160.0, 160.0, 160.0, 160.0, 160.0, 160.0, 160.0]","[1, 2, 3, 4, 5, 6, 7, 8, 9, 10, 11, 12]","[0.0, 0.0, 0.0, 0.0, 0.0, 0.0, 0.0, 0.0, 0.0, 0.0, 0.0]","[0.0, 0.0, 0.0, 0.0, 0.0, 0.0, 0.0, 0.0, 0.0, 0.0, 0.0]",11
W2,Faisalabad,Salt Powdered (NATIONAL/SHAN) 800 gm Packet,"[70.0, 70.0, 70.0, 70.0, 70.0, 70.0, 70.0, 70.0, 70.0, 70.0, 70.0, 70.0]","[1, 2, 3, 4, 5, 6, 7, 8, 9, 10, 11, 12]","[0.0, 0.0, 0.0, 0.0, 0.0, 0.0, 0.0, 0.0, 0.0, 0.0, 0.0]","[0.0, 0.0, 0.0, 0.0, 0.0, 0.0, 0.0, 0.0, 0.0, 0.0, 0.0]",11
W2,Faisalabad,Shirting (Average Quality),"[748.89, 774.02, 839.17, 866.35, 866.35, 866.35, 866.35, 866.35, 866.35, 866.35, 866.35, 866.35]","[1, 2, 3, 4, 5, 6, 7, 8, 9, 10, 11, 12]","[25.13, 65.15, 27.18, 0.0, 0.0, 0.0, 0.0, 0.0, 0.0, 0.0, 0.0]","[0.033556, 0.084171, 0.032389, 0.0, 0.0, 0.0, 0.0, 0.0, 0.0, 0.0, 0.0]",11
W2,Faisalabad,Sufi Washing Soap 250 gm Cake,"[130.0, 130.0, 130.0, 130.0, 130.0, 130.0, 130.0, 130.0, 130.0, 130.0, 130.0, 130.0]","[1, 2, 3, 4, 5, 6, 7, 8, 9, 10, 11, 12]","[0.0, 0.0, 0.0, 0.0, 0.0, 0.0, 0.0, 0.0, 0.0, 0.0, 0.0]","[0.0, 0.0, 0.0, 0.0, 0.0, 0.0, 0.0, 0.0, 0.0, 0.0, 0.0]",11
W2,Faisalabad,Sugar Refined,"[142.91, 142.4, 140.53, 140.82, 143.32, 145.0, 141.65, 136.98, 128.73, 136.23, 141.95, 152.48]","[1, 2, 3, 4, 5, 6, 7, 8, 9, 10, 11, 12]","[-0.51, -1.87, 0.29, 2.5, 1.68, -3.35, -4.67, -8.25, 7.5, 5.72, 10.53]","[-0.003569, -0.013132, 0.002064, 0.017753, 0.011722, -0.023103, -0.032969, -0.060228, 0.058261, 0.041988, 0.074181]",11
W2,Faisalabad,Tea Lipton Yellow Label 190 gm Packet,"[542.83, 542.83, 542.83, 542.83, 542.83, 542.83, 542.83, 542.83, 542.83, 542.83, 542.83, 469.64]","[1, 2, 3, 4, 5, 6, 7, 8, 9, 10, 11, 12]","[0.0, 0.0, 0.0, 0.0, 0.0, 0.0, 0.0, 0.0, 0.0, 0.0, -73.19]","[0.0, 0.0, 0.0, 0.0, 0.0, 0.0, 0.0, 0.0, 0.0, 0.0, -0.13483]",11
W2,Faisalabad,Tea Prepared Ordinary,"[63.16, 63.16, 63.16, 63.16, 63.16, 63.16, 63.16, 63.16, 63.16, 63.16, 63.16, 63.16]","[1, 2, 3, 4, 5, 6, 7, 8, 9, 10, 11, 12]","[0.0, 0.0, 0.0, 0.0, 0.0, 0.0, 0.0, 0.0, 0.0, 0.0, 0.0]","[0.0, 0.0, 0.0, 0.0, 0.0, 0.0, 0.0, 0.0, 0.0, 0.0, 0.0]",11
W2,Faisalabad,Telephone Call Charges,"[1.79, 1.79, 1.79, 1.79, 1.79, 1.79, 1.79, 1.79, 1.79, 1.79, 1.79, 1.79]","[1, 2, 3, 4, 5, 6, 7, 8, 9, 10, 11, 12]","[0.0, 0.0, 0.0, 0.0, 0.0, 0.0, 0.0, 0.0, 0.0, 0.0, 0.0]","[0.0, 0.0, 0.0, 0.0, 0.0, 0.0, 0.0, 0.0, 0.0, 0.0, 0.0]",11
W2,Faisalabad,Toilet Soap LIFEBUOY 115 gm,"[105.0, 105.0, 105.0, 105.0, 105.0, 105.0, 105.0, 105.0, 105.0, 105.0, 105.0, 103.66]","[1, 2, 3, 4, 5, 6, 7, 8, 9, 10, 11, 12]","[0.0, 0.0, 0.0, 0.0, 0.0, 0.0, 0.0, 0.0, 0.0, 0.0, -1.34]","[0.0, 0.0, 0.0, 0.0, 0.0, 0.0, 0.0, 0.0, 0.0, 0.0, -0.012762]",11
W2,Faisalabad,Tomatoes,"[123.54, 102.15, 59.46, 102.77, 183.62, 122.09, 106.49, 126.15, 156.91, 160.26, 110.02, 60.77]","[1, 2, 3, 4, 5, 6, 7, 8, 9, 10, 11, 12]","[-21.39, -42.69, 43.31, 80.85, -61.53, -15.6, 19.66, 30.76, 3.35, -50.24, -49.25]","[-0.173142, -0.417915, 0.728389, 0.786708, -0.335094, -0.127775, 0.184618, 0.243837, 0.02135, -0.313491, -0.447646]",11
W2,Faisalabad,Vegetable Ghee DALDA/HABIB 2.5 kg Tin,"[1310.0, 1310.0, 1310.0, 1310.0, 1310.0, 1315.98, 1317.48, 1318.98, 1367.25, 1454.88, 1494.97, 1515.0]","[1, 2, 3, 4, 5, 6, 7, 8, 9, 10, 11, 12]","[0.0, 0.0, 0.0, 0.0, 5.98, 1.5, 1.5, 48.27, 87.63, 40.09, 20.03]","[0.0, 0.0, 0.0, 0.0, 0.004565, 0.00114, 0.001139, 0.036596, 0.064092, 0.027556, 0.013398]",11
W2,Faisalabad,Vegetable Ghee DALDA/HABIB or Other Superior Quality 1 kg Pouch,"[483.32, 483.32, 479.3, 476.64, 494.97, 507.98, 510.0, 511.98, 539.86, 557.48, 572.96, 577.48]","[1, 2, 3, 4, 5, 6, 7, 8, 9, 10, 11, 12]","[0.0, -4.02, -2.66, 18.33, 13.01, 2.02, 1.98, 27.88, 17.62, 15.48, 4.52]","[0.0, -0.008317, -0.00555, 0.038457, 0.026284, 0.003977, 0.003882, 0.054455, 0.032638, 0.027768, 0.007889]",11
W2,Faisalabad,Wheat Flour Bag,"[2716.56, 2308.34, 1782.19, 1606.6, 1723.42, 1621.93, 1610.0, 1679.51, 1724.47, 1624.93, 1669.56, 1684.8]","[1, 2, 3, 4, 5, 6, 7, 8, 9, 10, 11, 12]","[-408.22, -526.15, -175.59, 116.82, -101.49, -11.93, 69.51, 44.96, -99.54, 44.63, 15.24]","[-0.150271, -0.227934, -0.098525, 0.072713, -0.058889, -0.007355, 0.043174, 0.02677, -0.057722, 0.027466, 0.009128]",11
W2,Gujranwala,Bananas (Kela) Local,"[197.92, 200.55, 160.76, 186.43, 171.2, 150.0, 150.0, 135.61, 120.0, 120.0, 137.8, 176.43]","[1, 2, 3, 4, 5, 6, 7, 8, 9, 10, 11, 12]","[2.63, -39.79, 25.67, -15.23, -21.2, 0.0, -14.39, -15.61, 0.0, 17.8, 38.63]","[0.013288, -0.198404, 0.159679, -0.081693, -0.123832, 0.0, -0.095933, -0.11511, 0.0, 0.148333, 0.280334]",11
W2,Gujranwala,Beef with Bone (Average Quality),"[866.35, 883.01, 900.0, 900.0, 924.02, 1000.0, 1000.0, 1000.0, 1000.0, 1000.0, 1000.0, 1024.11]","[1, 2, 3, 4, 5, 6, 7, 8, 9, 10, 11, 12]","[16.66, 16.99, 0.0, 24.02, 75.98, 0.0, 0.0, 0.0, 0.0, 0.0, 24.11]","[0.01923, 0.019241, 0.0, 0.026689, 0.082228, 0.0, 0.0, 0.0, 0.0, 0.0, 0.02411]",11
W2,Gujranwala,Bread plain (Small Size),"[110.0, 120.0, 120.0, 110.0, 110.0, 107.92, 107.41, 110.0, 110.0, 110.0, 110.0, 107.41]","[1, 2, 3, 4, 5, 6, 7, 8, 9, 10, 11, 12]","[10.0, 0.0, -10.0, 0.0, -2.08, -0.51, 2.59, 0.0, 0.0, 0.0, -2.59]","[0.090909, 0.0, -0.083333, 0.0, -0.018909, -0.004726, 0.024113, 0.0, 0.0, 0.0, -0.023545]",11
W2,Gujranwala,Chicken Farm Broiler (Live),"[414.31, 451.91, 311.81, 303.72, 355.09, 405.55, 401.67, 420.41, 349.02, 325.72, 432.66, 419.25]","[1, 2, 3, 4, 5, 6, 7, 8, 9, 10, 11, 12]","[37.6, -140.1, -8.09, 51.37, 50.46, -3.88, 18.74, -71.39, -23.3, 106.94, -13.41]","[0.090753, -0.310017, -0.025945, 0.169136, 0.142105, -0.009567, 0.046655, -0.16981, -0.066758, 0.328319, -0.030994]",11
W2,Gujranwala,Chilies Powder NATIONAL 200 gm Packet,"[400.0, 400.0, 320.0, 320.0, 320.0, 320.0, 320.0, 320.0, 320.0, 320.0, 320.0, 320.0]","[1, 2, 3, 4, 5, 6, 7, 8, 9, 10, 11, 12]","[0.0, -80.0, 0.0, 0.0, 0.0, 0.0, 0.0, 0.0, 0.0, 0.0, 0.0]","[0.0, -0.2, 0.0, 0.0, 0.0, 0.0, 0.0, 0.0, 0.0, 0.0, 0.0]",11
W2,Gujranwala,Cigarettes Capstan 20'S Packet,"[220.0, 220.0, 220.0, 220.0, 230.0, 230.0, 230.0, 230.0, 230.0, 230.0, 230.0, 230.0]","[1, 2, 3, 4, 5, 6, 7, 8, 9, 10, 11, 12]","[0.0, 0.0, 0.0, 10.0, 0.0, 0.0, 0.0, 0.0, 0.0, 0.0, 0.0]","[0.0, 0.0, 0.0, 0.045455, 0.0, 0.0, 0.0, 0.0, 0.0, 0.0, 0.0]",11
W2,Gujranwala,Cooked Beef at Average Hotel,"[375.0, 387.3, 400.0, 400.0, 400.0, 400.0, 400.0, 400.0, 400.0, 411.95, 450.0, 450.0]","[1, 2, 3, 4, 5, 6, 7, 8, 9, 10, 11, 12]","[12.3, 12.7, 0.0, 0.0, 0.0, 0.0, 0.0, 0.0, 11.95, 38.05, 0.0]","[0.0328, 0.032791, 0.0, 0.0, 0.0, 0.0, 0.0, 0.0, 0.029875, 0.092366, 0.0]",11
W2,Gujranwala,Cooked Daal at Average Hotel,"[150.0, 150.0, 150.0, 150.0, 150.0, 150.0, 150.0, 150.0, 150.0, 150.0, 150.0, 150.0]","[1, 2, 3, 4, 5, 6, 7, 8, 9, 10, 11, 12]","[0.0, 0.0, 0.0, 0.0, 0.0, 0.0, 0.0, 0.0, 0.0, 0.0, 0.0]","[0.0, 0.0, 0.0, 0.0, 0.0, 0.0, 0.0, 0.0, 0.0, 0.0, 0.0]",11
W2,Gujranwala,"Cooking Oil DALDA or Other Similar Brand (SN), 5 Litre Tin","[2654.7, 2615.0, 2678.81, 2695.0, 2695.0, 2695.0, 2654.7, 2615.0, 2719.66, 2844.56, 2904.93, 2937.47]","[1, 2, 3, 4, 5, 6, 7, 8, 9, 10, 11, 12]","[-39.7, 63.81, 16.19, 0.0, 0.0, -40.3, -39.7, 104.66, 124.9, 60.37, 32.54]","[-0.014955, 0.024402, 0.006044, 0.0, 0.0, -0.014954, -0.014955, 0.040023, 0.045925, 0.021223, 0.011202]",11
W2,Gujranwala,Curd (Dahi) Loose,"[220.0, 220.0, 220.0, 220.0, 220.0, 220.0, 220.0, 220.0, 220.0, 220.0, 220.0, 220.0]","[1, 2, 3, 4, 5, 6, 7, 8, 9, 10, 11, 12]","[0.0, 0.0, 0.0, 0.0, 0.0, 0.0, 0.0, 0.0, 0.0, 0.0, 0.0]","[0.0, 0.0, 0.0, 0.0, 0.0, 0.0, 0.0, 0.0, 0.0, 0.0, 0.0]",11
W2,Gujranwala,Eggs Hen (Farm),"[272.37, 255.35, 255.8, 247.36, 249.8, 289.43, 300.0, 303.9, 349.78, 335.67, 272.93, 266.64]","[1, 2, 3, 4, 5, 6, 7, 8, 9, 10, 11, 12]","[-17.02, 0.45, -8.44, 2.44, 39.63, 10.57, 3.9, 45.88, -14.11, -62.74, -6.29]","[-0.062489, 0.001762, -0.032995, 0.009864, 0.158647, 0.03652, 0.013, 0.150971, -0.04034, -0.18691, -0.023046]",11
W2,Gujranwala,Electricity Charges upto 50 Units,"[7.4, 7.13, 6.87, 7.32, 7.47, 6.29, 6.48, 6.55, 6.55, 6.55, 6.05, 6.0]","[1, 2, 3, 4, 5, 6, 7, 8, 9, 10, 11, 12]","[-0.27, -0.26, 0.45, 0.15, -1.18, 0.19, 0.07, 0.0, 0.0, -0.5, -0.05]","[-0.036486, -0.036466, 0.065502, 0.020492, -0.157965, 0.030207, 0.010802, 0.0, 0.0, -0.076336, -0.008264]",11
W2,Gujranwala,Energy Saver Philips 14 Watt,"[550.0, 550.0, 550.0, 550.0, 550.0, 550.0, 550.0, 550.0, 550.0, 550.0, 550.0, 550.0]","[1, 2, 3, 4, 5, 6, 7, 8, 9, 10, 11, 12]","[0.0, 0.0, 0.0, 0.0, 0.0, 0.0, 0.0, 0.0, 0.0, 0.0, 0.0]","[0.0, 0.0, 0.0, 0.0, 0.0, 0.0, 0.0, 0.0, 0.0, 0.0, 0.0]",11
W2,Gujranwala,Firewood Whole,"[1500.0, 1500.0, 1500.0, 1500.0, 1500.0, 1500.0, 1500.0, 1500.0, 1500.0, 1500.0, 1500.0, 1500.0]","[1, 2, 3, 4, 5, 6, 7, 8, 9, 10, 11, 12]","[0.0, 0.0, 0.0, 0.0, 0.0, 0.0, 0.0, 0.0, 0.0, 0.0, 0.0]","[0.0, 0.0, 0.0, 0.0, 0.0, 0.0, 0.0, 0.0, 0.0, 0.0, 0.0]",11
W2,Gujranwala,Garlic (Lehsun),"[589.74, 644.08, 559.61, 400.0, 436.94, 459.58, 537.05, 607.26, 700.0, 765.74, 769.61, 848.53]","[1, 2, 3, 4, 5, 6, 7, 8, 9, 10, 11, 12]","[54.34, -84.47, -159.61, 36.94, 22.64, 77.47, 70.21, 92.74, 65.74, 3.87, 78.92]","[0.092142, -0.131148, -0.285216, 0.09235, 0.051815, 0.168567, 0.130733, 0.152719, 0.093914, 0.005054, 0.102545]",11
W2,Gujranwala,Gas Charges upto 3.3719 MMBTU,"[1976.5, 1976.5, 1976.5, 1976.5, 1976.5, 1976.5, 1976.5, 1976.5, 1976.5, 1976.5, 1976.5, 1976.5]","[1, 2, 3, 4, 5, 6, 7, 8, 9, 10, 11, 12]","[0.0, 0.0, 0.0, 0.0, 0.0, 0.0, 0.0, 0.0, 0.0, 0.0, 0.0]","[0.0, 0.0, 0.0, 0.0, 0.0, 0.0, 0.0, 0.0, 0.0, 0.0, 0.0]",11
W2,Gujranwala,Gents Sandal Bata,"[2299.0, 2499.0, 2499.0, 2499.0, 2499.0, 2499.0, 2499.0, 2499.0, 2499.0, 2499.0, 2499.0, 2499.0]","[1, 2, 3, 4, 5, 6, 7, 8, 9, 10, 11, 12]","[200.0, 0.0, 0.0, 0.0, 0.0, 0.0, 0.0, 0.0, 0.0, 0.0, 0.0]","[0.086994, 0.0, 0.0, 0.0, 0.0, 0.0, 0.0, 0.0, 0.0, 0.0, 0.0]",11
W2,Gujranwala,Gents Sponge Chappal Bata,"[599.0, 599.0, 599.0, 599.0, 599.0, 599.0, 599.0, 599.0, 599.0, 599.0, 599.0, 599.0]","[1, 2, 3, 4, 5, 6, 7, 8, 9, 10, 11, 12]","[0.0, 0.0, 0.0, 0.0, 0.0, 0.0, 0.0, 0.0, 0.0, 0.0, 0.0]","[0.0, 0.0, 0.0, 0.0, 0.0, 0.0, 0.0, 0.0, 0.0, 0.0, 0.0]",11
W2,Gujranwala,Georgette (Average Quality),"[200.0, 223.61, 250.0, 250.0, 250.0, 250.0, 250.0, 250.0, 250.0, 250.0, 250.0, 250.0]","[1, 2, 3, 4, 5, 6, 7, 8, 9, 10, 11, 12]","[23.61, 26.39, 0.0, 0.0, 0.0, 0.0, 0.0, 0.0, 0.0, 0.0, 0.0]","[0.11805, 0.118018, 0.0, 0.0, 0.0, 0.0, 0.0, 0.0, 0.0, 0.0, 0.0]",11
W2,Gujranwala,Gur (Average Quality),"[200.0, 200.0, 200.0, 200.0, 200.0, 200.0, 200.0, 180.0, 180.0, 180.0, 191.75, 200.0]","[1, 2, 3, 4, 5, 6, 7, 8, 9, 10, 11, 12]","[0.0, 0.0, 0.0, 0.0, 0.0, 0.0, -20.0, 0.0, 0.0, 11.75, 8.25]","[0.0, 0.0, 0.0, 0.0, 0.0, 0.0, -0.1, 0.0, 0.0, 0.065278, 0.043025]",11
W2,Gujranwala,Hi-Speed Diesel,"[287.3, 287.12, 278.09, 269.9, 281.48, 269.7, 257.07, 250.19, 256.1, 257.85, 260.86, 266.89]","[1, 2, 3, 4, 5, 6, 7, 8, 9, 10, 11, 12]","[-0.18, -9.03, -8.19, 11.58, -11.78, -12.63, -6.88, 5.91, 1.75, 3.01, 6.03]","[-0.000627, -0.03145, -0.029451, 0.042905, -0.04185, -0.04683, -0.026763, 0.023622, 0.006833, 0.011673, 0.023116]",11
W2,Gujranwala,LPG 11.67 kg Cylinder,"[3527.75, 3351.54, 2905.25, 2881.58, 3151.0, 3173.87, 3151.0, 3242.84, 3683.79, 3772.6, 3557.87, 3268.0]","[1, 2, 3, 4, 5, 6, 7, 8, 9, 10, 11, 12]","[-176.21, -446.29, -23.67, 269.42, 22.87, -22.87, 91.84, 440.95, 88.81, -214.73, -289.87]","[-0.04995, -0.13316, -0.008147, 0.093497, 0.007258, -0.007206, 0.029146, 0.135976, 0.024108, -0.056918, -0.081473]",11
W2,Gujranwala,Ladies Sandal Bata,"[799.0, 899.0, 899.0, 899.0, 899.0, 899.0, 899.0, 899.0, 1121.47, 1399.0, 1399.0, 1399.0]","[1, 2, 3, 4, 5, 6, 7, 8, 9, 10, 11, 12]","[100.0, 0.0, 0.0, 0.0, 0.0, 0.0, 0.0, 222.47, 277.53, 0.0, 0.0]","[0.125156, 0.0, 0.0, 0.0, 0.0, 0.0, 0.0, 0.247464, 0.24747, 0.0, 0.0]",11
W2,Gujranwala,Lawn Printed Gul Ahmed/Al Karam,"[550.0, 641.4, 748.0, 748.0, 748.0, 748.0, 748.0, 748.0, 748.0, 748.0, 748.0, 748.0]","[1, 2, 3, 4, 5, 6, 7, 8, 9, 10, 11, 12]","[91.4, 106.6, 0.0, 0.0, 0.0, 0.0, 0.0, 0.0, 0.0, 0.0, 0.0]","[0.166182, 0.166199, 0.0, 0.0, 0.0, 0.0, 0.0, 0.0, 0.0, 0.0, 0.0]",11
W2,Gujranwala,"Long Cloth 57"" Gul Ahmed/Al Karam","[571.0, 617.14, 667.0, 667.0, 667.0, 667.0, 667.0, 667.0, 667.0, 667.0, 667.0, 667.0]","[1, 2, 3, 4, 5, 6, 7, 8, 9, 10, 11, 12]","[46.14, 49.86, 0.0, 0.0, 0.0, 0.0, 0.0, 0.0, 0.0, 0.0, 0.0]","[0.080806, 0.080792, 0.0, 0.0, 0.0, 0.0, 0.0, 0.0, 0.0, 0.0, 0.0]",11
W2,Gujranwala,Match Box,"[6.0, 6.0, 6.0, 6.0, 6.0, 6.0, 6.0, 7.0, 7.0, 7.0, 7.0, 7.0]","[1, 2, 3, 4, 5, 6, 7, 8, 9, 10, 11, 12]","[0.0, 0.0, 0.0, 0.0, 0.0, 0.0, 1.0, 0.0, 0.0, 0.0, 0.0]","[0.0, 0.0, 0.0, 0.0, 0.0, 0.0, 0.166667, 0.0, 0.0, 0.0, 0.0]",11
W2,Gujranwala,Milk fresh (Un-boiled),"[200.0, 200.0, 200.0, 200.0, 200.0, 200.0, 200.0, 200.0, 200.0, 200.0, 200.0, 200.0]","[1, 2, 3, 4, 5, 6, 7, 8, 9, 10, 11, 12]","[0.0, 0.0, 0.0, 0.0, 0.0, 0.0, 0.0, 0.0, 0.0, 0.0, 0.0]","[0.0, 0.0, 0.0, 0.0, 0.0, 0.0, 0.0, 0.0, 0.0, 0.0, 0.0]",11
W2,Gujranwala,Mustard Oil (Average Quality),"[442.3, 450.0, 450.0, 450.0, 450.0, 450.0, 450.0, 467.77, 535.78, 540.0, 540.0, 540.0]","[1, 2, 3, 4, 5, 6, 7, 8, 9, 10, 11, 12]","[7.7, 0.0, 0.0, 0.0, 0.0, 0.0, 17.77, 68.01, 4.22, 0.0, 0.0]","[0.017409, 0.0, 0.0, 0.0, 0.0, 0.0, 0.039489, 0.145392, 0.007876, 0.0, 0.0]",11
W2,Gujranwala,Mutton (Average Quality),"[2000.0, 2000.0, 2000.0, 2000.0, 2008.15, 2032.79, 2032.79, 2032.79, 2066.12, 2100.0, 2100.0, 2100.0]","[1, 2, 3, 4, 5, 6, 7, 8, 9, 10, 11, 12]","[0.0, 0.0, 0.0, 8.15, 24.64, 0.0, 0.0, 33.33, 33.88, 0.0, 0.0]","[0.0, 0.0, 0.0, 0.004075, 0.01227, 0.0, 0.0, 0.016396, 0.016398, 0.0, 0.0]",11
W2,Gujranwala,Onions,"[233.53, 202.1, 123.36, 129.57, 114.65, 142.69, 159.9, 158.27, 153.26, 151.62, 130.47, 93.22]","[1, 2, 3, 4, 5, 6, 7, 8, 9, 10, 11, 12]","[-31.43, -78.74, 6.21, -14.92, 28.04, 17.21, -1.63, -5.01, -1.64, -21.15, -37.25]","[-0.134587, -0.389609, 0.05034, -0.11515, 0.24457, 0.120611, -0.010194, -0.031655, -0.010701, -0.139493, -0.285506]",11
W2,Gujranwala,Petrol Super,"[280.6, 292.54, 280.06, 264.05, 271.55, 265.33, 255.05, 248.0, 249.3, 253.0, 255.69, 257.6]","[1, 2, 3, 4, 5, 6, 7, 8, 9, 10, 11, 12]","[11.94, -12.48, -16.01, 7.5, -6.22, -10.28, -7.05, 1.3, 3.7, 2.69, 1.91]","[0.042552, -0.042661, -0.057166, 0.028404, -0.022906, -0.038744, -0.027642, 0.005242, 0.014842, 0.010632, 0.00747]",11
W2,Gujranwala,Potatoes,"[71.58, 76.32, 98.61, 103.09, 100.0, 107.57, 108.98, 116.94, 135.96, 120.0, 90.72, 70.66]","[1, 2, 3, 4, 5, 6, 7, 8, 9, 10, 11, 12]","[4.74, 22.29, 4.48, -3.09, 7.57, 1.41, 7.96, 19.02, -15.96, -29.28, -20.06]","[0.06622, 0.29206, 0.045431, -0.029974, 0.0757, 0.013108, 0.073041, 0.162648, -0.117387, -0.244, -0.22112]",11
W2,Gujranwala,Powdered Milk NIDO 390 gm Polybag,"[820.0, 820.0, 870.0, 870.0, 1030.0, 1030.0, 1030.0, 1030.0, 1030.0, 1030.0, 1030.0, 1030.0]","[1, 2, 3, 4, 5, 6, 7, 8, 9, 10, 11, 12]","[0.0, 50.0, 0.0, 160.0, 0.0, 0.0, 0.0, 0.0, 0.0, 0.0, 0.0]","[0.0, 0.060976, 0.0, 0.183908, 0.0, 0.0, 0.0, 0.0, 0.0, 0.0, 0.0]",11
W2,Gujranwala,Pulse Gram,"[240.0, 240.0, 246.51, 304.62, 332.32, 362.96, 395.76, 407.17, 372.35, 354.78, 323.71, 300.0]","[1, 2, 3, 4, 5, 6, 7, 8, 9, 10, 11, 12]","[0.0, 6.51, 58.11, 27.7, 30.64, 32.8, 11.41, -34.82, -17.57, -31.07, -23.71]","[0.0, 0.027125, 0.235731, 0.090933, 0.0922, 0.090368, 0.028831, -0.085517, -0.047187, -0.087575, -0.073245]",11
W2,Gujranwala,Pulse Mash (Washed),"[520.0, 534.75, 561.99, 580.0, 580.0, 561.92, 519.81, 475.93, 474.92, 476.62, 474.62, 467.2]","[1, 2, 3, 4, 5, 6, 7, 8, 9, 10, 11, 12]","[14.75, 27.24, 18.01, 0.0, -18.08, -42.11, -43.88, -1.01, 1.7, -2.0, -7.42]","[0.028365, 0.05094, 0.032047, 0.0, -0.031172, -0.074939, -0.084415, -0.002122, 0.00358, -0.004196, -0.015634]",11
W2,Gujranwala,Pulse Masoor (Washed),"[310.0, 310.0, 310.0, 304.96, 300.0, 285.89, 280.0, 280.0, 280.0, 280.0, 280.0, 280.0]","[1, 2, 3, 4, 5, 6, 7, 8, 9, 10, 11, 12]","[0.0, 0.0, -5.04, -4.96, -14.11, -5.89, 0.0, 0.0, 0.0, 0.0, 0.0]","[0.0, 0.0, -0.016258, -0.016264, -0.047033, -0.020602, 0.0, 0.0, 0.0, 0.0, 0.0]",11
W2,Gujranwala,Pulse Moong (Washed),"[300.0, 300.0, 300.0, 309.84, 332.25, 341.92, 312.47, 352.06, 380.0, 388.23, 396.64, 396.64]","[1, 2, 3, 4, 5, 6, 7, 8, 9, 10, 11, 12]","[0.0, 0.0, 9.84, 22.41, 9.67, -29.45, 39.59, 27.94, 8.23, 8.41, 0.0]","[0.0, 0.0, 0.0328, 0.072328, 0.029105, -0.086131, 0.1267, 0.079361, 0.021658, 0.021662, 0.0]",11
W2,Gujranwala,Rice Basmati Broken (Average Quality),"[198.78, 198.78, 197.18, 173.07, 180.0, 180.0, 180.0, 180.0, 180.0, 180.0, 180.0, 180.0]","[1, 2, 3, 4, 5, 6, 7, 8, 9, 10, 11, 12]","[0.0, -1.6, -24.11, 6.93, 0.0, 0.0, 0.0, 0.0, 0.0, 0.0, 0.0]","[0.0, -0.008049, -0.122274, 0.040042, 0.0, 0.0, 0.0, 0.0, 0.0, 0.0, 0.0]",11
W2,Gujranwala,Salt Powdered (NATIONAL/SHAN) 800 gm Packet,"[70.0, 70.0, 70.0, 70.0, 70.0, 70.0, 70.0, 70.0, 70.0, 70.0, 70.0, 70.0]","[1, 2, 3, 4, 5, 6, 7, 8, 9, 10, 11, 12]","[0.0, 0.0, 0.0, 0.0, 0.0, 0.0, 0.0, 0.0, 0.0, 0.0, 0.0]","[0.0, 0.0, 0.0, 0.0, 0.0, 0.0, 0.0, 0.0, 0.0, 0.0, 0.0]",11
W2,Gujranwala,Shirting (Average Quality),"[400.0, 447.21, 500.0, 500.0, 500.0, 500.0, 500.0, 500.0, 500.0, 500.0, 500.0, 500.0]","[1, 2, 3, 4, 5, 6, 7, 8, 9, 10, 11, 12]","[47.21, 52.79, 0.0, 0.0, 0.0, 0.0, 0.0, 0.0, 0.0, 0.0, 0.0]","[0.118025, 0.118043, 0.0, 0.0, 0.0, 0.0, 0.0, 0.0, 0.0, 0.0, 0.0]",11
W2,Gujranwala,Sufi Washing Soap 250 gm Cake,"[130.0, 130.0, 130.0, 130.0, 130.0, 130.0, 130.0, 130.0, 130.0, 130.0, 130.0, 130.0]","[1, 2, 3, 4, 5, 6, 7, 8, 9, 10, 11, 12]","[0.0, 0.0, 0.0, 0.0, 0.0, 0.0, 0.0, 0.0, 0.0, 0.0, 0.0]","[0.0, 0.0, 0.0, 0.0, 0.0, 0.0, 0.0, 0.0, 0.0, 0.0, 0.0]",11
W2,Gujranwala,Sugar Refined,"[145.0, 143.49, 145.0, 145.0, 147.48, 144.97, 142.24, 136.19, 133.73, 136.23, 146.71, 157.48]","[1, 2, 3, 4, 5, 6, 7, 8, 9, 10, 11, 12]","[-1.51, 1.51, 0.0, 2.48, -2.51, -2.73, -6.05, -2.46, 2.5, 10.48, 10.77]","[-0.010414, 0.010523, 0.0, 0.017103, -0.017019, -0.018831, -0.042534, -0.018063, 0.018694, 0.076929, 0.07341]",11
W2,Gujranwala,Tea Lipton Yellow Label 190 gm Packet,"[542.86, 542.86, 542.86, 542.86, 542.86, 542.86, 542.86, 542.86, 542.86, 542.86, 542.86, 517.14]","[1, 2, 3, 4, 5, 6, 7, 8, 9, 10, 11, 12]","[0.0, 0.0, 0.0, 0.0, 0.0, 0.0, 0.0, 0.0, 0.0, 0.0, -25.72]","[0.0, 0.0, 0.0, 0.0, 0.0, 0.0, 0.0, 0.0, 0.0, 0.0, -0.047379]",11
W2,Gujranwala,Tea Prepared Ordinary,"[60.0, 60.0, 60.0, 60.0, 60.0, 60.0, 60.0, 60.0, 60.0, 60.0, 60.0, 60.0]","[1, 2, 3, 4, 5, 6, 7, 8, 9, 10, 11, 12]","[0.0, 0.0, 0.0, 0.0, 0.0, 0.0, 0.0, 0.0, 0.0, 0.0, 0.0]","[0.0, 0.0, 0.0, 0.0, 0.0, 0.0, 0.0, 0.0, 0.0, 0.0, 0.0]",11
W2,Gujranwala,Telephone Call Charges,"[1.79, 1.79, 1.79, 1.79, 1.79, 1.79, 1.79, 1.79, 1.79, 1.79, 1.79, 1.79]","[1, 2, 3, 4, 5, 6, 7, 8, 9, 10, 11, 12]","[0.0, 0.0, 0.0, 0.0, 0.0, 0.0, 0.0, 0.0, 0.0, 0.0, 0.0]","[0.0, 0.0, 0.0, 0.0, 0.0, 0.0, 0.0, 0.0, 0.0, 0.0, 0.0]",11
W2,Gujranwala,Toilet Soap LIFEBUOY 115 gm,"[105.8, 105.8, 105.8, 105.8, 105.8, 105.8, 105.8, 105.8, 105.8, 105.8, 99.74, 99.74]","[1, 2, 3, 4, 5, 6, 7, 8, 9, 10, 11, 12]","[0.0, 0.0, 0.0, 0.0, 0.0, 0.0, 0.0, 0.0, 0.0, -6.06, 0.0]","[0.0, 0.0, 0.0, 0.0, 0.0, 0.0, 0.0, 0.0, 0.0, -0.057278, 0.0]",11
W2,Gujranwala,Tomatoes,"[135.05, 120.98, 82.02, 117.71, 189.15, 161.65, 132.23, 140.71, 175.01, 192.88, 145.64, 83.85]","[1, 2, 3, 4, 5, 6, 7, 8, 9, 10, 11, 12]","[-14.07, -38.96, 35.69, 71.44, -27.5, -29.42, 8.48, 34.3, 17.87, -47.24, -61.79]","[-0.104184, -0.322037, 0.435138, 0.606915, -0.145387, -0.181998, 0.064131, 0.243764, 0.102108, -0.244919, -0.424265]",11
W2,Gujranwala,Vegetable Ghee DALDA/HABIB 2.5 kg Tin,"[1289.13, 1285.0, 1310.0, 1310.0, 1310.0, 1310.0, 1317.48, 1325.0, 1343.36, 1454.56, 1505.98, 1492.44]","[1, 2, 3, 4, 5, 6, 7, 8, 9, 10, 11, 12]","[-4.13, 25.0, 0.0, 0.0, 0.0, 7.48, 7.52, 18.36, 111.2, 51.42, -13.54]","[-0.003204, 0.019455, 0.0, 0.0, 0.0, 0.00571, 0.005708, 0.013857, 0.082778, 0.035351, -0.008991]",11
W2,Gujranwala,Vegetable Ghee DALDA/HABIB or Other Superior Quality 1 kg Pouch,"[499.0, 499.0, 509.0, 509.0, 509.0, 515.0, 515.0, 518.94, 549.93, 574.46, 586.99, 582.96]","[1, 2, 3, 4, 5, 6, 7, 8, 9, 10, 11, 12]","[0.0, 10.0, 0.0, 0.0, 6.0, 0.0, 3.94, 30.99, 24.53, 12.53, -4.03]","[0.0, 0.02004, 0.0, 0.0, 0.011788, 0.0, 0.00765, 0.059718, 0.044606, 0.021812, -0.006866]",11
W2,Gujranwala,Wheat Flour Bag,"[2738.4, 2329.14, 1808.46, 1683.26, 1916.28, 1772.4, 1653.44, 1792.29, 1748.54, 1748.54, 1755.34, 1714.33]","[1, 2, 3, 4, 5, 6, 7, 8, 9, 10, 11, 12]","[-409.26, -520.68, -125.2, 233.02, -143.88, -118.96, 138.85, -43.75, 0.0, 6.8, -41.01]","[-0.149452, -0.22355, -0.06923, 0.138434, -0.075083, -0.067118, 0.083976, -0.02441, 0.0, 0.003889, -0.023363]",11
W2,Hyderabad,Bananas (Kela) Local,"[155.07, 153.01, 123.7, 131.29, 129.61, 109.3, 101.95, 86.39, 88.66, 87.79, 93.52, 133.92]","[1, 2, 3, 4, 5, 6, 7, 8, 9, 10, 11, 12]","[-2.06, -29.31, 7.59, -1.68, -20.31, -7.35, -15.56, 2.27, -0.87, 5.73, 40.4]","[-0.013284, -0.191556, 0.061358, -0.012796, -0.156701, -0.067246, -0.152624, 0.026276, -0.009813, 0.065269, 0.431993]",11
W2,Hyderabad,Beef with Bone (Average Quality),"[820.47, 822.54, 859.43, 906.72, 970.41, 1011.58, 1057.77, 1088.67, 1099.62, 1099.62, 1099.62, 1099.62]","[1, 2, 3, 4, 5, 6, 7, 8, 9, 10, 11, 12]","[2.07, 36.89, 47.29, 63.69, 41.17, 46.19, 30.9, 10.95, 0.0, 0.0, 0.0]","[0.002523, 0.044849, 0.055025, 0.070242, 0.042425, 0.045661, 0.029212, 0.010058, 0.0, 0.0, 0.0]",11
W2,Hyderabad,Bread plain (Small Size),"[120.0, 120.0, 120.0, 120.0, 120.0, 120.0, 120.0, 120.0, 120.0, 120.0, 120.0, 120.0]","[1, 2, 3, 4, 5, 6, 7, 8, 9, 10, 11, 12]","[0.0, 0.0, 0.0, 0.0, 0.0, 0.0, 0.0, 0.0, 0.0, 0.0, 0.0]","[0.0, 0.0, 0.0, 0.0, 0.0, 0.0, 0.0, 0.0, 0.0, 0.0, 0.0]",11
W2,Hyderabad,Chicken Farm Broiler (Live),"[426.09, 492.35, 388.21, 357.64, 370.15, 484.57, 466.57, 456.85, 396.57, 381.24, 469.98, 489.68]","[1, 2, 3, 4, 5, 6, 7, 8, 9, 10, 11, 12]","[66.26, -104.14, -30.57, 12.51, 114.42, -18.0, -9.72, -60.28, -15.33, 88.74, 19.7]","[0.155507, -0.211516, -0.078746, 0.034979, 0.309118, -0.037146, -0.020833, -0.131947, -0.038656, 0.232767, 0.041917]",11
W2,Hyderabad,Chilies Powder NATIONAL 200 gm Packet,"[400.0, 400.0, 349.88, 320.0, 320.0, 320.0, 320.0, 320.0, 320.0, 320.0, 320.0, 320.0]","[1, 2, 3, 4, 5, 6, 7, 8, 9, 10, 11, 12]","[0.0, -50.12, -29.88, 0.0, 0.0, 0.0, 0.0, 0.0, 0.0, 0.0, 0.0]","[0.0, -0.1253, -0.085401, 0.0, 0.0, 0.0, 0.0, 0.0, 0.0, 0.0, 0.0]",11
W2,Hyderabad,Cigarettes Capstan 20'S Packet,"[220.0, 220.0, 220.0, 241.15, 243.29, 240.33, 240.0, 247.46, 250.0, 250.0, 250.0, 250.0]","[1, 2, 3, 4, 5, 6, 7, 8, 9, 10, 11, 12]","[0.0, 0.0, 21.15, 2.14, -2.96, -0.33, 7.46, 2.54, 0.0, 0.0, 0.0]","[0.0, 0.0, 0.096136, 0.008874, -0.012167, -0.001373, 0.031083, 0.010264, 0.0, 0.0, 0.0]",11
W2,Hyderabad,Cooked Beef at Average Hotel,"[283.24, 283.24, 283.24, 292.29, 301.62, 301.62, 301.62, 301.62, 301.62, 301.62, 301.62, 301.62]","[1, 2, 3, 4, 5, 6, 7, 8, 9, 10, 11, 12]","[0.0, 0.0, 9.05, 9.33, 0.0, 0.0, 0.0, 0.0, 0.0, 0.0, 0.0]","[0.0, 0.0, 0.031952, 0.03192, 0.0, 0.0, 0.0, 0.0, 0.0, 0.0, 0.0]",11
W2,Hyderabad,Cooked Daal at Average Hotel,"[163.9, 163.9, 163.9, 163.9, 164.7, 165.51, 165.51, 169.52, 172.25, 172.25, 172.25, 172.25]","[1, 2, 3, 4, 5, 6, 7, 8, 9, 10, 11, 12]","[0.0, 0.0, 0.0, 0.8, 0.81, 0.0, 4.01, 2.73, 0.0, 0.0, 0.0]","[0.0, 0.0, 0.0, 0.004881, 0.004918, 0.0, 0.024228, 0.016104, 0.0, 0.0, 0.0]",11
W2,Hyderabad,"Cooking Oil DALDA or Other Similar Brand (SN), 5 Litre Tin","[2695.0, 2654.7, 2615.0, 2640.02, 2700.37, 2695.0, 2695.0, 2695.0, 2695.0, 2821.52, 2904.93, 2929.96]","[1, 2, 3, 4, 5, 6, 7, 8, 9, 10, 11, 12]","[-40.3, -39.7, 25.02, 60.35, -5.37, 0.0, 0.0, 0.0, 126.52, 83.41, 25.03]","[-0.014954, -0.014955, 0.009568, 0.02286, -0.001989, 0.0, 0.0, 0.0, 0.046946, 0.029562, 0.008616]",11
W2,Hyderabad,Curd (Dahi) Loose,"[276.56, 276.56, 276.56, 276.56, 276.56, 300.13, 312.35, 314.88, 314.88, 314.88, 314.88, 314.88]","[1, 2, 3, 4, 5, 6, 7, 8, 9, 10, 11, 12]","[0.0, 0.0, 0.0, 0.0, 23.57, 12.22, 2.53, 0.0, 0.0, 0.0, 0.0]","[0.0, 0.0, 0.0, 0.0, 0.085226, 0.040716, 0.0081, 0.0, 0.0, 0.0, 0.0]",11
W2,Hyderabad,Eggs Hen (Farm),"[271.33, 253.35, 245.09, 238.36, 246.52, 292.75, 313.17, 301.01, 345.23, 352.86, 300.62, 255.57]","[1, 2, 3, 4, 5, 6, 7, 8, 9, 10, 11, 12]","[-17.98, -8.26, -6.73, 8.16, 46.23, 20.42, -12.16, 44.22, 7.63, -52.24, -45.05]","[-0.066266, -0.032603, -0.027459, 0.034234, 0.18753, 0.069752, -0.038829, 0.146905, 0.022101, -0.148047, -0.149857]",11
W2,Hyderabad,Electricity Charges upto 50 Units,"[7.4, 7.13, 6.87, 7.32, 7.47, 6.29, 6.48, 6.55, 6.55, 6.55, 6.05, 6.0]","[1, 2, 3, 4, 5, 6, 7, 8, 9, 10, 11, 12]","[-0.27, -0.26, 0.45, 0.15, -1.18, 0.19, 0.07, 0.0, 0.0, -0.5, -0.05]","[-0.036486, -0.036466, 0.065502, 0.020492, -0.157965, 0.030207, 0.010802, 0.0, 0.0, -0.076336, -0.008264]",11
W2,Hyderabad,Energy Saver Philips 14 Watt,"[350.0, 350.0, 350.0, 350.0, 350.0, 350.0, 350.0, 350.0, 350.0, 350.0, 350.0, 350.0]","[1, 2, 3, 4, 5, 6, 7, 8, 9, 10, 11, 12]","[0.0, 0.0, 0.0, 0.0, 0.0, 0.0, 0.0, 0.0, 0.0, 0.0, 0.0]","[0.0, 0.0, 0.0, 0.0, 0.0, 0.0, 0.0, 0.0, 0.0, 0.0, 0.0]",11
W2,Hyderabad,Firewood Whole,"[1000.0, 1000.0, 1000.0, 1000.0, 1016.01, 1032.28, 1032.28, 1032.28, 1032.28, 1032.28, 1032.28, 1066.41]","[1, 2, 3, 4, 5, 6, 7, 8, 9, 10, 11, 12]","[0.0, 0.0, 0.0, 16.01, 16.27, 0.0, 0.0, 0.0, 0.0, 0.0, 34.13]","[0.0, 0.0, 0.0, 0.01601, 0.016014, 0.0, 0.0, 0.0, 0.0, 0.0, 0.033063]",11
W2,Hyderabad,Garlic (Lehsun),"[576.6, 465.5, 438.85, 416.72, 443.31, 481.74, 567.95, 582.76, 653.78, 704.85, 790.36, 790.69]","[1, 2, 3, 4, 5, 6, 7, 8, 9, 10, 11, 12]","[-111.1, -26.65, -22.13, 26.59, 38.43, 86.21, 14.81, 71.02, 51.07, 85.51, 0.33]","[-0.192681, -0.05725, -0.050427, 0.063808, 0.086689, 0.178955, 0.026076, 0.121868, 0.078115, 0.121317, 0.000418]",11
W2,Hyderabad,Gas Charges upto 3.3719 MMBTU,"[1976.5, 1976.5, 1976.5, 1976.5, 1976.5, 1976.5, 1976.5, 1976.5, 1976.5, 1976.5, 1976.5, 1976.5]","[1, 2, 3, 4, 5, 6, 7, 8, 9, 10, 11, 12]","[0.0, 0.0, 0.0, 0.0, 0.0, 0.0, 0.0, 0.0, 0.0, 0.0, 0.0]","[0.0, 0.0, 0.0, 0.0, 0.0, 0.0, 0.0, 0.0, 0.0, 0.0, 0.0]",11
W2,Hyderabad,Gents Sandal Bata,"[2299.0, 2499.0, 2499.0, 2499.0, 2499.0, 2499.0, 2499.0, 2499.0, 2499.0, 2499.0, 2499.0, 2499.0]","[1, 2, 3, 4, 5, 6, 7, 8, 9, 10, 11, 12]","[200.0, 0.0, 0.0, 0.0, 0.0, 0.0, 0.0, 0.0, 0.0, 0.0, 0.0]","[0.086994, 0.0, 0.0, 0.0, 0.0, 0.0, 0.0, 0.0, 0.0, 0.0, 0.0]",11
W2,Hyderabad,Gents Sponge Chappal Bata,"[599.0, 599.0, 599.0, 599.0, 599.0, 599.0, 599.0, 599.0, 599.0, 599.0, 599.0, 599.0]","[1, 2, 3, 4, 5, 6, 7, 8, 9, 10, 11, 12]","[0.0, 0.0, 0.0, 0.0, 0.0, 0.0, 0.0, 0.0, 0.0, 0.0, 0.0]","[0.0, 0.0, 0.0, 0.0, 0.0, 0.0, 0.0, 0.0, 0.0, 0.0, 0.0]",11
W2,Hyderabad,Georgette (Average Quality),"[277.25, 278.05, 278.05, 284.7, 291.5, 299.46, 304.88, 304.88, 304.88, 308.18, 311.51, 311.51]","[1, 2, 3, 4, 5, 6, 7, 8, 9, 10, 11, 12]","[0.8, 0.0, 6.65, 6.8, 7.96, 5.42, 0.0, 0.0, 3.3, 3.33, 0.0]","[0.002885, 0.0, 0.023917, 0.023885, 0.027307, 0.018099, 0.0, 0.0, 0.010824, 0.010805, 0.0]",11
W2,Hyderabad,Gur (Average Quality),"[236.62, 235.74, 235.74, 235.74, 240.3, 246.62, 246.62, 246.62, 244.52, 235.65, 229.85, 230.69]","[1, 2, 3, 4, 5, 6, 7, 8, 9, 10, 11, 12]","[-0.88, 0.0, 0.0, 4.56, 6.32, 0.0, 0.0, -2.1, -8.87, -5.8, 0.84]","[-0.003719, 0.0, 0.0, 0.019343, 0.0263, 0.0, 0.0, -0.008515, -0.036275, -0.024613, 0.003655]",11
W2,Hyderabad,Hi-Speed Diesel,"[288.55, 288.43, 279.25, 271.04, 282.81, 271.02, 257.54, 251.63, 257.35, 259.13, 262.12, 268.22]","[1, 2, 3, 4, 5, 6, 7, 8, 9, 10, 11, 12]","[-0.12, -9.18, -8.21, 11.77, -11.79, -13.48, -5.91, 5.72, 1.78, 2.99, 6.1]","[-0.000416, -0.031827, -0.0294, 0.043425, -0.041689, -0.049738, -0.022948, 0.022732, 0.006917, 0.011539, 0.023272]",11
W2,Hyderabad,LPG 11.67 kg Cylinder,"[3412.45, 3227.19, 2653.29, 2372.27, 2372.27, 2372.27, 3143.03, 3294.07, 3255.24, 3315.73, 3329.33, 3004.59]","[1, 2, 3, 4, 5, 6, 7, 8, 9, 10, 11, 12]","[-185.26, -573.9, -281.02, 0.0, 0.0, 770.76, 151.04, -38.83, 60.49, 13.6, -324.74]","[-0.054289, -0.177833, -0.105914, 0.0, 0.0, 0.324904, 0.048056, -0.011788, 0.018582, 0.004102, -0.097539]",11
W2,Hyderabad,Ladies Sandal Bata,"[799.0, 899.0, 899.0, 899.0, 899.0, 899.0, 899.0, 899.0, 1121.47, 1399.0, 1399.0, 1399.0]","[1, 2, 3, 4, 5, 6, 7, 8, 9, 10, 11, 12]","[100.0, 0.0, 0.0, 0.0, 0.0, 0.0, 0.0, 222.47, 277.53, 0.0, 0.0]","[0.125156, 0.0, 0.0, 0.0, 0.0, 0.0, 0.0, 0.247464, 0.24747, 0.0, 0.0]",11
W2,Hyderabad,Lawn Printed Gul Ahmed/Al Karam,"[494.92, 494.92, 494.92, 494.92, 494.92, 494.92, 494.92, 494.92, 494.92, 494.92, 494.92, 494.92]","[1, 2, 3, 4, 5, 6, 7, 8, 9, 10, 11, 12]","[0.0, 0.0, 0.0, 0.0, 0.0, 0.0, 0.0, 0.0, 0.0, 0.0, 0.0]","[0.0, 0.0, 0.0, 0.0, 0.0, 0.0, 0.0, 0.0, 0.0, 0.0, 0.0]",11
W2,Hyderabad,"Long Cloth 57"" Gul Ahmed/Al Karam","[494.92, 494.92, 494.92, 494.92, 494.92, 494.92, 494.92, 494.92, 494.92, 499.08, 503.28, 503.28]","[1, 2, 3, 4, 5, 6, 7, 8, 9, 10, 11, 12]","[0.0, 0.0, 0.0, 0.0, 0.0, 0.0, 0.0, 0.0, 4.16, 4.2, 0.0]","[0.0, 0.0, 0.0, 0.0, 0.0, 0.0, 0.0, 0.0, 0.008405, 0.008415, 0.0]",11
W2,Hyderabad,Match Box,"[6.56, 6.56, 6.56, 6.56, 6.56, 6.56, 6.56, 6.56, 6.56, 6.56, 6.56, 6.56]","[1, 2, 3, 4, 5, 6, 7, 8, 9, 10, 11, 12]","[0.0, 0.0, 0.0, 0.0, 0.0, 0.0, 0.0, 0.0, 0.0, 0.0, 0.0]","[0.0, 0.0, 0.0, 0.0, 0.0, 0.0, 0.0, 0.0, 0.0, 0.0, 0.0]",11
W2,Hyderabad,Milk fresh (Un-boiled),"[200.0, 200.0, 200.0, 200.0, 203.65, 217.49, 218.32, 218.32, 218.32, 218.32, 218.32, 218.32]","[1, 2, 3, 4, 5, 6, 7, 8, 9, 10, 11, 12]","[0.0, 0.0, 0.0, 3.65, 13.84, 0.83, 0.0, 0.0, 0.0, 0.0, 0.0]","[0.0, 0.0, 0.0, 0.01825, 0.06796, 0.003816, 0.0, 0.0, 0.0, 0.0, 0.0]",11
W2,Hyderabad,Mustard Oil (Average Quality),"[405.73, 409.04, 402.94, 400.0, 401.63, 409.54, 419.5, 467.03, 518.2, 545.8, 519.74, 492.81]","[1, 2, 3, 4, 5, 6, 7, 8, 9, 10, 11, 12]","[3.31, -6.1, -2.94, 1.63, 7.91, 9.96, 47.53, 51.17, 27.6, -26.06, -26.93]","[0.008158, -0.014913, -0.007296, 0.004075, 0.019695, 0.02432, 0.113302, 0.109565, 0.053261, -0.047746, -0.051814]",11
W2,Hyderabad,Mutton (Average Quality),"[1720.54, 1720.54, 1750.28, 1753.64, 1785.21, 1843.65, 1875.09, 1888.01, 1889.71, 1889.71, 1889.71, 1913.16]","[1, 2, 3, 4, 5, 6, 7, 8, 9, 10, 11, 12]","[0.0, 29.74, 3.36, 31.57, 58.44, 31.44, 12.92, 1.7, 0.0, 0.0, 23.45]","[0.0, 0.017285, 0.00192, 0.018003, 0.032736, 0.017053, 0.00689, 0.0009, 0.0, 0.0, 0.012409]",11
W2,Hyderabad,Onions,"[221.79, 209.01, 123.87, 138.96, 121.53, 132.87, 148.37, 159.21, 155.13, 140.59, 103.92, 72.25]","[1, 2, 3, 4, 5, 6, 7, 8, 9, 10, 11, 12]","[-12.78, -85.14, 15.09, -17.43, 11.34, 15.5, 10.84, -4.08, -14.54, -36.67, -31.67]","[-0.057622, -0.407349, 0.121821, -0.125432, 0.09331, 0.116655, 0.073061, -0.025627, -0.093728, -0.260829, -0.304754]",11
W2,Hyderabad,Petrol Super,"[281.8, 293.72, 281.22, 265.23, 272.84, 266.66, 255.58, 249.61, 250.65, 254.35, 256.88, 258.72]","[1, 2, 3, 4, 5, 6, 7, 8, 9, 10, 11, 12]","[11.92, -12.5, -15.99, 7.61, -6.18, -11.08, -5.97, 1.04, 3.7, 2.53, 1.84]","[0.0423, -0.042558, -0.056859, 0.028692, -0.022651, -0.041551, -0.023359, 0.004166, 0.014762, 0.009947, 0.007163]",11
W2,Hyderabad,Potatoes,"[60.15, 61.38, 70.0, 75.25, 78.77, 79.72, 80.79, 80.61, 81.99, 108.5, 77.79, 62.61]","[1, 2, 3, 4, 5, 6, 7, 8, 9, 10, 11, 12]","[1.23, 8.62, 5.25, 3.52, 0.95, 1.07, -0.18, 1.38, 26.51, -30.71, -15.18]","[0.020449, 0.140437, 0.075, 0.046777, 0.01206, 0.013422, -0.002228, 0.017119, 0.323332, -0.283041, -0.195141]",11
W2,Hyderabad,Powdered Milk NIDO 390 gm Polybag,"[830.0, 842.6, 861.82, 865.82, 939.85, 1029.33, 1043.1, 1047.49, 1047.49, 1047.49, 1049.82, 1060.2]","[1, 2, 3, 4, 5, 6, 7, 8, 9, 10, 11, 12]","[12.6, 19.22, 4.0, 74.03, 89.48, 13.77, 4.39, 0.0, 0.0, 2.33, 10.38]","[0.015181, 0.02281, 0.004641, 0.085503, 0.095207, 0.013378, 0.004209, 0.0, 0.0, 0.002224, 0.009887]",11
W2,Hyderabad,Pulse Gram,"[248.44, 248.24, 253.54, 295.56, 341.16, 350.58, 397.48, 407.21, 410.3, 384.04, 364.34, 313.08]","[1, 2, 3, 4, 5, 6, 7, 8, 9, 10, 11, 12]","[-0.2, 5.3, 42.02, 45.6, 9.42, 46.9, 9.73, 3.09, -26.26, -19.7, -51.26]","[-0.000805, 0.02135, 0.165733, 0.154283, 0.027612, 0.133778, 0.024479, 0.007588, -0.064002, -0.051297, -0.140693]",11
W2,Hyderabad,Pulse Mash (Washed),"[481.82, 493.99, 530.09, 546.58, 553.27, 550.58, 530.95, 478.53, 492.45, 484.93, 476.77, 453.27]","[1, 2, 3, 4, 5, 6, 7, 8, 9, 10, 11, 12]","[12.17, 36.1, 16.49, 6.69, -2.69, -19.63, -52.42, 13.92, -7.52, -8.16, -23.5]","[0.025258, 0.073078, 0.031108, 0.01224, -0.004862, -0.035653, -0.098729, 0.029089, -0.015271, -0.016827, -0.04929]",11
W2,Hyderabad,Pulse Masoor (Washed),"[330.43, 312.91, 300.4, 300.01, 323.99, 314.8, 314.88, 313.86, 313.19, 314.88, 307.85, 304.88]","[1, 2, 3, 4, 5, 6, 7, 8, 9, 10, 11, 12]","[-17.52, -12.51, -0.39, 23.98, -9.19, 0.08, -1.02, -0.67, 1.69, -7.03, -2.97]","[-0.053022, -0.03998, -0.001298, 0.079931, -0.028365, 0.000254, -0.003239, -0.002135, 0.005396, -0.022326, -0.009648]",11
W2,Hyderabad,Pulse Moong (Washed),"[330.22, 323.91, 320.26, 325.11, 346.27, 351.71, 354.11, 381.26, 422.64, 399.61, 410.52, 417.87]","[1, 2, 3, 4, 5, 6, 7, 8, 9, 10, 11, 12]","[-6.31, -3.65, 4.85, 21.16, 5.44, 2.4, 27.15, 41.38, -23.03, 10.91, 7.35]","[-0.019108, -0.011269, 0.015144, 0.065086, 0.01571, 0.006824, 0.076671, 0.108535, -0.054491, 0.027302, 0.017904]",11
W2,Hyderabad,Rice Basmati Broken (Average Quality),"[251.51, 251.51, 224.13, 194.29, 207.27, 222.46, 228.19, 229.04, 229.04, 229.04, 229.04, 222.99]","[1, 2, 3, 4, 5, 6, 7, 8, 9, 10, 11, 12]","[0.0, -27.38, -29.84, 12.98, 15.19, 5.73, 0.85, 0.0, 0.0, 0.0, -6.05]","[0.0, -0.108862, -0.133137, 0.066807, 0.073286, 0.025757, 0.003725, 0.0, 0.0, 0.0, -0.026415]",11
W2,Hyderabad,Rice IRRI-6/9 (Sindh/Punjab),"[192.45, 192.45, 179.43, 157.79, 167.4, 174.93, 175.76, 175.76, 175.76, 175.76, 175.76, 148.99]","[1, 2, 3, 4, 5, 6, 7, 8, 9, 10, 11, 12]","[0.0, -13.02, -21.64, 9.61, 7.53, 0.83, 0.0, 0.0, 0.0, 0.0, -26.77]","[0.0, -0.067654, -0.120604, 0.060904, 0.044982, 0.004745, 0.0, 0.0, 0.0, 0.0, -0.15231]",11
W2,Hyderabad,Salt Powdered (NATIONAL/SHAN) 800 gm Packet,"[70.0, 70.0, 70.0, 70.0, 70.0, 70.0, 70.0, 70.0, 70.0, 70.0, 70.0, 70.0]","[1, 2, 3, 4, 5, 6, 7, 8, 9, 10, 11, 12]","[0.0, 0.0, 0.0, 0.0, 0.0, 0.0, 0.0, 0.0, 0.0, 0.0, 0.0]","[0.0, 0.0, 0.0, 0.0, 0.0, 0.0, 0.0, 0.0, 0.0, 0.0, 0.0]",11
W2,Hyderabad,Shirting (Average Quality),"[404.91, 410.43, 420.95, 434.8, 449.21, 464.76, 464.76, 464.76, 464.76, 464.76, 464.76, 464.76]","[1, 2, 3, 4, 5, 6, 7, 8, 9, 10, 11, 12]","[5.52, 10.52, 13.85, 14.41, 15.55, 0.0, 0.0, 0.0, 0.0, 0.0, 0.0]","[0.013633, 0.025632, 0.032902, 0.033142, 0.034616, 0.0, 0.0, 0.0, 0.0, 0.0, 0.0]",11
W2,Hyderabad,Sufi Washing Soap 250 gm Cake,"[130.0, 130.0, 130.0, 130.0, 130.0, 130.0, 130.0, 130.0, 130.0, 130.0, 130.0, 130.0]","[1, 2, 3, 4, 5, 6, 7, 8, 9, 10, 11, 12]","[0.0, 0.0, 0.0, 0.0, 0.0, 0.0, 0.0, 0.0, 0.0, 0.0, 0.0]","[0.0, 0.0, 0.0, 0.0, 0.0, 0.0, 0.0, 0.0, 0.0, 0.0, 0.0]",11
W2,Hyderabad,Sugar Refined,"[140.33, 140.16, 140.33, 140.33, 142.43, 140.25, 139.7, 129.88, 128.28, 129.79, 135.88, 151.64]","[1, 2, 3, 4, 5, 6, 7, 8, 9, 10, 11, 12]","[-0.17, 0.17, 0.0, 2.1, -2.18, -0.55, -9.82, -1.6, 1.51, 6.09, 15.76]","[-0.001211, 0.001213, 0.0, 0.014965, -0.015306, -0.003922, -0.070293, -0.012319, 0.011771, 0.046922, 0.115985]",11
W2,Hyderabad,Tea Lipton Yellow Label 190 gm Packet,"[542.85, 542.85, 542.85, 542.85, 542.85, 542.85, 542.85, 542.85, 542.85, 542.85, 542.85, 542.85]","[1, 2, 3, 4, 5, 6, 7, 8, 9, 10, 11, 12]","[0.0, 0.0, 0.0, 0.0, 0.0, 0.0, 0.0, 0.0, 0.0, 0.0, 0.0]","[0.0, 0.0, 0.0, 0.0, 0.0, 0.0, 0.0, 0.0, 0.0, 0.0, 0.0]",11
W2,Hyderabad,Tea Prepared Ordinary,"[71.45, 71.45, 71.45, 71.45, 71.45, 71.45, 71.45, 71.45, 71.45, 71.45, 71.45, 71.45]","[1, 2, 3, 4, 5, 6, 7, 8, 9, 10, 11, 12]","[0.0, 0.0, 0.0, 0.0, 0.0, 0.0, 0.0, 0.0, 0.0, 0.0, 0.0]","[0.0, 0.0, 0.0, 0.0, 0.0, 0.0, 0.0, 0.0, 0.0, 0.0, 0.0]",11
W2,Hyderabad,Telephone Call Charges,"[1.79, 1.79, 1.79, 1.79, 1.79, 1.79, 1.79, 1.79, 1.79, 1.79, 1.79, 1.79]","[1, 2, 3, 4, 5, 6, 7, 8, 9, 10, 11, 12]","[0.0, 0.0, 0.0, 0.0, 0.0, 0.0, 0.0, 0.0, 0.0, 0.0, 0.0]","[0.0, 0.0, 0.0, 0.0, 0.0, 0.0, 0.0, 0.0, 0.0, 0.0, 0.0]",11
W2,Hyderabad,Toilet Soap LIFEBUOY 115 gm,"[111.48, 111.48, 111.48, 111.48, 111.48, 111.48, 111.48, 111.48, 105.45, 99.74, 99.74, 99.74]","[1, 2, 3, 4, 5, 6, 7, 8, 9, 10, 11, 12]","[0.0, 0.0, 0.0, 0.0, 0.0, 0.0, 0.0, -6.03, -5.71, 0.0, 0.0]","[0.0, 0.0, 0.0, 0.0, 0.0, 0.0, 0.0, -0.05409, -0.054149, 0.0, 0.0]",11
W2,Hyderabad,Tomatoes,"[101.81, 84.95, 72.19, 120.15, 201.75, 142.62, 137.27, 155.8, 166.16, 159.85, 86.16, 30.36]","[1, 2, 3, 4, 5, 6, 7, 8, 9, 10, 11, 12]","[-16.86, -12.76, 47.96, 81.6, -59.13, -5.35, 18.53, 10.36, -6.31, -73.69, -55.8]","[-0.165603, -0.150206, 0.664358, 0.679151, -0.293086, -0.037512, 0.134989, 0.066496, -0.037975, -0.460995, -0.647632]",11
W2,Hyderabad,Vegetable Ghee DALDA/HABIB 2.5 kg Tin,"[1310.0, 1297.44, 1285.0, 1291.2, 1310.0, 1310.0, 1310.0, 1326.99, 1335.0, 1431.35, 1502.99, 1515.0]","[1, 2, 3, 4, 5, 6, 7, 8, 9, 10, 11, 12]","[-12.56, -12.44, 6.2, 18.8, 0.0, 0.0, 16.99, 8.01, 96.35, 71.64, 12.01]","[-0.009588, -0.009588, 0.004825, 0.01456, 0.0, 0.0, 0.012969, 0.006036, 0.072172, 0.050051, 0.007991]",11
W2,Hyderabad,Vegetable Ghee DALDA/HABIB or Other Superior Quality 1 kg Pouch,"[506.48, 499.0, 499.0, 501.48, 509.0, 509.0, 515.0, 519.71, 539.0, 555.85, 586.99, 591.25]","[1, 2, 3, 4, 5, 6, 7, 8, 9, 10, 11, 12]","[-7.48, 0.0, 2.48, 7.52, 0.0, 6.0, 4.71, 19.29, 16.85, 31.14, 4.26]","[-0.014769, 0.0, 0.00497, 0.014996, 0.0, 0.011788, 0.009146, 0.037117, 0.031262, 0.056022, 0.007257]",11
W2,Hyderabad,Wheat Flour Bag,"[2765.27, 2454.4, 2115.25, 1972.56, 2004.94, 1997.79, 1937.54, 1964.88, 1978.14, 1964.53, 1946.46, 1916.05]","[1, 2, 3, 4, 5, 6, 7, 8, 9, 10, 11, 12]","[-310.87, -339.15, -142.69, 32.38, -7.15, -60.25, 27.34, 13.26, -13.61, -18.07, -30.41]","[-0.112419, -0.13818, -0.067458, 0.016415, -0.003566, -0.030158, 0.014111, 0.006749, -0.00688, -0.009198, -0.015623]",11
W2,Islamabad,Bananas (Kela) Local,"[300.26, 284.25, 242.88, 262.0, 258.75, 223.48, 198.19, 193.09, 183.92, 194.44, 229.87, 307.06]","[1, 2, 3, 4, 5, 6, 7, 8, 9, 10, 11, 12]","[-16.01, -41.37, 19.12, -3.25, -35.27, -25.29, -5.1, -9.17, 10.52, 35.43, 77.19]","[-0.05332, -0.145541, 0.078722, -0.012405, -0.136309, -0.113164, -0.025733, -0.047491, 0.057199, 0.182216, 0.335798]",11
W2,Islamabad,Beef with Bone (Average Quality),"[1108.93, 1126.36, 1193.59, 1208.19, 1208.19, 1208.19, 1208.19, 1208.19, 1208.19, 1208.19, 1218.09, 1256.66]","[1, 2, 3, 4, 5, 6, 7, 8, 9, 10, 11, 12]","[17.43, 67.23, 14.6, 0.0, 0.0, 0.0, 0.0, 0.0, 0.0, 9.9, 38.57]","[0.015718, 0.059688, 0.012232, 0.0, 0.0, 0.0, 0.0, 0.0, 0.0, 0.008194, 0.031664]",11
W2,Islamabad,Bread plain (Small Size),"[120.0, 120.0, 120.0, 110.0, 110.0, 110.0, 110.0, 110.0, 110.0, 110.0, 110.0, 110.0]","[1, 2, 3, 4, 5, 6, 7, 8, 9, 10, 11, 12]","[0.0, 0.0, -10.0, 0.0, 0.0, 0.0, 0.0, 0.0, 0.0, 0.0, 0.0]","[0.0, 0.0, -0.083333, 0.0, 0.0, 0.0, 0.0, 0.0, 0.0, 0.0, 0.0]",11
W2,Islamabad,Chicken Farm Broiler (Live),"[441.24, 477.5, 354.53, 355.04, 404.6, 442.37, 445.88, 441.35, 364.67, 345.09, 445.08, 438.9]","[1, 2, 3, 4, 5, 6, 7, 8, 9, 10, 11, 12]","[36.26, -122.97, 0.51, 49.56, 37.77, 3.51, -4.53, -76.68, -19.58, 99.99, -6.18]","[0.082177, -0.257529, 0.001439, 0.13959, 0.093351, 0.007935, -0.01016, -0.17374, -0.053692, 0.28975, -0.013885]",11
W2,Islamabad,Chilies Powder NATIONAL 200 gm Packet,"[400.0, 378.3, 320.0, 320.0, 320.0, 320.0, 320.0, 320.0, 320.0, 320.0, 320.0, 320.0]","[1, 2, 3, 4, 5, 6, 7, 8, 9, 10, 11, 12]","[-21.7, -58.3, 0.0, 0.0, 0.0, 0.0, 0.0, 0.0, 0.0, 0.0, 0.0]","[-0.05425, -0.15411, 0.0, 0.0, 0.0, 0.0, 0.0, 0.0, 0.0, 0.0, 0.0]",11
W2,Islamabad,Cigarettes Capstan 20'S Packet,"[220.0, 220.0, 220.0, 229.58, 243.15, 243.15, 243.15, 243.15, 243.15, 243.15, 243.15, 243.15]","[1, 2, 3, 4, 5, 6, 7, 8, 9, 10, 11, 12]","[0.0, 0.0, 9.58, 13.57, 0.0, 0.0, 0.0, 0.0, 0.0, 0.0, 0.0]","[0.0, 0.0, 0.043545, 0.059108, 0.0, 0.0, 0.0, 0.0, 0.0, 0.0, 0.0]",11
W2,Islamabad,Cooked Beef at Average Hotel,"[309.02, 309.02, 309.02, 309.02, 309.02, 309.02, 309.02, 309.02, 335.49, 344.81, 344.81, 344.81]","[1, 2, 3, 4, 5, 6, 7, 8, 9, 10, 11, 12]","[0.0, 0.0, 0.0, 0.0, 0.0, 0.0, 0.0, 26.47, 9.32, 0.0, 0.0]","[0.0, 0.0, 0.0, 0.0, 0.0, 0.0, 0.0, 0.085658, 0.02778, 0.0, 0.0]",11
W2,Islamabad,Cooked Daal at Average Hotel,"[225.36, 225.36, 225.36, 229.27, 241.4, 241.4, 241.4, 241.4, 241.4, 241.4, 241.4, 241.4]","[1, 2, 3, 4, 5, 6, 7, 8, 9, 10, 11, 12]","[0.0, 0.0, 3.91, 12.13, 0.0, 0.0, 0.0, 0.0, 0.0, 0.0, 0.0]","[0.0, 0.0, 0.01735, 0.052907, 0.0, 0.0, 0.0, 0.0, 0.0, 0.0, 0.0]",11
W2,Islamabad,Curd (Dahi) Loose,"[233.18, 233.18, 233.18, 233.18, 238.28, 240.0, 240.0, 240.0, 240.0, 240.0, 240.0, 240.0]","[1, 2, 3, 4, 5, 6, 7, 8, 9, 10, 11, 12]","[0.0, 0.0, 0.0, 5.1, 1.72, 0.0, 0.0, 0.0, 0.0, 0.0, 0.0]","[0.0, 0.0, 0.0, 0.021872, 0.007218, 0.0, 0.0, 0.0, 0.0, 0.0, 0.0]",11
W2,Islamabad,Eggs Hen (Farm),"[275.1, 266.39, 260.83, 258.16, 267.58, 292.64, 318.12, 315.51, 349.58, 343.6, 289.86, 264.73]","[1, 2, 3, 4, 5, 6, 7, 8, 9, 10, 11, 12]","[-8.71, -5.56, -2.67, 9.42, 25.06, 25.48, -2.61, 34.07, -5.98, -53.74, -25.13]","[-0.031661, -0.020872, -0.010237, 0.036489, 0.093654, 0.087069, -0.008204, 0.107984, -0.017106, -0.156403, -0.086697]",11
W2,Islamabad,Electricity Charges upto 50 Units,"[7.4, 7.13, 6.87, 7.32, 7.47, 6.29, 6.48, 6.55, 6.55, 6.55, 6.05, 6.0]","[1, 2, 3, 4, 5, 6, 7, 8, 9, 10, 11, 12]","[-0.27, -0.26, 0.45, 0.15, -1.18, 0.19, 0.07, 0.0, 0.0, -0.5, -0.05]","[-0.036486, -0.036466, 0.065502, 0.020492, -0.157965, 0.030207, 0.010802, 0.0, 0.0, -0.076336, -0.008264]",11
W2,Islamabad,Energy Saver Philips 14 Watt,"[276.63, 276.63, 276.63, 276.63, 276.63, 276.63, 276.63, 276.63, 276.63, 276.63, 276.63, 276.63]","[1, 2, 3, 4, 5, 6, 7, 8, 9, 10, 11, 12]","[0.0, 0.0, 0.0, 0.0, 0.0, 0.0, 0.0, 0.0, 0.0, 0.0, 0.0]","[0.0, 0.0, 0.0, 0.0, 0.0, 0.0, 0.0, 0.0, 0.0, 0.0, 0.0]",11
W2,Islamabad,Firewood Whole,"[1827.75, 1827.75, 1827.75, 1827.75, 1827.75, 1827.75, 1827.75, 1857.95, 1983.8, 2009.6, 2089.01, 2089.01]","[1, 2, 3, 4, 5, 6, 7, 8, 9, 10, 11, 12]","[0.0, 0.0, 0.0, 0.0, 0.0, 0.0, 30.2, 125.85, 25.8, 79.41, 0.0]","[0.0, 0.0, 0.0, 0.0, 0.0, 0.0, 0.016523, 0.067736, 0.013005, 0.039515, 0.0]",11
W2,Islamabad,Garlic (Lehsun),"[639.7, 635.2, 558.18, 456.18, 515.77, 534.87, 577.9, 614.97, 651.62, 690.03, 689.58, 708.41]","[1, 2, 3, 4, 5, 6, 7, 8, 9, 10, 11, 12]","[-4.5, -77.02, -102.0, 59.59, 19.1, 43.03, 37.07, 36.65, 38.41, -0.45, 18.83]","[-0.007035, -0.121253, -0.182737, 0.130628, 0.037032, 0.080449, 0.064146, 0.059596, 0.058945, -0.000652, 0.027306]",11
W2,Islamabad,Gents Sandal Bata,"[2299.0, 2499.0, 2499.0, 2499.0, 2499.0, 2499.0, 2499.0, 2499.0, 2499.0, 2499.0, 2499.0, 2499.0]","[1, 2, 3, 4, 5, 6, 7, 8, 9, 10, 11, 12]","[200.0, 0.0, 0.0, 0.0, 0.0, 0.0, 0.0, 0.0, 0.0, 0.0, 0.0]","[0.086994, 0.0, 0.0, 0.0, 0.0, 0.0, 0.0, 0.0, 0.0, 0.0, 0.0]",11
W2,Islamabad,Gents Sponge Chappal Bata,"[599.0, 599.0, 599.0, 599.0, 599.0, 599.0, 599.0, 599.0, 599.0, 599.0, 599.0, 599.0]","[1, 2, 3, 4, 5, 6, 7, 8, 9, 10, 11, 12]","[0.0, 0.0, 0.0, 0.0, 0.0, 0.0, 0.0, 0.0, 0.0, 0.0, 0.0]","[0.0, 0.0, 0.0, 0.0, 0.0, 0.0, 0.0, 0.0, 0.0, 0.0, 0.0]",11
W2,Islamabad,Georgette (Average Quality),"[333.63, 340.92, 340.92, 340.92, 340.92, 340.92, 340.92, 340.92, 361.59, 368.76, 384.09, 394.66]","[1, 2, 3, 4, 5, 6, 7, 8, 9, 10, 11, 12]","[7.29, 0.0, 0.0, 0.0, 0.0, 0.0, 0.0, 20.67, 7.17, 15.33, 10.57]","[0.021851, 0.0, 0.0, 0.0, 0.0, 0.0, 0.0, 0.06063, 0.019829, 0.041572, 0.02752]",11
W2,Islamabad,Gur (Average Quality),"[229.79, 229.79, 229.79, 229.79, 229.79, 229.79, 229.79, 229.79, 229.79, 235.96, 244.23, 252.17]","[1, 2, 3, 4, 5, 6, 7, 8, 9, 10, 11, 12]","[0.0, 0.0, 0.0, 0.0, 0.0, 0.0, 0.0, 0.0, 6.17, 8.27, 7.94]","[0.0, 0.0, 0.0, 0.0, 0.0, 0.0, 0.0, 0.0, 0.026851, 0.035048, 0.03251]",11
W2,Islamabad,Hi-Speed Diesel,"[287.27, 287.11, 278.02, 269.87, 281.46, 269.68, 257.06, 250.19, 256.05, 257.82, 260.82, 266.46]","[1, 2, 3, 4, 5, 6, 7, 8, 9, 10, 11, 12]","[-0.16, -9.09, -8.15, 11.59, -11.78, -12.62, -6.87, 5.86, 1.77, 3.0, 5.64]","[-0.000557, -0.03166, -0.029314, 0.042947, -0.041853, -0.046796, -0.026725, 0.023422, 0.006913, 0.011636, 0.021624]",11
W2,Islamabad,LPG 11.67 kg Cylinder,"[3491.23, 3432.65, 3008.05, 2976.56, 3224.32, 3388.98, 3373.98, 3444.34, 3580.86, 3649.79, 3576.52, 3402.16]","[1, 2, 3, 4, 5, 6, 7, 8, 9, 10, 11, 12]","[-58.58, -424.6, -31.49, 247.76, 164.66, -15.0, 70.36, 136.52, 68.93, -73.27, -174.36]","[-0.016779, -0.123695, -0.010469, 0.083237, 0.051068, -0.004426, 0.020854, 0.039636, 0.01925, -0.020075, -0.048751]",11
W2,Islamabad,Ladies Sandal Bata,"[799.0, 899.0, 899.0, 899.0, 899.0, 899.0, 899.0, 899.0, 1121.47, 1399.0, 1399.0, 1399.0]","[1, 2, 3, 4, 5, 6, 7, 8, 9, 10, 11, 12]","[100.0, 0.0, 0.0, 0.0, 0.0, 0.0, 0.0, 222.47, 277.53, 0.0, 0.0]","[0.125156, 0.0, 0.0, 0.0, 0.0, 0.0, 0.0, 0.247464, 0.24747, 0.0, 0.0]",11
W2,Islamabad,Lawn Printed Gul Ahmed/Al Karam,"[499.67, 507.72, 507.72, 507.72, 524.61, 530.36, 530.36, 530.36, 530.36, 530.36, 530.36, 530.36]","[1, 2, 3, 4, 5, 6, 7, 8, 9, 10, 11, 12]","[8.05, 0.0, 0.0, 16.89, 5.75, 0.0, 0.0, 0.0, 0.0, 0.0, 0.0]","[0.016111, 0.0, 0.0, 0.033266, 0.010961, 0.0, 0.0, 0.0, 0.0, 0.0, 0.0]",11
W2,Islamabad,"Long Cloth 57"" Gul Ahmed/Al Karam","[608.84, 620.73, 620.73, 620.73, 657.87, 670.74, 670.74, 670.74, 670.74, 670.74, 670.74, 670.74]","[1, 2, 3, 4, 5, 6, 7, 8, 9, 10, 11, 12]","[11.89, 0.0, 0.0, 37.14, 12.87, 0.0, 0.0, 0.0, 0.0, 0.0, 0.0]","[0.019529, 0.0, 0.0, 0.059833, 0.019563, 0.0, 0.0, 0.0, 0.0, 0.0, 0.0]",11
W2,Islamabad,Match Box,"[6.0, 6.0, 6.0, 6.0, 6.0, 6.0, 6.0, 6.0, 6.0, 6.0, 6.0, 6.0]","[1, 2, 3, 4, 5, 6, 7, 8, 9, 10, 11, 12]","[0.0, 0.0, 0.0, 0.0, 0.0, 0.0, 0.0, 0.0, 0.0, 0.0, 0.0]","[0.0, 0.0, 0.0, 0.0, 0.0, 0.0, 0.0, 0.0, 0.0, 0.0, 0.0]",11
W2,Islamabad,Milk fresh (Un-boiled),"[212.34, 212.34, 212.34, 212.34, 219.28, 221.64, 221.64, 221.64, 222.84, 224.04, 224.04, 224.04]","[1, 2, 3, 4, 5, 6, 7, 8, 9, 10, 11, 12]","[0.0, 0.0, 0.0, 6.94, 2.36, 0.0, 0.0, 1.2, 1.2, 0.0, 0.0]","[0.0, 0.0, 0.0, 0.032683, 0.010762, 0.0, 0.0, 0.005414, 0.005385, 0.0, 0.0]",11
W2,Islamabad,Mustard Oil (Average Quality),"[667.35, 667.35, 667.35, 667.35, 667.35, 667.35, 664.44, 648.21, 643.22, 643.22, 643.22, 643.22]","[1, 2, 3, 4, 5, 6, 7, 8, 9, 10, 11, 12]","[0.0, 0.0, 0.0, 0.0, 0.0, -2.91, -16.23, -4.99, 0.0, 0.0, 0.0]","[0.0, 0.0, 0.0, 0.0, 0.0, -0.004361, -0.024427, -0.007698, 0.0, 0.0, 0.0]",11
W2,Islamabad,Mutton (Average Quality),"[2134.81, 2152.46, 2211.15, 2224.58, 2224.58, 2224.58, 2224.58, 2224.58, 2224.58, 2224.58, 2239.52, 2278.6]","[1, 2, 3, 4, 5, 6, 7, 8, 9, 10, 11, 12]","[17.65, 58.69, 13.43, 0.0, 0.0, 0.0, 0.0, 0.0, 0.0, 14.94, 39.08]","[0.008268, 0.027266, 0.006074, 0.0, 0.0, 0.0, 0.0, 0.0, 0.0, 0.006716, 0.01745]",11
W2,Islamabad,Onions,"[281.97, 233.23, 124.65, 142.92, 141.91, 167.79, 176.58, 179.89, 172.04, 171.61, 150.5, 113.15]","[1, 2, 3, 4, 5, 6, 7, 8, 9, 10, 11, 12]","[-48.74, -108.58, 18.27, -1.01, 25.88, 8.79, 3.31, -7.85, -0.43, -21.11, -37.35]","[-0.172855, -0.465549, 0.14657, -0.007067, 0.182369, 0.052387, 0.018745, -0.043638, -0.002499, -0.123011, -0.248173]",11
W2,Islamabad,Petrol Super,"[280.59, 292.49, 279.99, 264.03, 271.5, 265.26, 254.98, 247.93, 249.28, 253.01, 255.7, 257.55]","[1, 2, 3, 4, 5, 6, 7, 8, 9, 10, 11, 12]","[11.9, -12.5, -15.96, 7.47, -6.24, -10.28, -7.05, 1.35, 3.73, 2.69, 1.85]","[0.042411, -0.042737, -0.057002, 0.028292, -0.022983, -0.038754, -0.027649, 0.005445, 0.014963, 0.010632, 0.007235]",11
W2,Islamabad,Potatoes,"[87.92, 93.63, 112.18, 118.59, 118.59, 123.97, 129.57, 134.07, 146.22, 135.77, 108.04, 85.53]","[1, 2, 3, 4, 5, 6, 7, 8, 9, 10, 11, 12]","[5.71, 18.55, 6.41, 0.0, 5.38, 5.6, 4.5, 12.15, -10.45, -27.73, -22.51]","[0.064945, 0.19812, 0.05714, 0.0, 0.045366, 0.045172, 0.03473, 0.090624, -0.071468, -0.204242, -0.208349]",11
W2,Islamabad,Powdered Milk NIDO 390 gm Polybag,"[834.97, 845.27, 870.0, 870.0, 1014.89, 1030.0, 1030.0, 1030.0, 1055.72, 1055.72, 1068.31, 1077.37]","[1, 2, 3, 4, 5, 6, 7, 8, 9, 10, 11, 12]","[10.3, 24.73, 0.0, 144.89, 15.11, 0.0, 0.0, 25.72, 0.0, 12.59, 9.06]","[0.012336, 0.029257, 0.0, 0.16654, 0.014888, 0.0, 0.0, 0.024971, 0.0, 0.011926, 0.008481]",11
W2,Islamabad,Pulse Gram,"[287.35, 287.35, 287.35, 322.76, 357.17, 378.95, 424.37, 451.34, 440.63, 420.95, 397.76, 387.03]","[1, 2, 3, 4, 5, 6, 7, 8, 9, 10, 11, 12]","[0.0, 0.0, 35.41, 34.41, 21.78, 45.42, 26.97, -10.71, -19.68, -23.19, -10.73]","[0.0, 0.0, 0.12323, 0.106612, 0.060979, 0.119858, 0.063553, -0.023729, -0.044663, -0.05509, -0.026976]",11
W2,Islamabad,Pulse Mash (Washed),"[580.55, 580.55, 580.55, 589.35, 609.87, 620.72, 603.02, 595.35, 573.56, 526.41, 513.17, 503.75]","[1, 2, 3, 4, 5, 6, 7, 8, 9, 10, 11, 12]","[0.0, 0.0, 8.8, 20.52, 10.85, -17.7, -7.67, -21.79, -47.15, -13.24, -9.42]","[0.0, 0.0, 0.015158, 0.034818, 0.017791, -0.028515, -0.012719, -0.0366, -0.082206, -0.025151, -0.018356]",11
W2,Islamabad,Pulse Masoor (Washed),"[383.94, 383.94, 383.94, 383.94, 383.94, 383.94, 372.93, 367.07, 359.98, 348.79, 348.79, 348.79]","[1, 2, 3, 4, 5, 6, 7, 8, 9, 10, 11, 12]","[0.0, 0.0, 0.0, 0.0, 0.0, -11.01, -5.86, -7.09, -11.19, 0.0, 0.0]","[0.0, 0.0, 0.0, 0.0, 0.0, -0.028676, -0.015713, -0.019315, -0.031085, 0.0, 0.0]",11
W2,Islamabad,Pulse Moong (Washed),"[326.26, 326.26, 323.89, 328.45, 360.24, 363.77, 360.47, 374.6, 393.28, 409.87, 419.04, 432.27]","[1, 2, 3, 4, 5, 6, 7, 8, 9, 10, 11, 12]","[0.0, -2.37, 4.56, 31.79, 3.53, -3.3, 14.13, 18.68, 16.59, 9.17, 13.23]","[0.0, -0.007264, 0.014079, 0.096788, 0.009799, -0.009072, 0.039199, 0.049867, 0.042184, 0.022373, 0.031572]",11
W2,Islamabad,Rice Basmati Broken (Average Quality),"[254.82, 254.82, 252.44, 244.56, 243.55, 253.13, 253.13, 253.13, 253.13, 253.13, 253.13, 253.13]","[1, 2, 3, 4, 5, 6, 7, 8, 9, 10, 11, 12]","[0.0, -2.38, -7.88, -1.01, 9.58, 0.0, 0.0, 0.0, 0.0, 0.0, 0.0]","[0.0, -0.00934, -0.031215, -0.00413, 0.039335, 0.0, 0.0, 0.0, 0.0, 0.0, 0.0]",11
W2,Islamabad,Rice IRRI-6/9 (Sindh/Punjab),"[171.14, 171.14, 171.14, 171.14, 171.14, 171.14, 171.14, 171.14, 171.14, 171.14, 171.14, 171.14]","[1, 2, 3, 4, 5, 6, 7, 8, 9, 10, 11, 12]","[0.0, 0.0, 0.0, 0.0, 0.0, 0.0, 0.0, 0.0, 0.0, 0.0, 0.0]","[0.0, 0.0, 0.0, 0.0, 0.0, 0.0, 0.0, 0.0, 0.0, 0.0, 0.0]",11
W2,Islamabad,Salt Powdered (NATIONAL/SHAN) 800 gm Packet,"[71.19, 71.19, 71.19, 73.4, 75.67, 75.67, 75.67, 75.67, 75.67, 75.88, 75.67, 75.67]","[1, 2, 3, 4, 5, 6, 7, 8, 9, 10, 11, 12]","[0.0, 0.0, 2.21, 2.27, 0.0, 0.0, 0.0, 0.0, 0.21, -0.21, 0.0]","[0.0, 0.0, 0.031044, 0.030926, 0.0, 0.0, 0.0, 0.0, 0.002775, -0.002768, 0.0]",11
W2,Islamabad,Shirting (Average Quality),"[644.48, 662.08, 662.08, 662.08, 662.08, 662.08, 662.08, 662.08, 662.08, 662.08, 685.53, 701.62]","[1, 2, 3, 4, 5, 6, 7, 8, 9, 10, 11, 12]","[17.6, 0.0, 0.0, 0.0, 0.0, 0.0, 0.0, 0.0, 0.0, 23.45, 16.09]","[0.027309, 0.0, 0.0, 0.0, 0.0, 0.0, 0.0, 0.0, 0.0, 0.035419, 0.023471]",11
W2,Islamabad,Sufi Washing Soap 250 gm Cake,"[131.62, 131.62, 131.62, 131.62, 131.62, 131.62, 131.62, 131.62, 131.62, 137.43, 140.0, 140.0]","[1, 2, 3, 4, 5, 6, 7, 8, 9, 10, 11, 12]","[0.0, 0.0, 0.0, 0.0, 0.0, 0.0, 0.0, 0.0, 5.81, 2.57, 0.0]","[0.0, 0.0, 0.0, 0.0, 0.0, 0.0, 0.0, 0.0, 0.044142, 0.0187, 0.0]",11
W2,Islamabad,Sugar Refined,"[151.1, 148.73, 148.73, 148.73, 151.22, 152.45, 147.68, 139.39, 137.36, 140.37, 150.05, 160.6]","[1, 2, 3, 4, 5, 6, 7, 8, 9, 10, 11, 12]","[-2.37, 0.0, 0.0, 2.49, 1.23, -4.77, -8.29, -2.03, 3.01, 9.68, 10.55]","[-0.015685, 0.0, 0.0, 0.016742, 0.008134, -0.031289, -0.056135, -0.014563, 0.021913, 0.068961, 0.07031]",11
W2,Islamabad,Tea Lipton Yellow Label 190 gm Packet,"[542.86, 542.86, 542.86, 542.86, 542.86, 542.86, 542.86, 542.86, 542.86, 542.86, 542.86, 469.3]","[1, 2, 3, 4, 5, 6, 7, 8, 9, 10, 11, 12]","[0.0, 0.0, 0.0, 0.0, 0.0, 0.0, 0.0, 0.0, 0.0, 0.0, -73.56]","[0.0, 0.0, 0.0, 0.0, 0.0, 0.0, 0.0, 0.0, 0.0, 0.0, -0.135505]",11
W2,Islamabad,Tea Prepared Ordinary,"[70.0, 70.0, 70.0, 70.0, 70.0, 70.0, 70.0, 70.0, 70.0, 70.0, 70.0, 70.0]","[1, 2, 3, 4, 5, 6, 7, 8, 9, 10, 11, 12]","[0.0, 0.0, 0.0, 0.0, 0.0, 0.0, 0.0, 0.0, 0.0, 0.0, 0.0]","[0.0, 0.0, 0.0, 0.0, 0.0, 0.0, 0.0, 0.0, 0.0, 0.0, 0.0]",11
W2,Islamabad,Telephone Call Charges,"[1.79, 1.79, 1.79, 1.79, 1.79, 1.79, 1.79, 1.79, 1.79, 1.79, 1.79, 1.79]","[1, 2, 3, 4, 5, 6, 7, 8, 9, 10, 11, 12]","[0.0, 0.0, 0.0, 0.0, 0.0, 0.0, 0.0, 0.0, 0.0, 0.0, 0.0]","[0.0, 0.0, 0.0, 0.0, 0.0, 0.0, 0.0, 0.0, 0.0, 0.0, 0.0]",11
W2,Islamabad,Toilet Soap LIFEBUOY 115 gm,"[111.47, 111.47, 111.47, 111.47, 111.47, 111.47, 105.43, 98.61, 94.34, 94.34, 94.34, 99.38]","[1, 2, 3, 4, 5, 6, 7, 8, 9, 10, 11, 12]","[0.0, 0.0, 0.0, 0.0, 0.0, -6.04, -6.82, -4.27, 0.0, 0.0, 5.04]","[0.0, 0.0, 0.0, 0.0, 0.0, -0.054185, -0.064687, -0.043302, 0.0, 0.0, 0.053424]",11
W2,Islamabad,Tomatoes,"[150.66, 133.7, 96.49, 130.31, 193.09, 158.61, 132.1, 160.18, 196.71, 225.48, 160.16, 86.14]","[1, 2, 3, 4, 5, 6, 7, 8, 9, 10, 11, 12]","[-16.96, -37.21, 33.82, 62.78, -34.48, -26.51, 28.08, 36.53, 28.77, -65.32, -74.02]","[-0.112571, -0.27831, 0.350503, 0.481774, -0.17857, -0.16714, 0.212566, 0.228056, 0.146256, -0.289693, -0.462163]",11
W2,Islamabad,Vegetable Ghee DALDA/HABIB 2.5 kg Tin,"[1285.0, 1285.0, 1310.0, 1310.0, 1310.0, 1318.98, 1325.0, 1338.87, 1393.71, 1473.66, 1510.97, 1485.0]","[1, 2, 3, 4, 5, 6, 7, 8, 9, 10, 11, 12]","[0.0, 25.0, 0.0, 0.0, 8.98, 6.02, 13.87, 54.84, 79.95, 37.31, -25.97]","[0.0, 0.019455, 0.0, 0.0, 0.006855, 0.004564, 0.010468, 0.04096, 0.057365, 0.025318, -0.017188]",11
W2,Islamabad,Wheat Flour Bag,"[2858.5, 2501.31, 1983.67, 1843.27, 2117.63, 1928.74, 1834.49, 1952.62, 1946.49, 1929.78, 1881.01, 1788.41]","[1, 2, 3, 4, 5, 6, 7, 8, 9, 10, 11, 12]","[-357.19, -517.64, -140.4, 274.36, -188.89, -94.25, 118.13, -6.13, -16.71, -48.77, -92.6]","[-0.124957, -0.206948, -0.070778, 0.148844, -0.089199, -0.048866, 0.064394, -0.003139, -0.008585, -0.025272, -0.049229]",11
W2,Karachi,Bananas (Kela) Local,"[168.9, 146.3, 120.52, 138.95, 133.83, 124.97, 112.04, 104.82, 109.96, 113.82, 117.31, 159.3]","[1, 2, 3, 4, 5, 6, 7, 8, 9, 10, 11, 12]","[-22.6, -25.78, 18.43, -5.12, -8.86, -12.93, -7.22, 5.14, 3.86, 3.49, 41.99]","[-0.133807, -0.176213, 0.152921, -0.036848, -0.066203, -0.103465, -0.064441, 0.049036, 0.035104, 0.030662, 0.35794]",11
W2,Karachi,Beef with Bone (Average Quality),"[1048.03, 1116.38, 1161.95, 1170.22, 1178.83, 1196.8, 1204.72, 1213.51, 1222.11, 1232.7, 1240.86, 1249.5]","[1, 2, 3, 4, 5, 6, 7, 8, 9, 10, 11, 12]","[68.35, 45.57, 8.27, 8.61, 17.97, 7.92, 8.79, 8.6, 10.59, 8.16, 8.64]","[0.065218, 0.040819, 0.007117, 0.007358, 0.015244, 0.006618, 0.007296, 0.007087, 0.008665, 0.00662, 0.006963]",11
W2,Karachi,Bread plain (Small Size),"[120.0, 120.0, 120.0, 118.43, 114.21, 112.88, 110.87, 110.29, 110.29, 110.14, 110.0, 110.0]","[1, 2, 3, 4, 5, 6, 7, 8, 9, 10, 11, 12]","[0.0, 0.0, -1.57, -4.22, -1.33, -2.01, -0.58, 0.0, -0.15, -0.14, 0.0]","[0.0, 0.0, -0.013083, -0.035633, -0.011645, -0.017807, -0.005231, 0.0, -0.00136, -0.001271, 0.0]",11
W2,Karachi,Chicken Farm Broiler (Live),"[441.6, 513.87, 399.43, 366.78, 373.76, 494.65, 484.85, 475.26, 412.13, 390.37, 484.5, 510.79]","[1, 2, 3, 4, 5, 6, 7, 8, 9, 10, 11, 12]","[72.27, -114.44, -32.65, 6.98, 120.89, -9.8, -9.59, -63.13, -21.76, 94.13, 26.29]","[0.163655, -0.222702, -0.081741, 0.01903, 0.323443, -0.019812, -0.019779, -0.132833, -0.052799, 0.24113, 0.054262]",11
W2,Karachi,Chilies Powder NATIONAL 200 gm Packet,"[400.0, 357.77, 320.0, 320.0, 320.0, 320.0, 320.0, 320.0, 320.0, 320.0, 320.0, 320.0]","[1, 2, 3, 4, 5, 6, 7, 8, 9, 10, 11, 12]","[-42.23, -37.77, 0.0, 0.0, 0.0, 0.0, 0.0, 0.0, 0.0, 0.0, 0.0]","[-0.105575, -0.105571, 0.0, 0.0, 0.0, 0.0, 0.0, 0.0, 0.0, 0.0, 0.0]",11
W2,Karachi,Cigarettes Capstan 20'S Packet,"[232.99, 232.99, 232.99, 241.96, 249.69, 240.0, 240.0, 240.0, 240.0, 240.0, 240.0, 240.0]","[1, 2, 3, 4, 5, 6, 7, 8, 9, 10, 11, 12]","[0.0, 0.0, 8.97, 7.73, -9.69, 0.0, 0.0, 0.0, 0.0, 0.0, 0.0]","[0.0, 0.0, 0.0385, 0.031947, -0.038808, 0.0, 0.0, 0.0, 0.0, 0.0, 0.0]",11
W2,Karachi,Cooked Beef at Average Hotel,"[321.14, 322.16, 339.49, 351.32, 351.32, 351.32, 351.32, 352.3, 353.68, 353.92, 353.92, 353.92]","[1, 2, 3, 4, 5, 6, 7, 8, 9, 10, 11, 12]","[1.02, 17.33, 11.83, 0.0, 0.0, 0.0, 0.98, 1.38, 0.24, 0.0, 0.0]","[0.003176, 0.053793, 0.034846, 0.0, 0.0, 0.0, 0.002789, 0.003917, 0.000679, 0.0, 0.0]",11
W2,Karachi,Cooked Daal at Average Hotel,"[153.47, 153.78, 164.01, 171.38, 173.14, 174.41, 174.41, 174.6, 174.73, 177.9, 181.93, 182.46]","[1, 2, 3, 4, 5, 6, 7, 8, 9, 10, 11, 12]","[0.31, 10.23, 7.37, 1.76, 1.27, 0.0, 0.19, 0.13, 3.17, 4.03, 0.53]","[0.00202, 0.066524, 0.044936, 0.01027, 0.007335, 0.0, 0.001089, 0.000745, 0.018142, 0.022653, 0.002913]",11
W2,Karachi,"Cooking Oil DALDA or Other Similar Brand (SN), 5 Litre Tin","[2640.19, 2615.0, 2678.81, 2695.0, 2695.0, 2695.0, 2649.25, 2639.94, 2740.56, 2865.0, 2926.38, 2940.66]","[1, 2, 3, 4, 5, 6, 7, 8, 9, 10, 11, 12]","[-25.19, 63.81, 16.19, 0.0, 0.0, -45.75, -9.31, 100.62, 124.44, 61.38, 14.28]","[-0.009541, 0.024402, 0.006044, 0.0, 0.0, -0.016976, -0.003514, 0.038115, 0.045407, 0.021424, 0.00488]",11
W2,Karachi,Curd (Dahi) Loose,"[309.29, 309.29, 311.54, 321.2, 331.5, 333.63, 335.48, 335.48, 335.48, 335.48, 335.48, 335.48]","[1, 2, 3, 4, 5, 6, 7, 8, 9, 10, 11, 12]","[0.0, 2.25, 9.66, 10.3, 2.13, 1.85, 0.0, 0.0, 0.0, 0.0, 0.0]","[0.0, 0.007275, 0.031007, 0.032067, 0.006425, 0.005545, 0.0, 0.0, 0.0, 0.0, 0.0]",11
W2,Karachi,Eggs Hen (Farm),"[272.85, 272.46, 258.64, 253.85, 263.41, 291.35, 313.67, 315.78, 346.57, 350.04, 288.02, 262.94]","[1, 2, 3, 4, 5, 6, 7, 8, 9, 10, 11, 12]","[-0.39, -13.82, -4.79, 9.56, 27.94, 22.32, 2.11, 30.79, 3.47, -62.02, -25.08]","[-0.001429, -0.050723, -0.01852, 0.03766, 0.10607, 0.076609, 0.006727, 0.097505, 0.010012, -0.17718, -0.087077]",11
W2,Karachi,Electricity Charges upto 50 Units,"[7.4, 7.13, 6.87, 7.32, 7.47, 6.29, 6.48, 6.55, 6.55, 6.55, 6.05, 6.0]","[1, 2, 3, 4, 5, 6, 7, 8, 9, 10, 11, 12]","[-0.27, -0.26, 0.45, 0.15, -1.18, 0.19, 0.07, 0.0, 0.0, -0.5, -0.05]","[-0.036486, -0.036466, 0.065502, 0.020492, -0.157965, 0.030207, 0.010802, 0.0, 0.0, -0.076336, -0.008264]",11
W2,Karachi,Energy Saver Philips 14 Watt,"[350.0, 350.0, 350.0, 350.0, 350.0, 350.0, 350.0, 350.0, 350.0, 350.0, 350.0, 350.0]","[1, 2, 3, 4, 5, 6, 7, 8, 9, 10, 11, 12]","[0.0, 0.0, 0.0, 0.0, 0.0, 0.0, 0.0, 0.0, 0.0, 0.0, 0.0]","[0.0, 0.0, 0.0, 0.0, 0.0, 0.0, 0.0, 0.0, 0.0, 0.0, 0.0]",11
W2,Karachi,Firewood Whole,"[1109.28, 1109.28, 1106.08, 1106.08, 1106.08, 1106.08, 1106.08, 1106.08, 1106.08, 1192.0, 1328.03, 1344.89]","[1, 2, 3, 4, 5, 6, 7, 8, 9, 10, 11, 12]","[0.0, -3.2, 0.0, 0.0, 0.0, 0.0, 0.0, 0.0, 85.92, 136.03, 16.86]","[0.0, -0.002885, 0.0, 0.0, 0.0, 0.0, 0.0, 0.0, 0.07768, 0.114119, 0.012695]",11
W2,Karachi,Garlic (Lehsun),"[572.66, 539.84, 527.92, 523.69, 525.34, 539.59, 553.5, 584.79, 694.69, 761.37, 775.19, 827.29]","[1, 2, 3, 4, 5, 6, 7, 8, 9, 10, 11, 12]","[-32.82, -11.92, -4.23, 1.65, 14.25, 13.91, 31.29, 109.9, 66.68, 13.82, 52.1]","[-0.057311, -0.022081, -0.008013, 0.003151, 0.027125, 0.025779, 0.056531, 0.187931, 0.095985, 0.018151, 0.067209]",11
W2,Karachi,Gas Charges upto 3.3719 MMBTU,"[1976.5, 1976.5, 1976.5, 1976.5, 1976.5, 1976.5, 1976.5, 1976.5, 1976.5, 1976.5, 1976.5, 1976.5]","[1, 2, 3, 4, 5, 6, 7, 8, 9, 10, 11, 12]","[0.0, 0.0, 0.0, 0.0, 0.0, 0.0, 0.0, 0.0, 0.0, 0.0, 0.0]","[0.0, 0.0, 0.0, 0.0, 0.0, 0.0, 0.0, 0.0, 0.0, 0.0, 0.0]",11
W2,Karachi,Gents Sandal Bata,"[2299.0, 2499.0, 2499.0, 2499.0, 2499.0, 2499.0, 2499.0, 2499.0, 2499.0, 2499.0, 2499.0, 2499.0]","[1, 2, 3, 4, 5, 6, 7, 8, 9, 10, 11, 12]","[200.0, 0.0, 0.0, 0.0, 0.0, 0.0, 0.0, 0.0, 0.0, 0.0, 0.0]","[0.086994, 0.0, 0.0, 0.0, 0.0, 0.0, 0.0, 0.0, 0.0, 0.0, 0.0]",11
W2,Karachi,Gents Sponge Chappal Bata,"[599.0, 599.0, 599.0, 599.0, 599.0, 599.0, 599.0, 599.0, 599.0, 599.0, 599.0, 599.0]","[1, 2, 3, 4, 5, 6, 7, 8, 9, 10, 11, 12]","[0.0, 0.0, 0.0, 0.0, 0.0, 0.0, 0.0, 0.0, 0.0, 0.0, 0.0]","[0.0, 0.0, 0.0, 0.0, 0.0, 0.0, 0.0, 0.0, 0.0, 0.0, 0.0]",11
W2,Karachi,Georgette (Average Quality),"[302.6, 302.6, 302.6, 302.6, 302.6, 302.6, 318.3, 334.54, 334.54, 334.54, 334.54, 334.54]","[1, 2, 3, 4, 5, 6, 7, 8, 9, 10, 11, 12]","[0.0, 0.0, 0.0, 0.0, 0.0, 15.7, 16.24, 0.0, 0.0, 0.0, 0.0]","[0.0, 0.0, 0.0, 0.0, 0.0, 0.051884, 0.051021, 0.0, 0.0, 0.0, 0.0]",11
W2,Karachi,Gur (Average Quality),"[226.03, 225.86, 227.87, 231.54, 231.86, 232.77, 235.23, 237.64, 241.61, 246.91, 248.92, 248.92]","[1, 2, 3, 4, 5, 6, 7, 8, 9, 10, 11, 12]","[-0.17, 2.01, 3.67, 0.32, 0.91, 2.46, 2.41, 3.97, 5.3, 2.01, 0.0]","[-0.000752, 0.008899, 0.016106, 0.001382, 0.003925, 0.010568, 0.010245, 0.016706, 0.021936, 0.008141, 0.0]",11
W2,Karachi,Hi-Speed Diesel,"[287.26, 287.1, 278.05, 269.88, 281.43, 269.72, 257.1, 250.26, 256.13, 257.91, 260.91, 266.96]","[1, 2, 3, 4, 5, 6, 7, 8, 9, 10, 11, 12]","[-0.16, -9.05, -8.17, 11.55, -11.71, -12.62, -6.84, 5.87, 1.78, 3.0, 6.05]","[-0.000557, -0.031522, -0.029383, 0.042797, -0.041609, -0.046789, -0.026604, 0.023456, 0.00695, 0.011632, 0.023188]",11
W2,Karachi,LPG 11.67 kg Cylinder,"[3335.08, 3166.4, 2676.92, 2859.42, 2990.5, 3026.42, 2938.75, 3065.67, 3237.11, 3284.05, 3239.72, 2966.23]","[1, 2, 3, 4, 5, 6, 7, 8, 9, 10, 11, 12]","[-168.68, -489.48, 182.5, 131.08, 35.92, -87.67, 126.92, 171.44, 46.94, -44.33, -273.49]","[-0.050577, -0.154586, 0.068175, 0.045841, 0.012011, -0.028968, 0.043188, 0.055923, 0.014501, -0.013499, -0.084418]",11
W2,Karachi,Ladies Sandal Bata,"[799.0, 899.0, 899.0, 899.0, 899.0, 899.0, 899.0, 899.0, 1121.47, 1399.0, 1399.0, 1399.0]","[1, 2, 3, 4, 5, 6, 7, 8, 9, 10, 11, 12]","[100.0, 0.0, 0.0, 0.0, 0.0, 0.0, 0.0, 222.47, 277.53, 0.0, 0.0]","[0.125156, 0.0, 0.0, 0.0, 0.0, 0.0, 0.0, 0.247464, 0.24747, 0.0, 0.0]",11
W2,Karachi,Lawn Printed Gul Ahmed/Al Karam,"[554.37, 588.0, 605.85, 605.85, 633.74, 662.91, 662.91, 662.91, 662.91, 662.91, 662.91, 662.91]","[1, 2, 3, 4, 5, 6, 7, 8, 9, 10, 11, 12]","[33.63, 17.85, 0.0, 27.89, 29.17, 0.0, 0.0, 0.0, 0.0, 0.0, 0.0]","[0.060663, 0.030357, 0.0, 0.046034, 0.046028, 0.0, 0.0, 0.0, 0.0, 0.0, 0.0]",11
W2,Karachi,"Long Cloth 57"" Gul Ahmed/Al Karam","[626.78, 726.84, 726.84, 726.84, 726.84, 726.84, 726.84, 726.84, 726.84, 726.84, 726.84, 726.84]","[1, 2, 3, 4, 5, 6, 7, 8, 9, 10, 11, 12]","[100.06, 0.0, 0.0, 0.0, 0.0, 0.0, 0.0, 0.0, 0.0, 0.0, 0.0]","[0.159641, 0.0, 0.0, 0.0, 0.0, 0.0, 0.0, 0.0, 0.0, 0.0, 0.0]",11
W2,Karachi,Match Box,"[7.0, 7.0, 7.0, 7.0, 7.0, 7.0, 7.0, 7.0, 7.0, 7.0, 7.0, 7.0]","[1, 2, 3, 4, 5, 6, 7, 8, 9, 10, 11, 12]","[0.0, 0.0, 0.0, 0.0, 0.0, 0.0, 0.0, 0.0, 0.0, 0.0, 0.0]","[0.0, 0.0, 0.0, 0.0, 0.0, 0.0, 0.0, 0.0, 0.0, 0.0, 0.0]",11
W2,Karachi,Milk fresh (Un-boiled),"[200.0, 200.0, 200.0, 209.76, 220.0, 220.0, 220.0, 220.0, 220.0, 220.0, 220.0, 220.0]","[1, 2, 3, 4, 5, 6, 7, 8, 9, 10, 11, 12]","[0.0, 0.0, 9.76, 10.24, 0.0, 0.0, 0.0, 0.0, 0.0, 0.0, 0.0]","[0.0, 0.0, 0.0488, 0.048818, 0.0, 0.0, 0.0, 0.0, 0.0, 0.0, 0.0]",11
W2,Karachi,Mustard Oil (Average Quality),"[491.27, 499.94, 498.04, 492.86, 493.19, 496.88, 499.72, 508.96, 559.33, 576.88, 584.79, 579.16]","[1, 2, 3, 4, 5, 6, 7, 8, 9, 10, 11, 12]","[8.67, -1.9, -5.18, 0.33, 3.69, 2.84, 9.24, 50.37, 17.55, 7.91, -5.63]","[0.017648, -0.0038, -0.010401, 0.00067, 0.007482, 0.005716, 0.01849, 0.098967, 0.031377, 0.013712, -0.009627]",11
W2,Karachi,Mutton (Average Quality),"[1897.9, 1937.94, 1991.41, 2007.24, 2029.66, 2051.04, 2068.36, 2086.32, 2111.74, 2116.32, 2136.26, 2146.26]","[1, 2, 3, 4, 5, 6, 7, 8, 9, 10, 11, 12]","[40.04, 53.47, 15.83, 22.42, 21.38, 17.32, 17.96, 25.42, 4.58, 19.94, 10.0]","[0.021097, 0.027591, 0.007949, 0.01117, 0.010534, 0.008444, 0.008683, 0.012184, 0.002169, 0.009422, 0.004681]",11
W2,Karachi,Onions,"[230.28, 225.74, 123.8, 133.86, 116.49, 131.94, 147.58, 157.66, 158.56, 147.51, 116.94, 83.32]","[1, 2, 3, 4, 5, 6, 7, 8, 9, 10, 11, 12]","[-4.54, -101.94, 10.06, -17.37, 15.45, 15.64, 10.08, 0.9, -11.05, -30.57, -33.62]","[-0.019715, -0.451581, 0.08126, -0.129762, 0.132629, 0.118539, 0.068302, 0.005708, -0.06969, -0.20724, -0.287498]",11
W2,Karachi,Petrol Super,"[280.57, 292.49, 280.0, 264.04, 271.46, 265.3, 255.02, 248.02, 249.37, 253.1, 255.74, 257.64]","[1, 2, 3, 4, 5, 6, 7, 8, 9, 10, 11, 12]","[11.92, -12.49, -15.96, 7.42, -6.16, -10.28, -7.0, 1.35, 3.73, 2.64, 1.9]","[0.042485, -0.042702, -0.057, 0.028102, -0.022692, -0.038749, -0.027449, 0.005443, 0.014958, 0.010431, 0.007429]",11
W2,Karachi,Potatoes,"[65.75, 66.27, 76.13, 85.91, 92.24, 90.2, 88.31, 86.87, 93.06, 113.97, 86.49, 73.15]","[1, 2, 3, 4, 5, 6, 7, 8, 9, 10, 11, 12]","[0.52, 9.86, 9.78, 6.33, -2.04, -1.89, -1.44, 6.19, 20.91, -27.48, -13.34]","[0.007909, 0.148785, 0.128464, 0.073682, -0.022116, -0.020953, -0.016306, 0.071256, 0.224694, -0.241116, -0.154237]",11
W2,Karachi,Powdered Milk NIDO 390 gm Polybag,"[810.23, 816.14, 830.42, 832.37, 1014.14, 1015.66, 1015.66, 1015.66, 1015.66, 1015.66, 1015.66, 1015.66]","[1, 2, 3, 4, 5, 6, 7, 8, 9, 10, 11, 12]","[5.91, 14.28, 1.95, 181.77, 1.52, 0.0, 0.0, 0.0, 0.0, 0.0, 0.0]","[0.007294, 0.017497, 0.002348, 0.218376, 0.001499, 0.0, 0.0, 0.0, 0.0, 0.0, 0.0]",11
W2,Karachi,Pulse Gram,"[266.52, 265.77, 271.05, 288.89, 336.49, 365.9, 410.31, 434.6, 421.61, 390.5, 367.58, 321.54]","[1, 2, 3, 4, 5, 6, 7, 8, 9, 10, 11, 12]","[-0.75, 5.28, 17.84, 47.6, 29.41, 44.41, 24.29, -12.99, -31.11, -22.92, -46.04]","[-0.002814, 0.019867, 0.065818, 0.164769, 0.087402, 0.121372, 0.059199, -0.02989, -0.073789, -0.058694, -0.125252]",11
W2,Karachi,Pulse Mash (Washed),"[507.53, 513.86, 536.91, 549.77, 565.02, 573.31, 557.49, 532.13, 499.98, 472.9, 456.4, 429.68]","[1, 2, 3, 4, 5, 6, 7, 8, 9, 10, 11, 12]","[6.33, 23.05, 12.86, 15.25, 8.29, -15.82, -25.36, -32.15, -27.08, -16.5, -26.72]","[0.012472, 0.044857, 0.023952, 0.027739, 0.014672, -0.027594, -0.04549, -0.060418, -0.054162, -0.034891, -0.058545]",11
W2,Karachi,Pulse Masoor (Washed),"[342.36, 335.33, 321.16, 302.24, 317.3, 320.03, 315.8, 312.79, 306.28, 299.88, 296.52, 294.94]","[1, 2, 3, 4, 5, 6, 7, 8, 9, 10, 11, 12]","[-7.03, -14.17, -18.92, 15.06, 2.73, -4.23, -3.01, -6.51, -6.4, -3.36, -1.58]","[-0.020534, -0.042257, -0.058911, 0.049828, 0.008604, -0.013218, -0.009531, -0.020813, -0.020896, -0.011204, -0.005328]",11
W2,Karachi,Pulse Moong (Washed),"[306.73, 307.33, 301.94, 299.71, 328.14, 350.0, 354.82, 367.39, 408.75, 400.09, 398.37, 397.33]","[1, 2, 3, 4, 5, 6, 7, 8, 9, 10, 11, 12]","[0.6, -5.39, -2.23, 28.43, 21.86, 4.82, 12.57, 41.36, -8.66, -1.72, -1.04]","[0.001956, -0.017538, -0.007386, 0.094858, 0.066618, 0.013771, 0.035426, 0.112578, -0.021187, -0.004299, -0.002611]",11
W2,Karachi,Rice Basmati Broken (Average Quality),"[268.35, 268.49, 265.74, 253.72, 260.0, 264.92, 269.11, 269.26, 269.26, 269.26, 270.54, 271.09]","[1, 2, 3, 4, 5, 6, 7, 8, 9, 10, 11, 12]","[0.14, -2.75, -12.02, 6.28, 4.92, 4.19, 0.15, 0.0, 0.0, 1.28, 0.55]","[0.000522, -0.010242, -0.045232, 0.024752, 0.018923, 0.015816, 0.000557, 0.0, 0.0, 0.004754, 0.002033]",11
W2,Karachi,Rice IRRI-6/9 (Sindh/Punjab),"[180.25, 180.25, 178.52, 167.77, 171.69, 175.82, 177.62, 178.94, 179.17, 179.14, 179.25, 179.25]","[1, 2, 3, 4, 5, 6, 7, 8, 9, 10, 11, 12]","[0.0, -1.73, -10.75, 3.92, 4.13, 1.8, 1.32, 0.23, -0.03, 0.11, 0.0]","[0.0, -0.009598, -0.060217, 0.023365, 0.024055, 0.010238, 0.007432, 0.001285, -0.000167, 0.000614, 0.0]",11
W2,Karachi,Salt Powdered (NATIONAL/SHAN) 800 gm Packet,"[70.0, 70.0, 70.0, 70.0, 70.0, 71.6, 75.59, 76.21, 76.21, 76.21, 76.21, 76.21]","[1, 2, 3, 4, 5, 6, 7, 8, 9, 10, 11, 12]","[0.0, 0.0, 0.0, 0.0, 1.6, 3.99, 0.62, 0.0, 0.0, 0.0, 0.0]","[0.0, 0.0, 0.0, 0.0, 0.022857, 0.055726, 0.008202, 0.0, 0.0, 0.0, 0.0]",11
W2,Karachi,Shirting (Average Quality),"[406.86, 423.47, 435.17, 435.17, 462.74, 507.82, 572.83, 610.72, 617.09, 620.73, 620.73, 620.73]","[1, 2, 3, 4, 5, 6, 7, 8, 9, 10, 11, 12]","[16.61, 11.7, 0.0, 27.57, 45.08, 65.01, 37.89, 6.37, 3.64, 0.0, 0.0]","[0.040825, 0.027629, 0.0, 0.063355, 0.09742, 0.128018, 0.066145, 0.01043, 0.005899, 0.0, 0.0]",11
W2,Karachi,Sufi Washing Soap 250 gm Cake,"[130.0, 130.0, 130.0, 130.0, 130.0, 130.0, 130.0, 130.0, 130.0, 130.0, 130.0, 130.0]","[1, 2, 3, 4, 5, 6, 7, 8, 9, 10, 11, 12]","[0.0, 0.0, 0.0, 0.0, 0.0, 0.0, 0.0, 0.0, 0.0, 0.0, 0.0]","[0.0, 0.0, 0.0, 0.0, 0.0, 0.0, 0.0, 0.0, 0.0, 0.0, 0.0]",11
W2,Karachi,Sugar Refined,"[145.5, 143.82, 146.12, 144.54, 147.58, 145.73, 142.11, 137.42, 134.44, 136.43, 142.64, 154.53]","[1, 2, 3, 4, 5, 6, 7, 8, 9, 10, 11, 12]","[-1.68, 2.3, -1.58, 3.04, -1.85, -3.62, -4.69, -2.98, 1.99, 6.21, 11.89]","[-0.011546, 0.015992, -0.010813, 0.021032, -0.012536, -0.02484, -0.033003, -0.021685, 0.014802, 0.045518, 0.083357]",11
W2,Karachi,Tea Lipton Yellow Label 190 gm Packet,"[542.86, 542.86, 542.86, 542.86, 542.86, 542.86, 542.86, 542.86, 542.86, 542.86, 542.86, 542.86]","[1, 2, 3, 4, 5, 6, 7, 8, 9, 10, 11, 12]","[0.0, 0.0, 0.0, 0.0, 0.0, 0.0, 0.0, 0.0, 0.0, 0.0, 0.0]","[0.0, 0.0, 0.0, 0.0, 0.0, 0.0, 0.0, 0.0, 0.0, 0.0, 0.0]",11
W2,Karachi,Tea Prepared Ordinary,"[69.35, 69.35, 69.35, 69.35, 69.35, 69.35, 69.35, 69.35, 69.35, 69.35, 69.48, 69.67]","[1, 2, 3, 4, 5, 6, 7, 8, 9, 10, 11, 12]","[0.0, 0.0, 0.0, 0.0, 0.0, 0.0, 0.0, 0.0, 0.0, 0.13, 0.19]","[0.0, 0.0, 0.0, 0.0, 0.0, 0.0, 0.0, 0.0, 0.0, 0.001875, 0.002735]",11
W2,Karachi,Telephone Call Charges,"[1.79, 1.79, 1.79, 1.79, 1.79, 1.79, 1.79, 1.79, 1.79, 1.79, 1.79, 1.79]","[1, 2, 3, 4, 5, 6, 7, 8, 9, 10, 11, 12]","[0.0, 0.0, 0.0, 0.0, 0.0, 0.0, 0.0, 0.0, 0.0, 0.0, 0.0]","[0.0, 0.0, 0.0, 0.0, 0.0, 0.0, 0.0, 0.0, 0.0, 0.0, 0.0]",11
W2,Karachi,Toilet Soap LIFEBUOY 115 gm,"[111.48, 111.48, 111.48, 111.48, 111.48, 111.48, 105.45, 99.74, 99.74, 99.74, 99.74, 107.76]","[1, 2, 3, 4, 5, 6, 7, 8, 9, 10, 11, 12]","[0.0, 0.0, 0.0, 0.0, 0.0, -6.03, -5.71, 0.0, 0.0, 0.0, 8.02]","[0.0, 0.0, 0.0, 0.0, 0.0, -0.05409, -0.054149, 0.0, 0.0, 0.0, 0.080409]",11
W2,Karachi,Tomatoes,"[104.91, 95.13, 84.02, 135.16, 180.2, 154.42, 141.39, 172.25, 178.62, 174.79, 99.05, 40.88]","[1, 2, 3, 4, 5, 6, 7, 8, 9, 10, 11, 12]","[-9.78, -11.11, 51.14, 45.04, -25.78, -13.03, 30.86, 6.37, -3.83, -75.74, -58.17]","[-0.093223, -0.116788, 0.608665, 0.333235, -0.143063, -0.08438, 0.218262, 0.036981, -0.021442, -0.43332, -0.587279]",11
W2,Karachi,Vegetable Ghee DALDA/HABIB 2.5 kg Tin,"[1285.0, 1285.0, 1304.96, 1310.0, 1310.0, 1318.98, 1325.0, 1332.99, 1390.01, 1470.75, 1503.56, 1511.26]","[1, 2, 3, 4, 5, 6, 7, 8, 9, 10, 11, 12]","[0.0, 19.96, 5.04, 0.0, 8.98, 6.02, 7.99, 57.02, 80.74, 32.81, 7.7]","[0.0, 0.015533, 0.003862, 0.0, 0.006855, 0.004564, 0.00603, 0.042776, 0.058086, 0.022308, 0.005121]",11
W2,Karachi,Vegetable Ghee DALDA/HABIB or Other Superior Quality 1 kg Pouch,"[499.3, 499.3, 506.98, 509.0, 509.0, 512.48, 515.0, 518.2, 547.68, 573.04, 586.87, 586.69]","[1, 2, 3, 4, 5, 6, 7, 8, 9, 10, 11, 12]","[0.0, 7.68, 2.02, 0.0, 3.48, 2.52, 3.2, 29.48, 25.36, 13.83, -0.18]","[0.0, 0.015382, 0.003984, 0.0, 0.006837, 0.004917, 0.006214, 0.056889, 0.046304, 0.024134, -0.000307]",11
W2,Karachi,Wheat Flour Bag,"[2596.24, 2387.75, 2047.98, 1943.23, 2007.46, 1994.82, 1878.9, 1974.49, 2017.91, 1967.43, 1974.12, 1905.38]","[1, 2, 3, 4, 5, 6, 7, 8, 9, 10, 11, 12]","[-208.49, -339.77, -104.75, 64.23, -12.64, -115.92, 95.59, 43.42, -50.48, 6.69, -68.74]","[-0.080305, -0.142297, -0.051148, 0.033053, -0.006297, -0.058111, 0.050876, 0.02199, -0.025016, 0.0034, -0.034821]",11
W2,Khuzdar,Bananas (Kela) Local,"[124.74, 143.26, 150.0, 150.0, 150.0, 144.99, 126.58, 123.72, 112.92, 112.92, 112.92, 112.92]","[1, 2, 3, 4, 5, 6, 7, 8, 9, 10, 11, 12]","[18.52, 6.74, 0.0, 0.0, -5.01, -18.41, -2.86, -10.8, 0.0, 0.0, 0.0]","[0.148469, 0.047047, 0.0, 0.0, -0.0334, -0.126974, -0.022594, -0.087294, 0.0, 0.0, 0.0]",11
W2,Khuzdar,Beef with Bone (Average Quality),"[791.44, 800.0, 800.0, 861.48, 883.01, 941.74, 983.05, 983.05, 983.05, 983.05, 983.05, 1020.32]","[1, 2, 3, 4, 5, 6, 7, 8, 9, 10, 11, 12]","[8.56, 0.0, 61.48, 21.53, 58.73, 41.31, 0.0, 0.0, 0.0, 0.0, 37.27]","[0.010816, 0.0, 0.07685, 0.024992, 0.066511, 0.043866, 0.0, 0.0, 0.0, 0.0, 0.037913]",11
W2,Khuzdar,Bread plain (Small Size),"[100.0, 100.0, 100.0, 100.0, 100.0, 100.0, 100.0, 100.0, 100.0, 100.0, 100.0, 100.0]","[1, 2, 3, 4, 5, 6, 7, 8, 9, 10, 11, 12]","[0.0, 0.0, 0.0, 0.0, 0.0, 0.0, 0.0, 0.0, 0.0, 0.0, 0.0]","[0.0, 0.0, 0.0, 0.0, 0.0, 0.0, 0.0, 0.0, 0.0, 0.0, 0.0]",11
W2,Khuzdar,Chicken Farm Broiler (Live),"[519.85, 554.93, 450.6, 447.31, 463.5, 551.2, 552.44, 535.6, 474.92, 398.71, 515.86, 529.91]","[1, 2, 3, 4, 5, 6, 7, 8, 9, 10, 11, 12]","[35.08, -104.33, -3.29, 16.19, 87.7, 1.24, -16.84, -60.68, -76.21, 117.15, 14.05]","[0.067481, -0.188006, -0.007301, 0.036194, 0.189213, 0.00225, -0.030483, -0.113294, -0.160469, 0.293823, 0.027236]",11
W2,Khuzdar,Chilies Powder NATIONAL 200 gm Packet,"[400.0, 400.0, 400.0, 338.36, 320.0, 320.0, 320.0, 320.0, 320.0, 320.0, 320.0, 320.0]","[1, 2, 3, 4, 5, 6, 7, 8, 9, 10, 11, 12]","[0.0, 0.0, -61.64, -18.36, 0.0, 0.0, 0.0, 0.0, 0.0, 0.0, 0.0]","[0.0, 0.0, -0.1541, -0.054262, 0.0, 0.0, 0.0, 0.0, 0.0, 0.0, 0.0]",11
W2,Khuzdar,Cigarettes Capstan 20'S Packet,"[223.28, 223.28, 223.28, 223.28, 223.28, 223.28, 223.28, 223.28, 223.28, 223.28, 223.28, 223.28]","[1, 2, 3, 4, 5, 6, 7, 8, 9, 10, 11, 12]","[0.0, 0.0, 0.0, 0.0, 0.0, 0.0, 0.0, 0.0, 0.0, 0.0, 0.0]","[0.0, 0.0, 0.0, 0.0, 0.0, 0.0, 0.0, 0.0, 0.0, 0.0, 0.0]",11
W2,Khuzdar,Cooked Beef at Average Hotel,"[319.68, 319.68, 319.68, 319.68, 319.68, 319.68, 331.23, 343.2, 343.2, 343.2, 343.2, 343.2]","[1, 2, 3, 4, 5, 6, 7, 8, 9, 10, 11, 12]","[0.0, 0.0, 0.0, 0.0, 0.0, 11.55, 11.97, 0.0, 0.0, 0.0, 0.0]","[0.0, 0.0, 0.0, 0.0, 0.0, 0.03613, 0.036138, 0.0, 0.0, 0.0, 0.0]",11
W2,Khuzdar,Cooked Daal at Average Hotel,"[173.07, 173.07, 173.07, 173.07, 173.07, 173.07, 182.81, 193.1, 193.1, 193.1, 193.1, 193.1]","[1, 2, 3, 4, 5, 6, 7, 8, 9, 10, 11, 12]","[0.0, 0.0, 0.0, 0.0, 0.0, 9.74, 10.29, 0.0, 0.0, 0.0, 0.0]","[0.0, 0.0, 0.0, 0.0, 0.0, 0.056278, 0.056288, 0.0, 0.0, 0.0, 0.0]",11
W2,Khuzdar,"Cooking Oil DALDA or Other Similar Brand (SN), 5 Litre Tin","[2750.0, 2686.77, 2654.89, 2675.0, 2675.0, 2686.98, 2695.0, 2695.0, 2719.89, 2745.0, 2834.04, 2895.0]","[1, 2, 3, 4, 5, 6, 7, 8, 9, 10, 11, 12]","[-63.23, -31.88, 20.11, 0.0, 11.98, 8.02, 0.0, 24.89, 25.11, 89.04, 60.96]","[-0.022993, -0.011866, 0.007575, 0.0, 0.004479, 0.002985, 0.0, 0.009236, 0.009232, 0.032437, 0.02151]",11
W2,Khuzdar,Curd (Dahi) Loose,"[206.61, 206.61, 206.61, 209.92, 213.28, 213.28, 213.28, 213.28, 213.28, 213.28, 213.28, 213.28]","[1, 2, 3, 4, 5, 6, 7, 8, 9, 10, 11, 12]","[0.0, 0.0, 3.31, 3.36, 0.0, 0.0, 0.0, 0.0, 0.0, 0.0, 0.0]","[0.0, 0.0, 0.016021, 0.016006, 0.0, 0.0, 0.0, 0.0, 0.0, 0.0, 0.0]",11
W2,Khuzdar,Eggs Hen (Farm),"[303.3, 293.12, 239.78, 236.62, 236.62, 274.43, 293.18, 293.18, 336.56, 341.52, 321.19, 283.59]","[1, 2, 3, 4, 5, 6, 7, 8, 9, 10, 11, 12]","[-10.18, -53.34, -3.16, 0.0, 37.81, 18.75, 0.0, 43.38, 4.96, -20.33, -37.6]","[-0.033564, -0.181973, -0.013179, 0.0, 0.159792, 0.068323, 0.0, 0.147964, 0.014737, -0.059528, -0.117065]",11
W2,Khuzdar,Electricity Charges upto 50 Units,"[7.4, 7.13, 6.87, 7.32, 7.47, 6.29, 6.48, 6.55, 6.55, 6.55, 6.05, 6.0]","[1, 2, 3, 4, 5, 6, 7, 8, 9, 10, 11, 12]","[-0.27, -0.26, 0.45, 0.15, -1.18, 0.19, 0.07, 0.0, 0.0, -0.5, -0.05]","[-0.036486, -0.036466, 0.065502, 0.020492, -0.157965, 0.030207, 0.010802, 0.0, 0.0, -0.076336, -0.008264]",11
W2,Khuzdar,Energy Saver Philips 14 Watt,"[382.59, 382.59, 411.9, 432.67, 432.67, 432.67, 432.67, 432.67, 432.67, 432.67, 432.67, 432.67]","[1, 2, 3, 4, 5, 6, 7, 8, 9, 10, 11, 12]","[0.0, 29.31, 20.77, 0.0, 0.0, 0.0, 0.0, 0.0, 0.0, 0.0, 0.0]","[0.0, 0.076609, 0.050425, 0.0, 0.0, 0.0, 0.0, 0.0, 0.0, 0.0, 0.0]",11
W2,Khuzdar,Firewood Whole,"[1032.28, 1032.28, 1032.28, 1032.28, 1032.28, 1032.28, 1032.28, 1032.28, 1032.28, 1032.28, 1032.28, 1032.28]","[1, 2, 3, 4, 5, 6, 7, 8, 9, 10, 11, 12]","[0.0, 0.0, 0.0, 0.0, 0.0, 0.0, 0.0, 0.0, 0.0, 0.0, 0.0]","[0.0, 0.0, 0.0, 0.0, 0.0, 0.0, 0.0, 0.0, 0.0, 0.0, 0.0]",11
W2,Khuzdar,Garlic (Lehsun),"[659.31, 682.92, 663.96, 612.75, 632.89, 624.76, 682.92, 682.92, 682.92, 682.92, 682.92, 720.11]","[1, 2, 3, 4, 5, 6, 7, 8, 9, 10, 11, 12]","[23.61, -18.96, -51.21, 20.14, -8.13, 58.16, 0.0, 0.0, 0.0, 0.0, 37.19]","[0.03581, -0.027763, -0.077128, 0.032868, -0.012846, 0.093092, 0.0, 0.0, 0.0, 0.0, 0.054457]",11
W2,Khuzdar,Gents Sandal Bata,"[2299.0, 2499.0, 2499.0, 2499.0, 2499.0, 2499.0, 2499.0, 2499.0, 2499.0, 2499.0, 2499.0, 2499.0]","[1, 2, 3, 4, 5, 6, 7, 8, 9, 10, 11, 12]","[200.0, 0.0, 0.0, 0.0, 0.0, 0.0, 0.0, 0.0, 0.0, 0.0, 0.0]","[0.086994, 0.0, 0.0, 0.0, 0.0, 0.0, 0.0, 0.0, 0.0, 0.0, 0.0]",11
W2,Khuzdar,Gents Sponge Chappal Bata,"[599.0, 599.0, 599.0, 599.0, 599.0, 599.0, 599.0, 599.0, 599.0, 599.0, 599.0, 599.0]","[1, 2, 3, 4, 5, 6, 7, 8, 9, 10, 11, 12]","[0.0, 0.0, 0.0, 0.0, 0.0, 0.0, 0.0, 0.0, 0.0, 0.0, 0.0]","[0.0, 0.0, 0.0, 0.0, 0.0, 0.0, 0.0, 0.0, 0.0, 0.0, 0.0]",11
W2,Khuzdar,Georgette (Average Quality),"[282.31, 282.31, 282.31, 282.31, 282.31, 282.31, 282.31, 282.31, 282.31, 282.31, 282.31, 282.31]","[1, 2, 3, 4, 5, 6, 7, 8, 9, 10, 11, 12]","[0.0, 0.0, 0.0, 0.0, 0.0, 0.0, 0.0, 0.0, 0.0, 0.0, 0.0]","[0.0, 0.0, 0.0, 0.0, 0.0, 0.0, 0.0, 0.0, 0.0, 0.0, 0.0]",11
W2,Khuzdar,Gur (Average Quality),"[206.46, 206.46, 206.46, 206.46, 213.62, 236.62, 236.62, 224.06, 206.46, 206.46, 206.46, 206.46]","[1, 2, 3, 4, 5, 6, 7, 8, 9, 10, 11, 12]","[0.0, 0.0, 0.0, 7.16, 23.0, 0.0, -12.56, -17.6, 0.0, 0.0, 0.0]","[0.0, 0.0, 0.0, 0.03468, 0.107668, 0.0, -0.053081, -0.07855, 0.0, 0.0, 0.0]",11
W2,Khuzdar,Hi-Speed Diesel,"[287.28, 287.11, 278.04, 270.46, 281.4, 269.68, 257.06, 250.18, 256.05, 257.82, 260.82, 266.87]","[1, 2, 3, 4, 5, 6, 7, 8, 9, 10, 11, 12]","[-0.17, -9.07, -7.58, 10.94, -11.72, -12.62, -6.88, 5.87, 1.77, 3.0, 6.05]","[-0.000592, -0.031591, -0.027262, 0.04045, -0.041649, -0.046796, -0.026764, 0.023463, 0.006913, 0.011636, 0.023196]",11
W2,Khuzdar,LPG 11.67 kg Cylinder,"[3257.89, 3316.58, 3078.22, 2745.16, 2963.32, 2963.32, 2766.57, 2726.49, 2964.85, 2972.89, 3065.01, 2964.23]","[1, 2, 3, 4, 5, 6, 7, 8, 9, 10, 11, 12]","[58.69, -238.36, -333.06, 218.16, 0.0, -196.75, -40.08, 238.36, 8.04, 92.12, -100.78]","[0.018015, -0.071869, -0.108199, 0.079471, 0.0, -0.066395, -0.014487, 0.087424, 0.002712, 0.030987, -0.032881]",11
W2,Khuzdar,Ladies Sandal Bata,"[799.0, 899.0, 899.0, 899.0, 899.0, 899.0, 899.0, 899.0, 1121.47, 1399.0, 1399.0, 1399.0]","[1, 2, 3, 4, 5, 6, 7, 8, 9, 10, 11, 12]","[100.0, 0.0, 0.0, 0.0, 0.0, 0.0, 0.0, 222.47, 277.53, 0.0, 0.0]","[0.125156, 0.0, 0.0, 0.0, 0.0, 0.0, 0.0, 0.247464, 0.24747, 0.0, 0.0]",11
W2,Khuzdar,Lawn Printed Gul Ahmed/Al Karam,"[400.0, 400.0, 400.0, 400.0, 400.0, 400.0, 400.0, 400.0, 400.0, 400.0, 400.0, 400.0]","[1, 2, 3, 4, 5, 6, 7, 8, 9, 10, 11, 12]","[0.0, 0.0, 0.0, 0.0, 0.0, 0.0, 0.0, 0.0, 0.0, 0.0, 0.0]","[0.0, 0.0, 0.0, 0.0, 0.0, 0.0, 0.0, 0.0, 0.0, 0.0, 0.0]",11
W2,Khuzdar,"Long Cloth 57"" Gul Ahmed/Al Karam","[400.0, 400.0, 400.0, 400.0, 400.0, 400.0, 400.0, 400.0, 400.0, 400.0, 400.0, 400.0]","[1, 2, 3, 4, 5, 6, 7, 8, 9, 10, 11, 12]","[0.0, 0.0, 0.0, 0.0, 0.0, 0.0, 0.0, 0.0, 0.0, 0.0, 0.0]","[0.0, 0.0, 0.0, 0.0, 0.0, 0.0, 0.0, 0.0, 0.0, 0.0, 0.0]",11
W2,Khuzdar,Match Box,"[5.0, 5.0, 5.0, 5.0, 5.0, 5.0, 5.0, 5.0, 5.0, 5.0, 5.0, 5.0]","[1, 2, 3, 4, 5, 6, 7, 8, 9, 10, 11, 12]","[0.0, 0.0, 0.0, 0.0, 0.0, 0.0, 0.0, 0.0, 0.0, 0.0, 0.0]","[0.0, 0.0, 0.0, 0.0, 0.0, 0.0, 0.0, 0.0, 0.0, 0.0, 0.0]",11
W2,Khuzdar,Milk fresh (Un-boiled),"[196.61, 196.61, 196.61, 196.61, 196.61, 196.61, 196.61, 196.61, 196.61, 196.61, 196.61, 197.45]","[1, 2, 3, 4, 5, 6, 7, 8, 9, 10, 11, 12]","[0.0, 0.0, 0.0, 0.0, 0.0, 0.0, 0.0, 0.0, 0.0, 0.0, 0.84]","[0.0, 0.0, 0.0, 0.0, 0.0, 0.0, 0.0, 0.0, 0.0, 0.0, 0.004272]",11
W2,Khuzdar,Mustard Oil (Average Quality),"[506.58, 506.58, 506.58, 506.58, 506.58, 506.58, 506.58, 522.42, 533.25, 577.65, 593.26, 593.26]","[1, 2, 3, 4, 5, 6, 7, 8, 9, 10, 11, 12]","[0.0, 0.0, 0.0, 0.0, 0.0, 0.0, 15.84, 10.83, 44.4, 15.61, 0.0]","[0.0, 0.0, 0.0, 0.0, 0.0, 0.0, 0.031269, 0.02073, 0.083263, 0.027023, 0.0]",11
W2,Khuzdar,Mutton (Average Quality),"[1582.88, 1600.0, 1600.0, 1661.98, 1683.17, 1683.17, 1683.17, 1683.17, 1683.17, 1683.17, 1683.17, 1720.53]","[1, 2, 3, 4, 5, 6, 7, 8, 9, 10, 11, 12]","[17.12, 0.0, 61.98, 21.19, 0.0, 0.0, 0.0, 0.0, 0.0, 0.0, 37.36]","[0.010816, 0.0, 0.038738, 0.01275, 0.0, 0.0, 0.0, 0.0, 0.0, 0.0, 0.022196]",11
W2,Khuzdar,Onions,"[239.64, 196.36, 115.38, 108.55, 100.0, 118.02, 138.77, 155.09, 150.0, 134.2, 106.35, 81.58]","[1, 2, 3, 4, 5, 6, 7, 8, 9, 10, 11, 12]","[-43.28, -80.98, -6.83, -8.55, 18.02, 20.75, 16.32, -5.09, -15.8, -27.85, -24.77]","[-0.180604, -0.412406, -0.059196, -0.078766, 0.1802, 0.175818, 0.117605, -0.03282, -0.105333, -0.207526, -0.23291]",11
W2,Khuzdar,Petrol Super,"[280.59, 292.5, 280.02, 264.63, 271.44, 265.26, 254.98, 247.93, 249.29, 253.01, 255.65, 257.55]","[1, 2, 3, 4, 5, 6, 7, 8, 9, 10, 11, 12]","[11.91, -12.48, -15.39, 6.81, -6.18, -10.28, -7.05, 1.36, 3.72, 2.64, 1.9]","[0.042446, -0.042667, -0.05496, 0.025734, -0.022767, -0.038754, -0.027649, 0.005485, 0.014922, 0.010434, 0.007432]",11
W2,Khuzdar,Potatoes,"[74.89, 76.58, 92.83, 94.57, 100.0, 100.0, 100.0, 100.0, 100.0, 112.19, 102.32, 85.95]","[1, 2, 3, 4, 5, 6, 7, 8, 9, 10, 11, 12]","[1.69, 16.25, 1.74, 5.43, 0.0, 0.0, 0.0, 0.0, 12.19, -9.87, -16.37]","[0.022566, 0.212196, 0.018744, 0.057418, 0.0, 0.0, 0.0, 0.0, 0.1219, -0.087976, -0.159988]",11
W2,Khuzdar,Powdered Milk NIDO 390 gm Polybag,"[829.94, 840.0, 851.94, 860.0, 941.17, 1030.0, 1030.0, 1030.0, 1030.0, 1030.0, 1030.0, 1030.0]","[1, 2, 3, 4, 5, 6, 7, 8, 9, 10, 11, 12]","[10.06, 11.94, 8.06, 81.17, 88.83, 0.0, 0.0, 0.0, 0.0, 0.0, 0.0]","[0.012121, 0.014214, 0.009461, 0.094384, 0.094383, 0.0, 0.0, 0.0, 0.0, 0.0, 0.0]",11
W2,Khuzdar,Pulse Gram,"[276.63, 276.63, 259.85, 278.86, 323.3, 339.2, 370.3, 409.14, 406.56, 393.22, 366.35, 366.38]","[1, 2, 3, 4, 5, 6, 7, 8, 9, 10, 11, 12]","[0.0, -16.78, 19.01, 44.44, 15.9, 31.1, 38.84, -2.58, -13.34, -26.87, 0.03]","[0.0, -0.060659, 0.073158, 0.159363, 0.04918, 0.091686, 0.104888, -0.006306, -0.032812, -0.068333, 8.2e-05]",11
W2,Khuzdar,Pulse Mash (Washed),"[519.71, 503.31, 495.36, 536.34, 506.58, 532.2, 556.65, 522.97, 506.58, 496.27, 450.5, 481.13]","[1, 2, 3, 4, 5, 6, 7, 8, 9, 10, 11, 12]","[-16.4, -7.95, 40.98, -29.76, 25.62, 24.45, -33.68, -16.39, -10.31, -45.77, 30.63]","[-0.031556, -0.015795, 0.082728, -0.055487, 0.050574, 0.045941, -0.060505, -0.03134, -0.020352, -0.092228, 0.067991]",11
W2,Khuzdar,Pulse Masoor (Washed),"[329.9, 323.3, 299.87, 289.82, 300.0, 311.84, 307.39, 303.3, 303.3, 286.51, 286.51, 286.51]","[1, 2, 3, 4, 5, 6, 7, 8, 9, 10, 11, 12]","[-6.6, -23.43, -10.05, 10.18, 11.84, -4.45, -4.09, 0.0, -16.79, 0.0, 0.0]","[-0.020006, -0.072471, -0.033515, 0.035125, 0.039467, -0.01427, -0.013306, 0.0, -0.055358, 0.0, 0.0]",11
W2,Khuzdar,Pulse Moong (Washed),"[323.3, 320.0, 316.59, 303.3, 343.3, 343.3, 373.21, 374.23, 393.22, 393.22, 409.14, 403.26]","[1, 2, 3, 4, 5, 6, 7, 8, 9, 10, 11, 12]","[-3.3, -3.41, -13.29, 40.0, 0.0, 29.91, 1.02, 18.99, 0.0, 15.92, -5.88]","[-0.010207, -0.010656, -0.041979, 0.131883, 0.0, 0.087125, 0.002733, 0.050744, 0.0, 0.040486, -0.014372]",11
W2,Khuzdar,Rice Basmati Broken (Average Quality),"[246.42, 256.62, 251.2, 226.4, 223.28, 223.28, 223.28, 203.28, 203.28, 203.28, 203.28, 203.28]","[1, 2, 3, 4, 5, 6, 7, 8, 9, 10, 11, 12]","[10.2, -5.42, -24.8, -3.12, 0.0, 0.0, -20.0, 0.0, 0.0, 0.0, 0.0]","[0.041393, -0.021121, -0.098726, -0.013781, 0.0, 0.0, -0.089574, 0.0, 0.0, 0.0, 0.0]",11
W2,Khuzdar,Rice IRRI-6/9 (Sindh/Punjab),"[160.7, 166.6, 161.13, 149.53, 148.31, 156.59, 150.0, 150.0, 150.0, 150.0, 150.0, 150.0]","[1, 2, 3, 4, 5, 6, 7, 8, 9, 10, 11, 12]","[5.9, -5.47, -11.6, -1.22, 8.28, -6.59, 0.0, 0.0, 0.0, 0.0, 0.0]","[0.036714, -0.032833, -0.071992, -0.008159, 0.055829, -0.042084, 0.0, 0.0, 0.0, 0.0, 0.0]",11
W2,Khuzdar,Salt Powdered (NATIONAL/SHAN) 800 gm Packet,"[66.49, 66.49, 66.49, 66.49, 66.49, 66.49, 68.22, 70.0, 70.0, 70.0, 70.0, 70.0]","[1, 2, 3, 4, 5, 6, 7, 8, 9, 10, 11, 12]","[0.0, 0.0, 0.0, 0.0, 0.0, 1.73, 1.78, 0.0, 0.0, 0.0, 0.0]","[0.0, 0.0, 0.0, 0.0, 0.0, 0.026019, 0.026092, 0.0, 0.0, 0.0, 0.0]",11
W2,Khuzdar,Shirting (Average Quality),"[293.18, 293.18, 333.39, 363.21, 363.21, 363.21, 363.21, 363.21, 363.21, 363.21, 363.21, 363.21]","[1, 2, 3, 4, 5, 6, 7, 8, 9, 10, 11, 12]","[0.0, 40.21, 29.82, 0.0, 0.0, 0.0, 0.0, 0.0, 0.0, 0.0, 0.0]","[0.0, 0.137151, 0.089445, 0.0, 0.0, 0.0, 0.0, 0.0, 0.0, 0.0, 0.0]",11
W2,Khuzdar,Sufi Washing Soap 250 gm Cake,"[125.0, 125.0, 125.0, 125.0, 125.0, 125.0, 125.0, 125.0, 125.0, 125.0, 125.0, 125.0]","[1, 2, 3, 4, 5, 6, 7, 8, 9, 10, 11, 12]","[0.0, 0.0, 0.0, 0.0, 0.0, 0.0, 0.0, 0.0, 0.0, 0.0, 0.0]","[0.0, 0.0, 0.0, 0.0, 0.0, 0.0, 0.0, 0.0, 0.0, 0.0, 0.0]",11
W2,Khuzdar,Sugar Refined,"[145.3, 142.98, 145.2, 144.75, 148.16, 147.45, 144.16, 137.19, 132.07, 137.65, 143.66, 156.4]","[1, 2, 3, 4, 5, 6, 7, 8, 9, 10, 11, 12]","[-2.32, 2.22, -0.45, 3.41, -0.71, -3.29, -6.97, -5.12, 5.58, 6.01, 12.74]","[-0.015967, 0.015527, -0.003099, 0.023558, -0.004792, -0.022313, -0.048349, -0.037321, 0.04225, 0.043661, 0.088682]",11
W2,Khuzdar,Tea Lipton Yellow Label 190 gm Packet,"[558.82, 558.82, 558.82, 558.82, 558.82, 558.82, 558.82, 558.82, 542.85, 542.85, 542.85, 517.13]","[1, 2, 3, 4, 5, 6, 7, 8, 9, 10, 11, 12]","[0.0, 0.0, 0.0, 0.0, 0.0, 0.0, 0.0, -15.97, 0.0, 0.0, -25.72]","[0.0, 0.0, 0.0, 0.0, 0.0, 0.0, 0.0, -0.028578, 0.0, 0.0, -0.04738]",11
W2,Khuzdar,Tea Prepared Ordinary,"[50.0, 50.0, 50.0, 50.0, 50.0, 50.0, 50.0, 50.0, 50.0, 50.0, 50.0, 50.0]","[1, 2, 3, 4, 5, 6, 7, 8, 9, 10, 11, 12]","[0.0, 0.0, 0.0, 0.0, 0.0, 0.0, 0.0, 0.0, 0.0, 0.0, 0.0]","[0.0, 0.0, 0.0, 0.0, 0.0, 0.0, 0.0, 0.0, 0.0, 0.0, 0.0]",11
W2,Khuzdar,Telephone Call Charges,"[1.79, 1.79, 1.79, 1.79, 1.79, 1.79, 1.79, 1.79, 1.79, 1.79, 1.79, 1.79]","[1, 2, 3, 4, 5, 6, 7, 8, 9, 10, 11, 12]","[0.0, 0.0, 0.0, 0.0, 0.0, 0.0, 0.0, 0.0, 0.0, 0.0, 0.0]","[0.0, 0.0, 0.0, 0.0, 0.0, 0.0, 0.0, 0.0, 0.0, 0.0, 0.0]",11
W2,Khuzdar,Toilet Soap LIFEBUOY 115 gm,"[103.0, 103.0, 103.0, 103.0, 103.0, 103.0, 106.44, 110.0, 110.0, 110.0, 110.0, 110.0]","[1, 2, 3, 4, 5, 6, 7, 8, 9, 10, 11, 12]","[0.0, 0.0, 0.0, 0.0, 0.0, 3.44, 3.56, 0.0, 0.0, 0.0, 0.0]","[0.0, 0.0, 0.0, 0.0, 0.0, 0.033398, 0.033446, 0.0, 0.0, 0.0, 0.0]",11
W2,Khuzdar,Tomatoes,"[123.01, 90.21, 74.66, 104.49, 121.67, 120.4, 148.23, 159.47, 168.25, 189.9, 131.24, 64.06]","[1, 2, 3, 4, 5, 6, 7, 8, 9, 10, 11, 12]","[-32.8, -15.55, 29.83, 17.18, -1.27, 27.83, 11.24, 8.78, 21.65, -58.66, -67.18]","[-0.266645, -0.172376, 0.399545, 0.164418, -0.010438, 0.231146, 0.075828, 0.055057, 0.128678, -0.308899, -0.511887]",11
W2,Khuzdar,Vegetable Ghee DALDA/HABIB 2.5 kg Tin,"[1300.0, 1274.75, 1270.88, 1285.0, 1285.0, 1285.0, 1285.0, 1285.0, 1326.82, 1370.0, 1423.31, 1460.0]","[1, 2, 3, 4, 5, 6, 7, 8, 9, 10, 11, 12]","[-25.25, -3.87, 14.12, 0.0, 0.0, 0.0, 0.0, 41.82, 43.18, 53.31, 36.69]","[-0.019423, -0.003036, 0.01111, 0.0, 0.0, 0.0, 0.0, 0.032545, 0.032544, 0.038912, 0.025778]",11
W2,Khuzdar,Vegetable Ghee DALDA/HABIB or Other Superior Quality 1 kg Pouch,"[510.0, 504.98, 507.76, 513.0, 513.0, 513.0, 513.0, 513.0, 528.76, 545.0, 568.66, 585.0]","[1, 2, 3, 4, 5, 6, 7, 8, 9, 10, 11, 12]","[-5.02, 2.78, 5.24, 0.0, 0.0, 0.0, 0.0, 15.76, 16.24, 23.66, 16.34]","[-0.009843, 0.005505, 0.01032, 0.0, 0.0, 0.0, 0.0, 0.030721, 0.030713, 0.043413, 0.028734]",11
W2,Khuzdar,Wheat Flour Bag,"[2696.39, 2513.38, 2130.24, 1996.05, 2005.38, 2023.16, 1980.69, 1973.16, 1993.31, 1968.15, 1921.22, 1906.64]","[1, 2, 3, 4, 5, 6, 7, 8, 9, 10, 11, 12]","[-183.01, -383.14, -134.19, 9.33, 17.78, -42.47, -7.53, 20.15, -25.16, -46.93, -14.58]","[-0.067872, -0.15244, -0.062993, 0.004674, 0.008866, -0.020992, -0.003802, 0.010212, -0.012622, -0.023845, -0.007589]",11
W2,Lahore,Bananas (Kela) Local,"[179.04, 163.49, 143.18, 152.43, 151.05, 131.28, 123.89, 120.38, 107.28, 122.15, 129.78, 176.18]","[1, 2, 3, 4, 5, 6, 7, 8, 9, 10, 11, 12]","[-15.55, -20.31, 9.25, -1.38, -19.77, -7.39, -3.51, -13.1, 14.87, 7.63, 46.4]","[-0.086852, -0.124228, 0.064604, -0.009053, -0.130884, -0.056292, -0.028332, -0.108822, 0.138609, 0.062464, 0.357528]",11
W2,Lahore,Beef with Bone (Average Quality),"[868.14, 896.53, 925.85, 925.85, 925.85, 925.85, 994.36, 1018.31, 1018.31, 1018.31, 1018.31, 1018.31]","[1, 2, 3, 4, 5, 6, 7, 8, 9, 10, 11, 12]","[28.39, 29.32, 0.0, 0.0, 0.0, 68.51, 23.95, 0.0, 0.0, 0.0, 0.0]","[0.032702, 0.032704, 0.0, 0.0, 0.0, 0.073997, 0.024086, 0.0, 0.0, 0.0, 0.0]",11
W2,Lahore,Bread plain (Small Size),"[112.92, 116.41, 120.0, 110.0, 110.0, 105.89, 107.41, 110.0, 110.0, 110.0, 110.0, 110.0]","[1, 2, 3, 4, 5, 6, 7, 8, 9, 10, 11, 12]","[3.49, 3.59, -10.0, 0.0, -4.11, 1.52, 2.59, 0.0, 0.0, 0.0, 0.0]","[0.030907, 0.030839, -0.083333, 0.0, -0.037364, 0.014355, 0.024113, 0.0, 0.0, 0.0, 0.0]",11
W2,Lahore,Chicken Farm Broiler (Live),"[405.36, 444.18, 316.76, 307.13, 352.96, 410.67, 403.14, 407.42, 343.29, 317.48, 418.04, 410.57]","[1, 2, 3, 4, 5, 6, 7, 8, 9, 10, 11, 12]","[38.82, -127.42, -9.63, 45.83, 57.71, -7.53, 4.28, -64.13, -25.81, 100.56, -7.47]","[0.095767, -0.286866, -0.030402, 0.14922, 0.163503, -0.018336, 0.010617, -0.157405, -0.075184, 0.316744, -0.017869]",11
W2,Lahore,Chilies Powder NATIONAL 200 gm Packet,"[400.0, 400.0, 382.54, 320.0, 320.0, 320.0, 320.0, 320.0, 320.0, 320.0, 320.0, 320.0]","[1, 2, 3, 4, 5, 6, 7, 8, 9, 10, 11, 12]","[0.0, -17.46, -62.54, 0.0, 0.0, 0.0, 0.0, 0.0, 0.0, 0.0, 0.0]","[0.0, -0.04365, -0.163486, 0.0, 0.0, 0.0, 0.0, 0.0, 0.0, 0.0, 0.0]",11
W2,Lahore,Cigarettes Capstan 20'S Packet,"[220.0, 220.0, 223.86, 240.0, 240.0, 240.0, 234.95, 230.0, 230.0, 230.0, 230.0, 230.0]","[1, 2, 3, 4, 5, 6, 7, 8, 9, 10, 11, 12]","[0.0, 3.86, 16.14, 0.0, 0.0, -5.05, -4.95, 0.0, 0.0, 0.0, 0.0]","[0.0, 0.017545, 0.072099, 0.0, 0.0, -0.021042, -0.021068, 0.0, 0.0, 0.0, 0.0]",11
W2,Lahore,Cooked Beef at Average Hotel,"[217.75, 217.75, 217.75, 217.75, 217.75, 229.01, 271.75, 275.71, 281.76, 281.76, 281.76, 281.76]","[1, 2, 3, 4, 5, 6, 7, 8, 9, 10, 11, 12]","[0.0, 0.0, 0.0, 0.0, 11.26, 42.74, 3.96, 6.05, 0.0, 0.0, 0.0]","[0.0, 0.0, 0.0, 0.0, 0.051711, 0.186629, 0.014572, 0.021943, 0.0, 0.0, 0.0]",11
W2,Lahore,Cooked Daal at Average Hotel,"[133.18, 133.18, 133.18, 133.18, 133.18, 141.39, 174.13, 181.88, 194.15, 194.15, 194.15, 194.15]","[1, 2, 3, 4, 5, 6, 7, 8, 9, 10, 11, 12]","[0.0, 0.0, 0.0, 0.0, 8.21, 32.74, 7.75, 12.27, 0.0, 0.0, 0.0]","[0.0, 0.0, 0.0, 0.0, 0.061646, 0.231558, 0.044507, 0.067462, 0.0, 0.0, 0.0]",11
W2,Lahore,"Cooking Oil DALDA or Other Similar Brand (SN), 5 Litre Tin","[2646.91, 2615.0, 2615.0, 2615.0, 2654.7, 2678.81, 2615.0, 2615.0, 2715.0, 2734.78, 2914.37, 2929.96]","[1, 2, 3, 4, 5, 6, 7, 8, 9, 10, 11, 12]","[-31.91, 0.0, 0.0, 39.7, 24.11, -63.81, 0.0, 100.0, 19.78, 179.59, 15.59]","[-0.012056, 0.0, 0.0, 0.015182, 0.009082, -0.02382, 0.0, 0.038241, 0.007285, 0.065669, 0.005349]",11
W2,Lahore,Curd (Dahi) Loose,"[185.9, 185.9, 188.81, 203.09, 209.77, 212.65, 212.88, 214.57, 220.47, 220.47, 220.47, 220.47]","[1, 2, 3, 4, 5, 6, 7, 8, 9, 10, 11, 12]","[0.0, 2.91, 14.28, 6.68, 2.88, 0.23, 1.69, 5.9, 0.0, 0.0, 0.0]","[0.0, 0.015654, 0.075632, 0.032892, 0.013729, 0.001082, 0.007939, 0.027497, 0.0, 0.0, 0.0]",11
W2,Lahore,Eggs Hen (Farm),"[265.61, 247.67, 248.66, 244.95, 253.96, 284.02, 304.5, 302.64, 338.87, 331.58, 273.21, 255.04]","[1, 2, 3, 4, 5, 6, 7, 8, 9, 10, 11, 12]","[-17.94, 0.99, -3.71, 9.01, 30.06, 20.48, -1.86, 36.23, -7.29, -58.37, -18.17]","[-0.067543, 0.003997, -0.01492, 0.036783, 0.118365, 0.072108, -0.006108, 0.119713, -0.021513, -0.176036, -0.066506]",11
W2,Lahore,Electricity Charges upto 50 Units,"[7.4, 7.13, 6.87, 7.32, 7.47, 6.29, 6.48, 6.55, 6.55, 6.55, 6.05, 6.0]","[1, 2, 3, 4, 5, 6, 7, 8, 9, 10, 11, 12]","[-0.27, -0.26, 0.45, 0.15, -1.18, 0.19, 0.07, 0.0, 0.0, -0.5, -0.05]","[-0.036486, -0.036466, 0.065502, 0.020492, -0.157965, 0.030207, 0.010802, 0.0, 0.0, -0.076336, -0.008264]",11
W2,Lahore,Energy Saver Philips 14 Watt,"[500.0, 500.0, 500.0, 500.0, 500.0, 500.0, 500.0, 500.0, 500.0, 500.0, 500.0, 500.0]","[1, 2, 3, 4, 5, 6, 7, 8, 9, 10, 11, 12]","[0.0, 0.0, 0.0, 0.0, 0.0, 0.0, 0.0, 0.0, 0.0, 0.0, 0.0]","[0.0, 0.0, 0.0, 0.0, 0.0, 0.0, 0.0, 0.0, 0.0, 0.0, 0.0]",11
W2,Lahore,Firewood Whole,"[1587.95, 1587.95, 1587.95, 1587.95, 1587.95, 1587.95, 1587.95, 1587.95, 1755.42, 1777.52, 1748.96, 1685.54]","[1, 2, 3, 4, 5, 6, 7, 8, 9, 10, 11, 12]","[0.0, 0.0, 0.0, 0.0, 0.0, 0.0, 0.0, 167.47, 22.1, -28.56, -63.42]","[0.0, 0.0, 0.0, 0.0, 0.0, 0.0, 0.0, 0.105463, 0.01259, -0.016067, -0.036262]",11
W2,Lahore,Garlic (Lehsun),"[549.19, 462.21, 431.94, 431.63, 457.65, 471.75, 467.61, 489.86, 533.28, 599.51, 597.6, 605.33]","[1, 2, 3, 4, 5, 6, 7, 8, 9, 10, 11, 12]","[-86.98, -30.27, -0.31, 26.02, 14.1, -4.14, 22.25, 43.42, 66.23, -1.91, 7.73]","[-0.158379, -0.06549, -0.000718, 0.060283, 0.03081, -0.008776, 0.047582, 0.088638, 0.124194, -0.003186, 0.012935]",11
W2,Lahore,Gas Charges upto 3.3719 MMBTU,"[1976.5, 1976.5, 1976.5, 1976.5, 1976.5, 1976.5, 1976.5, 1976.5, 1976.5, 1976.5, 1976.5, 1976.5]","[1, 2, 3, 4, 5, 6, 7, 8, 9, 10, 11, 12]","[0.0, 0.0, 0.0, 0.0, 0.0, 0.0, 0.0, 0.0, 0.0, 0.0, 0.0]","[0.0, 0.0, 0.0, 0.0, 0.0, 0.0, 0.0, 0.0, 0.0, 0.0, 0.0]",11
W2,Lahore,Gents Sandal Bata,"[2299.0, 2499.0, 2499.0, 2499.0, 2499.0, 2499.0, 2499.0, 2499.0, 2499.0, 2499.0, 2499.0, 2499.0]","[1, 2, 3, 4, 5, 6, 7, 8, 9, 10, 11, 12]","[200.0, 0.0, 0.0, 0.0, 0.0, 0.0, 0.0, 0.0, 0.0, 0.0, 0.0]","[0.086994, 0.0, 0.0, 0.0, 0.0, 0.0, 0.0, 0.0, 0.0, 0.0, 0.0]",11
W2,Lahore,Gents Sponge Chappal Bata,"[599.0, 599.0, 599.0, 599.0, 599.0, 599.0, 599.0, 599.0, 599.0, 599.0, 599.0, 599.0]","[1, 2, 3, 4, 5, 6, 7, 8, 9, 10, 11, 12]","[0.0, 0.0, 0.0, 0.0, 0.0, 0.0, 0.0, 0.0, 0.0, 0.0, 0.0]","[0.0, 0.0, 0.0, 0.0, 0.0, 0.0, 0.0, 0.0, 0.0, 0.0, 0.0]",11
W2,Lahore,Georgette (Average Quality),"[315.58, 349.32, 349.32, 349.32, 349.32, 349.32, 349.32, 349.32, 349.32, 349.32, 349.32, 349.32]","[1, 2, 3, 4, 5, 6, 7, 8, 9, 10, 11, 12]","[33.74, 0.0, 0.0, 0.0, 0.0, 0.0, 0.0, 0.0, 0.0, 0.0, 0.0]","[0.106914, 0.0, 0.0, 0.0, 0.0, 0.0, 0.0, 0.0, 0.0, 0.0, 0.0]",11
W2,Lahore,Gur (Average Quality),"[208.03, 208.03, 208.03, 213.19, 229.45, 229.45, 234.4, 234.07, 212.16, 207.35, 206.59, 212.65]","[1, 2, 3, 4, 5, 6, 7, 8, 9, 10, 11, 12]","[0.0, 0.0, 5.16, 16.26, 0.0, 4.95, -0.33, -21.91, -4.81, -0.76, 6.06]","[0.0, 0.0, 0.024804, 0.07627, 0.0, 0.021573, -0.001408, -0.093604, -0.022672, -0.003665, 0.029333]",11
W2,Lahore,Hi-Speed Diesel,"[287.26, 287.11, 278.03, 269.87, 281.46, 269.68, 257.06, 250.18, 256.05, 257.82, 260.82, 266.87]","[1, 2, 3, 4, 5, 6, 7, 8, 9, 10, 11, 12]","[-0.15, -9.08, -8.16, 11.59, -11.78, -12.62, -6.88, 5.87, 1.77, 3.0, 6.05]","[-0.000522, -0.031626, -0.029349, 0.042947, -0.041853, -0.046796, -0.026764, 0.023463, 0.006913, 0.011636, 0.023196]",11
W2,Lahore,LPG 11.67 kg Cylinder,"[3469.46, 3218.46, 2785.64, 2824.6, 3305.34, 3142.69, 3081.91, 3087.22, 3557.9, 3588.16, 3398.63, 3080.72]","[1, 2, 3, 4, 5, 6, 7, 8, 9, 10, 11, 12]","[-251.0, -432.82, 38.96, 480.74, -162.65, -60.78, 5.31, 470.68, 30.26, -189.53, -317.91]","[-0.072346, -0.13448, 0.013986, 0.170198, -0.049208, -0.01934, 0.001723, 0.152461, 0.008505, -0.052821, -0.093541]",11
W2,Lahore,Ladies Sandal Bata,"[799.0, 899.0, 899.0, 899.0, 899.0, 899.0, 899.0, 899.0, 1121.47, 1399.0, 1399.0, 1399.0]","[1, 2, 3, 4, 5, 6, 7, 8, 9, 10, 11, 12]","[100.0, 0.0, 0.0, 0.0, 0.0, 0.0, 0.0, 222.47, 277.53, 0.0, 0.0]","[0.125156, 0.0, 0.0, 0.0, 0.0, 0.0, 0.0, 0.247464, 0.24747, 0.0, 0.0]",11
W2,Lahore,Lawn Printed Gul Ahmed/Al Karam,"[669.96, 784.81, 784.81, 784.81, 784.81, 784.81, 784.81, 784.81, 784.81, 784.81, 784.81, 784.81]","[1, 2, 3, 4, 5, 6, 7, 8, 9, 10, 11, 12]","[114.85, 0.0, 0.0, 0.0, 0.0, 0.0, 0.0, 0.0, 0.0, 0.0, 0.0]","[0.171428, 0.0, 0.0, 0.0, 0.0, 0.0, 0.0, 0.0, 0.0, 0.0, 0.0]",11
W2,Lahore,"Long Cloth 57"" Gul Ahmed/Al Karam","[550.19, 678.0, 678.0, 678.0, 678.0, 678.0, 678.0, 678.0, 678.0, 678.0, 678.0, 678.0]","[1, 2, 3, 4, 5, 6, 7, 8, 9, 10, 11, 12]","[127.81, 0.0, 0.0, 0.0, 0.0, 0.0, 0.0, 0.0, 0.0, 0.0, 0.0]","[0.232302, 0.0, 0.0, 0.0, 0.0, 0.0, 0.0, 0.0, 0.0, 0.0, 0.0]",11
W2,Lahore,Match Box,"[6.32, 6.32, 6.32, 6.32, 6.32, 6.32, 6.32, 6.32, 6.32, 6.32, 6.32, 6.32]","[1, 2, 3, 4, 5, 6, 7, 8, 9, 10, 11, 12]","[0.0, 0.0, 0.0, 0.0, 0.0, 0.0, 0.0, 0.0, 0.0, 0.0, 0.0]","[0.0, 0.0, 0.0, 0.0, 0.0, 0.0, 0.0, 0.0, 0.0, 0.0, 0.0]",11
W2,Lahore,Milk fresh (Un-boiled),"[160.93, 160.93, 163.06, 172.45, 174.22, 179.46, 179.46, 179.46, 179.46, 179.46, 187.47, 187.47]","[1, 2, 3, 4, 5, 6, 7, 8, 9, 10, 11, 12]","[0.0, 2.13, 9.39, 1.77, 5.24, 0.0, 0.0, 0.0, 0.0, 8.01, 0.0]","[0.0, 0.013236, 0.057586, 0.010264, 0.030077, 0.0, 0.0, 0.0, 0.0, 0.044634, 0.0]",11
W2,Lahore,Mustard Oil (Average Quality),"[482.26, 482.26, 482.26, 482.26, 482.26, 482.26, 482.26, 486.2, 517.2, 537.21, 558.22, 562.28]","[1, 2, 3, 4, 5, 6, 7, 8, 9, 10, 11, 12]","[0.0, 0.0, 0.0, 0.0, 0.0, 0.0, 3.94, 31.0, 20.01, 21.01, 4.06]","[0.0, 0.0, 0.0, 0.0, 0.0, 0.0, 0.00817, 0.06376, 0.038689, 0.039109, 0.007273]",11
W2,Lahore,Mutton (Average Quality),"[2107.36, 2182.26, 2232.84, 2232.84, 2232.84, 2232.84, 2232.84, 2232.84, 2232.84, 2232.84, 2232.84, 2232.84]","[1, 2, 3, 4, 5, 6, 7, 8, 9, 10, 11, 12]","[74.9, 50.58, 0.0, 0.0, 0.0, 0.0, 0.0, 0.0, 0.0, 0.0, 0.0]","[0.035542, 0.023178, 0.0, 0.0, 0.0, 0.0, 0.0, 0.0, 0.0, 0.0, 0.0]",11
W2,Lahore,Onions,"[228.16, 190.06, 116.32, 136.74, 113.01, 148.58, 153.56, 155.9, 154.53, 152.27, 122.21, 87.43]","[1, 2, 3, 4, 5, 6, 7, 8, 9, 10, 11, 12]","[-38.1, -73.74, 20.42, -23.73, 35.57, 4.98, 2.34, -1.37, -2.26, -30.06, -34.78]","[-0.166988, -0.387983, 0.17555, -0.173541, 0.314751, 0.033517, 0.015238, -0.008788, -0.014625, -0.197412, -0.284592]",11
W2,Lahore,Petrol Super,"[280.59, 292.5, 279.97, 264.03, 271.5, 265.26, 254.98, 247.93, 249.28, 253.01, 255.65, 257.55]","[1, 2, 3, 4, 5, 6, 7, 8, 9, 10, 11, 12]","[11.91, -12.53, -15.94, 7.47, -6.24, -10.28, -7.05, 1.35, 3.73, 2.64, 1.9]","[0.042446, -0.042838, -0.056935, 0.028292, -0.022983, -0.038754, -0.027649, 0.005445, 0.014963, 0.010434, 0.007432]",11
W2,Lahore,Potatoes,"[69.74, 72.66, 93.11, 94.2, 96.62, 101.28, 102.61, 106.0, 133.15, 132.51, 87.92, 68.6]","[1, 2, 3, 4, 5, 6, 7, 8, 9, 10, 11, 12]","[2.92, 20.45, 1.09, 2.42, 4.66, 1.33, 3.39, 27.15, -0.64, -44.59, -19.32]","[0.04187, 0.281448, 0.011707, 0.02569, 0.04823, 0.013132, 0.033038, 0.256132, -0.004807, -0.336503, -0.219745]",11
W2,Lahore,Powdered Milk NIDO 390 gm Polybag,"[820.0, 844.63, 870.0, 870.0, 987.43, 1030.0, 1030.0, 1030.0, 1030.0, 1030.0, 1030.0, 1030.0]","[1, 2, 3, 4, 5, 6, 7, 8, 9, 10, 11, 12]","[24.63, 25.37, 0.0, 117.43, 42.57, 0.0, 0.0, 0.0, 0.0, 0.0, 0.0]","[0.030037, 0.030037, 0.0, 0.134977, 0.043112, 0.0, 0.0, 0.0, 0.0, 0.0, 0.0]",11
W2,Lahore,Pulse Gram,"[250.9, 250.9, 242.87, 263.36, 310.97, 334.63, 383.03, 395.58, 357.87, 339.21, 332.75, 298.97]","[1, 2, 3, 4, 5, 6, 7, 8, 9, 10, 11, 12]","[0.0, -8.03, 20.49, 47.61, 23.66, 48.4, 12.55, -37.71, -18.66, -6.46, -33.78]","[0.0, -0.032005, 0.084366, 0.180779, 0.076085, 0.144637, 0.032765, -0.095328, -0.052142, -0.019044, -0.101518]",11
W2,Lahore,Pulse Mash (Washed),"[582.2, 582.2, 587.17, 624.64, 624.64, 624.55, 593.21, 567.94, 513.42, 508.49, 508.49, 503.41]","[1, 2, 3, 4, 5, 6, 7, 8, 9, 10, 11, 12]","[0.0, 4.97, 37.47, 0.0, -0.09, -31.34, -25.27, -54.52, -4.93, 0.0, -5.08]","[0.0, 0.008537, 0.063815, 0.0, -0.000144, -0.05018, -0.042599, -0.095996, -0.009602, 0.0, -0.00999]",11
W2,Lahore,Pulse Masoor (Washed),"[340.87, 340.87, 333.59, 331.8, 331.8, 319.08, 290.84, 290.84, 290.84, 290.84, 290.84, 290.84]","[1, 2, 3, 4, 5, 6, 7, 8, 9, 10, 11, 12]","[0.0, -7.28, -1.79, 0.0, -12.72, -28.24, 0.0, 0.0, 0.0, 0.0, 0.0]","[0.0, -0.021357, -0.005366, 0.0, -0.038336, -0.088504, 0.0, 0.0, 0.0, 0.0, 0.0]",11
W2,Lahore,Pulse Moong (Washed),"[289.38, 289.38, 289.38, 294.03, 323.32, 324.54, 309.38, 325.04, 349.39, 349.39, 400.05, 406.13]","[1, 2, 3, 4, 5, 6, 7, 8, 9, 10, 11, 12]","[0.0, 0.0, 4.65, 29.29, 1.22, -15.16, 15.66, 24.35, 0.0, 50.66, 6.08]","[0.0, 0.0, 0.016069, 0.099616, 0.003773, -0.046712, 0.050617, 0.074914, 0.0, 0.144996, 0.015198]",11
W2,Lahore,Rice Basmati Broken (Average Quality),"[233.98, 240.88, 228.67, 215.94, 202.28, 207.65, 213.71, 205.47, 189.61, 185.6, 185.6, 185.6]","[1, 2, 3, 4, 5, 6, 7, 8, 9, 10, 11, 12]","[6.9, -12.21, -12.73, -13.66, 5.37, 6.06, -8.24, -15.86, -4.01, 0.0, 0.0]","[0.02949, -0.050689, -0.05567, -0.063258, 0.026547, 0.029184, -0.038557, -0.077189, -0.021149, 0.0, 0.0]",11
W2,Lahore,Salt Powdered (NATIONAL/SHAN) 800 gm Packet,"[70.0, 70.0, 70.0, 70.0, 70.0, 70.0, 70.0, 70.0, 70.0, 70.0, 70.0, 70.0]","[1, 2, 3, 4, 5, 6, 7, 8, 9, 10, 11, 12]","[0.0, 0.0, 0.0, 0.0, 0.0, 0.0, 0.0, 0.0, 0.0, 0.0, 0.0]","[0.0, 0.0, 0.0, 0.0, 0.0, 0.0, 0.0, 0.0, 0.0, 0.0, 0.0]",11
W2,Lahore,Shirting (Average Quality),"[378.25, 428.7, 428.7, 428.7, 428.7, 428.7, 428.7, 428.7, 428.7, 428.7, 428.7, 428.7]","[1, 2, 3, 4, 5, 6, 7, 8, 9, 10, 11, 12]","[50.45, 0.0, 0.0, 0.0, 0.0, 0.0, 0.0, 0.0, 0.0, 0.0, 0.0]","[0.133377, 0.0, 0.0, 0.0, 0.0, 0.0, 0.0, 0.0, 0.0, 0.0, 0.0]",11
W2,Lahore,Sufi Washing Soap 250 gm Cake,"[130.0, 130.0, 130.0, 130.0, 130.0, 130.0, 126.23, 125.0, 125.88, 128.55, 128.55, 129.27]","[1, 2, 3, 4, 5, 6, 7, 8, 9, 10, 11, 12]","[0.0, 0.0, 0.0, 0.0, 0.0, -3.77, -1.23, 0.88, 2.67, 0.0, 0.72]","[0.0, 0.0, 0.0, 0.0, 0.0, -0.029, -0.009744, 0.00704, 0.021211, 0.0, 0.005601]",11
W2,Lahore,Sugar Refined,"[145.82, 145.94, 145.75, 145.0, 146.23, 147.98, 144.4, 138.03, 133.73, 138.13, 144.6, 157.3]","[1, 2, 3, 4, 5, 6, 7, 8, 9, 10, 11, 12]","[0.12, -0.19, -0.75, 1.23, 1.75, -3.58, -6.37, -4.3, 4.4, 6.47, 12.7]","[0.000823, -0.001302, -0.005146, 0.008483, 0.011967, -0.024192, -0.044114, -0.031153, 0.032902, 0.04684, 0.087828]",11
W2,Lahore,Tea Lipton Yellow Label 190 gm Packet,"[542.85, 542.85, 542.85, 542.85, 542.85, 542.85, 542.85, 542.85, 542.85, 542.85, 542.85, 517.13]","[1, 2, 3, 4, 5, 6, 7, 8, 9, 10, 11, 12]","[0.0, 0.0, 0.0, 0.0, 0.0, 0.0, 0.0, 0.0, 0.0, 0.0, -25.72]","[0.0, 0.0, 0.0, 0.0, 0.0, 0.0, 0.0, 0.0, 0.0, 0.0, -0.04738]",11
W2,Lahore,Tea Prepared Ordinary,"[56.95, 56.95, 56.95, 56.95, 56.95, 56.95, 56.95, 56.95, 59.22, 60.0, 60.0, 60.0]","[1, 2, 3, 4, 5, 6, 7, 8, 9, 10, 11, 12]","[0.0, 0.0, 0.0, 0.0, 0.0, 0.0, 0.0, 2.27, 0.78, 0.0, 0.0]","[0.0, 0.0, 0.0, 0.0, 0.0, 0.0, 0.0, 0.03986, 0.013171, 0.0, 0.0]",11
W2,Lahore,Telephone Call Charges,"[1.79, 1.79, 1.79, 1.79, 1.79, 1.79, 1.79, 1.79, 1.79, 1.79, 1.79, 1.79]","[1, 2, 3, 4, 5, 6, 7, 8, 9, 10, 11, 12]","[0.0, 0.0, 0.0, 0.0, 0.0, 0.0, 0.0, 0.0, 0.0, 0.0, 0.0]","[0.0, 0.0, 0.0, 0.0, 0.0, 0.0, 0.0, 0.0, 0.0, 0.0, 0.0]",11
W2,Lahore,Toilet Soap LIFEBUOY 115 gm,"[111.47, 111.47, 111.47, 111.47, 111.47, 111.47, 102.54, 94.33, 94.33, 97.0, 99.74, 99.74]","[1, 2, 3, 4, 5, 6, 7, 8, 9, 10, 11, 12]","[0.0, 0.0, 0.0, 0.0, 0.0, -8.93, -8.21, 0.0, 2.67, 2.74, 0.0]","[0.0, 0.0, 0.0, 0.0, 0.0, -0.080111, -0.080066, 0.0, 0.028305, 0.028247, 0.0]",11
W2,Lahore,Tomatoes,"[137.84, 108.61, 70.95, 102.57, 176.71, 148.59, 108.99, 134.89, 180.66, 188.75, 127.53, 70.65]","[1, 2, 3, 4, 5, 6, 7, 8, 9, 10, 11, 12]","[-29.23, -37.66, 31.62, 74.14, -28.12, -39.6, 25.9, 45.77, 8.09, -61.22, -56.88]","[-0.212057, -0.346745, 0.445666, 0.722823, -0.159131, -0.266505, 0.237636, 0.339314, 0.04478, -0.324344, -0.446013]",11
W2,Lahore,Vegetable Ghee DALDA/HABIB 2.5 kg Tin,"[1291.2, 1285.0, 1285.0, 1285.0, 1285.0, 1315.98, 1325.0, 1325.0, 1385.0, 1456.04, 1507.29, 1499.92]","[1, 2, 3, 4, 5, 6, 7, 8, 9, 10, 11, 12]","[-6.2, 0.0, 0.0, 0.0, 30.98, 9.02, 0.0, 60.0, 71.04, 51.25, -7.37]","[-0.004802, 0.0, 0.0, 0.0, 0.024109, 0.006854, 0.0, 0.045283, 0.051292, 0.035198, -0.00489]",11
W2,Lahore,Vegetable Ghee DALDA/HABIB or Other Superior Quality 1 kg Pouch,"[499.0, 501.48, 509.0, 509.0, 509.0, 513.79, 515.0, 520.59, 557.86, 570.71, 582.65, 586.0]","[1, 2, 3, 4, 5, 6, 7, 8, 9, 10, 11, 12]","[2.48, 7.52, 0.0, 0.0, 4.79, 1.21, 5.59, 37.27, 12.85, 11.94, 3.35]","[0.00497, 0.014996, 0.0, 0.0, 0.009411, 0.002355, 0.010854, 0.071592, 0.023034, 0.020921, 0.00575]",11
W2,Lahore,Wheat Flour Bag,"[2773.17, 2388.37, 1807.18, 1690.86, 1828.45, 1755.62, 1719.94, 1715.93, 1730.0, 1730.0, 1713.98, 1702.45]","[1, 2, 3, 4, 5, 6, 7, 8, 9, 10, 11, 12]","[-384.8, -581.19, -116.32, 137.59, -72.83, -35.68, -4.01, 14.07, 0.0, -16.02, -11.53]","[-0.138758, -0.243342, -0.064365, 0.081373, -0.039832, -0.020323, -0.002331, 0.0082, 0.0, -0.00926, -0.006727]",11
W2,Larkana,Bananas (Kela) Local,"[123.51, 98.46, 86.69, 111.22, 98.89, 112.71, 99.32, 87.47, 75.54, 81.21, 91.46, 101.53]","[1, 2, 3, 4, 5, 6, 7, 8, 9, 10, 11, 12]","[-25.05, -11.77, 24.53, -12.33, 13.82, -13.39, -11.85, -11.93, 5.67, 10.25, 10.07]","[-0.202818, -0.119541, 0.282962, -0.110861, 0.139751, -0.1188, -0.119311, -0.13639, 0.07506, 0.126216, 0.110103]",11
W2,Larkana,Beef with Bone (Average Quality),"[878.82, 923.33, 965.49, 991.26, 1000.0, 1000.0, 1000.0, 1000.0, 1000.0, 1000.0, 1000.0, 1000.0]","[1, 2, 3, 4, 5, 6, 7, 8, 9, 10, 11, 12]","[44.51, 42.16, 25.77, 8.74, 0.0, 0.0, 0.0, 0.0, 0.0, 0.0, 0.0]","[0.050647, 0.045661, 0.026691, 0.008817, 0.0, 0.0, 0.0, 0.0, 0.0, 0.0, 0.0]",11
W2,Larkana,Bread plain (Small Size),"[112.92, 112.92, 112.92, 112.92, 112.92, 112.92, 112.92, 112.92, 112.92, 112.92, 112.92, 112.92]","[1, 2, 3, 4, 5, 6, 7, 8, 9, 10, 11, 12]","[0.0, 0.0, 0.0, 0.0, 0.0, 0.0, 0.0, 0.0, 0.0, 0.0, 0.0]","[0.0, 0.0, 0.0, 0.0, 0.0, 0.0, 0.0, 0.0, 0.0, 0.0, 0.0]",11
W2,Larkana,Chicken Farm Broiler (Live),"[434.93, 476.74, 339.03, 354.63, 378.75, 465.26, 449.55, 451.51, 369.59, 346.45, 440.76, 481.18]","[1, 2, 3, 4, 5, 6, 7, 8, 9, 10, 11, 12]","[41.81, -137.71, 15.6, 24.12, 86.51, -15.71, 1.96, -81.92, -23.14, 94.31, 40.42]","[0.09613, -0.288858, 0.046014, 0.068015, 0.228409, -0.033766, 0.00436, -0.181436, -0.06261, 0.272218, 0.091705]",11
W2,Larkana,Chilies Powder NATIONAL 200 gm Packet,"[400.0, 400.0, 400.0, 400.0, 400.0, 400.0, 320.0, 320.0, 320.0, 320.0, 320.0, 320.0]","[1, 2, 3, 4, 5, 6, 7, 8, 9, 10, 11, 12]","[0.0, 0.0, 0.0, 0.0, 0.0, -80.0, 0.0, 0.0, 0.0, 0.0, 0.0]","[0.0, 0.0, 0.0, 0.0, 0.0, -0.2, 0.0, 0.0, 0.0, 0.0, 0.0]",11
W2,Larkana,Cigarettes Capstan 20'S Packet,"[220.0, 220.0, 220.0, 220.0, 220.0, 220.0, 220.0, 220.0, 220.0, 220.0, 220.0, 220.0]","[1, 2, 3, 4, 5, 6, 7, 8, 9, 10, 11, 12]","[0.0, 0.0, 0.0, 0.0, 0.0, 0.0, 0.0, 0.0, 0.0, 0.0, 0.0]","[0.0, 0.0, 0.0, 0.0, 0.0, 0.0, 0.0, 0.0, 0.0, 0.0, 0.0]",11
W2,Larkana,Cooked Beef at Average Hotel,"[240.0, 240.0, 240.0, 240.0, 240.0, 240.0, 240.0, 240.0, 240.0, 240.0, 240.0, 240.0]","[1, 2, 3, 4, 5, 6, 7, 8, 9, 10, 11, 12]","[0.0, 0.0, 0.0, 0.0, 0.0, 0.0, 0.0, 0.0, 0.0, 0.0, 0.0]","[0.0, 0.0, 0.0, 0.0, 0.0, 0.0, 0.0, 0.0, 0.0, 0.0, 0.0]",11
W2,Larkana,Cooked Daal at Average Hotel,"[120.0, 120.0, 120.0, 120.0, 120.0, 120.0, 120.0, 120.0, 120.0, 120.0, 120.0, 120.0]","[1, 2, 3, 4, 5, 6, 7, 8, 9, 10, 11, 12]","[0.0, 0.0, 0.0, 0.0, 0.0, 0.0, 0.0, 0.0, 0.0, 0.0, 0.0]","[0.0, 0.0, 0.0, 0.0, 0.0, 0.0, 0.0, 0.0, 0.0, 0.0, 0.0]",11
W2,Larkana,"Cooking Oil DALDA or Other Similar Brand (SN), 5 Litre Tin","[2634.77, 2615.0, 2615.0, 2615.0, 2634.77, 2695.0, 2695.0, 2695.0, 2695.0, 2869.99, 2885.0, 2904.94]","[1, 2, 3, 4, 5, 6, 7, 8, 9, 10, 11, 12]","[-19.77, 0.0, 0.0, 19.77, 60.23, 0.0, 0.0, 0.0, 174.99, 15.01, 19.94]","[-0.007504, 0.0, 0.0, 0.00756, 0.02286, 0.0, 0.0, 0.0, 0.064931, 0.00523, 0.006912]",11
W2,Larkana,Curd (Dahi) Loose,"[246.49, 246.49, 266.5, 266.5, 266.5, 266.5, 266.5, 266.5, 266.5, 266.5, 266.5, 266.5]","[1, 2, 3, 4, 5, 6, 7, 8, 9, 10, 11, 12]","[0.0, 20.01, 0.0, 0.0, 0.0, 0.0, 0.0, 0.0, 0.0, 0.0, 0.0]","[0.0, 0.08118, 0.0, 0.0, 0.0, 0.0, 0.0, 0.0, 0.0, 0.0, 0.0]",11
W2,Larkana,Eggs Hen (Farm),"[277.28, 265.37, 260.45, 249.9, 248.14, 284.31, 306.3, 307.84, 337.69, 354.89, 298.35, 273.26]","[1, 2, 3, 4, 5, 6, 7, 8, 9, 10, 11, 12]","[-11.91, -4.92, -10.55, -1.76, 36.17, 21.99, 1.54, 29.85, 17.2, -56.54, -25.09]","[-0.042953, -0.01854, -0.040507, -0.007043, 0.145764, 0.077345, 0.005028, 0.096966, 0.050934, -0.159317, -0.084096]",11
W2,Larkana,Electricity Charges upto 50 Units,"[7.4, 7.13, 6.87, 7.32, 7.47, 6.29, 6.48, 6.55, 6.55, 6.55, 6.05, 6.0]","[1, 2, 3, 4, 5, 6, 7, 8, 9, 10, 11, 12]","[-0.27, -0.26, 0.45, 0.15, -1.18, 0.19, 0.07, 0.0, 0.0, -0.5, -0.05]","[-0.036486, -0.036466, 0.065502, 0.020492, -0.157965, 0.030207, 0.010802, 0.0, 0.0, -0.076336, -0.008264]",11
W2,Larkana,Energy Saver Philips 14 Watt,"[370.0, 370.0, 370.0, 370.0, 370.0, 370.0, 370.0, 370.0, 370.0, 370.0, 370.0, 370.0]","[1, 2, 3, 4, 5, 6, 7, 8, 9, 10, 11, 12]","[0.0, 0.0, 0.0, 0.0, 0.0, 0.0, 0.0, 0.0, 0.0, 0.0, 0.0]","[0.0, 0.0, 0.0, 0.0, 0.0, 0.0, 0.0, 0.0, 0.0, 0.0, 0.0]",11
W2,Larkana,Firewood Whole,"[866.35, 874.64, 883.01, 883.01, 883.01, 883.01, 883.01, 883.01, 883.01, 883.01, 883.01, 883.01]","[1, 2, 3, 4, 5, 6, 7, 8, 9, 10, 11, 12]","[8.29, 8.37, 0.0, 0.0, 0.0, 0.0, 0.0, 0.0, 0.0, 0.0, 0.0]","[0.009569, 0.00957, 0.0, 0.0, 0.0, 0.0, 0.0, 0.0, 0.0, 0.0, 0.0]",11
W2,Larkana,Garlic (Lehsun),"[548.67, 589.92, 518.89, 376.27, 394.9, 434.95, 489.04, 542.64, 596.59, 594.94, 600.0, 591.47]","[1, 2, 3, 4, 5, 6, 7, 8, 9, 10, 11, 12]","[41.25, -71.03, -142.62, 18.63, 40.05, 54.09, 53.6, 53.95, -1.65, 5.06, -8.53]","[0.075182, -0.120406, -0.274856, 0.049512, 0.101418, 0.124359, 0.109602, 0.099421, -0.002766, 0.008505, -0.014217]",11
W2,Larkana,Gas Charges upto 3.3719 MMBTU,"[1976.5, 1976.5, 1976.5, 1976.5, 1976.5, 1976.5, 1976.5, 1976.5, 1976.5, 1976.5, 1976.5, 1976.5]","[1, 2, 3, 4, 5, 6, 7, 8, 9, 10, 11, 12]","[0.0, 0.0, 0.0, 0.0, 0.0, 0.0, 0.0, 0.0, 0.0, 0.0, 0.0]","[0.0, 0.0, 0.0, 0.0, 0.0, 0.0, 0.0, 0.0, 0.0, 0.0, 0.0]",11
W2,Larkana,Gents Sandal Bata,"[2299.0, 2499.0, 2499.0, 2499.0, 2499.0, 2499.0, 2499.0, 2499.0, 2499.0, 2499.0, 2499.0, 2499.0]","[1, 2, 3, 4, 5, 6, 7, 8, 9, 10, 11, 12]","[200.0, 0.0, 0.0, 0.0, 0.0, 0.0, 0.0, 0.0, 0.0, 0.0, 0.0]","[0.086994, 0.0, 0.0, 0.0, 0.0, 0.0, 0.0, 0.0, 0.0, 0.0, 0.0]",11
W2,Larkana,Gents Sponge Chappal Bata,"[599.0, 599.0, 599.0, 599.0, 599.0, 599.0, 599.0, 599.0, 599.0, 599.0, 599.0, 599.0]","[1, 2, 3, 4, 5, 6, 7, 8, 9, 10, 11, 12]","[0.0, 0.0, 0.0, 0.0, 0.0, 0.0, 0.0, 0.0, 0.0, 0.0, 0.0]","[0.0, 0.0, 0.0, 0.0, 0.0, 0.0, 0.0, 0.0, 0.0, 0.0, 0.0]",11
W2,Larkana,Georgette (Average Quality),"[265.66, 265.66, 265.66, 265.66, 265.66, 265.66, 265.66, 265.66, 265.66, 265.66, 265.66, 265.66]","[1, 2, 3, 4, 5, 6, 7, 8, 9, 10, 11, 12]","[0.0, 0.0, 0.0, 0.0, 0.0, 0.0, 0.0, 0.0, 0.0, 0.0, 0.0]","[0.0, 0.0, 0.0, 0.0, 0.0, 0.0, 0.0, 0.0, 0.0, 0.0, 0.0]",11
W2,Larkana,Gur (Average Quality),"[169.81, 173.27, 167.95, 182.32, 176.32, 177.24, 180.0, 171.76, 174.93, 169.9, 175.93, 173.27]","[1, 2, 3, 4, 5, 6, 7, 8, 9, 10, 11, 12]","[3.46, -5.32, 14.37, -6.0, 0.92, 2.76, -8.24, 3.17, -5.03, 6.03, -2.66]","[0.020376, -0.030704, 0.085561, -0.032909, 0.005218, 0.015572, -0.045778, 0.018456, -0.028754, 0.035491, -0.01512]",11
W2,Larkana,Hi-Speed Diesel,"[287.59, 287.43, 278.35, 270.18, 281.73, 270.03, 257.49, 250.59, 256.5, 258.17, 261.16, 267.22]","[1, 2, 3, 4, 5, 6, 7, 8, 9, 10, 11, 12]","[-0.16, -9.08, -8.17, 11.55, -11.7, -12.54, -6.9, 5.91, 1.67, 2.99, 6.06]","[-0.000556, -0.03159, -0.029352, 0.042749, -0.041529, -0.046439, -0.026797, 0.023584, 0.006511, 0.011582, 0.023204]",11
W2,Larkana,LPG 11.67 kg Cylinder,"[3289.58, 3276.66, 2935.07, 2866.89, 3150.0, 3150.0, 3150.0, 3150.0, 3401.22, 3369.97, 3325.54, 3199.44]","[1, 2, 3, 4, 5, 6, 7, 8, 9, 10, 11, 12]","[-12.92, -341.59, -68.18, 283.11, 0.0, 0.0, 0.0, 251.22, -31.25, -44.43, -126.1]","[-0.003928, -0.104249, -0.023229, 0.098752, 0.0, 0.0, 0.0, 0.079752, -0.009188, -0.013184, -0.037919]",11
W2,Larkana,Ladies Sandal Bata,"[799.0, 899.0, 899.0, 899.0, 899.0, 899.0, 899.0, 899.0, 1121.47, 1399.0, 1399.0, 1399.0]","[1, 2, 3, 4, 5, 6, 7, 8, 9, 10, 11, 12]","[100.0, 0.0, 0.0, 0.0, 0.0, 0.0, 0.0, 222.47, 277.53, 0.0, 0.0]","[0.125156, 0.0, 0.0, 0.0, 0.0, 0.0, 0.0, 0.247464, 0.24747, 0.0, 0.0]",11
W2,Larkana,Lawn Printed Gul Ahmed/Al Karam,"[532.8, 532.8, 532.8, 532.8, 532.8, 532.8, 532.8, 532.8, 532.8, 532.8, 532.8, 532.8]","[1, 2, 3, 4, 5, 6, 7, 8, 9, 10, 11, 12]","[0.0, 0.0, 0.0, 0.0, 0.0, 0.0, 0.0, 0.0, 0.0, 0.0, 0.0]","[0.0, 0.0, 0.0, 0.0, 0.0, 0.0, 0.0, 0.0, 0.0, 0.0, 0.0]",11
W2,Larkana,"Long Cloth 57"" Gul Ahmed/Al Karam","[516.14, 516.14, 516.14, 516.14, 516.14, 516.14, 516.14, 516.14, 516.14, 516.14, 516.14, 516.14]","[1, 2, 3, 4, 5, 6, 7, 8, 9, 10, 11, 12]","[0.0, 0.0, 0.0, 0.0, 0.0, 0.0, 0.0, 0.0, 0.0, 0.0, 0.0]","[0.0, 0.0, 0.0, 0.0, 0.0, 0.0, 0.0, 0.0, 0.0, 0.0, 0.0]",11
W2,Larkana,Match Box,"[7.0, 7.0, 7.0, 7.0, 7.0, 7.0, 7.0, 7.0, 7.0, 7.0, 7.0, 7.0]","[1, 2, 3, 4, 5, 6, 7, 8, 9, 10, 11, 12]","[0.0, 0.0, 0.0, 0.0, 0.0, 0.0, 0.0, 0.0, 0.0, 0.0, 0.0]","[0.0, 0.0, 0.0, 0.0, 0.0, 0.0, 0.0, 0.0, 0.0, 0.0, 0.0]",11
W2,Larkana,Milk fresh (Un-boiled),"[213.12, 213.12, 226.47, 226.47, 226.47, 226.47, 233.14, 233.14, 233.14, 233.14, 233.14, 233.14]","[1, 2, 3, 4, 5, 6, 7, 8, 9, 10, 11, 12]","[0.0, 13.35, 0.0, 0.0, 0.0, 6.67, 0.0, 0.0, 0.0, 0.0, 0.0]","[0.0, 0.062641, 0.0, 0.0, 0.0, 0.029452, 0.0, 0.0, 0.0, 0.0, 0.0]",11
W2,Larkana,Mustard Oil (Average Quality),"[501.57, 496.48, 485.25, 500.0, 500.0, 500.0, 493.24, 493.24, 518.3, 594.94, 600.0, 552.63]","[1, 2, 3, 4, 5, 6, 7, 8, 9, 10, 11, 12]","[-5.09, -11.23, 14.75, 0.0, 0.0, -6.76, 0.0, 25.06, 76.64, 5.06, -47.37]","[-0.010148, -0.022619, 0.030397, 0.0, 0.0, -0.01352, 0.0, 0.050807, 0.147868, 0.008505, -0.07895]",11
W2,Larkana,Mutton (Average Quality),"[1766.03, 1815.36, 1866.06, 1915.87, 1932.77, 1932.77, 1932.77, 1932.77, 1949.36, 1974.52, 2000.0, 2000.0]","[1, 2, 3, 4, 5, 6, 7, 8, 9, 10, 11, 12]","[49.33, 50.7, 49.81, 16.9, 0.0, 0.0, 0.0, 16.59, 25.16, 25.48, 0.0]","[0.027933, 0.027928, 0.026693, 0.008821, 0.0, 0.0, 0.0, 0.008584, 0.012907, 0.012904, 0.0]",11
W2,Larkana,Onions,"[196.19, 154.09, 110.12, 127.95, 102.51, 130.81, 144.8, 147.76, 140.2, 130.29, 111.04, 75.67]","[1, 2, 3, 4, 5, 6, 7, 8, 9, 10, 11, 12]","[-42.1, -43.97, 17.83, -25.44, 28.3, 13.99, 2.96, -7.56, -9.91, -19.25, -35.37]","[-0.214588, -0.285353, 0.161914, -0.198828, 0.276071, 0.106949, 0.020442, -0.051164, -0.070685, -0.147747, -0.318534]",11
W2,Larkana,Petrol Super,"[280.89, 292.81, 280.3, 264.34, 271.77, 265.62, 255.05, 248.0, 250.1, 253.36, 255.97, 257.9]","[1, 2, 3, 4, 5, 6, 7, 8, 9, 10, 11, 12]","[11.92, -12.51, -15.96, 7.43, -6.15, -10.57, -7.05, 2.1, 3.26, 2.61, 1.93]","[0.042437, -0.042724, -0.056939, 0.028108, -0.022629, -0.039794, -0.027642, 0.008468, 0.013035, 0.010302, 0.00754]",11
W2,Larkana,Potatoes,"[56.46, 56.78, 66.47, 77.38, 80.0, 83.86, 84.02, 80.0, 86.18, 90.33, 72.83, 53.94]","[1, 2, 3, 4, 5, 6, 7, 8, 9, 10, 11, 12]","[0.32, 9.69, 10.91, 2.62, 3.86, 0.16, -4.02, 6.18, 4.15, -17.5, -18.89]","[0.005668, 0.170659, 0.164134, 0.033859, 0.04825, 0.001908, -0.047846, 0.07725, 0.048155, -0.193734, -0.259371]",11
W2,Larkana,Powdered Milk NIDO 390 gm Polybag,"[820.0, 820.0, 840.0, 840.0, 978.81, 1030.0, 1030.0, 1030.0, 1030.0, 1030.0, 1030.0, 1030.0]","[1, 2, 3, 4, 5, 6, 7, 8, 9, 10, 11, 12]","[0.0, 20.0, 0.0, 138.81, 51.19, 0.0, 0.0, 0.0, 0.0, 0.0, 0.0]","[0.0, 0.02439, 0.0, 0.16525, 0.052298, 0.0, 0.0, 0.0, 0.0, 0.0, 0.0]",11
W2,Larkana,Pulse Gram,"[240.0, 240.0, 256.83, 293.21, 329.32, 364.45, 360.0, 381.13, 383.04, 369.16, 370.66, 355.68]","[1, 2, 3, 4, 5, 6, 7, 8, 9, 10, 11, 12]","[0.0, 16.83, 36.38, 36.11, 35.13, -4.45, 21.13, 1.91, -13.88, 1.5, -14.98]","[0.0, 0.070125, 0.14165, 0.123154, 0.106674, -0.01221, 0.058694, 0.005011, -0.036236, 0.004063, -0.040414]",11
W2,Larkana,Pulse Mash (Washed),"[558.86, 548.13, 540.0, 540.0, 542.48, 571.77, 557.16, 575.94, 548.25, 544.95, 552.59, 554.1]","[1, 2, 3, 4, 5, 6, 7, 8, 9, 10, 11, 12]","[-10.73, -8.13, 0.0, 2.48, 29.29, -14.61, 18.78, -27.69, -3.3, 7.64, 1.51]","[-0.0192, -0.014832, 0.0, 0.004593, 0.053993, -0.025552, 0.033707, -0.048078, -0.006019, 0.01402, 0.002733]",11
W2,Larkana,Pulse Masoor (Washed),"[317.44, 320.0, 311.84, 299.77, 316.5, 305.83, 284.87, 282.61, 292.96, 280.0, 282.59, 280.0]","[1, 2, 3, 4, 5, 6, 7, 8, 9, 10, 11, 12]","[2.56, -8.16, -12.07, 16.73, -10.67, -20.96, -2.26, 10.35, -12.96, 2.59, -2.59]","[0.008065, -0.0255, -0.038706, 0.055809, -0.033712, -0.068535, -0.007933, 0.036623, -0.044238, 0.00925, -0.009165]",11
W2,Larkana,Pulse Moong (Washed),"[318.28, 323.25, 321.3, 320.0, 329.75, 332.63, 338.11, 326.84, 401.4, 393.09, 397.14, 411.47]","[1, 2, 3, 4, 5, 6, 7, 8, 9, 10, 11, 12]","[4.97, -1.95, -1.3, 9.75, 2.88, 5.48, -11.27, 74.56, -8.31, 4.05, 14.33]","[0.015615, -0.006032, -0.004046, 0.030469, 0.008734, 0.016475, -0.033332, 0.228124, -0.020703, 0.010303, 0.036083]",11
W2,Larkana,Rice Basmati Broken (Average Quality),"[261.61, 264.12, 263.9, 246.62, 253.29, 253.29, 256.62, 256.62, 255.75, 249.02, 237.94, 236.62]","[1, 2, 3, 4, 5, 6, 7, 8, 9, 10, 11, 12]","[2.51, -0.22, -17.28, 6.67, 0.0, 3.33, 0.0, -0.87, -6.73, -11.08, -1.32]","[0.009594, -0.000833, -0.065479, 0.027046, 0.0, 0.013147, 0.0, -0.00339, -0.026315, -0.044494, -0.005548]",11
W2,Larkana,Rice IRRI-6/9 (Sindh/Punjab),"[156.59, 156.59, 149.27, 123.24, 129.14, 130.0, 130.0, 130.0, 130.0, 128.28, 117.87, 116.57]","[1, 2, 3, 4, 5, 6, 7, 8, 9, 10, 11, 12]","[0.0, -7.32, -26.03, 5.9, 0.86, 0.0, 0.0, 0.0, -1.72, -10.41, -1.3]","[0.0, -0.046746, -0.174382, 0.047874, 0.006659, 0.0, 0.0, 0.0, -0.013231, -0.081151, -0.011029]",11
W2,Larkana,Salt Powdered (NATIONAL/SHAN) 800 gm Packet,"[70.0, 70.0, 70.0, 70.0, 70.0, 70.0, 70.0, 70.0, 70.0, 70.0, 70.0, 70.0]","[1, 2, 3, 4, 5, 6, 7, 8, 9, 10, 11, 12]","[0.0, 0.0, 0.0, 0.0, 0.0, 0.0, 0.0, 0.0, 0.0, 0.0, 0.0]","[0.0, 0.0, 0.0, 0.0, 0.0, 0.0, 0.0, 0.0, 0.0, 0.0, 0.0]",11
W2,Larkana,Shirting (Average Quality),"[313.19, 313.19, 313.19, 313.19, 313.19, 313.19, 313.19, 313.19, 313.19, 313.19, 313.19, 313.19]","[1, 2, 3, 4, 5, 6, 7, 8, 9, 10, 11, 12]","[0.0, 0.0, 0.0, 0.0, 0.0, 0.0, 0.0, 0.0, 0.0, 0.0, 0.0]","[0.0, 0.0, 0.0, 0.0, 0.0, 0.0, 0.0, 0.0, 0.0, 0.0, 0.0]",11
W2,Larkana,Sufi Washing Soap 250 gm Cake,"[120.0, 120.0, 120.0, 120.0, 120.0, 120.0, 120.0, 120.0, 120.0, 120.0, 120.0, 120.0]","[1, 2, 3, 4, 5, 6, 7, 8, 9, 10, 11, 12]","[0.0, 0.0, 0.0, 0.0, 0.0, 0.0, 0.0, 0.0, 0.0, 0.0, 0.0]","[0.0, 0.0, 0.0, 0.0, 0.0, 0.0, 0.0, 0.0, 0.0, 0.0, 0.0]",11
W2,Larkana,Sugar Refined,"[141.4, 140.0, 140.0, 140.0, 140.0, 140.0, 140.0, 132.15, 130.0, 130.0, 135.88, 150.82]","[1, 2, 3, 4, 5, 6, 7, 8, 9, 10, 11, 12]","[-1.4, 0.0, 0.0, 0.0, 0.0, 0.0, -7.85, -2.15, 0.0, 5.88, 14.94]","[-0.009901, 0.0, 0.0, 0.0, 0.0, 0.0, -0.056071, -0.016269, 0.0, 0.045231, 0.10995]",11
W2,Larkana,Tea Lipton Yellow Label 190 gm Packet,"[542.85, 542.85, 542.85, 542.85, 542.85, 542.85, 542.85, 542.85, 542.85, 542.85, 542.85, 517.13]","[1, 2, 3, 4, 5, 6, 7, 8, 9, 10, 11, 12]","[0.0, 0.0, 0.0, 0.0, 0.0, 0.0, 0.0, 0.0, 0.0, 0.0, -25.72]","[0.0, 0.0, 0.0, 0.0, 0.0, 0.0, 0.0, 0.0, 0.0, 0.0, -0.04738]",11
W2,Larkana,Tea Prepared Ordinary,"[60.0, 61.56, 67.87, 70.0, 70.0, 70.0, 70.0, 70.0, 70.0, 70.0, 70.0, 70.0]","[1, 2, 3, 4, 5, 6, 7, 8, 9, 10, 11, 12]","[1.56, 6.31, 2.13, 0.0, 0.0, 0.0, 0.0, 0.0, 0.0, 0.0, 0.0]","[0.026, 0.102502, 0.031384, 0.0, 0.0, 0.0, 0.0, 0.0, 0.0, 0.0, 0.0]",11
W2,Larkana,Telephone Call Charges,"[1.79, 1.79, 1.79, 1.79, 1.79, 1.79, 1.79, 1.79, 1.79, 1.79, 1.79, 1.79]","[1, 2, 3, 4, 5, 6, 7, 8, 9, 10, 11, 12]","[0.0, 0.0, 0.0, 0.0, 0.0, 0.0, 0.0, 0.0, 0.0, 0.0, 0.0]","[0.0, 0.0, 0.0, 0.0, 0.0, 0.0, 0.0, 0.0, 0.0, 0.0, 0.0]",11
W2,Larkana,Toilet Soap LIFEBUOY 115 gm,"[118.6, 118.6, 118.6, 118.6, 118.6, 118.6, 118.6, 118.6, 118.6, 118.6, 118.6, 118.6]","[1, 2, 3, 4, 5, 6, 7, 8, 9, 10, 11, 12]","[0.0, 0.0, 0.0, 0.0, 0.0, 0.0, 0.0, 0.0, 0.0, 0.0, 0.0]","[0.0, 0.0, 0.0, 0.0, 0.0, 0.0, 0.0, 0.0, 0.0, 0.0, 0.0]",11
W2,Larkana,Tomatoes,"[111.78, 77.69, 52.21, 114.87, 147.51, 142.24, 123.71, 150.33, 157.48, 160.78, 105.14, 42.71]","[1, 2, 3, 4, 5, 6, 7, 8, 9, 10, 11, 12]","[-34.09, -25.48, 62.66, 32.64, -5.27, -18.53, 26.62, 7.15, 3.3, -55.64, -62.43]","[-0.304974, -0.32797, 1.200153, 0.284147, -0.035726, -0.130273, 0.215181, 0.047562, 0.020955, -0.346063, -0.59378]",11
W2,Larkana,Vegetable Ghee DALDA/HABIB 2.5 kg Tin,"[1310.48, 1285.0, 1304.96, 1310.0, 1310.0, 1310.0, 1310.0, 1310.0, 1366.29, 1461.01, 1500.0, 1492.48]","[1, 2, 3, 4, 5, 6, 7, 8, 9, 10, 11, 12]","[-25.48, 19.96, 5.04, 0.0, 0.0, 0.0, 0.0, 56.29, 94.72, 38.99, -7.52]","[-0.019443, 0.015533, 0.003862, 0.0, 0.0, 0.0, 0.0, 0.042969, 0.069326, 0.026687, -0.005013]",11
W2,Larkana,Vegetable Ghee DALDA/HABIB or Other Superior Quality 1 kg Pouch,"[499.0, 499.0, 506.98, 509.0, 509.0, 511.39, 515.0, 516.98, 546.56, 572.96, 585.0, 581.99]","[1, 2, 3, 4, 5, 6, 7, 8, 9, 10, 11, 12]","[0.0, 7.98, 2.02, 0.0, 2.39, 3.61, 1.98, 29.58, 26.4, 12.04, -3.01]","[0.0, 0.015992, 0.003984, 0.0, 0.004695, 0.007059, 0.003845, 0.057217, 0.048302, 0.021014, -0.005145]",11
W2,Larkana,Wheat Flour Bag,"[2674.65, 2474.97, 1879.0, 1772.89, 1926.27, 1859.35, 1724.82, 1852.2, 1857.27, 1788.07, 1779.85, 1763.32]","[1, 2, 3, 4, 5, 6, 7, 8, 9, 10, 11, 12]","[-199.68, -595.97, -106.11, 153.38, -66.92, -134.53, 127.38, 5.07, -69.2, -8.22, -16.53]","[-0.074656, -0.240799, -0.056472, 0.086514, -0.034741, -0.072353, 0.073851, 0.002737, -0.037259, -0.004597, -0.009287]",11
W2,Multan,Bananas (Kela) Local,"[242.64, 206.67, 192.38, 210.88, 217.78, 172.47, 163.79, 149.15, 146.43, 146.43, 158.47, 227.07]","[1, 2, 3, 4, 5, 6, 7, 8, 9, 10, 11, 12]","[-35.97, -14.29, 18.5, 6.9, -45.31, -8.68, -14.64, -2.72, 0.0, 12.04, 68.6]","[-0.148244, -0.069144, 0.096164, 0.03272, -0.208054, -0.050328, -0.089383, -0.018237, 0.0, 0.082224, 0.43289]",11
W2,Multan,Beef with Bone (Average Quality),"[878.82, 900.0, 929.16, 977.46, 985.86, 988.67, 996.82, 1021.66, 1051.92, 1083.07, 1083.07, 1102.03]","[1, 2, 3, 4, 5, 6, 7, 8, 9, 10, 11, 12]","[21.18, 29.16, 48.3, 8.4, 2.81, 8.15, 24.84, 30.26, 31.15, 0.0, 18.96]","[0.0241, 0.0324, 0.051982, 0.008594, 0.00285, 0.008243, 0.024919, 0.029618, 0.029613, 0.0, 0.017506]",11
W2,Multan,Bread plain (Small Size),"[120.0, 120.0, 120.0, 110.0, 110.0, 110.0, 110.0, 110.0, 110.0, 110.0, 110.0, 110.0]","[1, 2, 3, 4, 5, 6, 7, 8, 9, 10, 11, 12]","[0.0, 0.0, -10.0, 0.0, 0.0, 0.0, 0.0, 0.0, 0.0, 0.0, 0.0]","[0.0, 0.0, -0.083333, 0.0, 0.0, 0.0, 0.0, 0.0, 0.0, 0.0, 0.0]",11
W2,Multan,Chicken Farm Broiler (Live),"[416.03, 456.95, 331.29, 320.76, 363.42, 434.99, 420.74, 424.82, 365.03, 342.26, 433.17, 441.18]","[1, 2, 3, 4, 5, 6, 7, 8, 9, 10, 11, 12]","[40.92, -125.66, -10.53, 42.66, 71.57, -14.25, 4.08, -59.79, -22.77, 90.91, 8.01]","[0.098358, -0.274997, -0.031785, 0.132997, 0.196935, -0.032759, 0.009697, -0.140742, -0.062378, 0.265617, 0.018492]",11
W2,Multan,Chilies Powder NATIONAL 200 gm Packet,"[400.0, 378.3, 320.0, 320.0, 320.0, 320.0, 320.0, 320.0, 320.0, 320.0, 320.0, 320.0]","[1, 2, 3, 4, 5, 6, 7, 8, 9, 10, 11, 12]","[-21.7, -58.3, 0.0, 0.0, 0.0, 0.0, 0.0, 0.0, 0.0, 0.0, 0.0]","[-0.05425, -0.15411, 0.0, 0.0, 0.0, 0.0, 0.0, 0.0, 0.0, 0.0, 0.0]",11
W2,Multan,Cigarettes Capstan 20'S Packet,"[220.0, 220.0, 220.0, 220.0, 220.0, 220.0, 220.0, 220.0, 220.0, 220.0, 220.0, 224.84]","[1, 2, 3, 4, 5, 6, 7, 8, 9, 10, 11, 12]","[0.0, 0.0, 0.0, 0.0, 0.0, 0.0, 0.0, 0.0, 0.0, 0.0, 4.84]","[0.0, 0.0, 0.0, 0.0, 0.0, 0.0, 0.0, 0.0, 0.0, 0.0, 0.022]",11
W2,Multan,Cooked Beef at Average Hotel,"[300.0, 300.0, 300.0, 300.0, 300.0, 300.0, 300.0, 300.0, 300.0, 300.0, 300.0, 300.0]","[1, 2, 3, 4, 5, 6, 7, 8, 9, 10, 11, 12]","[0.0, 0.0, 0.0, 0.0, 0.0, 0.0, 0.0, 0.0, 0.0, 0.0, 0.0]","[0.0, 0.0, 0.0, 0.0, 0.0, 0.0, 0.0, 0.0, 0.0, 0.0, 0.0]",11
W2,Multan,Cooked Daal at Average Hotel,"[122.07, 125.01, 134.28, 134.28, 134.28, 134.28, 134.28, 134.28, 134.28, 134.28, 138.32, 141.08]","[1, 2, 3, 4, 5, 6, 7, 8, 9, 10, 11, 12]","[2.94, 9.27, 0.0, 0.0, 0.0, 0.0, 0.0, 0.0, 0.0, 4.04, 2.76]","[0.024085, 0.074154, 0.0, 0.0, 0.0, 0.0, 0.0, 0.0, 0.0, 0.030086, 0.019954]",11
W2,Multan,"Cooking Oil DALDA or Other Similar Brand (SN), 5 Litre Tin","[2707.41, 2695.0, 2695.0, 2695.0, 2695.0, 2695.0, 2695.0, 2695.0, 2695.0, 2796.94, 2895.0, 2945.0]","[1, 2, 3, 4, 5, 6, 7, 8, 9, 10, 11, 12]","[-12.41, 0.0, 0.0, 0.0, 0.0, 0.0, 0.0, 0.0, 101.94, 98.06, 50.0]","[-0.004584, 0.0, 0.0, 0.0, 0.0, 0.0, 0.0, 0.0, 0.037826, 0.03506, 0.017271]",11
W2,Multan,Curd (Dahi) Loose,"[217.68, 217.68, 217.68, 217.68, 222.14, 224.83, 225.5, 225.5, 225.5, 225.5, 225.5, 225.5]","[1, 2, 3, 4, 5, 6, 7, 8, 9, 10, 11, 12]","[0.0, 0.0, 0.0, 4.46, 2.69, 0.67, 0.0, 0.0, 0.0, 0.0, 0.0]","[0.0, 0.0, 0.0, 0.020489, 0.012109, 0.00298, 0.0, 0.0, 0.0, 0.0, 0.0]",11
W2,Multan,Eggs Hen (Farm),"[260.6, 243.72, 239.58, 234.67, 236.94, 282.05, 286.6, 295.25, 342.5, 336.22, 265.75, 249.8]","[1, 2, 3, 4, 5, 6, 7, 8, 9, 10, 11, 12]","[-16.88, -4.14, -4.91, 2.27, 45.11, 4.55, 8.65, 47.25, -6.28, -70.47, -15.95]","[-0.064774, -0.016987, -0.020494, 0.009673, 0.190386, 0.016132, 0.030181, 0.160034, -0.018336, -0.209595, -0.060019]",11
W2,Multan,Electricity Charges upto 50 Units,"[7.4, 7.13, 6.87, 7.32, 7.47, 6.29, 6.48, 6.55, 6.55, 6.55, 6.05, 6.0]","[1, 2, 3, 4, 5, 6, 7, 8, 9, 10, 11, 12]","[-0.27, -0.26, 0.45, 0.15, -1.18, 0.19, 0.07, 0.0, 0.0, -0.5, -0.05]","[-0.036486, -0.036466, 0.065502, 0.020492, -0.157965, 0.030207, 0.010802, 0.0, 0.0, -0.076336, -0.008264]",11
W2,Multan,Energy Saver Philips 14 Watt,"[575.0, 575.0, 575.0, 575.0, 575.0, 575.0, 575.0, 575.0, 575.0, 575.0, 575.0, 575.0]","[1, 2, 3, 4, 5, 6, 7, 8, 9, 10, 11, 12]","[0.0, 0.0, 0.0, 0.0, 0.0, 0.0, 0.0, 0.0, 0.0, 0.0, 0.0]","[0.0, 0.0, 0.0, 0.0, 0.0, 0.0, 0.0, 0.0, 0.0, 0.0, 0.0]",11
W2,Multan,Firewood Whole,"[1440.97, 1440.97, 1440.97, 1440.97, 1440.97, 1440.97, 1440.97, 1440.97, 1440.97, 1440.97, 1440.97, 1440.97]","[1, 2, 3, 4, 5, 6, 7, 8, 9, 10, 11, 12]","[0.0, 0.0, 0.0, 0.0, 0.0, 0.0, 0.0, 0.0, 0.0, 0.0, 0.0]","[0.0, 0.0, 0.0, 0.0, 0.0, 0.0, 0.0, 0.0, 0.0, 0.0, 0.0]",11
W2,Multan,Garlic (Lehsun),"[604.32, 604.32, 567.41, 420.92, 424.51, 524.16, 557.58, 598.54, 711.48, 752.15, 752.15, 735.84]","[1, 2, 3, 4, 5, 6, 7, 8, 9, 10, 11, 12]","[0.0, -36.91, -146.49, 3.59, 99.65, 33.42, 40.96, 112.94, 40.67, 0.0, -16.31]","[0.0, -0.061077, -0.258173, 0.008529, 0.234741, 0.063759, 0.07346, 0.188692, 0.057163, 0.0, -0.021685]",11
W2,Multan,Gas Charges upto 3.3719 MMBTU,"[1976.5, 1976.5, 1976.5, 1976.5, 1976.5, 1976.5, 1976.5, 1976.5, 1976.5, 1976.5, 1976.5, 1976.5]","[1, 2, 3, 4, 5, 6, 7, 8, 9, 10, 11, 12]","[0.0, 0.0, 0.0, 0.0, 0.0, 0.0, 0.0, 0.0, 0.0, 0.0, 0.0]","[0.0, 0.0, 0.0, 0.0, 0.0, 0.0, 0.0, 0.0, 0.0, 0.0, 0.0]",11
W2,Multan,Gents Sandal Bata,"[2299.0, 2499.0, 2499.0, 2499.0, 2499.0, 2499.0, 2499.0, 2499.0, 2499.0, 2499.0, 2499.0, 2499.0]","[1, 2, 3, 4, 5, 6, 7, 8, 9, 10, 11, 12]","[200.0, 0.0, 0.0, 0.0, 0.0, 0.0, 0.0, 0.0, 0.0, 0.0, 0.0]","[0.086994, 0.0, 0.0, 0.0, 0.0, 0.0, 0.0, 0.0, 0.0, 0.0, 0.0]",11
W2,Multan,Gents Sponge Chappal Bata,"[599.0, 599.0, 599.0, 599.0, 599.0, 599.0, 599.0, 599.0, 599.0, 599.0, 599.0, 599.0]","[1, 2, 3, 4, 5, 6, 7, 8, 9, 10, 11, 12]","[0.0, 0.0, 0.0, 0.0, 0.0, 0.0, 0.0, 0.0, 0.0, 0.0, 0.0]","[0.0, 0.0, 0.0, 0.0, 0.0, 0.0, 0.0, 0.0, 0.0, 0.0, 0.0]",11
W2,Multan,Georgette (Average Quality),"[251.09, 251.09, 251.09, 327.54, 327.54, 327.54, 327.54, 327.54, 327.54, 327.54, 327.54, 327.54]","[1, 2, 3, 4, 5, 6, 7, 8, 9, 10, 11, 12]","[0.0, 0.0, 76.45, 0.0, 0.0, 0.0, 0.0, 0.0, 0.0, 0.0, 0.0]","[0.0, 0.0, 0.304472, 0.0, 0.0, 0.0, 0.0, 0.0, 0.0, 0.0, 0.0]",11
W2,Multan,Gur (Average Quality),"[222.18, 222.18, 222.18, 222.18, 222.18, 222.18, 222.18, 222.18, 222.18, 222.18, 222.18, 211.06]","[1, 2, 3, 4, 5, 6, 7, 8, 9, 10, 11, 12]","[0.0, 0.0, 0.0, 0.0, 0.0, 0.0, 0.0, 0.0, 0.0, 0.0, -11.12]","[0.0, 0.0, 0.0, 0.0, 0.0, 0.0, 0.0, 0.0, 0.0, 0.0, -0.05005]",11
W2,Multan,Hi-Speed Diesel,"[287.34, 287.17, 278.01, 269.91, 281.46, 269.73, 257.11, 250.27, 256.12, 257.89, 260.89, 266.8]","[1, 2, 3, 4, 5, 6, 7, 8, 9, 10, 11, 12]","[-0.17, -9.16, -8.1, 11.55, -11.73, -12.62, -6.84, 5.85, 1.77, 3.0, 5.91]","[-0.000592, -0.031897, -0.029136, 0.042792, -0.041676, -0.046788, -0.026603, 0.023375, 0.006911, 0.011633, 0.022653]",11
W2,Multan,LPG 11.67 kg Cylinder,"[3581.52, 3176.0, 2747.4, 2910.25, 3119.56, 3088.08, 2978.42, 3141.81, 3497.76, 3500.0, 3358.79, 3150.0]","[1, 2, 3, 4, 5, 6, 7, 8, 9, 10, 11, 12]","[-405.52, -428.6, 162.85, 209.31, -31.48, -109.66, 163.39, 355.95, 2.24, -141.21, -208.79]","[-0.113226, -0.13495, 0.059274, 0.071922, -0.010091, -0.035511, 0.054858, 0.113295, 0.00064, -0.040346, -0.062162]",11
W2,Multan,Ladies Sandal Bata,"[799.0, 899.0, 899.0, 899.0, 899.0, 899.0, 899.0, 899.0, 1121.47, 1399.0, 1399.0, 1399.0]","[1, 2, 3, 4, 5, 6, 7, 8, 9, 10, 11, 12]","[100.0, 0.0, 0.0, 0.0, 0.0, 0.0, 0.0, 222.47, 277.53, 0.0, 0.0]","[0.125156, 0.0, 0.0, 0.0, 0.0, 0.0, 0.0, 0.247464, 0.24747, 0.0, 0.0]",11
W2,Multan,Lawn Printed Gul Ahmed/Al Karam,"[586.0, 586.0, 586.0, 655.0, 655.0, 655.0, 655.0, 655.0, 655.0, 655.0, 655.0, 655.0]","[1, 2, 3, 4, 5, 6, 7, 8, 9, 10, 11, 12]","[0.0, 0.0, 69.0, 0.0, 0.0, 0.0, 0.0, 0.0, 0.0, 0.0, 0.0]","[0.0, 0.0, 0.117747, 0.0, 0.0, 0.0, 0.0, 0.0, 0.0, 0.0, 0.0]",11
W2,Multan,"Long Cloth 57"" Gul Ahmed/Al Karam","[670.0, 670.0, 721.49, 758.0, 758.0, 758.0, 758.0, 758.0, 758.0, 758.0, 758.0, 758.0]","[1, 2, 3, 4, 5, 6, 7, 8, 9, 10, 11, 12]","[0.0, 51.49, 36.51, 0.0, 0.0, 0.0, 0.0, 0.0, 0.0, 0.0, 0.0]","[0.0, 0.076851, 0.050604, 0.0, 0.0, 0.0, 0.0, 0.0, 0.0, 0.0, 0.0]",11
W2,Multan,Match Box,"[7.0, 7.0, 7.0, 7.0, 7.0, 7.0, 7.0, 7.0, 7.0, 7.0, 7.0, 7.0]","[1, 2, 3, 4, 5, 6, 7, 8, 9, 10, 11, 12]","[0.0, 0.0, 0.0, 0.0, 0.0, 0.0, 0.0, 0.0, 0.0, 0.0, 0.0]","[0.0, 0.0, 0.0, 0.0, 0.0, 0.0, 0.0, 0.0, 0.0, 0.0, 0.0]",11
W2,Multan,Milk fresh (Un-boiled),"[176.6, 176.6, 176.6, 176.6, 182.13, 184.82, 185.49, 186.16, 189.67, 189.94, 189.94, 189.94]","[1, 2, 3, 4, 5, 6, 7, 8, 9, 10, 11, 12]","[0.0, 0.0, 0.0, 5.53, 2.69, 0.67, 0.67, 3.51, 0.27, 0.0, 0.0]","[0.0, 0.0, 0.0, 0.031314, 0.01477, 0.003625, 0.003612, 0.018855, 0.001424, 0.0, 0.0]",11
W2,Multan,Mustard Oil (Average Quality),"[483.41, 469.88, 469.88, 469.88, 469.88, 469.88, 469.88, 481.3, 547.48, 571.81, 620.0, 589.75]","[1, 2, 3, 4, 5, 6, 7, 8, 9, 10, 11, 12]","[-13.53, 0.0, 0.0, 0.0, 0.0, 0.0, 11.42, 66.18, 24.33, 48.19, -30.25]","[-0.027989, 0.0, 0.0, 0.0, 0.0, 0.0, 0.024304, 0.137503, 0.04444, 0.084276, -0.04879]",11
W2,Multan,Mutton (Average Quality),"[1882.62, 1911.0, 1943.93, 1994.38, 1994.38, 1994.38, 1994.38, 1994.38, 2046.51, 2100.0, 2100.0, 2108.16]","[1, 2, 3, 4, 5, 6, 7, 8, 9, 10, 11, 12]","[28.38, 32.93, 50.45, 0.0, 0.0, 0.0, 0.0, 52.13, 53.49, 0.0, 8.16]","[0.015075, 0.017232, 0.025953, 0.0, 0.0, 0.0, 0.0, 0.026138, 0.026137, 0.0, 0.003886]",11
W2,Multan,Onions,"[190.83, 158.74, 108.51, 130.17, 104.14, 135.44, 157.16, 161.81, 155.16, 141.85, 108.78, 82.81]","[1, 2, 3, 4, 5, 6, 7, 8, 9, 10, 11, 12]","[-32.09, -50.23, 21.66, -26.03, 31.3, 21.72, 4.65, -6.65, -13.31, -33.07, -25.97]","[-0.16816, -0.316429, 0.199613, -0.199969, 0.300557, 0.160366, 0.029588, -0.041098, -0.085782, -0.233134, -0.238739]",11
W2,Multan,Petrol Super,"[280.62, 292.53, 280.04, 264.11, 271.49, 265.32, 255.05, 247.99, 249.38, 253.11, 255.74, 257.64]","[1, 2, 3, 4, 5, 6, 7, 8, 9, 10, 11, 12]","[11.91, -12.49, -15.93, 7.38, -6.17, -10.27, -7.06, 1.39, 3.73, 2.63, 1.9]","[0.042442, -0.042696, -0.056885, 0.027943, -0.022726, -0.038708, -0.027681, 0.005605, 0.014957, 0.010391, 0.007429]",11
W2,Multan,Potatoes,"[66.87, 69.88, 96.22, 100.0, 104.69, 118.32, 120.0, 120.0, 142.17, 131.53, 86.53, 62.89]","[1, 2, 3, 4, 5, 6, 7, 8, 9, 10, 11, 12]","[3.01, 26.34, 3.78, 4.69, 13.63, 1.68, 0.0, 22.17, -10.64, -45.0, -23.64]","[0.045013, 0.376932, 0.039285, 0.0469, 0.130194, 0.014199, 0.0, 0.18475, -0.07484, -0.342127, -0.2732]",11
W2,Multan,Powdered Milk NIDO 390 gm Polybag,"[820.0, 832.22, 870.0, 870.0, 1034.99, 1030.0, 1030.0, 1030.0, 1030.0, 1030.0, 1030.0, 1030.0]","[1, 2, 3, 4, 5, 6, 7, 8, 9, 10, 11, 12]","[12.22, 37.78, 0.0, 164.99, -4.99, 0.0, 0.0, 0.0, 0.0, 0.0, 0.0]","[0.014902, 0.045397, 0.0, 0.189644, -0.004821, 0.0, 0.0, 0.0, 0.0, 0.0, 0.0]",11
W2,Multan,Pulse Gram,"[266.19, 252.14, 254.54, 311.38, 352.69, 370.3, 403.28, 413.09, 387.04, 371.0, 367.43, 341.63]","[1, 2, 3, 4, 5, 6, 7, 8, 9, 10, 11, 12]","[-14.05, 2.4, 56.84, 41.31, 17.61, 32.98, 9.81, -26.05, -16.04, -3.57, -25.8]","[-0.052782, 0.009519, 0.223305, 0.132667, 0.049931, 0.089063, 0.024326, -0.063061, -0.041443, -0.009623, -0.070217]",11
W2,Multan,Pulse Mash (Washed),"[528.62, 528.62, 535.17, 574.06, 601.77, 601.77, 599.61, 566.24, 507.49, 490.39, 486.58, 479.81]","[1, 2, 3, 4, 5, 6, 7, 8, 9, 10, 11, 12]","[0.0, 6.55, 38.89, 27.71, 0.0, -2.16, -33.37, -58.75, -17.1, -3.81, -6.77]","[0.0, 0.012391, 0.072668, 0.04827, 0.0, -0.003589, -0.055653, -0.103755, -0.033695, -0.007769, -0.013913]",11
W2,Multan,Pulse Masoor (Washed),"[317.35, 303.72, 297.71, 306.19, 333.1, 333.1, 330.91, 309.25, 307.42, 307.42, 311.51, 314.26]","[1, 2, 3, 4, 5, 6, 7, 8, 9, 10, 11, 12]","[-13.63, -6.01, 8.48, 26.91, 0.0, -2.19, -21.66, -1.83, 0.0, 4.09, 2.75]","[-0.042949, -0.019788, 0.028484, 0.087887, 0.0, -0.006575, -0.065456, -0.005918, 0.0, 0.013304, 0.008828]",11
W2,Multan,Pulse Moong (Washed),"[304.37, 304.37, 304.37, 320.95, 352.75, 353.3, 353.3, 381.86, 376.74, 372.01, 424.28, 403.64]","[1, 2, 3, 4, 5, 6, 7, 8, 9, 10, 11, 12]","[0.0, 0.0, 16.58, 31.8, 0.55, 0.0, 28.56, -5.12, -4.73, 52.27, -20.64]","[0.0, 0.0, 0.054473, 0.099081, 0.001559, 0.0, 0.080838, -0.013408, -0.012555, 0.140507, -0.048647]",11
W2,Multan,Rice Basmati Broken (Average Quality),"[200.0, 200.0, 198.6, 193.1, 193.1, 193.1, 193.1, 193.1, 193.1, 193.1, 193.1, 193.1]","[1, 2, 3, 4, 5, 6, 7, 8, 9, 10, 11, 12]","[0.0, -1.4, -5.5, 0.0, 0.0, 0.0, 0.0, 0.0, 0.0, 0.0, 0.0]","[0.0, -0.007, -0.027694, 0.0, 0.0, 0.0, 0.0, 0.0, 0.0, 0.0, 0.0]",11
W2,Multan,Rice IRRI-6/9 (Sindh/Punjab),"[167.66, 167.66, 165.39, 156.59, 158.86, 158.86, 158.86, 158.86, 158.86, 158.86, 158.86, 158.86]","[1, 2, 3, 4, 5, 6, 7, 8, 9, 10, 11, 12]","[0.0, -2.27, -8.8, 2.27, 0.0, 0.0, 0.0, 0.0, 0.0, 0.0, 0.0]","[0.0, -0.013539, -0.053208, 0.014496, 0.0, 0.0, 0.0, 0.0, 0.0, 0.0, 0.0]",11
W2,Multan,Salt Powdered (NATIONAL/SHAN) 800 gm Packet,"[70.0, 70.0, 70.0, 70.0, 70.0, 70.0, 70.0, 70.0, 70.0, 70.0, 70.0, 70.0]","[1, 2, 3, 4, 5, 6, 7, 8, 9, 10, 11, 12]","[0.0, 0.0, 0.0, 0.0, 0.0, 0.0, 0.0, 0.0, 0.0, 0.0, 0.0]","[0.0, 0.0, 0.0, 0.0, 0.0, 0.0, 0.0, 0.0, 0.0, 0.0, 0.0]",11
W2,Multan,Shirting (Average Quality),"[520.7, 520.7, 520.7, 520.7, 520.7, 520.7, 520.7, 520.7, 520.7, 520.7, 520.7, 520.7]","[1, 2, 3, 4, 5, 6, 7, 8, 9, 10, 11, 12]","[0.0, 0.0, 0.0, 0.0, 0.0, 0.0, 0.0, 0.0, 0.0, 0.0, 0.0]","[0.0, 0.0, 0.0, 0.0, 0.0, 0.0, 0.0, 0.0, 0.0, 0.0, 0.0]",11
W2,Multan,Sufi Washing Soap 250 gm Cake,"[125.0, 125.0, 125.0, 125.0, 125.0, 125.0, 125.0, 125.0, 126.95, 133.0, 133.0, 133.0]","[1, 2, 3, 4, 5, 6, 7, 8, 9, 10, 11, 12]","[0.0, 0.0, 0.0, 0.0, 0.0, 0.0, 0.0, 1.95, 6.05, 0.0, 0.0]","[0.0, 0.0, 0.0, 0.0, 0.0, 0.0, 0.0, 0.0156, 0.047657, 0.0, 0.0]",11
W2,Multan,Sugar Refined,"[138.73, 139.38, 140.4, 140.0, 146.22, 143.28, 137.74, 132.28, 129.5, 136.72, 143.1, 154.75]","[1, 2, 3, 4, 5, 6, 7, 8, 9, 10, 11, 12]","[0.65, 1.02, -0.4, 6.22, -2.94, -5.54, -5.46, -2.78, 7.22, 6.38, 11.65]","[0.004685, 0.007318, -0.002849, 0.044429, -0.020107, -0.038666, -0.03964, -0.021016, 0.055753, 0.046665, 0.081412]",11
W2,Multan,Tea Lipton Yellow Label 190 gm Packet,"[542.85, 542.85, 542.85, 542.85, 542.85, 542.85, 542.85, 542.85, 542.85, 542.85, 542.85, 517.13]","[1, 2, 3, 4, 5, 6, 7, 8, 9, 10, 11, 12]","[0.0, 0.0, 0.0, 0.0, 0.0, 0.0, 0.0, 0.0, 0.0, 0.0, -25.72]","[0.0, 0.0, 0.0, 0.0, 0.0, 0.0, 0.0, 0.0, 0.0, 0.0, -0.04738]",11
W2,Multan,Tea Prepared Ordinary,"[70.0, 70.0, 70.0, 70.0, 70.0, 70.0, 70.0, 70.0, 70.0, 70.0, 73.84, 76.52]","[1, 2, 3, 4, 5, 6, 7, 8, 9, 10, 11, 12]","[0.0, 0.0, 0.0, 0.0, 0.0, 0.0, 0.0, 0.0, 0.0, 3.84, 2.68]","[0.0, 0.0, 0.0, 0.0, 0.0, 0.0, 0.0, 0.0, 0.0, 0.054857, 0.036295]",11
W2,Multan,Telephone Call Charges,"[1.79, 1.79, 1.79, 1.79, 1.79, 1.79, 1.79, 1.79, 1.79, 1.79, 1.79, 1.79]","[1, 2, 3, 4, 5, 6, 7, 8, 9, 10, 11, 12]","[0.0, 0.0, 0.0, 0.0, 0.0, 0.0, 0.0, 0.0, 0.0, 0.0, 0.0]","[0.0, 0.0, 0.0, 0.0, 0.0, 0.0, 0.0, 0.0, 0.0, 0.0, 0.0]",11
W2,Multan,Toilet Soap LIFEBUOY 115 gm,"[111.47, 111.47, 111.47, 111.47, 111.47, 111.47, 111.47, 111.47, 111.47, 111.47, 112.42, 113.85]","[1, 2, 3, 4, 5, 6, 7, 8, 9, 10, 11, 12]","[0.0, 0.0, 0.0, 0.0, 0.0, 0.0, 0.0, 0.0, 0.0, 0.95, 1.43]","[0.0, 0.0, 0.0, 0.0, 0.0, 0.0, 0.0, 0.0, 0.0, 0.008522, 0.01272]",11
W2,Multan,Tomatoes,"[128.72, 107.56, 53.53, 107.0, 177.7, 118.25, 123.65, 147.93, 162.19, 170.43, 113.36, 58.71]","[1, 2, 3, 4, 5, 6, 7, 8, 9, 10, 11, 12]","[-21.16, -54.03, 53.47, 70.7, -59.45, 5.4, 24.28, 14.26, 8.24, -57.07, -54.65]","[-0.164388, -0.502324, 0.998879, 0.660748, -0.334553, 0.045666, 0.196361, 0.096397, 0.050805, -0.334859, -0.482092]",11
W2,Multan,Vegetable Ghee DALDA/HABIB 2.5 kg Tin,"[1297.44, 1285.0, 1304.96, 1310.0, 1310.0, 1315.98, 1325.0, 1325.0, 1343.71, 1411.12, 1489.95, 1515.0]","[1, 2, 3, 4, 5, 6, 7, 8, 9, 10, 11, 12]","[-12.44, 19.96, 5.04, 0.0, 5.98, 9.02, 0.0, 18.71, 67.41, 78.83, 25.05]","[-0.009588, 0.015533, 0.003862, 0.0, 0.004565, 0.006854, 0.0, 0.014121, 0.050167, 0.055863, 0.016813]",11
W2,Multan,Vegetable Ghee DALDA/HABIB or Other Superior Quality 1 kg Pouch,"[499.0, 501.48, 509.0, 509.0, 509.0, 512.59, 515.0, 518.98, 546.94, 575.0, 587.99, 590.96]","[1, 2, 3, 4, 5, 6, 7, 8, 9, 10, 11, 12]","[2.48, 7.52, 0.0, 0.0, 3.59, 2.41, 3.98, 27.96, 28.06, 12.99, 2.97]","[0.00497, 0.014996, 0.0, 0.0, 0.007053, 0.004702, 0.007728, 0.053875, 0.051304, 0.022591, 0.005051]",11
W2,Multan,Wheat Flour Bag,"[2661.87, 2408.12, 1770.28, 1606.8, 1833.96, 1694.37, 1598.98, 1666.36, 1673.41, 1661.75, 1663.87, 1667.67]","[1, 2, 3, 4, 5, 6, 7, 8, 9, 10, 11, 12]","[-253.75, -637.84, -163.48, 227.16, -139.59, -95.39, 67.38, 7.05, -11.66, 2.12, 3.8]","[-0.095328, -0.264871, -0.092347, 0.141374, -0.076114, -0.056298, 0.042139, 0.004231, -0.006968, 0.001276, 0.002284]",11
W2,Peshawar,Bananas (Kela) Local,"[191.78, 193.94, 174.04, 185.66, 189.07, 163.25, 141.87, 134.72, 132.43, 127.38, 124.43, 157.46]","[1, 2, 3, 4, 5, 6, 7, 8, 9, 10, 11, 12]","[2.16, -19.9, 11.62, 3.41, -25.82, -21.38, -7.15, -2.29, -5.05, -2.95, 33.03]","[0.011263, -0.102609, 0.066766, 0.018367, -0.136563, -0.130965, -0.050398, -0.016998, -0.038133, -0.023159, 0.26545]",11
W2,Peshawar,Beef with Bone (Average Quality),"[829.88, 856.94, 878.54, 889.97, 900.56, 911.67, 928.32, 932.52, 940.33, 951.76, 981.03, 996.91]","[1, 2, 3, 4, 5, 6, 7, 8, 9, 10, 11, 12]","[27.06, 21.6, 11.43, 10.59, 11.11, 16.65, 4.2, 7.81, 11.43, 29.27, 15.88]","[0.032607, 0.025206, 0.01301, 0.011899, 0.012337, 0.018263, 0.004524, 0.008375, 0.012155, 0.030754, 0.016187]",11
W2,Peshawar,Bread plain (Small Size),"[110.0, 110.0, 106.56, 100.0, 100.0, 100.0, 100.0, 100.0, 100.0, 100.0, 100.0, 100.0]","[1, 2, 3, 4, 5, 6, 7, 8, 9, 10, 11, 12]","[0.0, -3.44, -6.56, 0.0, 0.0, 0.0, 0.0, 0.0, 0.0, 0.0, 0.0]","[0.0, -0.031273, -0.061562, 0.0, 0.0, 0.0, 0.0, 0.0, 0.0, 0.0, 0.0]",11
W2,Peshawar,Chicken Farm Broiler (Live),"[432.36, 466.38, 344.68, 342.9, 389.83, 440.54, 437.36, 442.26, 364.67, 343.0, 441.84, 438.96]","[1, 2, 3, 4, 5, 6, 7, 8, 9, 10, 11, 12]","[34.02, -121.7, -1.78, 46.93, 50.71, -3.18, 4.9, -77.59, -21.67, 98.84, -2.88]","[0.078684, -0.260946, -0.005164, 0.136862, 0.130082, -0.007218, 0.011204, -0.17544, -0.059424, 0.288163, -0.006518]",11
W2,Peshawar,Chilies Powder NATIONAL 200 gm Packet,"[400.0, 400.0, 382.54, 320.0, 320.0, 320.0, 320.0, 320.0, 320.0, 320.0, 320.0, 320.0]","[1, 2, 3, 4, 5, 6, 7, 8, 9, 10, 11, 12]","[0.0, -17.46, -62.54, 0.0, 0.0, 0.0, 0.0, 0.0, 0.0, 0.0, 0.0]","[0.0, -0.04365, -0.163486, 0.0, 0.0, 0.0, 0.0, 0.0, 0.0, 0.0, 0.0]",11
W2,Peshawar,Cigarettes Capstan 20'S Packet,"[230.0, 230.0, 230.0, 230.0, 230.0, 230.0, 230.0, 230.0, 230.0, 230.0, 230.0, 239.79]","[1, 2, 3, 4, 5, 6, 7, 8, 9, 10, 11, 12]","[0.0, 0.0, 0.0, 0.0, 0.0, 0.0, 0.0, 0.0, 0.0, 0.0, 9.79]","[0.0, 0.0, 0.0, 0.0, 0.0, 0.0, 0.0, 0.0, 0.0, 0.0, 0.042565]",11
W2,Peshawar,Cooked Beef at Average Hotel,"[200.0, 200.0, 200.0, 202.13, 204.28, 206.46, 206.46, 214.03, 239.57, 239.57, 239.57, 239.57]","[1, 2, 3, 4, 5, 6, 7, 8, 9, 10, 11, 12]","[0.0, 0.0, 2.13, 2.15, 2.18, 0.0, 7.57, 25.54, 0.0, 0.0, 0.0]","[0.0, 0.0, 0.01065, 0.010637, 0.010672, 0.0, 0.036666, 0.119329, 0.0, 0.0, 0.0]",11
W2,Peshawar,Cooked Daal at Average Hotel,"[115.98, 115.98, 115.98, 129.51, 129.51, 129.51, 129.51, 129.51, 133.72, 133.72, 133.72, 133.72]","[1, 2, 3, 4, 5, 6, 7, 8, 9, 10, 11, 12]","[0.0, 0.0, 13.53, 0.0, 0.0, 0.0, 0.0, 4.21, 0.0, 0.0, 0.0]","[0.0, 0.0, 0.116658, 0.0, 0.0, 0.0, 0.0, 0.032507, 0.0, 0.0, 0.0]",11
W2,Peshawar,"Cooking Oil DALDA or Other Similar Brand (SN), 5 Litre Tin","[2619.95, 2613.32, 2613.32, 2613.32, 2613.32, 2614.32, 2618.33, 2618.33, 2680.92, 2774.52, 2904.93, 2945.0]","[1, 2, 3, 4, 5, 6, 7, 8, 9, 10, 11, 12]","[-6.63, 0.0, 0.0, 0.0, 1.0, 4.01, 0.0, 62.59, 93.6, 130.41, 40.07]","[-0.002531, 0.0, 0.0, 0.0, 0.000383, 0.001534, 0.0, 0.023905, 0.034913, 0.047003, 0.013794]",11
W2,Peshawar,Curd (Dahi) Loose,"[228.46, 228.46, 232.03, 235.19, 239.43, 244.86, 248.69, 252.53, 252.53, 252.53, 252.53, 254.54]","[1, 2, 3, 4, 5, 6, 7, 8, 9, 10, 11, 12]","[0.0, 3.57, 3.16, 4.24, 5.43, 3.83, 3.84, 0.0, 0.0, 0.0, 2.01]","[0.0, 0.015626, 0.013619, 0.018028, 0.022679, 0.015642, 0.015441, 0.0, 0.0, 0.0, 0.007959]",11
W2,Peshawar,Eggs Hen (Farm),"[279.91, 271.38, 265.96, 255.29, 252.12, 286.61, 318.31, 319.53, 353.78, 350.93, 291.49, 268.77]","[1, 2, 3, 4, 5, 6, 7, 8, 9, 10, 11, 12]","[-8.53, -5.42, -10.67, -3.17, 34.49, 31.7, 1.22, 34.25, -2.85, -59.44, -22.72]","[-0.030474, -0.019972, -0.040119, -0.012417, 0.1368, 0.110603, 0.003833, 0.107189, -0.008056, -0.169379, -0.077944]",11
W2,Peshawar,Electricity Charges upto 50 Units,"[7.4, 7.13, 6.87, 7.32, 7.47, 6.29, 6.48, 6.55, 6.55, 6.55, 6.05, 6.0]","[1, 2, 3, 4, 5, 6, 7, 8, 9, 10, 11, 12]","[-0.27, -0.26, 0.45, 0.15, -1.18, 0.19, 0.07, 0.0, 0.0, -0.5, -0.05]","[-0.036486, -0.036466, 0.065502, 0.020492, -0.157965, 0.030207, 0.010802, 0.0, 0.0, -0.076336, -0.008264]",11
W2,Peshawar,Energy Saver Philips 14 Watt,"[260.0, 260.0, 271.54, 339.77, 350.0, 350.0, 350.0, 350.0, 350.0, 350.0, 350.0, 350.0]","[1, 2, 3, 4, 5, 6, 7, 8, 9, 10, 11, 12]","[0.0, 11.54, 68.23, 10.23, 0.0, 0.0, 0.0, 0.0, 0.0, 0.0, 0.0]","[0.0, 0.044385, 0.251271, 0.030109, 0.0, 0.0, 0.0, 0.0, 0.0, 0.0, 0.0]",11
W2,Peshawar,Firewood Whole,"[968.11, 968.11, 927.86, 888.25, 934.98, 971.92, 1014.26, 1123.17, 1180.49, 1188.24, 1216.55, 1223.94]","[1, 2, 3, 4, 5, 6, 7, 8, 9, 10, 11, 12]","[0.0, -40.25, -39.61, 46.73, 36.94, 42.34, 108.91, 57.32, 7.75, 28.31, 7.39]","[0.0, -0.041576, -0.04269, 0.052609, 0.039509, 0.043563, 0.107379, 0.051034, 0.006565, 0.023825, 0.006075]",11
W2,Peshawar,Garlic (Lehsun),"[630.67, 687.86, 560.21, 461.28, 444.59, 523.22, 557.4, 585.83, 643.13, 730.2, 758.62, 788.61]","[1, 2, 3, 4, 5, 6, 7, 8, 9, 10, 11, 12]","[57.19, -127.65, -98.93, -16.69, 78.63, 34.18, 28.43, 57.3, 87.07, 28.42, 29.99]","[0.090681, -0.185576, -0.176594, -0.036182, 0.17686, 0.065326, 0.051005, 0.09781, 0.135385, 0.038921, 0.039532]",11
W2,Peshawar,Gas Charges upto 3.3719 MMBTU,"[1976.5, 1976.5, 1976.5, 1976.5, 1976.5, 1976.5, 1976.5, 1976.5, 1976.5, 1976.5, 1976.5, 1976.5]","[1, 2, 3, 4, 5, 6, 7, 8, 9, 10, 11, 12]","[0.0, 0.0, 0.0, 0.0, 0.0, 0.0, 0.0, 0.0, 0.0, 0.0, 0.0]","[0.0, 0.0, 0.0, 0.0, 0.0, 0.0, 0.0, 0.0, 0.0, 0.0, 0.0]",11
W2,Peshawar,Gents Sandal Bata,"[2299.0, 2499.0, 2499.0, 2499.0, 2499.0, 2499.0, 2499.0, 2499.0, 2499.0, 2499.0, 2499.0, 2499.0]","[1, 2, 3, 4, 5, 6, 7, 8, 9, 10, 11, 12]","[200.0, 0.0, 0.0, 0.0, 0.0, 0.0, 0.0, 0.0, 0.0, 0.0, 0.0]","[0.086994, 0.0, 0.0, 0.0, 0.0, 0.0, 0.0, 0.0, 0.0, 0.0, 0.0]",11
W2,Peshawar,Gents Sponge Chappal Bata,"[599.0, 599.0, 599.0, 599.0, 599.0, 599.0, 599.0, 599.0, 599.0, 599.0, 599.0, 599.0]","[1, 2, 3, 4, 5, 6, 7, 8, 9, 10, 11, 12]","[0.0, 0.0, 0.0, 0.0, 0.0, 0.0, 0.0, 0.0, 0.0, 0.0, 0.0]","[0.0, 0.0, 0.0, 0.0, 0.0, 0.0, 0.0, 0.0, 0.0, 0.0, 0.0]",11
W2,Peshawar,Georgette (Average Quality),"[236.33, 236.33, 237.03, 239.86, 239.86, 239.86, 239.86, 239.86, 239.86, 239.86, 239.86, 239.86]","[1, 2, 3, 4, 5, 6, 7, 8, 9, 10, 11, 12]","[0.0, 0.7, 2.83, 0.0, 0.0, 0.0, 0.0, 0.0, 0.0, 0.0, 0.0]","[0.0, 0.002962, 0.011939, 0.0, 0.0, 0.0, 0.0, 0.0, 0.0, 0.0, 0.0]",11
W2,Peshawar,Gur (Average Quality),"[203.83, 201.09, 200.65, 222.72, 231.09, 231.97, 240.43, 235.16, 222.45, 222.18, 222.18, 222.18]","[1, 2, 3, 4, 5, 6, 7, 8, 9, 10, 11, 12]","[-2.74, -0.44, 22.07, 8.37, 0.88, 8.46, -5.27, -12.71, -0.27, 0.0, 0.0]","[-0.013443, -0.002188, 0.109993, 0.037581, 0.003808, 0.03647, -0.021919, -0.054048, -0.001214, 0.0, 0.0]",11
W2,Peshawar,Hi-Speed Diesel,"[287.27, 287.11, 278.04, 269.87, 281.46, 269.68, 257.06, 250.18, 256.1, 257.8, 260.86, 266.89]","[1, 2, 3, 4, 5, 6, 7, 8, 9, 10, 11, 12]","[-0.16, -9.07, -8.17, 11.59, -11.78, -12.62, -6.88, 5.92, 1.7, 3.06, 6.03]","[-0.000557, -0.031591, -0.029384, 0.042947, -0.041853, -0.046796, -0.026764, 0.023663, 0.006638, 0.01187, 0.023116]",11
W2,Peshawar,LPG 11.67 kg Cylinder,"[3473.08, 3245.26, 2841.93, 2839.62, 3222.8, 3119.87, 3139.71, 3177.9, 3490.41, 3552.68, 3317.82, 3007.58]","[1, 2, 3, 4, 5, 6, 7, 8, 9, 10, 11, 12]","[-227.82, -403.33, -2.31, 383.18, -102.93, 19.84, 38.19, 312.51, 62.27, -234.86, -310.24]","[-0.065596, -0.124283, -0.000813, 0.134941, -0.031938, 0.006359, 0.012164, 0.098339, 0.01784, -0.066108, -0.093507]",11
W2,Peshawar,Ladies Sandal Bata,"[799.0, 899.0, 899.0, 899.0, 899.0, 899.0, 899.0, 899.0, 1121.47, 1399.0, 1399.0, 1399.0]","[1, 2, 3, 4, 5, 6, 7, 8, 9, 10, 11, 12]","[100.0, 0.0, 0.0, 0.0, 0.0, 0.0, 0.0, 222.47, 277.53, 0.0, 0.0]","[0.125156, 0.0, 0.0, 0.0, 0.0, 0.0, 0.0, 0.247464, 0.24747, 0.0, 0.0]",11
W2,Peshawar,Lawn Printed Gul Ahmed/Al Karam,"[702.0, 702.0, 702.0, 702.0, 702.0, 702.0, 702.0, 702.0, 702.0, 702.0, 702.0, 702.0]","[1, 2, 3, 4, 5, 6, 7, 8, 9, 10, 11, 12]","[0.0, 0.0, 0.0, 0.0, 0.0, 0.0, 0.0, 0.0, 0.0, 0.0, 0.0]","[0.0, 0.0, 0.0, 0.0, 0.0, 0.0, 0.0, 0.0, 0.0, 0.0, 0.0]",11
W2,Peshawar,"Long Cloth 57"" Gul Ahmed/Al Karam","[642.0, 642.0, 642.0, 642.0, 642.0, 642.0, 642.0, 642.0, 642.0, 642.0, 642.0, 642.0]","[1, 2, 3, 4, 5, 6, 7, 8, 9, 10, 11, 12]","[0.0, 0.0, 0.0, 0.0, 0.0, 0.0, 0.0, 0.0, 0.0, 0.0, 0.0]","[0.0, 0.0, 0.0, 0.0, 0.0, 0.0, 0.0, 0.0, 0.0, 0.0, 0.0]",11
W2,Peshawar,Match Box,"[7.0, 7.0, 7.0, 7.0, 7.0, 7.0, 7.0, 7.0, 7.0, 7.0, 7.0, 7.0]","[1, 2, 3, 4, 5, 6, 7, 8, 9, 10, 11, 12]","[0.0, 0.0, 0.0, 0.0, 0.0, 0.0, 0.0, 0.0, 0.0, 0.0, 0.0]","[0.0, 0.0, 0.0, 0.0, 0.0, 0.0, 0.0, 0.0, 0.0, 0.0, 0.0]",11
W2,Peshawar,Milk fresh (Un-boiled),"[211.59, 211.59, 214.02, 218.36, 222.86, 228.0, 231.33, 232.45, 232.45, 232.45, 232.45, 233.5]","[1, 2, 3, 4, 5, 6, 7, 8, 9, 10, 11, 12]","[0.0, 2.43, 4.34, 4.5, 5.14, 3.33, 1.12, 0.0, 0.0, 0.0, 1.05]","[0.0, 0.011484, 0.020278, 0.020608, 0.023064, 0.014605, 0.004842, 0.0, 0.0, 0.0, 0.004517]",11
W2,Peshawar,Mustard Oil (Average Quality),"[556.08, 554.42, 554.86, 584.41, 602.67, 605.36, 605.36, 605.36, 605.36, 628.57, 655.37, 655.37]","[1, 2, 3, 4, 5, 6, 7, 8, 9, 10, 11, 12]","[-1.66, 0.44, 29.55, 18.26, 2.69, 0.0, 0.0, 0.0, 23.21, 26.8, 0.0]","[-0.002985, 0.000794, 0.053257, 0.031245, 0.004463, 0.0, 0.0, 0.0, 0.038341, 0.042636, 0.0]",11
W2,Peshawar,Mutton (Average Quality),"[1754.02, 1763.91, 1781.45, 1793.24, 1798.5, 1829.62, 1853.82, 1858.98, 1858.98, 1861.63, 1869.61, 1924.84]","[1, 2, 3, 4, 5, 6, 7, 8, 9, 10, 11, 12]","[9.89, 17.54, 11.79, 5.26, 31.12, 24.2, 5.16, 0.0, 2.65, 7.98, 55.23]","[0.005638, 0.009944, 0.006618, 0.002933, 0.017303, 0.013227, 0.002783, 0.0, 0.001426, 0.004287, 0.029541]",11
W2,Peshawar,Onions,"[259.95, 210.24, 104.25, 132.93, 125.67, 147.27, 163.08, 158.31, 150.48, 151.53, 138.0, 104.2]","[1, 2, 3, 4, 5, 6, 7, 8, 9, 10, 11, 12]","[-49.71, -105.99, 28.68, -7.26, 21.6, 15.81, -4.77, -7.83, 1.05, -13.53, -33.8]","[-0.191229, -0.504138, 0.275108, -0.054615, 0.171879, 0.107354, -0.029249, -0.04946, 0.006978, -0.089289, -0.244928]",11
W2,Peshawar,Petrol Super,"[280.59, 292.5, 279.99, 264.03, 271.5, 265.26, 254.97, 247.9, 249.3, 253.0, 255.69, 257.6]","[1, 2, 3, 4, 5, 6, 7, 8, 9, 10, 11, 12]","[11.91, -12.51, -15.96, 7.47, -6.24, -10.29, -7.07, 1.4, 3.7, 2.69, 1.91]","[0.042446, -0.042769, -0.057002, 0.028292, -0.022983, -0.038792, -0.027729, 0.005647, 0.014842, 0.010632, 0.00747]",11
W2,Peshawar,Potatoes,"[81.82, 88.2, 100.0, 104.67, 115.57, 120.0, 116.8, 115.95, 119.03, 121.07, 109.73, 89.17]","[1, 2, 3, 4, 5, 6, 7, 8, 9, 10, 11, 12]","[6.38, 11.8, 4.67, 10.9, 4.43, -3.2, -0.85, 3.08, 2.04, -11.34, -20.56]","[0.077976, 0.133787, 0.0467, 0.104137, 0.038332, -0.026667, -0.007277, 0.026563, 0.017139, -0.093665, -0.187369]",11
W2,Peshawar,Powdered Milk NIDO 390 gm Polybag,"[820.0, 832.11, 844.18, 834.36, 1033.04, 1044.86, 1045.53, 1046.87, 1047.77, 1047.77, 1049.11, 1050.55]","[1, 2, 3, 4, 5, 6, 7, 8, 9, 10, 11, 12]","[12.11, 12.07, -9.82, 198.68, 11.82, 0.67, 1.34, 0.9, 0.0, 1.34, 1.44]","[0.014768, 0.014505, -0.011633, 0.238123, 0.011442, 0.000641, 0.001282, 0.00086, 0.0, 0.001279, 0.001373]",11
W2,Peshawar,Pulse Gram,"[292.65, 280.47, 288.33, 318.06, 354.33, 375.72, 405.14, 427.4, 414.23, 394.65, 367.91, 332.9]","[1, 2, 3, 4, 5, 6, 7, 8, 9, 10, 11, 12]","[-12.18, 7.86, 29.73, 36.27, 21.39, 29.42, 22.26, -13.17, -19.58, -26.74, -35.01]","[-0.04162, 0.028024, 0.103111, 0.114035, 0.060367, 0.078303, 0.054944, -0.030814, -0.047268, -0.067756, -0.095159]",11
W2,Peshawar,Pulse Mash (Washed),"[552.21, 552.66, 561.98, 574.11, 591.31, 599.55, 583.52, 515.48, 474.31, 459.41, 455.31, 456.08]","[1, 2, 3, 4, 5, 6, 7, 8, 9, 10, 11, 12]","[0.45, 9.32, 12.13, 17.2, 8.24, -16.03, -68.04, -41.17, -14.9, -4.1, 0.77]","[0.000815, 0.016864, 0.021584, 0.029959, 0.013935, -0.026737, -0.116603, -0.079867, -0.031414, -0.008924, 0.001691]",11
W2,Peshawar,Pulse Masoor (Washed),"[334.1, 325.65, 301.08, 298.87, 312.89, 312.51, 296.11, 286.93, 287.71, 287.71, 293.46, 298.87]","[1, 2, 3, 4, 5, 6, 7, 8, 9, 10, 11, 12]","[-8.45, -24.57, -2.21, 14.02, -0.38, -16.4, -9.18, 0.78, 0.0, 5.75, 5.41]","[-0.025292, -0.075449, -0.00734, 0.04691, -0.001214, -0.052478, -0.031002, 0.002718, 0.0, 0.019985, 0.018435]",11
W2,Peshawar,Pulse Moong (Washed),"[297.75, 296.35, 299.55, 301.33, 320.0, 328.84, 310.18, 346.87, 361.64, 368.83, 397.69, 419.97]","[1, 2, 3, 4, 5, 6, 7, 8, 9, 10, 11, 12]","[-1.4, 3.2, 1.78, 18.67, 8.84, -18.66, 36.69, 14.77, 7.19, 28.86, 22.28]","[-0.004702, 0.010798, 0.005942, 0.061959, 0.027625, -0.056745, 0.118286, 0.042581, 0.019882, 0.078247, 0.056024]",11
W2,Peshawar,Rice Basmati Broken (Average Quality),"[231.8, 227.42, 222.84, 222.18, 222.18, 222.18, 222.18, 212.67, 206.03, 190.15, 194.93, 222.17]","[1, 2, 3, 4, 5, 6, 7, 8, 9, 10, 11, 12]","[-4.38, -4.58, -0.66, 0.0, 0.0, 0.0, -9.51, -6.64, -15.88, 4.78, 27.24]","[-0.018896, -0.020139, -0.002962, 0.0, 0.0, 0.0, -0.042803, -0.031222, -0.077076, 0.025138, 0.139742]",11
W2,Peshawar,Rice IRRI-6/9 (Sindh/Punjab),"[176.04, 175.48, 162.61, 160.0, 160.0, 160.0, 160.0, 154.59, 148.82, 142.65, 141.13, 140.35]","[1, 2, 3, 4, 5, 6, 7, 8, 9, 10, 11, 12]","[-0.56, -12.87, -2.61, 0.0, 0.0, 0.0, -5.41, -5.77, -6.17, -1.52, -0.78]","[-0.003181, -0.073342, -0.016051, 0.0, 0.0, 0.0, -0.033812, -0.037325, -0.041459, -0.010655, -0.005527]",11
W2,Peshawar,Salt Powdered (NATIONAL/SHAN) 800 gm Packet,"[70.0, 70.0, 70.0, 70.0, 70.0, 70.0, 70.0, 70.0, 70.0, 70.0, 70.0, 70.0]","[1, 2, 3, 4, 5, 6, 7, 8, 9, 10, 11, 12]","[0.0, 0.0, 0.0, 0.0, 0.0, 0.0, 0.0, 0.0, 0.0, 0.0, 0.0]","[0.0, 0.0, 0.0, 0.0, 0.0, 0.0, 0.0, 0.0, 0.0, 0.0, 0.0]",11
W2,Peshawar,Shirting (Average Quality),"[482.7, 617.79, 656.62, 656.62, 656.62, 656.62, 656.62, 656.62, 656.62, 656.62, 656.62, 656.62]","[1, 2, 3, 4, 5, 6, 7, 8, 9, 10, 11, 12]","[135.09, 38.83, 0.0, 0.0, 0.0, 0.0, 0.0, 0.0, 0.0, 0.0, 0.0]","[0.279863, 0.062853, 0.0, 0.0, 0.0, 0.0, 0.0, 0.0, 0.0, 0.0, 0.0]",11
W2,Peshawar,Sufi Washing Soap 250 gm Cake,"[130.0, 130.0, 130.0, 130.0, 130.0, 130.0, 130.0, 130.0, 130.0, 130.0, 130.0, 130.0]","[1, 2, 3, 4, 5, 6, 7, 8, 9, 10, 11, 12]","[0.0, 0.0, 0.0, 0.0, 0.0, 0.0, 0.0, 0.0, 0.0, 0.0, 0.0]","[0.0, 0.0, 0.0, 0.0, 0.0, 0.0, 0.0, 0.0, 0.0, 0.0, 0.0]",11
W2,Peshawar,Sugar Refined,"[147.67, 146.65, 146.65, 147.7, 149.44, 148.38, 141.68, 137.57, 135.35, 137.88, 147.48, 158.59]","[1, 2, 3, 4, 5, 6, 7, 8, 9, 10, 11, 12]","[-1.02, 0.0, 1.05, 1.74, -1.06, -6.7, -4.11, -2.22, 2.53, 9.6, 11.11]","[-0.006907, 0.0, 0.00716, 0.011781, -0.007093, -0.045154, -0.029009, -0.016137, 0.018692, 0.069626, 0.075332]",11
W2,Peshawar,Tea Lipton Yellow Label 190 gm Packet,"[542.85, 542.85, 542.85, 542.85, 542.85, 542.85, 542.85, 542.85, 542.85, 542.85, 542.85, 542.85]","[1, 2, 3, 4, 5, 6, 7, 8, 9, 10, 11, 12]","[0.0, 0.0, 0.0, 0.0, 0.0, 0.0, 0.0, 0.0, 0.0, 0.0, 0.0]","[0.0, 0.0, 0.0, 0.0, 0.0, 0.0, 0.0, 0.0, 0.0, 0.0, 0.0]",11
W2,Peshawar,Tea Prepared Ordinary,"[40.13, 40.13, 40.13, 40.13, 41.48, 43.13, 44.17, 47.37, 47.37, 47.37, 47.37, 47.37]","[1, 2, 3, 4, 5, 6, 7, 8, 9, 10, 11, 12]","[0.0, 0.0, 0.0, 1.35, 1.65, 1.04, 3.2, 0.0, 0.0, 0.0, 0.0]","[0.0, 0.0, 0.0, 0.033641, 0.039778, 0.024113, 0.072447, 0.0, 0.0, 0.0, 0.0]",11
W2,Peshawar,Telephone Call Charges,"[1.79, 1.79, 1.79, 1.79, 1.79, 1.79, 1.79, 1.79, 1.79, 1.79, 1.79, 1.79]","[1, 2, 3, 4, 5, 6, 7, 8, 9, 10, 11, 12]","[0.0, 0.0, 0.0, 0.0, 0.0, 0.0, 0.0, 0.0, 0.0, 0.0, 0.0]","[0.0, 0.0, 0.0, 0.0, 0.0, 0.0, 0.0, 0.0, 0.0, 0.0, 0.0]",11
W2,Peshawar,Toilet Soap LIFEBUOY 115 gm,"[103.32, 103.32, 103.32, 103.32, 103.32, 103.32, 103.32, 103.32, 103.32, 103.32, 98.64, 99.74]","[1, 2, 3, 4, 5, 6, 7, 8, 9, 10, 11, 12]","[0.0, 0.0, 0.0, 0.0, 0.0, 0.0, 0.0, 0.0, 0.0, -4.68, 1.1]","[0.0, 0.0, 0.0, 0.0, 0.0, 0.0, 0.0, 0.0, 0.0, -0.045296, 0.011152]",11
W2,Peshawar,Tomatoes,"[128.24, 116.42, 78.25, 103.08, 150.13, 125.01, 96.45, 115.9, 161.5, 192.67, 138.84, 70.48]","[1, 2, 3, 4, 5, 6, 7, 8, 9, 10, 11, 12]","[-11.82, -38.17, 24.83, 47.05, -25.12, -28.56, 19.45, 45.6, 31.17, -53.83, -68.36]","[-0.092171, -0.327865, 0.317316, 0.456442, -0.167322, -0.228462, 0.201659, 0.393443, 0.193003, -0.27939, -0.492365]",11
W2,Peshawar,Vegetable Ghee DALDA/HABIB 2.5 kg Tin,"[1284.99, 1280.0, 1280.0, 1280.0, 1294.97, 1304.96, 1325.0, 1325.0, 1329.99, 1425.0, 1475.98, 1480.0]","[1, 2, 3, 4, 5, 6, 7, 8, 9, 10, 11, 12]","[-4.99, 0.0, 0.0, 14.97, 9.99, 20.04, 0.0, 4.99, 95.01, 50.98, 4.02]","[-0.003883, 0.0, 0.0, 0.011695, 0.007714, 0.015357, 0.0, 0.003766, 0.071437, 0.035775, 0.002724]",11
W2,Peshawar,Vegetable Ghee DALDA/HABIB or Other Superior Quality 1 kg Pouch,"[500.0, 500.0, 500.0, 500.0, 500.0, 504.76, 515.0, 518.98, 542.39, 571.99, 585.97, 590.0]","[1, 2, 3, 4, 5, 6, 7, 8, 9, 10, 11, 12]","[0.0, 0.0, 0.0, 0.0, 4.76, 10.24, 3.98, 23.41, 29.6, 13.98, 4.03]","[0.0, 0.0, 0.0, 0.0, 0.00952, 0.020287, 0.007728, 0.045108, 0.054573, 0.024441, 0.006877]",11
W2,Peshawar,Wheat Flour Bag,"[2750.32, 2404.19, 1817.29, 1686.47, 1949.19, 1785.43, 1654.67, 1821.75, 1868.8, 1844.5, 1772.24, 1717.71]","[1, 2, 3, 4, 5, 6, 7, 8, 9, 10, 11, 12]","[-346.13, -586.9, -130.82, 262.72, -163.76, -130.76, 167.08, 47.05, -24.3, -72.26, -54.53]","[-0.125851, -0.244115, -0.071986, 0.155781, -0.084014, -0.073237, 0.100975, 0.025827, -0.013003, -0.039176, -0.030769]",11
W2,Quetta,Bananas (Kela) Local,"[124.32, 110.59, 108.48, 118.94, 115.8, 114.2, 135.37, 113.36, 94.51, 107.81, 104.26, 129.55]","[1, 2, 3, 4, 5, 6, 7, 8, 9, 10, 11, 12]","[-13.73, -2.11, 10.46, -3.14, -1.6, 21.17, -22.01, -18.85, 13.3, -3.55, 25.29]","[-0.110441, -0.019079, 0.096423, -0.0264, -0.013817, 0.185377, -0.162591, -0.166284, 0.140726, -0.032928, 0.242567]",11
W2,Quetta,Beef with Bone (Average Quality),"[894.89, 911.14, 934.95, 949.91, 959.97, 959.97, 959.97, 959.97, 959.97, 959.97, 959.97, 959.97]","[1, 2, 3, 4, 5, 6, 7, 8, 9, 10, 11, 12]","[16.25, 23.81, 14.96, 10.06, 0.0, 0.0, 0.0, 0.0, 0.0, 0.0, 0.0]","[0.018159, 0.026132, 0.016001, 0.01059, 0.0, 0.0, 0.0, 0.0, 0.0, 0.0, 0.0]",11
W2,Quetta,Bread plain (Small Size),"[120.0, 120.0, 120.0, 120.0, 120.0, 120.0, 120.0, 120.0, 120.0, 120.0, 120.0, 120.0]","[1, 2, 3, 4, 5, 6, 7, 8, 9, 10, 11, 12]","[0.0, 0.0, 0.0, 0.0, 0.0, 0.0, 0.0, 0.0, 0.0, 0.0, 0.0]","[0.0, 0.0, 0.0, 0.0, 0.0, 0.0, 0.0, 0.0, 0.0, 0.0, 0.0]",11
W2,Quetta,Chicken Farm Broiler (Live),"[472.85, 540.24, 386.7, 383.63, 427.36, 511.83, 483.14, 485.14, 391.71, 363.67, 465.22, 492.43]","[1, 2, 3, 4, 5, 6, 7, 8, 9, 10, 11, 12]","[67.39, -153.54, -3.07, 43.73, 84.47, -28.69, 2.0, -93.43, -28.04, 101.55, 27.21]","[0.142519, -0.284207, -0.007939, 0.11399, 0.197655, -0.056054, 0.00414, -0.192584, -0.071584, 0.279237, 0.058488]",11
W2,Quetta,Chilies Powder NATIONAL 200 gm Packet,"[400.0, 400.0, 400.0, 400.0, 400.0, 334.6, 320.0, 320.0, 320.0, 320.0, 320.0, 320.0]","[1, 2, 3, 4, 5, 6, 7, 8, 9, 10, 11, 12]","[0.0, 0.0, 0.0, 0.0, -65.4, -14.6, 0.0, 0.0, 0.0, 0.0, 0.0]","[0.0, 0.0, 0.0, 0.0, -0.1635, -0.043634, 0.0, 0.0, 0.0, 0.0, 0.0]",11
W2,Quetta,Cigarettes Capstan 20'S Packet,"[224.94, 224.94, 226.95, 237.46, 241.23, 244.95, 244.95, 244.95, 244.95, 244.95, 244.95, 244.95]","[1, 2, 3, 4, 5, 6, 7, 8, 9, 10, 11, 12]","[0.0, 2.01, 10.51, 3.77, 3.72, 0.0, 0.0, 0.0, 0.0, 0.0, 0.0]","[0.0, 0.008936, 0.04631, 0.015876, 0.015421, 0.0, 0.0, 0.0, 0.0, 0.0, 0.0]",11
W2,Quetta,Cooked Beef at Average Hotel,"[344.98, 344.98, 344.98, 344.98, 344.98, 344.98, 344.98, 344.98, 344.98, 344.98, 344.98, 344.98]","[1, 2, 3, 4, 5, 6, 7, 8, 9, 10, 11, 12]","[0.0, 0.0, 0.0, 0.0, 0.0, 0.0, 0.0, 0.0, 0.0, 0.0, 0.0]","[0.0, 0.0, 0.0, 0.0, 0.0, 0.0, 0.0, 0.0, 0.0, 0.0, 0.0]",11
W2,Quetta,Cooked Daal at Average Hotel,"[139.76, 139.76, 139.76, 139.76, 139.76, 139.76, 139.76, 139.76, 139.76, 152.13, 159.25, 162.35]","[1, 2, 3, 4, 5, 6, 7, 8, 9, 10, 11, 12]","[0.0, 0.0, 0.0, 0.0, 0.0, 0.0, 0.0, 0.0, 12.37, 7.12, 3.1]","[0.0, 0.0, 0.0, 0.0, 0.0, 0.0, 0.0, 0.0, 0.088509, 0.046802, 0.019466]",11
W2,Quetta,"Cooking Oil DALDA or Other Similar Brand (SN), 5 Litre Tin","[2634.77, 2615.0, 2678.81, 2695.0, 2695.0, 2678.81, 2615.0, 2615.0, 2668.52, 2712.49, 2828.46, 2919.89]","[1, 2, 3, 4, 5, 6, 7, 8, 9, 10, 11, 12]","[-19.77, 63.81, 16.19, 0.0, -16.19, -63.81, 0.0, 53.52, 43.97, 115.97, 91.43]","[-0.007504, 0.024402, 0.006044, 0.0, -0.006007, -0.02382, 0.0, 0.020467, 0.016477, 0.042754, 0.032325]",11
W2,Quetta,Curd (Dahi) Loose,"[220.0, 220.0, 220.0, 220.0, 220.0, 220.0, 220.0, 220.0, 220.0, 220.0, 220.0, 220.0]","[1, 2, 3, 4, 5, 6, 7, 8, 9, 10, 11, 12]","[0.0, 0.0, 0.0, 0.0, 0.0, 0.0, 0.0, 0.0, 0.0, 0.0, 0.0]","[0.0, 0.0, 0.0, 0.0, 0.0, 0.0, 0.0, 0.0, 0.0, 0.0, 0.0]",11
W2,Quetta,Eggs Hen (Farm),"[277.11, 282.8, 256.36, 245.46, 248.58, 279.96, 304.17, 300.39, 336.24, 354.9, 316.79, 269.13]","[1, 2, 3, 4, 5, 6, 7, 8, 9, 10, 11, 12]","[5.69, -26.44, -10.9, 3.12, 31.38, 24.21, -3.78, 35.85, 18.66, -38.11, -47.66]","[0.020533, -0.093494, -0.042518, 0.012711, 0.126237, 0.086477, -0.012427, 0.119345, 0.055496, -0.107382, -0.150447]",11
W2,Quetta,Electricity Charges upto 50 Units,"[7.4, 7.13, 6.87, 7.32, 7.47, 6.29, 6.48, 6.55, 6.55, 6.55, 6.05, 6.0]","[1, 2, 3, 4, 5, 6, 7, 8, 9, 10, 11, 12]","[-0.27, -0.26, 0.45, 0.15, -1.18, 0.19, 0.07, 0.0, 0.0, -0.5, -0.05]","[-0.036486, -0.036466, 0.065502, 0.020492, -0.157965, 0.030207, 0.010802, 0.0, 0.0, -0.076336, -0.008264]",11
W2,Quetta,Energy Saver Philips 14 Watt,"[350.0, 350.0, 350.0, 350.0, 350.0, 350.0, 350.0, 350.0, 350.0, 350.0, 350.0, 350.0]","[1, 2, 3, 4, 5, 6, 7, 8, 9, 10, 11, 12]","[0.0, 0.0, 0.0, 0.0, 0.0, 0.0, 0.0, 0.0, 0.0, 0.0, 0.0]","[0.0, 0.0, 0.0, 0.0, 0.0, 0.0, 0.0, 0.0, 0.0, 0.0, 0.0]",11
W2,Quetta,Firewood Whole,"[1349.38, 1349.38, 1337.47, 1299.36, 1317.89, 1324.13, 1324.13, 1324.13, 1324.13, 1360.81, 1419.02, 1405.56]","[1, 2, 3, 4, 5, 6, 7, 8, 9, 10, 11, 12]","[0.0, -11.91, -38.11, 18.53, 6.24, 0.0, 0.0, 0.0, 36.68, 58.21, -13.46]","[0.0, -0.008826, -0.028494, 0.014261, 0.004735, 0.0, 0.0, 0.0, 0.027701, 0.042776, -0.009485]",11
W2,Quetta,Garlic (Lehsun),"[635.42, 597.38, 565.19, 534.58, 477.33, 521.76, 546.01, 599.59, 614.64, 679.86, 672.8, 659.15]","[1, 2, 3, 4, 5, 6, 7, 8, 9, 10, 11, 12]","[-38.04, -32.19, -30.61, -57.25, 44.43, 24.25, 53.58, 15.05, 65.22, -7.06, -13.65]","[-0.059866, -0.053885, -0.054159, -0.107093, 0.09308, 0.046477, 0.09813, 0.0251, 0.106111, -0.010384, -0.020288]",11
W2,Quetta,Gas Charges upto 3.3719 MMBTU,"[1976.5, 1976.5, 1976.5, 1976.5, 1976.5, 1976.5, 1976.5, 1976.5, 1976.5, 1976.5, 1976.5, 1976.5]","[1, 2, 3, 4, 5, 6, 7, 8, 9, 10, 11, 12]","[0.0, 0.0, 0.0, 0.0, 0.0, 0.0, 0.0, 0.0, 0.0, 0.0, 0.0]","[0.0, 0.0, 0.0, 0.0, 0.0, 0.0, 0.0, 0.0, 0.0, 0.0, 0.0]",11
W2,Quetta,Gents Sandal Bata,"[2299.0, 2499.0, 2499.0, 2499.0, 2499.0, 2499.0, 2499.0, 2499.0, 2499.0, 2499.0, 2499.0, 2499.0]","[1, 2, 3, 4, 5, 6, 7, 8, 9, 10, 11, 12]","[200.0, 0.0, 0.0, 0.0, 0.0, 0.0, 0.0, 0.0, 0.0, 0.0, 0.0]","[0.086994, 0.0, 0.0, 0.0, 0.0, 0.0, 0.0, 0.0, 0.0, 0.0, 0.0]",11
W2,Quetta,Gents Sponge Chappal Bata,"[599.0, 599.0, 599.0, 599.0, 599.0, 599.0, 599.0, 599.0, 599.0, 599.0, 599.0, 599.0]","[1, 2, 3, 4, 5, 6, 7, 8, 9, 10, 11, 12]","[0.0, 0.0, 0.0, 0.0, 0.0, 0.0, 0.0, 0.0, 0.0, 0.0, 0.0]","[0.0, 0.0, 0.0, 0.0, 0.0, 0.0, 0.0, 0.0, 0.0, 0.0, 0.0]",11
W2,Quetta,Georgette (Average Quality),"[219.62, 219.62, 219.62, 219.62, 219.62, 219.62, 219.62, 219.62, 219.62, 219.62, 219.62, 219.62]","[1, 2, 3, 4, 5, 6, 7, 8, 9, 10, 11, 12]","[0.0, 0.0, 0.0, 0.0, 0.0, 0.0, 0.0, 0.0, 0.0, 0.0, 0.0]","[0.0, 0.0, 0.0, 0.0, 0.0, 0.0, 0.0, 0.0, 0.0, 0.0, 0.0]",11
W2,Quetta,Gur (Average Quality),"[219.91, 219.91, 219.91, 219.91, 219.91, 219.91, 219.91, 235.77, 242.43, 249.92, 234.75, 212.36]","[1, 2, 3, 4, 5, 6, 7, 8, 9, 10, 11, 12]","[0.0, 0.0, 0.0, 0.0, 0.0, 0.0, 15.86, 6.66, 7.49, -15.17, -22.39]","[0.0, 0.0, 0.0, 0.0, 0.0, 0.0, 0.07212, 0.028248, 0.030896, -0.060699, -0.095378]",11
W2,Quetta,Hi-Speed Diesel,"[287.2, 287.07, 278.03, 269.85, 281.28, 269.6, 257.49, 250.27, 256.1, 257.75, 260.9, 266.89]","[1, 2, 3, 4, 5, 6, 7, 8, 9, 10, 11, 12]","[-0.13, -9.04, -8.18, 11.43, -11.68, -12.11, -7.22, 5.83, 1.65, 3.15, 5.99]","[-0.000453, -0.031491, -0.029421, 0.042357, -0.041524, -0.044918, -0.02804, 0.023295, 0.006443, 0.012221, 0.022959]",11
W2,Quetta,LPG 11.67 kg Cylinder,"[3462.37, 3499.67, 3207.0, 2793.23, 2949.71, 3084.54, 3193.52, 3234.88, 3274.94, 3399.48, 3424.79, 3374.94]","[1, 2, 3, 4, 5, 6, 7, 8, 9, 10, 11, 12]","[37.3, -292.67, -413.77, 156.48, 134.83, 108.98, 41.36, 40.06, 124.54, 25.31, -49.85]","[0.010773, -0.083628, -0.129021, 0.056021, 0.04571, 0.035331, 0.012951, 0.012384, 0.038028, 0.007445, -0.014556]",11
W2,Quetta,Ladies Sandal Bata,"[799.0, 899.0, 899.0, 899.0, 899.0, 899.0, 899.0, 899.0, 1121.47, 1399.0, 1399.0, 1399.0]","[1, 2, 3, 4, 5, 6, 7, 8, 9, 10, 11, 12]","[100.0, 0.0, 0.0, 0.0, 0.0, 0.0, 0.0, 222.47, 277.53, 0.0, 0.0]","[0.125156, 0.0, 0.0, 0.0, 0.0, 0.0, 0.0, 0.247464, 0.24747, 0.0, 0.0]",11
W2,Quetta,Lawn Printed Gul Ahmed/Al Karam,"[648.72, 648.72, 648.72, 648.72, 648.72, 648.72, 648.72, 648.72, 648.72, 648.72, 648.72, 648.72]","[1, 2, 3, 4, 5, 6, 7, 8, 9, 10, 11, 12]","[0.0, 0.0, 0.0, 0.0, 0.0, 0.0, 0.0, 0.0, 0.0, 0.0, 0.0]","[0.0, 0.0, 0.0, 0.0, 0.0, 0.0, 0.0, 0.0, 0.0, 0.0, 0.0]",11
W2,Quetta,"Long Cloth 57"" Gul Ahmed/Al Karam","[648.72, 648.72, 648.72, 648.72, 648.72, 648.72, 648.72, 648.72, 648.72, 648.72, 648.72, 648.72]","[1, 2, 3, 4, 5, 6, 7, 8, 9, 10, 11, 12]","[0.0, 0.0, 0.0, 0.0, 0.0, 0.0, 0.0, 0.0, 0.0, 0.0, 0.0]","[0.0, 0.0, 0.0, 0.0, 0.0, 0.0, 0.0, 0.0, 0.0, 0.0, 0.0]",11
W2,Quetta,Match Box,"[5.97, 5.97, 5.97, 5.97, 5.97, 5.97, 5.97, 5.97, 5.97, 5.97, 5.97, 5.97]","[1, 2, 3, 4, 5, 6, 7, 8, 9, 10, 11, 12]","[0.0, 0.0, 0.0, 0.0, 0.0, 0.0, 0.0, 0.0, 0.0, 0.0, 0.0]","[0.0, 0.0, 0.0, 0.0, 0.0, 0.0, 0.0, 0.0, 0.0, 0.0, 0.0]",11
W2,Quetta,Milk fresh (Un-boiled),"[200.0, 200.0, 200.0, 200.0, 200.0, 200.0, 200.0, 200.0, 200.0, 200.0, 200.0, 200.0]","[1, 2, 3, 4, 5, 6, 7, 8, 9, 10, 11, 12]","[0.0, 0.0, 0.0, 0.0, 0.0, 0.0, 0.0, 0.0, 0.0, 0.0, 0.0]","[0.0, 0.0, 0.0, 0.0, 0.0, 0.0, 0.0, 0.0, 0.0, 0.0, 0.0]",11
W2,Quetta,Mustard Oil (Average Quality),"[548.48, 552.41, 564.39, 564.39, 564.39, 548.31, 544.36, 544.36, 563.98, 597.21, 597.21, 597.21]","[1, 2, 3, 4, 5, 6, 7, 8, 9, 10, 11, 12]","[3.93, 11.98, 0.0, 0.0, -16.08, -3.95, 0.0, 19.62, 33.23, 0.0, 0.0]","[0.007165, 0.021687, 0.0, 0.0, -0.028491, -0.007204, 0.0, 0.036042, 0.058921, 0.0, 0.0]",11
W2,Quetta,Mutton (Average Quality),"[1815.04, 1854.73, 1991.68, 1998.33, 1998.33, 1998.33, 1998.33, 1998.33, 1998.33, 1998.33, 1998.33, 1998.33]","[1, 2, 3, 4, 5, 6, 7, 8, 9, 10, 11, 12]","[39.69, 136.95, 6.65, 0.0, 0.0, 0.0, 0.0, 0.0, 0.0, 0.0, 0.0]","[0.021867, 0.073838, 0.003339, 0.0, 0.0, 0.0, 0.0, 0.0, 0.0, 0.0, 0.0]",11
W2,Quetta,Onions,"[210.13, 223.38, 103.57, 124.23, 95.19, 117.04, 117.03, 138.31, 121.28, 124.66, 115.93, 92.55]","[1, 2, 3, 4, 5, 6, 7, 8, 9, 10, 11, 12]","[13.25, -119.81, 20.66, -29.04, 21.85, -0.01, 21.28, -17.03, 3.38, -8.73, -23.38]","[0.063056, -0.536351, 0.199479, -0.23376, 0.229541, -8.5e-05, 0.181834, -0.123129, 0.027869, -0.07003, -0.201673]",11
W2,Quetta,Petrol Super,"[280.5, 292.47, 279.96, 263.95, 271.35, 265.2, 255.75, 247.95, 249.3, 253.0, 255.8, 257.6]","[1, 2, 3, 4, 5, 6, 7, 8, 9, 10, 11, 12]","[11.97, -12.51, -16.01, 7.4, -6.15, -9.45, -7.8, 1.35, 3.7, 2.8, 1.8]","[0.042674, -0.042774, -0.057187, 0.028036, -0.022664, -0.035633, -0.030499, 0.005445, 0.014842, 0.011067, 0.007037]",11
W2,Quetta,Potatoes,"[62.21, 67.24, 69.7, 82.28, 84.61, 87.67, 84.61, 75.56, 84.61, 97.78, 87.67, 74.55]","[1, 2, 3, 4, 5, 6, 7, 8, 9, 10, 11, 12]","[5.03, 2.46, 12.58, 2.33, 3.06, -3.06, -9.05, 9.05, 13.17, -10.11, -13.12]","[0.080855, 0.036585, 0.180488, 0.028318, 0.036166, -0.034904, -0.106961, 0.119772, 0.155655, -0.103395, -0.149652]",11
W2,Quetta,Powdered Milk NIDO 390 gm Polybag,"[850.0, 854.96, 870.0, 870.0, 1030.0, 1030.0, 1030.0, 1030.0, 1030.0, 1030.0, 1030.0, 1030.0]","[1, 2, 3, 4, 5, 6, 7, 8, 9, 10, 11, 12]","[4.96, 15.04, 0.0, 160.0, 0.0, 0.0, 0.0, 0.0, 0.0, 0.0, 0.0]","[0.005835, 0.017591, 0.0, 0.183908, 0.0, 0.0, 0.0, 0.0, 0.0, 0.0, 0.0]",11
W2,Quetta,Pulse Gram,"[294.97, 297.44, 289.93, 313.31, 354.94, 386.83, 399.76, 417.93, 439.89, 414.45, 415.87, 364.77]","[1, 2, 3, 4, 5, 6, 7, 8, 9, 10, 11, 12]","[2.47, -7.51, 23.38, 41.63, 31.89, 12.93, 18.17, 21.96, -25.44, 1.42, -51.1]","[0.008374, -0.025249, 0.08064, 0.132872, 0.089846, 0.033426, 0.045452, 0.052545, -0.057833, 0.003426, -0.122875]",11
W2,Quetta,Pulse Mash (Washed),"[604.9, 613.69, 571.39, 561.12, 614.87, 638.94, 644.95, 617.7, 594.9, 557.44, 577.95, 537.3]","[1, 2, 3, 4, 5, 6, 7, 8, 9, 10, 11, 12]","[8.79, -42.3, -10.27, 53.75, 24.07, 6.01, -27.25, -22.8, -37.46, 20.51, -40.65]","[0.014531, -0.068927, -0.017974, 0.095791, 0.039146, 0.009406, -0.042251, -0.036911, -0.062969, 0.036793, -0.070335]",11
W2,Quetta,Pulse Masoor (Washed),"[377.42, 382.43, 358.67, 347.34, 379.95, 369.78, 337.41, 327.91, 329.94, 329.86, 343.85, 334.9]","[1, 2, 3, 4, 5, 6, 7, 8, 9, 10, 11, 12]","[5.01, -23.76, -11.33, 32.61, -10.17, -32.37, -9.5, 2.03, -0.08, 13.99, -8.95]","[0.013274, -0.062129, -0.031589, 0.093885, -0.026767, -0.087539, -0.028156, 0.006191, -0.000242, 0.042412, -0.026029]",11
W2,Quetta,Pulse Moong (Washed),"[387.43, 389.95, 369.67, 359.74, 392.36, 393.87, 389.95, 401.83, 419.92, 442.32, 463.93, 452.37]","[1, 2, 3, 4, 5, 6, 7, 8, 9, 10, 11, 12]","[2.52, -20.28, -9.93, 32.62, 1.51, -3.92, 11.88, 18.09, 22.4, 21.61, -11.56]","[0.006504, -0.052007, -0.026862, 0.090677, 0.003849, -0.009953, 0.030465, 0.045019, 0.053343, 0.048856, -0.024918]",11
W2,Quetta,Rice Basmati Broken (Average Quality),"[272.44, 268.68, 260.81, 263.46, 274.97, 269.88, 276.16, 273.95, 268.67, 264.97, 264.97, 272.35]","[1, 2, 3, 4, 5, 6, 7, 8, 9, 10, 11, 12]","[-3.76, -7.87, 2.65, 11.51, -5.09, 6.28, -2.21, -5.28, -3.7, 0.0, 7.38]","[-0.013801, -0.029291, 0.010161, 0.043688, -0.018511, 0.02327, -0.008003, -0.019274, -0.013772, 0.0, 0.027852]",11
W2,Quetta,Rice IRRI-6/9 (Sindh/Punjab),"[184.95, 184.95, 184.95, 184.95, 184.95, 184.95, 184.95, 184.95, 184.95, 179.88, 179.88, 179.88]","[1, 2, 3, 4, 5, 6, 7, 8, 9, 10, 11, 12]","[0.0, 0.0, 0.0, 0.0, 0.0, 0.0, 0.0, 0.0, -5.07, 0.0, 0.0]","[0.0, 0.0, 0.0, 0.0, 0.0, 0.0, 0.0, 0.0, -0.027413, 0.0, 0.0]",11
W2,Quetta,Salt Powdered (NATIONAL/SHAN) 800 gm Packet,"[70.0, 70.0, 70.0, 70.0, 70.0, 70.0, 70.0, 70.0, 70.0, 70.0, 70.0, 78.67]","[1, 2, 3, 4, 5, 6, 7, 8, 9, 10, 11, 12]","[0.0, 0.0, 0.0, 0.0, 0.0, 0.0, 0.0, 0.0, 0.0, 0.0, 8.67]","[0.0, 0.0, 0.0, 0.0, 0.0, 0.0, 0.0, 0.0, 0.0, 0.0, 0.123857]",11
W2,Quetta,Shirting (Average Quality),"[229.85, 229.85, 229.85, 229.85, 229.85, 229.85, 229.85, 229.85, 229.85, 229.85, 229.85, 229.85]","[1, 2, 3, 4, 5, 6, 7, 8, 9, 10, 11, 12]","[0.0, 0.0, 0.0, 0.0, 0.0, 0.0, 0.0, 0.0, 0.0, 0.0, 0.0]","[0.0, 0.0, 0.0, 0.0, 0.0, 0.0, 0.0, 0.0, 0.0, 0.0, 0.0]",11
W2,Quetta,Sufi Washing Soap 250 gm Cake,"[130.0, 130.0, 130.0, 130.0, 130.0, 130.0, 130.0, 130.0, 130.0, 130.0, 137.94, 140.0]","[1, 2, 3, 4, 5, 6, 7, 8, 9, 10, 11, 12]","[0.0, 0.0, 0.0, 0.0, 0.0, 0.0, 0.0, 0.0, 0.0, 7.94, 2.06]","[0.0, 0.0, 0.0, 0.0, 0.0, 0.0, 0.0, 0.0, 0.0, 0.061077, 0.014934]",11
W2,Quetta,Sugar Refined,"[157.22, 155.98, 152.88, 149.62, 158.96, 157.57, 147.24, 138.08, 131.99, 133.44, 143.36, 154.94]","[1, 2, 3, 4, 5, 6, 7, 8, 9, 10, 11, 12]","[-1.24, -3.1, -3.26, 9.34, -1.39, -10.33, -9.16, -6.09, 1.45, 9.92, 11.58]","[-0.007887, -0.019874, -0.021324, 0.062425, -0.008744, -0.065558, -0.062211, -0.044105, 0.010986, 0.074341, 0.080776]",11
W2,Quetta,Tea Lipton Yellow Label 190 gm Packet,"[542.85, 542.85, 542.85, 542.85, 542.85, 542.85, 542.85, 542.85, 542.85, 542.85, 542.85, 542.85]","[1, 2, 3, 4, 5, 6, 7, 8, 9, 10, 11, 12]","[0.0, 0.0, 0.0, 0.0, 0.0, 0.0, 0.0, 0.0, 0.0, 0.0, 0.0]","[0.0, 0.0, 0.0, 0.0, 0.0, 0.0, 0.0, 0.0, 0.0, 0.0, 0.0]",11
W2,Quetta,Tea Prepared Ordinary,"[70.0, 70.0, 70.0, 70.0, 76.09, 80.0, 80.0, 80.0, 80.0, 80.0, 80.0, 80.0]","[1, 2, 3, 4, 5, 6, 7, 8, 9, 10, 11, 12]","[0.0, 0.0, 0.0, 6.09, 3.91, 0.0, 0.0, 0.0, 0.0, 0.0, 0.0]","[0.0, 0.0, 0.0, 0.087, 0.051387, 0.0, 0.0, 0.0, 0.0, 0.0, 0.0]",11
W2,Quetta,Telephone Call Charges,"[1.79, 1.79, 1.79, 1.79, 1.79, 1.79, 1.79, 1.79, 1.79, 1.79, 1.79, 1.79]","[1, 2, 3, 4, 5, 6, 7, 8, 9, 10, 11, 12]","[0.0, 0.0, 0.0, 0.0, 0.0, 0.0, 0.0, 0.0, 0.0, 0.0, 0.0]","[0.0, 0.0, 0.0, 0.0, 0.0, 0.0, 0.0, 0.0, 0.0, 0.0, 0.0]",11
W2,Quetta,Toilet Soap LIFEBUOY 115 gm,"[111.48, 111.48, 111.48, 111.48, 111.48, 111.48, 111.48, 111.48, 111.48, 111.48, 99.74, 103.62]","[1, 2, 3, 4, 5, 6, 7, 8, 9, 10, 11, 12]","[0.0, 0.0, 0.0, 0.0, 0.0, 0.0, 0.0, 0.0, 0.0, -11.74, 3.88]","[0.0, 0.0, 0.0, 0.0, 0.0, 0.0, 0.0, 0.0, 0.0, -0.10531, 0.038901]",11
W2,Quetta,Tomatoes,"[98.31, 103.05, 63.9, 109.98, 138.59, 98.64, 96.93, 117.17, 130.25, 166.96, 118.57, 46.83]","[1, 2, 3, 4, 5, 6, 7, 8, 9, 10, 11, 12]","[4.74, -39.15, 46.08, 28.61, -39.95, -1.71, 20.24, 13.08, 36.71, -48.39, -71.74]","[0.048215, -0.379913, 0.721127, 0.260138, -0.28826, -0.017336, 0.20881, 0.111633, 0.281843, -0.28983, -0.605043]",11
W2,Quetta,Vegetable Ghee DALDA/HABIB 2.5 kg Tin,"[1285.0, 1285.0, 1304.96, 1310.0, 1310.0, 1315.98, 1325.0, 1325.0, 1340.57, 1380.22, 1492.46, 1512.45]","[1, 2, 3, 4, 5, 6, 7, 8, 9, 10, 11, 12]","[0.0, 19.96, 5.04, 0.0, 5.98, 9.02, 0.0, 15.57, 39.65, 112.24, 19.99]","[0.0, 0.015533, 0.003862, 0.0, 0.004565, 0.006854, 0.0, 0.011751, 0.029577, 0.08132, 0.013394]",11
W2,Quetta,Vegetable Ghee DALDA/HABIB or Other Superior Quality 1 kg Pouch,"[499.0, 501.48, 509.0, 509.0, 509.0, 512.59, 515.0, 515.0, 529.15, 571.16, 581.98, 586.95]","[1, 2, 3, 4, 5, 6, 7, 8, 9, 10, 11, 12]","[2.48, 7.52, 0.0, 0.0, 3.59, 2.41, 0.0, 14.15, 42.01, 10.82, 4.97]","[0.00497, 0.014996, 0.0, 0.0, 0.007053, 0.004702, 0.0, 0.027476, 0.079391, 0.018944, 0.00854]",11
W2,Quetta,Wheat Flour Bag,"[2794.54, 2599.95, 2170.92, 2064.87, 2110.81, 2031.46, 1880.83, 1909.12, 1956.22, 1956.85, 1928.56, 1879.95]","[1, 2, 3, 4, 5, 6, 7, 8, 9, 10, 11, 12]","[-194.59, -429.03, -106.05, 45.94, -79.35, -150.63, 28.29, 47.1, 0.63, -28.29, -48.61]","[-0.069632, -0.165015, -0.04885, 0.022248, -0.037592, -0.074149, 0.015041, 0.024671, 0.000322, -0.014457, -0.025205]",11
W2,Rawalpindi,Bananas (Kela) Local,"[251.24, 248.48, 222.78, 241.15, 242.8, 211.71, 177.13, 169.78, 167.43, 172.69, 203.51, 276.52]","[1, 2, 3, 4, 5, 6, 7, 8, 9, 10, 11, 12]","[-2.76, -25.7, 18.37, 1.65, -31.09, -34.58, -7.35, -2.35, 5.26, 30.82, 73.01]","[-0.010986, -0.103429, 0.082458, 0.006842, -0.128048, -0.163337, -0.041495, -0.013841, 0.031416, 0.17847, 0.358754]",11
W2,Rawalpindi,Beef with Bone (Average Quality),"[1053.22, 1065.88, 1109.88, 1128.34, 1128.34, 1128.34, 1128.34, 1128.34, 1128.34, 1128.34, 1160.86, 1246.39]","[1, 2, 3, 4, 5, 6, 7, 8, 9, 10, 11, 12]","[12.66, 44.0, 18.46, 0.0, 0.0, 0.0, 0.0, 0.0, 0.0, 32.52, 85.53]","[0.01202, 0.04128, 0.016632, 0.0, 0.0, 0.0, 0.0, 0.0, 0.0, 0.028821, 0.073678]",11
W2,Rawalpindi,Bread plain (Small Size),"[120.0, 120.0, 120.0, 110.0, 110.0, 110.0, 110.0, 110.0, 110.0, 110.0, 110.0, 110.0]","[1, 2, 3, 4, 5, 6, 7, 8, 9, 10, 11, 12]","[0.0, 0.0, -10.0, 0.0, 0.0, 0.0, 0.0, 0.0, 0.0, 0.0, 0.0]","[0.0, 0.0, -0.083333, 0.0, 0.0, 0.0, 0.0, 0.0, 0.0, 0.0, 0.0]",11
W2,Rawalpindi,Chicken Farm Broiler (Live),"[424.63, 461.49, 341.61, 342.82, 390.45, 439.02, 437.21, 441.32, 362.37, 347.67, 446.43, 442.48]","[1, 2, 3, 4, 5, 6, 7, 8, 9, 10, 11, 12]","[36.86, -119.88, 1.21, 47.63, 48.57, -1.81, 4.11, -78.95, -14.7, 98.76, -3.95]","[0.086805, -0.259767, 0.003542, 0.138936, 0.124395, -0.004123, 0.009401, -0.178895, -0.040566, 0.284062, -0.008848]",11
W2,Rawalpindi,Chilies Powder NATIONAL 200 gm Packet,"[400.0, 378.3, 320.0, 320.0, 320.0, 320.0, 320.0, 320.0, 320.0, 320.0, 320.0, 320.0]","[1, 2, 3, 4, 5, 6, 7, 8, 9, 10, 11, 12]","[-21.7, -58.3, 0.0, 0.0, 0.0, 0.0, 0.0, 0.0, 0.0, 0.0, 0.0]","[-0.05425, -0.15411, 0.0, 0.0, 0.0, 0.0, 0.0, 0.0, 0.0, 0.0, 0.0]",11
W2,Rawalpindi,Cigarettes Capstan 20'S Packet,"[220.0, 220.0, 220.0, 230.56, 244.5, 244.5, 244.5, 244.5, 244.5, 244.5, 244.5, 244.5]","[1, 2, 3, 4, 5, 6, 7, 8, 9, 10, 11, 12]","[0.0, 0.0, 10.56, 13.94, 0.0, 0.0, 0.0, 0.0, 0.0, 0.0, 0.0]","[0.0, 0.0, 0.048, 0.060461, 0.0, 0.0, 0.0, 0.0, 0.0, 0.0, 0.0]",11
W2,Rawalpindi,Cooked Beef at Average Hotel,"[285.47, 285.47, 285.47, 285.47, 285.47, 285.47, 285.47, 285.47, 305.01, 310.75, 310.75, 310.75]","[1, 2, 3, 4, 5, 6, 7, 8, 9, 10, 11, 12]","[0.0, 0.0, 0.0, 0.0, 0.0, 0.0, 0.0, 19.54, 5.74, 0.0, 0.0]","[0.0, 0.0, 0.0, 0.0, 0.0, 0.0, 0.0, 0.068449, 0.018819, 0.0, 0.0]",11
W2,Rawalpindi,Cooked Daal at Average Hotel,"[207.15, 207.15, 207.15, 210.5, 220.86, 220.86, 220.86, 220.86, 220.86, 220.86, 220.86, 220.86]","[1, 2, 3, 4, 5, 6, 7, 8, 9, 10, 11, 12]","[0.0, 0.0, 3.35, 10.36, 0.0, 0.0, 0.0, 0.0, 0.0, 0.0, 0.0]","[0.0, 0.0, 0.016172, 0.049216, 0.0, 0.0, 0.0, 0.0, 0.0, 0.0, 0.0]",11
W2,Rawalpindi,"Cooking Oil DALDA or Other Similar Brand (SN), 5 Litre Tin","[2615.0, 2615.0, 2678.81, 2695.0, 2695.0, 2695.0, 2615.0, 2626.96, 2769.66, 2887.47, 2934.93, 2915.0]","[1, 2, 3, 4, 5, 6, 7, 8, 9, 10, 11, 12]","[0.0, 63.81, 16.19, 0.0, 0.0, -80.0, 11.96, 142.7, 117.81, 47.46, -19.93]","[0.0, 0.024402, 0.006044, 0.0, 0.0, -0.029685, 0.004574, 0.054321, 0.042536, 0.016437, -0.006791]",11
W2,Rawalpindi,Curd (Dahi) Loose,"[232.42, 232.42, 232.42, 232.42, 237.68, 239.67, 239.67, 239.67, 240.36, 241.06, 241.06, 241.06]","[1, 2, 3, 4, 5, 6, 7, 8, 9, 10, 11, 12]","[0.0, 0.0, 0.0, 5.26, 1.99, 0.0, 0.0, 0.69, 0.7, 0.0, 0.0]","[0.0, 0.0, 0.0, 0.022631, 0.008373, 0.0, 0.0, 0.002879, 0.002912, 0.0, 0.0]",11
W2,Rawalpindi,Eggs Hen (Farm),"[273.13, 268.09, 258.4, 254.62, 262.6, 290.76, 312.63, 313.3, 349.47, 346.18, 283.95, 260.69]","[1, 2, 3, 4, 5, 6, 7, 8, 9, 10, 11, 12]","[-5.04, -9.69, -3.78, 7.98, 28.16, 21.87, 0.67, 36.17, -3.29, -62.23, -23.26]","[-0.018453, -0.036145, -0.014628, 0.031341, 0.107235, 0.075217, 0.002143, 0.115448, -0.009414, -0.179762, -0.081916]",11
W2,Rawalpindi,Electricity Charges upto 50 Units,"[7.4, 7.13, 6.87, 7.32, 7.47, 6.29, 6.48, 6.55, 6.55, 6.55, 6.05, 6.0]","[1, 2, 3, 4, 5, 6, 7, 8, 9, 10, 11, 12]","[-0.27, -0.26, 0.45, 0.15, -1.18, 0.19, 0.07, 0.0, 0.0, -0.5, -0.05]","[-0.036486, -0.036466, 0.065502, 0.020492, -0.157965, 0.030207, 0.010802, 0.0, 0.0, -0.076336, -0.008264]",11
W2,Rawalpindi,Energy Saver Philips 14 Watt,"[260.4, 260.4, 260.4, 260.4, 260.4, 260.4, 260.4, 260.4, 260.4, 260.4, 260.4, 260.4]","[1, 2, 3, 4, 5, 6, 7, 8, 9, 10, 11, 12]","[0.0, 0.0, 0.0, 0.0, 0.0, 0.0, 0.0, 0.0, 0.0, 0.0, 0.0]","[0.0, 0.0, 0.0, 0.0, 0.0, 0.0, 0.0, 0.0, 0.0, 0.0, 0.0]",11
W2,Rawalpindi,Firewood Whole,"[1507.08, 1507.08, 1507.08, 1507.08, 1507.08, 1507.08, 1507.08, 1524.18, 1611.24, 1621.14, 1651.22, 1651.22]","[1, 2, 3, 4, 5, 6, 7, 8, 9, 10, 11, 12]","[0.0, 0.0, 0.0, 0.0, 0.0, 0.0, 17.1, 87.06, 9.9, 30.08, 0.0]","[0.0, 0.0, 0.0, 0.0, 0.0, 0.0, 0.011346, 0.057119, 0.006144, 0.018555, 0.0]",11
W2,Rawalpindi,Garlic (Lehsun),"[624.39, 605.68, 589.95, 497.29, 515.51, 520.5, 548.2, 582.46, 620.06, 661.47, 678.36, 695.58]","[1, 2, 3, 4, 5, 6, 7, 8, 9, 10, 11, 12]","[-18.71, -15.73, -92.66, 18.22, 4.99, 27.7, 34.26, 37.6, 41.41, 16.89, 17.22]","[-0.029965, -0.025971, -0.157064, 0.036639, 0.00968, 0.053218, 0.062495, 0.064554, 0.066784, 0.025534, 0.025385]",11
W2,Rawalpindi,Gas Charges upto 3.3719 MMBTU,"[1976.5, 1976.5, 1976.5, 1976.5, 1976.5, 1976.5, 1976.5, 1976.5, 1976.5, 1976.5, 1976.5, 1976.5]","[1, 2, 3, 4, 5, 6, 7, 8, 9, 10, 11, 12]","[0.0, 0.0, 0.0, 0.0, 0.0, 0.0, 0.0, 0.0, 0.0, 0.0, 0.0]","[0.0, 0.0, 0.0, 0.0, 0.0, 0.0, 0.0, 0.0, 0.0, 0.0, 0.0]",11
W2,Rawalpindi,Gents Sandal Bata,"[2299.0, 2499.0, 2499.0, 2499.0, 2499.0, 2499.0, 2499.0, 2499.0, 2499.0, 2499.0, 2499.0, 2499.0]","[1, 2, 3, 4, 5, 6, 7, 8, 9, 10, 11, 12]","[200.0, 0.0, 0.0, 0.0, 0.0, 0.0, 0.0, 0.0, 0.0, 0.0, 0.0]","[0.086994, 0.0, 0.0, 0.0, 0.0, 0.0, 0.0, 0.0, 0.0, 0.0, 0.0]",11
W2,Rawalpindi,Gents Sponge Chappal Bata,"[599.0, 599.0, 599.0, 599.0, 599.0, 599.0, 599.0, 599.0, 599.0, 599.0, 599.0, 599.0]","[1, 2, 3, 4, 5, 6, 7, 8, 9, 10, 11, 12]","[0.0, 0.0, 0.0, 0.0, 0.0, 0.0, 0.0, 0.0, 0.0, 0.0, 0.0]","[0.0, 0.0, 0.0, 0.0, 0.0, 0.0, 0.0, 0.0, 0.0, 0.0, 0.0]",11
W2,Rawalpindi,Georgette (Average Quality),"[319.07, 326.25, 326.25, 326.25, 326.25, 326.25, 326.25, 326.25, 357.24, 368.21, 374.2, 378.24]","[1, 2, 3, 4, 5, 6, 7, 8, 9, 10, 11, 12]","[7.18, 0.0, 0.0, 0.0, 0.0, 0.0, 0.0, 30.99, 10.97, 5.99, 4.04]","[0.022503, 0.0, 0.0, 0.0, 0.0, 0.0, 0.0, 0.094989, 0.030708, 0.016268, 0.010796]",11
W2,Rawalpindi,Gur (Average Quality),"[211.8, 211.8, 211.8, 211.8, 211.8, 211.8, 211.8, 211.8, 211.8, 215.79, 224.71, 245.25]","[1, 2, 3, 4, 5, 6, 7, 8, 9, 10, 11, 12]","[0.0, 0.0, 0.0, 0.0, 0.0, 0.0, 0.0, 0.0, 3.99, 8.92, 20.54]","[0.0, 0.0, 0.0, 0.0, 0.0, 0.0, 0.0, 0.0, 0.018839, 0.041336, 0.091407]",11
W2,Rawalpindi,Hi-Speed Diesel,"[287.28, 287.1, 277.97, 269.88, 281.42, 269.69, 257.08, 250.22, 256.08, 257.81, 260.81, 266.88]","[1, 2, 3, 4, 5, 6, 7, 8, 9, 10, 11, 12]","[-0.18, -9.13, -8.09, 11.54, -11.73, -12.61, -6.86, 5.86, 1.73, 3.0, 6.07]","[-0.000627, -0.031801, -0.029104, 0.04276, -0.041681, -0.046757, -0.026684, 0.023419, 0.006756, 0.011636, 0.023274]",11
W2,Rawalpindi,LPG 11.67 kg Cylinder,"[3515.13, 3434.23, 3100.1, 3034.09, 3265.4, 3377.6, 3379.76, 3436.38, 3603.49, 3684.56, 3616.99, 3473.67]","[1, 2, 3, 4, 5, 6, 7, 8, 9, 10, 11, 12]","[-80.9, -334.13, -66.01, 231.31, 112.2, 2.16, 56.62, 167.11, 81.07, -67.57, -143.32]","[-0.023015, -0.097294, -0.021293, 0.076237, 0.03436, 0.00064, 0.016753, 0.04863, 0.022498, -0.018339, -0.039624]",11
W2,Rawalpindi,Ladies Sandal Bata,"[799.0, 899.0, 899.0, 899.0, 899.0, 899.0, 899.0, 899.0, 1121.47, 1399.0, 1399.0, 1399.0]","[1, 2, 3, 4, 5, 6, 7, 8, 9, 10, 11, 12]","[100.0, 0.0, 0.0, 0.0, 0.0, 0.0, 0.0, 222.47, 277.53, 0.0, 0.0]","[0.125156, 0.0, 0.0, 0.0, 0.0, 0.0, 0.0, 0.247464, 0.24747, 0.0, 0.0]",11
W2,Rawalpindi,Lawn Printed Gul Ahmed/Al Karam,"[454.34, 464.05, 464.05, 464.05, 482.96, 489.43, 489.43, 489.43, 489.43, 489.43, 489.43, 489.43]","[1, 2, 3, 4, 5, 6, 7, 8, 9, 10, 11, 12]","[9.71, 0.0, 0.0, 18.91, 6.47, 0.0, 0.0, 0.0, 0.0, 0.0, 0.0]","[0.021372, 0.0, 0.0, 0.04075, 0.013397, 0.0, 0.0, 0.0, 0.0, 0.0, 0.0]",11
W2,Rawalpindi,"Long Cloth 57"" Gul Ahmed/Al Karam","[586.39, 598.36, 598.36, 598.36, 637.91, 651.66, 651.66, 651.66, 651.66, 651.66, 651.66, 651.66]","[1, 2, 3, 4, 5, 6, 7, 8, 9, 10, 11, 12]","[11.97, 0.0, 0.0, 39.55, 13.75, 0.0, 0.0, 0.0, 0.0, 0.0, 0.0]","[0.020413, 0.0, 0.0, 0.066097, 0.021555, 0.0, 0.0, 0.0, 0.0, 0.0, 0.0]",11
W2,Rawalpindi,Match Box,"[6.0, 6.0, 6.0, 6.0, 6.0, 6.0, 6.0, 6.0, 6.0, 6.0, 6.0, 6.0]","[1, 2, 3, 4, 5, 6, 7, 8, 9, 10, 11, 12]","[0.0, 0.0, 0.0, 0.0, 0.0, 0.0, 0.0, 0.0, 0.0, 0.0, 0.0]","[0.0, 0.0, 0.0, 0.0, 0.0, 0.0, 0.0, 0.0, 0.0, 0.0, 0.0]",11
W2,Rawalpindi,Milk fresh (Un-boiled),"[213.12, 213.12, 213.12, 213.12, 215.61, 216.86, 216.86, 216.86, 216.86, 216.86, 216.86, 216.86]","[1, 2, 3, 4, 5, 6, 7, 8, 9, 10, 11, 12]","[0.0, 0.0, 0.0, 2.49, 1.25, 0.0, 0.0, 0.0, 0.0, 0.0, 0.0]","[0.0, 0.0, 0.0, 0.011684, 0.005798, 0.0, 0.0, 0.0, 0.0, 0.0, 0.0]",11
W2,Rawalpindi,Mustard Oil (Average Quality),"[653.94, 653.94, 653.94, 653.94, 653.94, 653.94, 651.6, 638.16, 633.89, 633.89, 633.89, 633.89]","[1, 2, 3, 4, 5, 6, 7, 8, 9, 10, 11, 12]","[0.0, 0.0, 0.0, 0.0, 0.0, -2.34, -13.44, -4.27, 0.0, 0.0, 0.0]","[0.0, 0.0, 0.0, 0.0, 0.0, -0.003578, -0.020626, -0.006691, 0.0, 0.0, 0.0]",11
W2,Rawalpindi,Mutton (Average Quality),"[2098.49, 2119.02, 2201.57, 2234.64, 2234.64, 2234.64, 2234.64, 2234.64, 2234.64, 2234.64, 2240.96, 2261.18]","[1, 2, 3, 4, 5, 6, 7, 8, 9, 10, 11, 12]","[20.53, 82.55, 33.07, 0.0, 0.0, 0.0, 0.0, 0.0, 0.0, 6.32, 20.22]","[0.009783, 0.038957, 0.015021, 0.0, 0.0, 0.0, 0.0, 0.0, 0.0, 0.002828, 0.009023]",11
W2,Rawalpindi,Onions,"[267.97, 219.72, 116.85, 140.69, 138.65, 163.95, 168.47, 167.6, 160.27, 157.29, 142.14, 107.79]","[1, 2, 3, 4, 5, 6, 7, 8, 9, 10, 11, 12]","[-48.25, -102.87, 23.84, -2.04, 25.3, 4.52, -0.87, -7.33, -2.98, -15.15, -34.35]","[-0.180057, -0.468187, 0.204022, -0.0145, 0.182474, 0.027569, -0.005164, -0.043735, -0.018594, -0.096319, -0.241663]",11
W2,Rawalpindi,Petrol Super,"[280.58, 292.5, 280.07, 264.04, 271.45, 265.26, 254.99, 247.95, 249.29, 253.03, 255.67, 257.58]","[1, 2, 3, 4, 5, 6, 7, 8, 9, 10, 11, 12]","[11.92, -12.43, -16.03, 7.41, -6.19, -10.27, -7.04, 1.34, 3.74, 2.64, 1.91]","[0.042483, -0.042496, -0.057236, 0.028064, -0.022803, -0.038717, -0.027609, 0.005404, 0.015003, 0.010434, 0.007471]",11
W2,Rawalpindi,Potatoes,"[79.22, 82.49, 99.24, 110.4, 115.58, 117.31, 121.01, 127.25, 139.8, 129.14, 101.82, 78.49]","[1, 2, 3, 4, 5, 6, 7, 8, 9, 10, 11, 12]","[3.27, 16.75, 11.16, 5.18, 1.73, 3.7, 6.24, 12.55, -10.66, -27.32, -23.33]","[0.041277, 0.203055, 0.112455, 0.04692, 0.014968, 0.03154, 0.051566, 0.098625, -0.076252, -0.211553, -0.22913]",11
W2,Rawalpindi,Powdered Milk NIDO 390 gm Polybag,"[834.65, 843.35, 870.0, 870.0, 1014.89, 1030.0, 1030.0, 1030.0, 1047.89, 1047.89, 1055.91, 1057.92]","[1, 2, 3, 4, 5, 6, 7, 8, 9, 10, 11, 12]","[8.7, 26.65, 0.0, 144.89, 15.11, 0.0, 0.0, 17.89, 0.0, 8.02, 2.01]","[0.010424, 0.0316, 0.0, 0.16654, 0.014888, 0.0, 0.0, 0.017369, 0.0, 0.007653, 0.001904]",11
W2,Rawalpindi,Pulse Gram,"[271.92, 271.92, 271.92, 292.1, 331.03, 360.21, 399.4, 425.06, 426.68, 410.49, 385.2, 376.6]","[1, 2, 3, 4, 5, 6, 7, 8, 9, 10, 11, 12]","[0.0, 0.0, 20.18, 38.93, 29.18, 39.19, 25.66, 1.62, -16.19, -25.29, -8.6]","[0.0, 0.0, 0.074213, 0.133276, 0.088149, 0.108798, 0.064246, 0.003811, -0.037944, -0.061609, -0.022326]",11
W2,Rawalpindi,Pulse Mash (Washed),"[557.27, 557.27, 557.27, 573.54, 593.73, 601.88, 590.91, 582.86, 564.24, 502.71, 493.85, 489.9]","[1, 2, 3, 4, 5, 6, 7, 8, 9, 10, 11, 12]","[0.0, 0.0, 16.27, 20.19, 8.15, -10.97, -8.05, -18.62, -61.53, -8.86, -3.95]","[0.0, 0.0, 0.029196, 0.035202, 0.013727, -0.018226, -0.013623, -0.031946, -0.109049, -0.017624, -0.007998]",11
W2,Rawalpindi,Pulse Masoor (Washed),"[365.17, 365.17, 365.17, 365.17, 370.21, 371.89, 364.57, 361.65, 353.41, 347.96, 347.96, 347.96]","[1, 2, 3, 4, 5, 6, 7, 8, 9, 10, 11, 12]","[0.0, 0.0, 0.0, 5.04, 1.68, -7.32, -2.92, -8.24, -5.45, 0.0, 0.0]","[0.0, 0.0, 0.0, 0.013802, 0.004538, -0.019683, -0.008009, -0.022784, -0.015421, 0.0, 0.0]",11
W2,Rawalpindi,Pulse Moong (Washed),"[302.59, 302.59, 299.88, 305.19, 335.35, 337.2, 334.02, 356.36, 380.54, 388.75, 393.48, 398.54]","[1, 2, 3, 4, 5, 6, 7, 8, 9, 10, 11, 12]","[0.0, -2.71, 5.31, 30.16, 1.85, -3.18, 22.34, 24.18, 8.21, 4.73, 5.06]","[0.0, -0.008956, 0.017707, 0.098824, 0.005517, -0.009431, 0.066882, 0.067853, 0.021575, 0.012167, 0.01286]",11
W2,Rawalpindi,Rice Basmati Broken (Average Quality),"[245.28, 245.28, 241.47, 226.89, 225.25, 233.2, 233.2, 233.2, 233.2, 233.2, 233.2, 233.2]","[1, 2, 3, 4, 5, 6, 7, 8, 9, 10, 11, 12]","[0.0, -3.81, -14.58, -1.64, 7.95, 0.0, 0.0, 0.0, 0.0, 0.0, 0.0]","[0.0, -0.015533, -0.06038, -0.007228, 0.035294, 0.0, 0.0, 0.0, 0.0, 0.0, 0.0]",11
W2,Rawalpindi,Rice IRRI-6/9 (Sindh/Punjab),"[148.93, 148.93, 148.93, 148.93, 148.93, 148.93, 148.93, 148.93, 148.93, 148.93, 148.93, 148.93]","[1, 2, 3, 4, 5, 6, 7, 8, 9, 10, 11, 12]","[0.0, 0.0, 0.0, 0.0, 0.0, 0.0, 0.0, 0.0, 0.0, 0.0, 0.0]","[0.0, 0.0, 0.0, 0.0, 0.0, 0.0, 0.0, 0.0, 0.0, 0.0, 0.0]",11
W2,Rawalpindi,Salt Powdered (NATIONAL/SHAN) 800 gm Packet,"[70.0, 70.0, 70.75, 71.9, 73.51, 73.84, 73.84, 73.84, 73.84, 73.84, 73.84, 73.84]","[1, 2, 3, 4, 5, 6, 7, 8, 9, 10, 11, 12]","[0.0, 0.75, 1.15, 1.61, 0.33, 0.0, 0.0, 0.0, 0.0, 0.0, 0.0]","[0.0, 0.010714, 0.016254, 0.022392, 0.004489, 0.0, 0.0, 0.0, 0.0, 0.0, 0.0]",11
W2,Rawalpindi,Shirting (Average Quality),"[596.59, 604.87, 604.87, 604.87, 604.87, 604.87, 604.87, 604.87, 609.94, 611.64, 636.97, 654.44]","[1, 2, 3, 4, 5, 6, 7, 8, 9, 10, 11, 12]","[8.28, 0.0, 0.0, 0.0, 0.0, 0.0, 0.0, 5.07, 1.7, 25.33, 17.47]","[0.013879, 0.0, 0.0, 0.0, 0.0, 0.0, 0.0, 0.008382, 0.002787, 0.041413, 0.027427]",11
W2,Rawalpindi,Sufi Washing Soap 250 gm Cake,"[131.29, 131.29, 131.29, 131.29, 131.29, 131.29, 131.29, 131.29, 131.29, 137.09, 140.0, 140.0]","[1, 2, 3, 4, 5, 6, 7, 8, 9, 10, 11, 12]","[0.0, 0.0, 0.0, 0.0, 0.0, 0.0, 0.0, 0.0, 5.8, 2.91, 0.0]","[0.0, 0.0, 0.0, 0.0, 0.0, 0.0, 0.0, 0.0, 0.044177, 0.021227, 0.0]",11
W2,Rawalpindi,Sugar Refined,"[149.32, 147.73, 148.18, 148.31, 150.61, 150.75, 146.45, 140.83, 136.96, 139.1, 149.65, 159.65]","[1, 2, 3, 4, 5, 6, 7, 8, 9, 10, 11, 12]","[-1.59, 0.45, 0.13, 2.3, 0.14, -4.3, -5.62, -3.87, 2.14, 10.55, 10.0]","[-0.010648, 0.003046, 0.000877, 0.015508, 0.00093, -0.028524, -0.038375, -0.02748, 0.015625, 0.075845, 0.066823]",11
W2,Rawalpindi,Tea Lipton Yellow Label 190 gm Packet,"[542.86, 542.86, 542.86, 542.86, 542.86, 542.86, 542.86, 542.86, 542.86, 542.86, 542.86, 469.29]","[1, 2, 3, 4, 5, 6, 7, 8, 9, 10, 11, 12]","[0.0, 0.0, 0.0, 0.0, 0.0, 0.0, 0.0, 0.0, 0.0, 0.0, -73.57]","[0.0, 0.0, 0.0, 0.0, 0.0, 0.0, 0.0, 0.0, 0.0, 0.0, -0.135523]",11
W2,Rawalpindi,Tea Prepared Ordinary,"[68.58, 68.58, 68.58, 68.58, 68.58, 68.58, 68.58, 68.58, 68.58, 68.58, 68.58, 68.58]","[1, 2, 3, 4, 5, 6, 7, 8, 9, 10, 11, 12]","[0.0, 0.0, 0.0, 0.0, 0.0, 0.0, 0.0, 0.0, 0.0, 0.0, 0.0]","[0.0, 0.0, 0.0, 0.0, 0.0, 0.0, 0.0, 0.0, 0.0, 0.0, 0.0]",11
W2,Rawalpindi,Telephone Call Charges,"[1.79, 1.79, 1.79, 1.79, 1.79, 1.79, 1.79, 1.79, 1.79, 1.79, 1.79, 1.79]","[1, 2, 3, 4, 5, 6, 7, 8, 9, 10, 11, 12]","[0.0, 0.0, 0.0, 0.0, 0.0, 0.0, 0.0, 0.0, 0.0, 0.0, 0.0]","[0.0, 0.0, 0.0, 0.0, 0.0, 0.0, 0.0, 0.0, 0.0, 0.0, 0.0]",11
W2,Rawalpindi,Toilet Soap LIFEBUOY 115 gm,"[111.47, 111.47, 111.47, 111.47, 111.47, 111.47, 105.44, 98.85, 95.39, 95.39, 95.39, 100.21]","[1, 2, 3, 4, 5, 6, 7, 8, 9, 10, 11, 12]","[0.0, 0.0, 0.0, 0.0, 0.0, -6.03, -6.59, -3.46, 0.0, 0.0, 4.82]","[0.0, 0.0, 0.0, 0.0, 0.0, -0.054095, -0.0625, -0.035003, 0.0, 0.0, 0.050529]",11
W2,Rawalpindi,Tomatoes,"[139.81, 116.67, 88.39, 116.58, 182.75, 150.23, 121.74, 146.64, 189.41, 212.84, 144.92, 78.93]","[1, 2, 3, 4, 5, 6, 7, 8, 9, 10, 11, 12]","[-23.14, -28.28, 28.19, 66.17, -32.52, -28.49, 24.9, 42.77, 23.43, -67.92, -65.99]","[-0.16551, -0.242393, 0.318927, 0.567593, -0.177948, -0.189643, 0.204534, 0.291667, 0.1237, -0.319113, -0.455355]",11
W2,Rawalpindi,Vegetable Ghee DALDA/HABIB 2.5 kg Tin,"[1285.0, 1285.0, 1310.0, 1310.0, 1310.0, 1318.98, 1325.0, 1338.87, 1393.71, 1473.66, 1510.97, 1485.0]","[1, 2, 3, 4, 5, 6, 7, 8, 9, 10, 11, 12]","[0.0, 25.0, 0.0, 0.0, 8.98, 6.02, 13.87, 54.84, 79.95, 37.31, -25.97]","[0.0, 0.019455, 0.0, 0.0, 0.006855, 0.004564, 0.010468, 0.04096, 0.057365, 0.025318, -0.017188]",11
W2,Rawalpindi,Wheat Flour Bag,"[2836.0, 2492.95, 1973.96, 1841.6, 2092.24, 1919.59, 1817.01, 1939.39, 1936.81, 1917.14, 1873.27, 1783.23]","[1, 2, 3, 4, 5, 6, 7, 8, 9, 10, 11, 12]","[-343.05, -518.99, -132.36, 250.64, -172.65, -102.58, 122.38, -2.58, -19.67, -43.87, -90.04]","[-0.120963, -0.208183, -0.067053, 0.136099, -0.082519, -0.053438, 0.067352, -0.00133, -0.010156, -0.022883, -0.048066]",11
W2,Sargodha,Bananas (Kela) Local,"[178.39, 163.96, 123.8, 143.85, 150.0, 123.19, 109.54, 109.3, 104.66, 108.75, 111.56, 148.37]","[1, 2, 3, 4, 5, 6, 7, 8, 9, 10, 11, 12]","[-14.43, -40.16, 20.05, 6.15, -26.81, -13.65, -0.24, -4.64, 4.09, 2.81, 36.81]","[-0.08089, -0.244938, 0.161955, 0.042753, -0.178733, -0.110804, -0.002191, -0.042452, 0.039079, 0.025839, 0.329957]",11
W2,Sargodha,Beef with Bone (Average Quality),"[814.92, 843.32, 847.32, 850.0, 850.0, 850.0, 850.0, 850.0, 900.0, 900.0, 900.0, 900.0]","[1, 2, 3, 4, 5, 6, 7, 8, 9, 10, 11, 12]","[28.4, 4.0, 2.68, 0.0, 0.0, 0.0, 0.0, 50.0, 0.0, 0.0, 0.0]","[0.03485, 0.004743, 0.003163, 0.0, 0.0, 0.0, 0.0, 0.058824, 0.0, 0.0, 0.0]",11
W2,Sargodha,Bread plain (Small Size),"[110.0, 110.0, 110.0, 110.0, 110.0, 110.0, 110.0, 110.0, 110.0, 110.0, 110.0, 110.0]","[1, 2, 3, 4, 5, 6, 7, 8, 9, 10, 11, 12]","[0.0, 0.0, 0.0, 0.0, 0.0, 0.0, 0.0, 0.0, 0.0, 0.0, 0.0]","[0.0, 0.0, 0.0, 0.0, 0.0, 0.0, 0.0, 0.0, 0.0, 0.0, 0.0]",11
W2,Sargodha,Chicken Farm Broiler (Live),"[422.36, 440.7, 310.65, 322.14, 379.56, 419.95, 424.96, 420.93, 358.65, 327.91, 417.27, 419.85]","[1, 2, 3, 4, 5, 6, 7, 8, 9, 10, 11, 12]","[18.34, -130.05, 11.49, 57.42, 40.39, 5.01, -4.03, -62.28, -30.74, 89.36, 2.58]","[0.043423, -0.295099, 0.036987, 0.178245, 0.106413, 0.01193, -0.009483, -0.147958, -0.08571, 0.272514, 0.006183]",11
W2,Sargodha,Chilies Powder NATIONAL 200 gm Packet,"[400.0, 400.0, 400.0, 320.0, 320.0, 320.0, 320.0, 320.0, 320.0, 320.0, 320.0, 320.0]","[1, 2, 3, 4, 5, 6, 7, 8, 9, 10, 11, 12]","[0.0, 0.0, -80.0, 0.0, 0.0, 0.0, 0.0, 0.0, 0.0, 0.0, 0.0]","[0.0, 0.0, -0.2, 0.0, 0.0, 0.0, 0.0, 0.0, 0.0, 0.0, 0.0]",11
W2,Sargodha,Cigarettes Capstan 20'S Packet,"[220.0, 220.0, 220.0, 220.0, 222.46, 228.64, 230.0, 230.0, 230.0, 230.0, 230.0, 240.0]","[1, 2, 3, 4, 5, 6, 7, 8, 9, 10, 11, 12]","[0.0, 0.0, 0.0, 2.46, 6.18, 1.36, 0.0, 0.0, 0.0, 0.0, 10.0]","[0.0, 0.0, 0.0, 0.011182, 0.02778, 0.005948, 0.0, 0.0, 0.0, 0.0, 0.043478]",11
W2,Sargodha,Cooked Beef at Average Hotel,"[250.0, 250.0, 250.0, 250.0, 250.0, 285.06, 300.0, 300.0, 300.0, 300.0, 300.0, 300.0]","[1, 2, 3, 4, 5, 6, 7, 8, 9, 10, 11, 12]","[0.0, 0.0, 0.0, 0.0, 35.06, 14.94, 0.0, 0.0, 0.0, 0.0, 0.0]","[0.0, 0.0, 0.0, 0.0, 0.14024, 0.05241, 0.0, 0.0, 0.0, 0.0, 0.0]",11
W2,Sargodha,Cooked Daal at Average Hotel,"[120.0, 120.0, 120.0, 120.0, 120.0, 147.27, 150.0, 150.0, 150.0, 150.0, 150.0, 150.0]","[1, 2, 3, 4, 5, 6, 7, 8, 9, 10, 11, 12]","[0.0, 0.0, 0.0, 0.0, 27.27, 2.73, 0.0, 0.0, 0.0, 0.0, 0.0]","[0.0, 0.0, 0.0, 0.0, 0.22725, 0.018537, 0.0, 0.0, 0.0, 0.0, 0.0]",11
W2,Sargodha,"Cooking Oil DALDA or Other Similar Brand (SN), 5 Litre Tin","[2695.0, 2695.0, 2695.0, 2695.0, 2695.0, 2695.0, 2634.77, 2678.81, 2704.98, 2856.75, 2934.93, 2945.0]","[1, 2, 3, 4, 5, 6, 7, 8, 9, 10, 11, 12]","[0.0, 0.0, 0.0, 0.0, 0.0, -60.23, 44.04, 26.17, 151.77, 78.18, 10.07]","[0.0, 0.0, 0.0, 0.0, 0.0, -0.022349, 0.016715, 0.009769, 0.056108, 0.027367, 0.003431]",11
W2,Sargodha,Curd (Dahi) Loose,"[180.0, 180.0, 183.83, 200.0, 200.0, 200.0, 200.0, 200.0, 200.0, 200.0, 200.0, 200.0]","[1, 2, 3, 4, 5, 6, 7, 8, 9, 10, 11, 12]","[0.0, 3.83, 16.17, 0.0, 0.0, 0.0, 0.0, 0.0, 0.0, 0.0, 0.0]","[0.0, 0.021278, 0.087962, 0.0, 0.0, 0.0, 0.0, 0.0, 0.0, 0.0, 0.0]",11
W2,Sargodha,Eggs Hen (Farm),"[264.62, 247.67, 248.66, 244.95, 253.96, 284.02, 303.74, 302.64, 338.87, 331.32, 272.81, 255.04]","[1, 2, 3, 4, 5, 6, 7, 8, 9, 10, 11, 12]","[-16.95, 0.99, -3.71, 9.01, 30.06, 19.72, -1.1, 36.23, -7.55, -58.51, -17.77]","[-0.064054, 0.003997, -0.01492, 0.036783, 0.118365, 0.069432, -0.003622, 0.119713, -0.02228, -0.176597, -0.065137]",11
W2,Sargodha,Electricity Charges upto 50 Units,"[7.4, 7.13, 6.87, 7.32, 7.47, 6.29, 6.48, 6.55, 6.55, 6.55, 6.05, 6.0]","[1, 2, 3, 4, 5, 6, 7, 8, 9, 10, 11, 12]","[-0.27, -0.26, 0.45, 0.15, -1.18, 0.19, 0.07, 0.0, 0.0, -0.5, -0.05]","[-0.036486, -0.036466, 0.065502, 0.020492, -0.157965, 0.030207, 0.010802, 0.0, 0.0, -0.076336, -0.008264]",11
W2,Sargodha,Energy Saver Philips 14 Watt,"[550.0, 550.0, 550.0, 550.0, 550.0, 550.0, 550.0, 550.0, 550.0, 572.35, 580.0, 580.0]","[1, 2, 3, 4, 5, 6, 7, 8, 9, 10, 11, 12]","[0.0, 0.0, 0.0, 0.0, 0.0, 0.0, 0.0, 0.0, 22.35, 7.65, 0.0]","[0.0, 0.0, 0.0, 0.0, 0.0, 0.0, 0.0, 0.0, 0.040636, 0.013366, 0.0]",11
W2,Sargodha,Firewood Whole,"[1000.0, 1000.0, 1000.0, 1000.0, 1000.0, 1079.23, 1100.0, 1200.0, 1237.31, 1250.0, 1250.0, 1250.0]","[1, 2, 3, 4, 5, 6, 7, 8, 9, 10, 11, 12]","[0.0, 0.0, 0.0, 0.0, 79.23, 20.77, 100.0, 37.31, 12.69, 0.0, 0.0]","[0.0, 0.0, 0.0, 0.0, 0.07923, 0.019245, 0.090909, 0.031092, 0.010256, 0.0, 0.0]",11
W2,Sargodha,Garlic (Lehsun),"[616.92, 646.65, 607.58, 474.34, 500.0, 504.39, 530.6, 555.87, 665.45, 668.69, 632.35, 635.48]","[1, 2, 3, 4, 5, 6, 7, 8, 9, 10, 11, 12]","[29.73, -39.07, -133.24, 25.66, 4.39, 26.21, 25.27, 109.58, 3.24, -36.34, 3.13]","[0.048191, -0.060419, -0.219296, 0.054096, 0.00878, 0.051964, 0.047625, 0.197132, 0.004869, -0.054345, 0.00495]",11
W2,Sargodha,Gas Charges upto 3.3719 MMBTU,"[1976.5, 1976.5, 1976.5, 1976.5, 1976.5, 1976.5, 1976.5, 1976.5, 1976.5, 1976.5, 1976.5, 1976.5]","[1, 2, 3, 4, 5, 6, 7, 8, 9, 10, 11, 12]","[0.0, 0.0, 0.0, 0.0, 0.0, 0.0, 0.0, 0.0, 0.0, 0.0, 0.0]","[0.0, 0.0, 0.0, 0.0, 0.0, 0.0, 0.0, 0.0, 0.0, 0.0, 0.0]",11
W2,Sargodha,Gents Sandal Bata,"[2299.0, 2499.0, 2499.0, 2499.0, 2499.0, 2499.0, 2499.0, 2499.0, 2499.0, 2499.0, 2499.0, 2499.0]","[1, 2, 3, 4, 5, 6, 7, 8, 9, 10, 11, 12]","[200.0, 0.0, 0.0, 0.0, 0.0, 0.0, 0.0, 0.0, 0.0, 0.0, 0.0]","[0.086994, 0.0, 0.0, 0.0, 0.0, 0.0, 0.0, 0.0, 0.0, 0.0, 0.0]",11
W2,Sargodha,Gents Sponge Chappal Bata,"[599.0, 599.0, 599.0, 599.0, 599.0, 599.0, 599.0, 599.0, 599.0, 599.0, 599.0, 599.0]","[1, 2, 3, 4, 5, 6, 7, 8, 9, 10, 11, 12]","[0.0, 0.0, 0.0, 0.0, 0.0, 0.0, 0.0, 0.0, 0.0, 0.0, 0.0]","[0.0, 0.0, 0.0, 0.0, 0.0, 0.0, 0.0, 0.0, 0.0, 0.0, 0.0]",11
W2,Sargodha,Georgette (Average Quality),"[350.0, 367.82, 386.55, 386.55, 400.0, 400.0, 400.0, 400.0, 400.0, 400.0, 400.0, 400.0]","[1, 2, 3, 4, 5, 6, 7, 8, 9, 10, 11, 12]","[17.82, 18.73, 0.0, 13.45, 0.0, 0.0, 0.0, 0.0, 0.0, 0.0, 0.0]","[0.050914, 0.050922, 0.0, 0.034795, 0.0, 0.0, 0.0, 0.0, 0.0, 0.0, 0.0]",11
W2,Sargodha,Gur (Average Quality),"[200.0, 200.0, 200.0, 200.0, 212.33, 219.32, 226.55, 233.29, 211.47, 200.0, 207.13, 200.0]","[1, 2, 3, 4, 5, 6, 7, 8, 9, 10, 11, 12]","[0.0, 0.0, 0.0, 12.33, 6.99, 7.23, 6.74, -21.82, -11.47, 7.13, -7.13]","[0.0, 0.0, 0.0, 0.06165, 0.03292, 0.032966, 0.029751, -0.093532, -0.054239, 0.03565, -0.034423]",11
W2,Sargodha,Hi-Speed Diesel,"[287.54, 287.38, 278.3, 270.13, 281.76, 269.99, 257.39, 250.46, 256.33, 258.06, 261.11, 267.51]","[1, 2, 3, 4, 5, 6, 7, 8, 9, 10, 11, 12]","[-0.16, -9.08, -8.17, 11.63, -11.77, -12.6, -6.93, 5.87, 1.73, 3.05, 6.4]","[-0.000556, -0.031596, -0.029357, 0.043053, -0.041773, -0.046668, -0.026924, 0.023437, 0.006749, 0.011819, 0.024511]",11
W2,Sargodha,LPG 11.67 kg Cylinder,"[3224.9, 3108.28, 2897.24, 2824.67, 2900.0, 2979.73, 3100.0, 3159.94, 3336.48, 3487.43, 3355.39, 3200.0]","[1, 2, 3, 4, 5, 6, 7, 8, 9, 10, 11, 12]","[-116.62, -211.04, -72.57, 75.33, 79.73, 120.27, 59.94, 176.54, 150.95, -132.04, -155.39]","[-0.036162, -0.067896, -0.025048, 0.026669, 0.027493, 0.040363, 0.019335, 0.055868, 0.045242, -0.037862, -0.046311]",11
W2,Sargodha,Ladies Sandal Bata,"[799.0, 899.0, 899.0, 899.0, 899.0, 899.0, 899.0, 899.0, 1121.47, 1399.0, 1399.0, 1399.0]","[1, 2, 3, 4, 5, 6, 7, 8, 9, 10, 11, 12]","[100.0, 0.0, 0.0, 0.0, 0.0, 0.0, 0.0, 222.47, 277.53, 0.0, 0.0]","[0.125156, 0.0, 0.0, 0.0, 0.0, 0.0, 0.0, 0.247464, 0.24747, 0.0, 0.0]",11
W2,Sargodha,Lawn Printed Gul Ahmed/Al Karam,"[650.0, 650.0, 650.0, 650.0, 650.0, 650.0, 650.0, 650.0, 650.0, 650.0, 650.0, 650.0]","[1, 2, 3, 4, 5, 6, 7, 8, 9, 10, 11, 12]","[0.0, 0.0, 0.0, 0.0, 0.0, 0.0, 0.0, 0.0, 0.0, 0.0, 0.0]","[0.0, 0.0, 0.0, 0.0, 0.0, 0.0, 0.0, 0.0, 0.0, 0.0, 0.0]",11
W2,Sargodha,"Long Cloth 57"" Gul Ahmed/Al Karam","[680.0, 680.0, 680.0, 680.0, 680.0, 680.0, 680.0, 680.0, 680.0, 680.0, 680.0, 680.0]","[1, 2, 3, 4, 5, 6, 7, 8, 9, 10, 11, 12]","[0.0, 0.0, 0.0, 0.0, 0.0, 0.0, 0.0, 0.0, 0.0, 0.0, 0.0]","[0.0, 0.0, 0.0, 0.0, 0.0, 0.0, 0.0, 0.0, 0.0, 0.0, 0.0]",11
W2,Sargodha,Match Box,"[6.0, 6.0, 6.0, 6.0, 6.0, 6.0, 6.0, 6.0, 6.0, 6.0, 6.0, 6.0]","[1, 2, 3, 4, 5, 6, 7, 8, 9, 10, 11, 12]","[0.0, 0.0, 0.0, 0.0, 0.0, 0.0, 0.0, 0.0, 0.0, 0.0, 0.0]","[0.0, 0.0, 0.0, 0.0, 0.0, 0.0, 0.0, 0.0, 0.0, 0.0, 0.0]",11
W2,Sargodha,Milk fresh (Un-boiled),"[146.59, 146.59, 147.27, 154.92, 160.0, 160.0, 160.0, 160.0, 160.0, 160.0, 160.0, 160.0]","[1, 2, 3, 4, 5, 6, 7, 8, 9, 10, 11, 12]","[0.0, 0.68, 7.65, 5.08, 0.0, 0.0, 0.0, 0.0, 0.0, 0.0, 0.0]","[0.0, 0.004639, 0.051945, 0.032791, 0.0, 0.0, 0.0, 0.0, 0.0, 0.0, 0.0]",11
W2,Sargodha,Mustard Oil (Average Quality),"[500.0, 500.0, 500.0, 500.0, 500.0, 500.0, 500.0, 500.0, 522.3, 584.66, 600.0, 600.0]","[1, 2, 3, 4, 5, 6, 7, 8, 9, 10, 11, 12]","[0.0, 0.0, 0.0, 0.0, 0.0, 0.0, 0.0, 22.3, 62.36, 15.34, 0.0]","[0.0, 0.0, 0.0, 0.0, 0.0, 0.0, 0.0, 0.0446, 0.119395, 0.026237, 0.0]",11
W2,Sargodha,Mutton (Average Quality),"[1549.73, 1566.49, 1616.07, 1650.0, 1650.0, 1650.0, 1650.0, 1716.51, 1800.0, 1837.37, 1850.0, 1850.0]","[1, 2, 3, 4, 5, 6, 7, 8, 9, 10, 11, 12]","[16.76, 49.58, 33.93, 0.0, 0.0, 0.0, 66.51, 83.49, 37.37, 12.63, 0.0]","[0.010815, 0.03165, 0.020995, 0.0, 0.0, 0.0, 0.040309, 0.048639, 0.020761, 0.006874, 0.0]",11
W2,Sargodha,Onions,"[219.17, 203.34, 108.45, 125.43, 101.94, 128.93, 147.43, 145.51, 139.08, 134.65, 113.2, 80.0]","[1, 2, 3, 4, 5, 6, 7, 8, 9, 10, 11, 12]","[-15.83, -94.89, 16.98, -23.49, 26.99, 18.5, -1.92, -6.43, -4.43, -21.45, -33.2]","[-0.072227, -0.466657, 0.15657, -0.187276, 0.264764, 0.143489, -0.013023, -0.044189, -0.031852, -0.159302, -0.293286]",11
W2,Sargodha,Petrol Super,"[280.85, 292.76, 280.25, 264.29, 271.8, 265.56, 255.27, 248.22, 249.57, 253.3, 255.94, 258.2]","[1, 2, 3, 4, 5, 6, 7, 8, 9, 10, 11, 12]","[11.91, -12.51, -15.96, 7.51, -6.24, -10.29, -7.05, 1.35, 3.73, 2.64, 2.26]","[0.042407, -0.042731, -0.056949, 0.028416, -0.022958, -0.038748, -0.027618, 0.005439, 0.014946, 0.010422, 0.00883]",11
W2,Sargodha,Potatoes,"[62.36, 69.28, 83.79, 103.78, 105.77, 100.0, 100.0, 97.91, 108.98, 113.0, 72.59, 60.0]","[1, 2, 3, 4, 5, 6, 7, 8, 9, 10, 11, 12]","[6.92, 14.51, 19.99, 1.99, -5.77, 0.0, -2.09, 11.07, 4.02, -40.41, -12.59]","[0.110969, 0.20944, 0.238573, 0.019175, -0.054552, 0.0, -0.0209, 0.113063, 0.036888, -0.357611, -0.17344]",11
W2,Sargodha,Powdered Milk NIDO 390 gm Polybag,"[820.0, 820.0, 820.0, 820.0, 972.93, 1030.0, 1030.0, 1030.0, 1030.0, 1030.0, 1030.0, 1040.0]","[1, 2, 3, 4, 5, 6, 7, 8, 9, 10, 11, 12]","[0.0, 0.0, 0.0, 152.93, 57.07, 0.0, 0.0, 0.0, 0.0, 0.0, 10.0]","[0.0, 0.0, 0.0, 0.1865, 0.058658, 0.0, 0.0, 0.0, 0.0, 0.0, 0.009709]",11
W2,Sargodha,Pulse Gram,"[240.0, 240.0, 240.33, 270.6, 294.9, 334.29, 386.6, 394.64, 374.64, 350.0, 337.86, 304.07]","[1, 2, 3, 4, 5, 6, 7, 8, 9, 10, 11, 12]","[0.0, 0.33, 30.27, 24.3, 39.39, 52.31, 8.04, -20.0, -24.64, -12.14, -33.79]","[0.0, 0.001375, 0.125952, 0.0898, 0.133571, 0.156481, 0.020797, -0.050679, -0.06577, -0.034686, -0.100012]",11
W2,Sargodha,Pulse Mash (Washed),"[540.0, 540.0, 542.64, 554.98, 574.07, 600.94, 563.4, 547.31, 541.65, 520.0, 506.38, 471.65]","[1, 2, 3, 4, 5, 6, 7, 8, 9, 10, 11, 12]","[0.0, 2.64, 12.34, 19.09, 26.87, -37.54, -16.09, -5.66, -21.65, -13.62, -34.73]","[0.0, 0.004889, 0.022741, 0.034398, 0.046806, -0.062469, -0.028559, -0.010341, -0.03997, -0.026192, -0.068585]",11
W2,Sargodha,Pulse Masoor (Washed),"[324.89, 320.0, 311.84, 292.19, 316.63, 310.53, 300.0, 298.65, 293.98, 266.62, 272.58, 276.63]","[1, 2, 3, 4, 5, 6, 7, 8, 9, 10, 11, 12]","[-4.89, -8.16, -19.65, 24.44, -6.1, -10.53, -1.35, -4.67, -27.36, 5.96, 4.05]","[-0.015051, -0.0255, -0.063013, 0.083644, -0.019265, -0.03391, -0.0045, -0.015637, -0.093068, 0.022354, 0.014858]",11
W2,Sargodha,Pulse Moong (Washed),"[318.31, 320.0, 300.66, 312.28, 334.13, 335.27, 304.88, 331.37, 380.0, 369.58, 375.25, 382.48]","[1, 2, 3, 4, 5, 6, 7, 8, 9, 10, 11, 12]","[1.69, -19.34, 11.62, 21.85, 1.14, -30.39, 26.49, 48.63, -10.42, 5.67, 7.23]","[0.005309, -0.060437, 0.038648, 0.069969, 0.003412, -0.090643, 0.086887, 0.146754, -0.027421, 0.015342, 0.019267]",11
W2,Sargodha,Rice Basmati Broken (Average Quality),"[204.82, 200.0, 200.0, 184.8, 180.0, 180.0, 180.0, 180.0, 168.29, 164.93, 157.91, 160.0]","[1, 2, 3, 4, 5, 6, 7, 8, 9, 10, 11, 12]","[-4.82, 0.0, -15.2, -4.8, 0.0, 0.0, 0.0, -11.71, -3.36, -7.02, 2.09]","[-0.023533, 0.0, -0.076, -0.025974, 0.0, 0.0, 0.0, -0.065056, -0.019966, -0.042564, 0.013235]",11
W2,Sargodha,Rice IRRI-6/9 (Sindh/Punjab),"[176.6, 176.6, 176.6, 169.05, 166.6, 166.6, 167.44, 170.0, 160.0, 160.0, 161.3, 170.0]","[1, 2, 3, 4, 5, 6, 7, 8, 9, 10, 11, 12]","[0.0, 0.0, -7.55, -2.45, 0.0, 0.84, 2.56, -10.0, 0.0, 1.3, 8.7]","[0.0, 0.0, -0.042752, -0.014493, 0.0, 0.005042, 0.015289, -0.058824, 0.0, 0.008125, 0.053937]",11
W2,Sargodha,Salt Powdered (NATIONAL/SHAN) 800 gm Packet,"[70.0, 70.0, 70.0, 70.0, 70.0, 70.0, 70.0, 70.0, 77.37, 80.0, 80.0, 80.0]","[1, 2, 3, 4, 5, 6, 7, 8, 9, 10, 11, 12]","[0.0, 0.0, 0.0, 0.0, 0.0, 0.0, 0.0, 7.37, 2.63, 0.0, 0.0]","[0.0, 0.0, 0.0, 0.0, 0.0, 0.0, 0.0, 0.105286, 0.033993, 0.0, 0.0]",11
W2,Sargodha,Shirting (Average Quality),"[586.59, 586.59, 586.59, 586.59, 600.0, 600.0, 600.0, 600.0, 600.0, 600.0, 600.0, 600.0]","[1, 2, 3, 4, 5, 6, 7, 8, 9, 10, 11, 12]","[0.0, 0.0, 0.0, 13.41, 0.0, 0.0, 0.0, 0.0, 0.0, 0.0, 0.0]","[0.0, 0.0, 0.0, 0.022861, 0.0, 0.0, 0.0, 0.0, 0.0, 0.0, 0.0]",11
W2,Sargodha,Sufi Washing Soap 250 gm Cake,"[130.0, 130.0, 130.0, 130.0, 130.0, 130.0, 130.0, 130.0, 130.0, 130.0, 130.0, 130.0]","[1, 2, 3, 4, 5, 6, 7, 8, 9, 10, 11, 12]","[0.0, 0.0, 0.0, 0.0, 0.0, 0.0, 0.0, 0.0, 0.0, 0.0, 0.0]","[0.0, 0.0, 0.0, 0.0, 0.0, 0.0, 0.0, 0.0, 0.0, 0.0, 0.0]",11
W2,Sargodha,Sugar Refined,"[142.48, 141.23, 142.38, 140.0, 145.0, 142.98, 137.48, 132.98, 130.0, 131.23, 141.91, 153.15]","[1, 2, 3, 4, 5, 6, 7, 8, 9, 10, 11, 12]","[-1.25, 1.15, -2.38, 5.0, -2.02, -5.5, -4.5, -2.98, 1.23, 10.68, 11.24]","[-0.008773, 0.008143, -0.016716, 0.035714, -0.013931, -0.038467, -0.032732, -0.022409, 0.009462, 0.081384, 0.079205]",11
W2,Sargodha,Tea Lipton Yellow Label 190 gm Packet,"[542.86, 542.86, 542.86, 542.86, 542.86, 542.86, 542.86, 542.86, 542.86, 542.86, 542.86, 542.86]","[1, 2, 3, 4, 5, 6, 7, 8, 9, 10, 11, 12]","[0.0, 0.0, 0.0, 0.0, 0.0, 0.0, 0.0, 0.0, 0.0, 0.0, 0.0]","[0.0, 0.0, 0.0, 0.0, 0.0, 0.0, 0.0, 0.0, 0.0, 0.0, 0.0]",11
W2,Sargodha,Tea Prepared Ordinary,"[56.46, 56.46, 56.46, 56.46, 60.0, 60.0, 60.0, 60.0, 60.0, 60.0, 60.0, 60.0]","[1, 2, 3, 4, 5, 6, 7, 8, 9, 10, 11, 12]","[0.0, 0.0, 0.0, 3.54, 0.0, 0.0, 0.0, 0.0, 0.0, 0.0, 0.0]","[0.0, 0.0, 0.0, 0.062699, 0.0, 0.0, 0.0, 0.0, 0.0, 0.0, 0.0]",11
W2,Sargodha,Telephone Call Charges,"[1.79, 1.79, 1.79, 1.79, 1.79, 1.79, 1.79, 1.79, 1.79, 1.79, 1.79, 1.79]","[1, 2, 3, 4, 5, 6, 7, 8, 9, 10, 11, 12]","[0.0, 0.0, 0.0, 0.0, 0.0, 0.0, 0.0, 0.0, 0.0, 0.0, 0.0]","[0.0, 0.0, 0.0, 0.0, 0.0, 0.0, 0.0, 0.0, 0.0, 0.0, 0.0]",11
W2,Sargodha,Toilet Soap LIFEBUOY 115 gm,"[117.47, 117.47, 117.47, 117.47, 117.47, 117.47, 117.47, 117.47, 117.47, 117.47, 117.47, 117.47]","[1, 2, 3, 4, 5, 6, 7, 8, 9, 10, 11, 12]","[0.0, 0.0, 0.0, 0.0, 0.0, 0.0, 0.0, 0.0, 0.0, 0.0, 0.0]","[0.0, 0.0, 0.0, 0.0, 0.0, 0.0, 0.0, 0.0, 0.0, 0.0, 0.0]",11
W2,Sargodha,Tomatoes,"[115.44, 115.83, 63.1, 92.12, 122.04, 115.46, 100.0, 120.0, 156.82, 166.05, 104.36, 61.6]","[1, 2, 3, 4, 5, 6, 7, 8, 9, 10, 11, 12]","[0.39, -52.73, 29.02, 29.92, -6.58, -15.46, 20.0, 36.82, 9.23, -61.69, -42.76]","[0.003378, -0.455236, 0.459905, 0.324794, -0.053917, -0.133899, 0.2, 0.306833, 0.058857, -0.371515, -0.409736]",11
W2,Sargodha,Vegetable Ghee DALDA/HABIB 2.5 kg Tin,"[1310.0, 1310.0, 1310.0, 1310.0, 1310.0, 1310.0, 1310.0, 1329.96, 1350.0, 1463.74, 1489.95, 1515.0]","[1, 2, 3, 4, 5, 6, 7, 8, 9, 10, 11, 12]","[0.0, 0.0, 0.0, 0.0, 0.0, 0.0, 19.96, 20.04, 113.74, 26.21, 25.05]","[0.0, 0.0, 0.0, 0.0, 0.0, 0.0, 0.015237, 0.015068, 0.084252, 0.017906, 0.016813]",11
W2,Sargodha,Vegetable Ghee DALDA/HABIB or Other Superior Quality 1 kg Pouch,"[499.0, 503.98, 509.0, 509.0, 509.0, 515.0, 515.0, 520.59, 550.86, 575.97, 587.99, 595.0]","[1, 2, 3, 4, 5, 6, 7, 8, 9, 10, 11, 12]","[4.98, 5.02, 0.0, 0.0, 6.0, 0.0, 5.59, 30.27, 25.11, 12.02, 7.01]","[0.00998, 0.009961, 0.0, 0.0, 0.011788, 0.0, 0.010854, 0.058146, 0.045583, 0.020869, 0.011922]",11
W2,Sargodha,Wheat Flour Bag,"[2748.6, 2381.57, 1926.49, 1800.0, 1899.2, 1865.45, 1733.0, 1768.98, 1729.79, 1771.24, 1831.93, 1800.0]","[1, 2, 3, 4, 5, 6, 7, 8, 9, 10, 11, 12]","[-367.03, -455.08, -126.49, 99.2, -33.75, -132.45, 35.98, -39.19, 41.45, 60.69, -31.93]","[-0.133533, -0.191084, -0.065658, 0.055111, -0.017771, -0.071002, 0.020762, -0.022154, 0.023962, 0.034264, -0.01743]",11
W2,Sialkot,Bananas (Kela) Local,"[225.54, 203.47, 154.59, 181.59, 166.82, 140.0, 140.0, 140.0, 140.0, 140.0, 141.95, 164.64]","[1, 2, 3, 4, 5, 6, 7, 8, 9, 10, 11, 12]","[-22.07, -48.88, 27.0, -14.77, -26.82, 0.0, 0.0, 0.0, 0.0, 1.95, 22.69]","[-0.097854, -0.240232, 0.174656, -0.081337, -0.160772, 0.0, 0.0, 0.0, 0.0, 0.013929, 0.159845]",11
W2,Sialkot,Beef with Bone (Average Quality),"[850.0, 898.61, 950.0, 950.0, 950.0, 969.69, 1000.0, 1000.0, 1048.81, 1100.0, 1100.0, 1100.0]","[1, 2, 3, 4, 5, 6, 7, 8, 9, 10, 11, 12]","[48.61, 51.39, 0.0, 0.0, 19.69, 30.31, 0.0, 48.81, 51.19, 0.0, 0.0]","[0.057188, 0.057188, 0.0, 0.0, 0.020726, 0.031257, 0.0, 0.04881, 0.048808, 0.0, 0.0]",11
W2,Sialkot,Bread plain (Small Size),"[110.0, 120.0, 120.0, 110.0, 110.0, 110.0, 110.0, 110.0, 110.0, 110.0, 110.0, 107.41]","[1, 2, 3, 4, 5, 6, 7, 8, 9, 10, 11, 12]","[10.0, 0.0, -10.0, 0.0, 0.0, 0.0, 0.0, 0.0, 0.0, 0.0, -2.59]","[0.090909, 0.0, -0.083333, 0.0, 0.0, 0.0, 0.0, 0.0, 0.0, 0.0, -0.023545]",11
W2,Sialkot,Chicken Farm Broiler (Live),"[414.31, 446.71, 311.59, 302.9, 356.76, 405.55, 401.67, 419.47, 349.02, 328.11, 434.0, 419.25]","[1, 2, 3, 4, 5, 6, 7, 8, 9, 10, 11, 12]","[32.4, -135.12, -8.69, 53.86, 48.79, -3.88, 17.8, -70.45, -20.91, 105.89, -14.75]","[0.078202, -0.302478, -0.027889, 0.177814, 0.136759, -0.009567, 0.044315, -0.16795, -0.059911, 0.322727, -0.033986]",11
W2,Sialkot,Chilies Powder NATIONAL 200 gm Packet,"[400.0, 400.0, 320.0, 320.0, 320.0, 320.0, 320.0, 320.0, 320.0, 320.0, 320.0, 320.0]","[1, 2, 3, 4, 5, 6, 7, 8, 9, 10, 11, 12]","[0.0, -80.0, 0.0, 0.0, 0.0, 0.0, 0.0, 0.0, 0.0, 0.0, 0.0]","[0.0, -0.2, 0.0, 0.0, 0.0, 0.0, 0.0, 0.0, 0.0, 0.0, 0.0]",11
W2,Sialkot,Cigarettes Capstan 20'S Packet,"[220.0, 220.0, 220.0, 220.0, 230.0, 230.0, 230.0, 230.0, 230.0, 230.0, 230.0, 230.0]","[1, 2, 3, 4, 5, 6, 7, 8, 9, 10, 11, 12]","[0.0, 0.0, 0.0, 10.0, 0.0, 0.0, 0.0, 0.0, 0.0, 0.0, 0.0]","[0.0, 0.0, 0.0, 0.045455, 0.0, 0.0, 0.0, 0.0, 0.0, 0.0, 0.0]",11
W2,Sialkot,Cooked Beef at Average Hotel,"[300.0, 324.04, 350.0, 350.0, 350.0, 350.0, 350.0, 350.0, 350.0, 350.0, 350.0, 350.0]","[1, 2, 3, 4, 5, 6, 7, 8, 9, 10, 11, 12]","[24.04, 25.96, 0.0, 0.0, 0.0, 0.0, 0.0, 0.0, 0.0, 0.0, 0.0]","[0.080133, 0.080114, 0.0, 0.0, 0.0, 0.0, 0.0, 0.0, 0.0, 0.0, 0.0]",11
W2,Sialkot,Cooked Daal at Average Hotel,"[120.0, 120.0, 137.19, 157.0, 180.0, 180.0, 180.0, 180.0, 180.0, 180.0, 180.0, 170.0]","[1, 2, 3, 4, 5, 6, 7, 8, 9, 10, 11, 12]","[0.0, 17.19, 19.81, 23.0, 0.0, 0.0, 0.0, 0.0, 0.0, 0.0, -10.0]","[0.0, 0.14325, 0.144398, 0.146497, 0.0, 0.0, 0.0, 0.0, 0.0, 0.0, -0.055556]",11
W2,Sialkot,"Cooking Oil DALDA or Other Similar Brand (SN), 5 Litre Tin","[2695.0, 2695.0, 2695.0, 2695.0, 2695.0, 2695.0, 2674.77, 2615.0, 2719.66, 2844.56, 2904.93, 2945.0]","[1, 2, 3, 4, 5, 6, 7, 8, 9, 10, 11, 12]","[0.0, 0.0, 0.0, 0.0, 0.0, -20.23, -59.77, 104.66, 124.9, 60.37, 40.07]","[0.0, 0.0, 0.0, 0.0, 0.0, -0.007506, -0.022346, 0.040023, 0.045925, 0.021223, 0.013794]",11
W2,Sialkot,Curd (Dahi) Loose,"[180.0, 180.0, 180.0, 180.0, 180.0, 180.0, 180.0, 180.0, 180.0, 180.0, 180.0, 180.0]","[1, 2, 3, 4, 5, 6, 7, 8, 9, 10, 11, 12]","[0.0, 0.0, 0.0, 0.0, 0.0, 0.0, 0.0, 0.0, 0.0, 0.0, 0.0]","[0.0, 0.0, 0.0, 0.0, 0.0, 0.0, 0.0, 0.0, 0.0, 0.0, 0.0]",11
W2,Sialkot,Eggs Hen (Farm),"[267.46, 252.36, 253.8, 245.71, 249.9, 283.53, 302.49, 304.9, 354.61, 342.25, 275.74, 259.35]","[1, 2, 3, 4, 5, 6, 7, 8, 9, 10, 11, 12]","[-15.1, 1.44, -8.09, 4.19, 33.63, 18.96, 2.41, 49.71, -12.36, -66.51, -16.39]","[-0.056457, 0.005706, -0.031875, 0.017053, 0.134574, 0.066871, 0.007967, 0.163037, -0.034855, -0.194332, -0.05944]",11
W2,Sialkot,Electricity Charges upto 50 Units,"[7.4, 7.13, 6.87, 7.32, 7.47, 6.29, 6.48, 6.55, 6.55, 6.55, 6.05, 6.0]","[1, 2, 3, 4, 5, 6, 7, 8, 9, 10, 11, 12]","[-0.27, -0.26, 0.45, 0.15, -1.18, 0.19, 0.07, 0.0, 0.0, -0.5, -0.05]","[-0.036486, -0.036466, 0.065502, 0.020492, -0.157965, 0.030207, 0.010802, 0.0, 0.0, -0.076336, -0.008264]",11
W2,Sialkot,Energy Saver Philips 14 Watt,"[575.0, 575.0, 575.0, 575.0, 575.0, 575.0, 575.0, 575.0, 575.0, 575.0, 575.0, 575.0]","[1, 2, 3, 4, 5, 6, 7, 8, 9, 10, 11, 12]","[0.0, 0.0, 0.0, 0.0, 0.0, 0.0, 0.0, 0.0, 0.0, 0.0, 0.0]","[0.0, 0.0, 0.0, 0.0, 0.0, 0.0, 0.0, 0.0, 0.0, 0.0, 0.0]",11
W2,Sialkot,Firewood Whole,"[1200.0, 1200.0, 1200.0, 1200.0, 1200.0, 1200.0, 1200.0, 1200.0, 1347.07, 1449.14, 1500.0, 1500.0]","[1, 2, 3, 4, 5, 6, 7, 8, 9, 10, 11, 12]","[0.0, 0.0, 0.0, 0.0, 0.0, 0.0, 0.0, 147.07, 102.07, 50.86, 0.0]","[0.0, 0.0, 0.0, 0.0, 0.0, 0.0, 0.0, 0.122558, 0.075772, 0.035097, 0.0]",11
W2,Sialkot,Garlic (Lehsun),"[580.0, 646.69, 560.01, 472.78, 450.0, 473.84, 531.6, 601.29, 691.41, 741.42, 769.61, 800.0]","[1, 2, 3, 4, 5, 6, 7, 8, 9, 10, 11, 12]","[66.69, -86.68, -87.23, -22.78, 23.84, 57.76, 69.69, 90.12, 50.01, 28.19, 30.39]","[0.114983, -0.134036, -0.155765, -0.048183, 0.052978, 0.121898, 0.131095, 0.149878, 0.07233, 0.038022, 0.039488]",11
W2,Sialkot,Gas Charges upto 3.3719 MMBTU,"[1976.5, 1976.5, 1976.5, 1976.5, 1976.5, 1976.5, 1976.5, 1976.5, 1976.5, 1976.5, 1976.5, 1976.5]","[1, 2, 3, 4, 5, 6, 7, 8, 9, 10, 11, 12]","[0.0, 0.0, 0.0, 0.0, 0.0, 0.0, 0.0, 0.0, 0.0, 0.0, 0.0]","[0.0, 0.0, 0.0, 0.0, 0.0, 0.0, 0.0, 0.0, 0.0, 0.0, 0.0]",11
W2,Sialkot,Gents Sandal Bata,"[2299.0, 2499.0, 2499.0, 2499.0, 2499.0, 2499.0, 2499.0, 2499.0, 2499.0, 2499.0, 2499.0, 2499.0]","[1, 2, 3, 4, 5, 6, 7, 8, 9, 10, 11, 12]","[200.0, 0.0, 0.0, 0.0, 0.0, 0.0, 0.0, 0.0, 0.0, 0.0, 0.0]","[0.086994, 0.0, 0.0, 0.0, 0.0, 0.0, 0.0, 0.0, 0.0, 0.0, 0.0]",11
W2,Sialkot,Gents Sponge Chappal Bata,"[599.0, 599.0, 599.0, 599.0, 599.0, 599.0, 599.0, 599.0, 599.0, 599.0, 599.0, 599.0]","[1, 2, 3, 4, 5, 6, 7, 8, 9, 10, 11, 12]","[0.0, 0.0, 0.0, 0.0, 0.0, 0.0, 0.0, 0.0, 0.0, 0.0, 0.0]","[0.0, 0.0, 0.0, 0.0, 0.0, 0.0, 0.0, 0.0, 0.0, 0.0, 0.0]",11
W2,Sialkot,Georgette (Average Quality),"[300.0, 300.0, 300.0, 300.0, 300.0, 300.0, 300.0, 300.0, 300.0, 300.0, 300.0, 300.0]","[1, 2, 3, 4, 5, 6, 7, 8, 9, 10, 11, 12]","[0.0, 0.0, 0.0, 0.0, 0.0, 0.0, 0.0, 0.0, 0.0, 0.0, 0.0]","[0.0, 0.0, 0.0, 0.0, 0.0, 0.0, 0.0, 0.0, 0.0, 0.0, 0.0]",11
W2,Sialkot,Gur (Average Quality),"[220.0, 220.0, 223.95, 230.0, 230.0, 230.0, 230.0, 220.0, 220.0, 220.0, 207.77, 200.0]","[1, 2, 3, 4, 5, 6, 7, 8, 9, 10, 11, 12]","[0.0, 3.95, 6.05, 0.0, 0.0, 0.0, -10.0, 0.0, 0.0, -12.23, -7.77]","[0.0, 0.017955, 0.027015, 0.0, 0.0, 0.0, -0.043478, 0.0, 0.0, -0.055591, -0.037397]",11
W2,Sialkot,Hi-Speed Diesel,"[287.45, 287.29, 278.21, 270.04, 281.66, 269.88, 257.26, 250.37, 256.23, 258.01, 261.01, 267.06]","[1, 2, 3, 4, 5, 6, 7, 8, 9, 10, 11, 12]","[-0.16, -9.08, -8.17, 11.62, -11.78, -12.62, -6.89, 5.86, 1.78, 3.0, 6.05]","[-0.000557, -0.031606, -0.029366, 0.043031, -0.041823, -0.046762, -0.026782, 0.023405, 0.006947, 0.011627, 0.023179]",11
W2,Sialkot,LPG 11.67 kg Cylinder,"[3548.23, 3382.01, 2912.33, 2949.11, 3238.35, 3197.09, 3179.85, 3219.67, 3643.62, 3675.54, 3614.34, 3238.35]","[1, 2, 3, 4, 5, 6, 7, 8, 9, 10, 11, 12]","[-166.22, -469.68, 36.78, 289.24, -41.26, -17.24, 39.82, 423.95, 31.92, -61.2, -375.99]","[-0.046846, -0.138876, 0.012629, 0.098077, -0.012741, -0.005392, 0.012523, 0.131675, 0.008761, -0.016651, -0.104027]",11
W2,Sialkot,Ladies Sandal Bata,"[799.0, 899.0, 899.0, 899.0, 899.0, 899.0, 899.0, 899.0, 1121.47, 1399.0, 1399.0, 1399.0]","[1, 2, 3, 4, 5, 6, 7, 8, 9, 10, 11, 12]","[100.0, 0.0, 0.0, 0.0, 0.0, 0.0, 0.0, 222.47, 277.53, 0.0, 0.0]","[0.125156, 0.0, 0.0, 0.0, 0.0, 0.0, 0.0, 0.247464, 0.24747, 0.0, 0.0]",11
W2,Sialkot,Lawn Printed Gul Ahmed/Al Karam,"[550.0, 597.91, 650.0, 650.0, 650.0, 650.0, 650.0, 650.0, 650.0, 650.0, 650.0, 650.0]","[1, 2, 3, 4, 5, 6, 7, 8, 9, 10, 11, 12]","[47.91, 52.09, 0.0, 0.0, 0.0, 0.0, 0.0, 0.0, 0.0, 0.0, 0.0]","[0.087109, 0.08712, 0.0, 0.0, 0.0, 0.0, 0.0, 0.0, 0.0, 0.0, 0.0]",11
W2,Sialkot,"Long Cloth 57"" Gul Ahmed/Al Karam","[570.0, 613.35, 660.0, 660.0, 660.0, 660.0, 660.0, 660.0, 660.0, 660.0, 660.0, 660.0]","[1, 2, 3, 4, 5, 6, 7, 8, 9, 10, 11, 12]","[43.35, 46.65, 0.0, 0.0, 0.0, 0.0, 0.0, 0.0, 0.0, 0.0, 0.0]","[0.076053, 0.076058, 0.0, 0.0, 0.0, 0.0, 0.0, 0.0, 0.0, 0.0, 0.0]",11
W2,Sialkot,Match Box,"[5.0, 5.0, 5.0, 5.0, 5.0, 5.0, 5.0, 5.0, 5.0, 5.0, 5.0, 5.0]","[1, 2, 3, 4, 5, 6, 7, 8, 9, 10, 11, 12]","[0.0, 0.0, 0.0, 0.0, 0.0, 0.0, 0.0, 0.0, 0.0, 0.0, 0.0]","[0.0, 0.0, 0.0, 0.0, 0.0, 0.0, 0.0, 0.0, 0.0, 0.0, 0.0]",11
W2,Sialkot,Milk fresh (Un-boiled),"[160.0, 160.0, 160.0, 160.0, 160.0, 163.93, 170.0, 170.0, 170.0, 170.0, 170.0, 170.0]","[1, 2, 3, 4, 5, 6, 7, 8, 9, 10, 11, 12]","[0.0, 0.0, 0.0, 0.0, 3.93, 6.07, 0.0, 0.0, 0.0, 0.0, 0.0]","[0.0, 0.0, 0.0, 0.0, 0.024563, 0.037028, 0.0, 0.0, 0.0, 0.0, 0.0]",11
W2,Sialkot,Mustard Oil (Average Quality),"[480.0, 480.0, 480.0, 480.0, 480.0, 480.0, 480.0, 480.0, 534.93, 540.0, 540.0, 540.0]","[1, 2, 3, 4, 5, 6, 7, 8, 9, 10, 11, 12]","[0.0, 0.0, 0.0, 0.0, 0.0, 0.0, 0.0, 54.93, 5.07, 0.0, 0.0]","[0.0, 0.0, 0.0, 0.0, 0.0, 0.0, 0.0, 0.114437, 0.009478, 0.0, 0.0]",11
W2,Sialkot,Mutton (Average Quality),"[1850.0, 1923.54, 2000.0, 2000.0, 2000.0, 2000.0, 2000.0, 2000.0, 2049.39, 2100.0, 2100.0, 2100.0]","[1, 2, 3, 4, 5, 6, 7, 8, 9, 10, 11, 12]","[73.54, 76.46, 0.0, 0.0, 0.0, 0.0, 0.0, 49.39, 50.61, 0.0, 0.0]","[0.039751, 0.03975, 0.0, 0.0, 0.0, 0.0, 0.0, 0.024695, 0.024695, 0.0, 0.0]",11
W2,Sialkot,Onions,"[230.64, 202.69, 121.78, 147.43, 123.1, 150.22, 171.98, 165.57, 169.85, 159.37, 132.75, 100.0]","[1, 2, 3, 4, 5, 6, 7, 8, 9, 10, 11, 12]","[-27.95, -80.91, 25.65, -24.33, 27.12, 21.76, -6.41, 4.28, -10.48, -26.62, -32.75]","[-0.121185, -0.399181, 0.210626, -0.165027, 0.220309, 0.144854, -0.037272, 0.02585, -0.061702, -0.167033, -0.246704]",11
W2,Sialkot,Petrol Super,"[280.76, 292.67, 280.16, 264.2, 271.69, 265.46, 255.17, 248.12, 249.47, 253.2, 255.84, 257.74]","[1, 2, 3, 4, 5, 6, 7, 8, 9, 10, 11, 12]","[11.91, -12.51, -15.96, 7.49, -6.23, -10.29, -7.05, 1.35, 3.73, 2.64, 1.9]","[0.042421, -0.042744, -0.056967, 0.02835, -0.022931, -0.038763, -0.027629, 0.005441, 0.014952, 0.010427, 0.007427]",11
W2,Sialkot,Potatoes,"[71.58, 77.07, 98.61, 107.97, 113.24, 115.9, 120.0, 120.64, 135.37, 127.75, 86.53, 63.16]","[1, 2, 3, 4, 5, 6, 7, 8, 9, 10, 11, 12]","[5.49, 21.54, 9.36, 5.27, 2.66, 4.1, 0.64, 14.73, -7.62, -41.22, -23.37]","[0.076697, 0.279486, 0.094919, 0.04881, 0.02349, 0.035375, 0.005333, 0.122099, -0.05629, -0.322661, -0.27008]",11
W2,Sialkot,Powdered Milk NIDO 390 gm Polybag,"[820.0, 832.22, 870.0, 870.0, 987.43, 1030.0, 1030.0, 1030.0, 1030.0, 1030.0, 1030.0, 1030.0]","[1, 2, 3, 4, 5, 6, 7, 8, 9, 10, 11, 12]","[12.22, 37.78, 0.0, 117.43, 42.57, 0.0, 0.0, 0.0, 0.0, 0.0, 0.0]","[0.014902, 0.045397, 0.0, 0.134977, 0.043112, 0.0, 0.0, 0.0, 0.0, 0.0, 0.0]",11
W2,Sialkot,Pulse Gram,"[233.74, 232.49, 239.96, 282.12, 317.16, 349.09, 389.8, 397.64, 359.86, 342.4, 315.83, 310.0]","[1, 2, 3, 4, 5, 6, 7, 8, 9, 10, 11, 12]","[-1.25, 7.47, 42.16, 35.04, 31.93, 40.71, 7.84, -37.78, -17.46, -26.57, -5.83]","[-0.005348, 0.03213, 0.175696, 0.124202, 0.100675, 0.116617, 0.020113, -0.095011, -0.048519, -0.077599, -0.018459]",11
W2,Sialkot,Pulse Mash (Washed),"[504.98, 517.43, 545.94, 560.0, 552.48, 545.94, 504.78, 480.0, 480.0, 477.48, 465.97, 452.42]","[1, 2, 3, 4, 5, 6, 7, 8, 9, 10, 11, 12]","[12.45, 28.51, 14.06, -7.52, -6.54, -41.16, -24.78, 0.0, -2.52, -11.51, -13.55]","[0.024654, 0.055099, 0.025754, -0.013429, -0.011838, -0.075393, -0.049091, 0.0, -0.00525, -0.024106, -0.029079]",11
W2,Sialkot,Pulse Masoor (Washed),"[310.0, 310.0, 305.96, 300.0, 300.0, 287.83, 280.0, 280.0, 280.0, 280.0, 280.0, 280.0]","[1, 2, 3, 4, 5, 6, 7, 8, 9, 10, 11, 12]","[0.0, -4.04, -5.96, 0.0, -12.17, -7.83, 0.0, 0.0, 0.0, 0.0, 0.0]","[0.0, -0.013032, -0.01948, 0.0, -0.040567, -0.027204, 0.0, 0.0, 0.0, 0.0, 0.0]",11
W2,Sialkot,Pulse Moong (Washed),"[290.0, 290.0, 290.0, 306.84, 320.0, 309.87, 310.0, 340.96, 360.0, 374.97, 380.0, 380.0]","[1, 2, 3, 4, 5, 6, 7, 8, 9, 10, 11, 12]","[0.0, 0.0, 16.84, 13.16, -10.13, 0.13, 30.96, 19.04, 14.97, 5.03, 0.0]","[0.0, 0.0, 0.058069, 0.042889, -0.031656, 0.00042, 0.099871, 0.055842, 0.041583, 0.013414, 0.0]",11
W2,Sialkot,Rice Basmati Broken (Average Quality),"[160.81, 160.0, 157.98, 156.24, 160.0, 160.0, 164.92, 175.93, 190.0, 190.0, 190.0, 182.45]","[1, 2, 3, 4, 5, 6, 7, 8, 9, 10, 11, 12]","[-0.81, -2.02, -1.74, 3.76, 0.0, 4.92, 11.01, 14.07, 0.0, 0.0, -7.55]","[-0.005037, -0.012625, -0.011014, 0.024066, 0.0, 0.03075, 0.06676, 0.079975, 0.0, 0.0, -0.039737]",11
W2,Sialkot,Salt Powdered (NATIONAL/SHAN) 800 gm Packet,"[70.0, 70.0, 70.0, 70.0, 70.0, 70.0, 70.0, 70.0, 70.0, 70.0, 70.0, 70.0]","[1, 2, 3, 4, 5, 6, 7, 8, 9, 10, 11, 12]","[0.0, 0.0, 0.0, 0.0, 0.0, 0.0, 0.0, 0.0, 0.0, 0.0, 0.0]","[0.0, 0.0, 0.0, 0.0, 0.0, 0.0, 0.0, 0.0, 0.0, 0.0, 0.0]",11
W2,Sialkot,Shirting (Average Quality),"[370.0, 408.04, 450.0, 450.0, 450.0, 450.0, 450.0, 450.0, 450.0, 450.0, 450.0, 450.0]","[1, 2, 3, 4, 5, 6, 7, 8, 9, 10, 11, 12]","[38.04, 41.96, 0.0, 0.0, 0.0, 0.0, 0.0, 0.0, 0.0, 0.0, 0.0]","[0.102811, 0.102833, 0.0, 0.0, 0.0, 0.0, 0.0, 0.0, 0.0, 0.0, 0.0]",11
W2,Sialkot,Sufi Washing Soap 250 gm Cake,"[120.0, 120.0, 120.0, 120.0, 120.0, 120.0, 120.0, 120.0, 130.0, 130.0, 130.0, 130.0]","[1, 2, 3, 4, 5, 6, 7, 8, 9, 10, 11, 12]","[0.0, 0.0, 0.0, 0.0, 0.0, 0.0, 0.0, 10.0, 0.0, 0.0, 0.0]","[0.0, 0.0, 0.0, 0.0, 0.0, 0.0, 0.0, 0.083333, 0.0, 0.0, 0.0]",11
W2,Sialkot,Sugar Refined,"[145.0, 143.49, 143.79, 143.5, 146.98, 144.56, 141.0, 135.69, 133.73, 136.23, 146.71, 158.24]","[1, 2, 3, 4, 5, 6, 7, 8, 9, 10, 11, 12]","[-1.51, 0.3, -0.29, 3.48, -2.42, -3.56, -5.31, -1.96, 2.5, 10.48, 11.53]","[-0.010414, 0.002091, -0.002017, 0.024251, -0.016465, -0.024626, -0.03766, -0.014445, 0.018694, 0.076929, 0.07859]",11
W2,Sialkot,Tea Lipton Yellow Label 190 gm Packet,"[542.86, 542.86, 542.86, 542.86, 542.86, 542.86, 542.86, 542.86, 542.86, 542.86, 542.86, 517.14]","[1, 2, 3, 4, 5, 6, 7, 8, 9, 10, 11, 12]","[0.0, 0.0, 0.0, 0.0, 0.0, 0.0, 0.0, 0.0, 0.0, 0.0, -25.72]","[0.0, 0.0, 0.0, 0.0, 0.0, 0.0, 0.0, 0.0, 0.0, 0.0, -0.047379]",11
W2,Sialkot,Tea Prepared Ordinary,"[50.0, 50.0, 50.0, 50.0, 50.0, 50.0, 50.0, 50.0, 50.0, 50.0, 50.0, 50.0]","[1, 2, 3, 4, 5, 6, 7, 8, 9, 10, 11, 12]","[0.0, 0.0, 0.0, 0.0, 0.0, 0.0, 0.0, 0.0, 0.0, 0.0, 0.0]","[0.0, 0.0, 0.0, 0.0, 0.0, 0.0, 0.0, 0.0, 0.0, 0.0, 0.0]",11
W2,Sialkot,Telephone Call Charges,"[1.79, 1.79, 1.79, 1.79, 1.79, 1.79, 1.79, 1.79, 1.79, 1.79, 1.79, 1.79]","[1, 2, 3, 4, 5, 6, 7, 8, 9, 10, 11, 12]","[0.0, 0.0, 0.0, 0.0, 0.0, 0.0, 0.0, 0.0, 0.0, 0.0, 0.0]","[0.0, 0.0, 0.0, 0.0, 0.0, 0.0, 0.0, 0.0, 0.0, 0.0, 0.0]",11
W2,Sialkot,Toilet Soap LIFEBUOY 115 gm,"[111.47, 111.47, 111.47, 111.47, 111.47, 111.47, 111.47, 111.47, 111.47, 111.47, 111.47, 110.95]","[1, 2, 3, 4, 5, 6, 7, 8, 9, 10, 11, 12]","[0.0, 0.0, 0.0, 0.0, 0.0, 0.0, 0.0, 0.0, 0.0, 0.0, -0.52]","[0.0, 0.0, 0.0, 0.0, 0.0, 0.0, 0.0, 0.0, 0.0, 0.0, -0.004665]",11
W2,Sialkot,Tomatoes,"[129.03, 134.21, 88.54, 112.11, 173.7, 143.41, 116.19, 144.07, 191.24, 187.61, 139.28, 77.07]","[1, 2, 3, 4, 5, 6, 7, 8, 9, 10, 11, 12]","[5.18, -45.67, 23.57, 61.59, -30.29, -27.22, 27.88, 47.17, -3.63, -48.33, -62.21]","[0.040146, -0.340288, 0.266207, 0.549371, -0.174381, -0.189805, 0.239952, 0.32741, -0.018981, -0.257609, -0.446654]",11
W2,Sialkot,Vegetable Ghee DALDA/HABIB 2.5 kg Tin,"[1285.0, 1285.0, 1310.0, 1310.0, 1310.0, 1310.0, 1313.73, 1325.0, 1343.36, 1448.02, 1492.19, 1499.92]","[1, 2, 3, 4, 5, 6, 7, 8, 9, 10, 11, 12]","[0.0, 25.0, 0.0, 0.0, 0.0, 3.73, 11.27, 18.36, 104.66, 44.17, 7.73]","[0.0, 0.019455, 0.0, 0.0, 0.0, 0.002847, 0.008579, 0.013857, 0.077909, 0.030504, 0.00518]",11
W2,Sialkot,Vegetable Ghee DALDA/HABIB or Other Superior Quality 1 kg Pouch,"[499.0, 499.0, 509.0, 509.0, 509.0, 513.79, 515.0, 518.94, 549.93, 572.81, 584.3, 582.96]","[1, 2, 3, 4, 5, 6, 7, 8, 9, 10, 11, 12]","[0.0, 10.0, 0.0, 0.0, 4.79, 1.21, 3.94, 30.99, 22.88, 11.49, -1.34]","[0.0, 0.02004, 0.0, 0.0, 0.009411, 0.002355, 0.00765, 0.059718, 0.041605, 0.020059, -0.002293]",11
W2,Sialkot,Wheat Flour Bag,"[2732.01, 2358.19, 1798.35, 1683.26, 1933.0, 1811.55, 1667.0, 1783.46, 1727.09, 1727.09, 1750.4, 1734.21]","[1, 2, 3, 4, 5, 6, 7, 8, 9, 10, 11, 12]","[-373.82, -559.84, -115.09, 249.74, -121.45, -144.55, 116.46, -56.37, 0.0, 23.31, -16.19]","[-0.13683, -0.237402, -0.063998, 0.148367, -0.06283, -0.079794, 0.069862, -0.031607, 0.0, 0.013497, -0.009249]",11
W2,Sukkur,Bananas (Kela) Local,"[124.97, 136.68, 119.53, 117.21, 129.27, 129.27, 129.27, 106.56, 100.0, 100.0, 100.0, 135.54]","[1, 2, 3, 4, 5, 6, 7, 8, 9, 10, 11, 12]","[11.71, -17.15, -2.32, 12.06, 0.0, 0.0, -22.71, -6.56, 0.0, 0.0, 35.54]","[0.093702, -0.125476, -0.019409, 0.102892, 0.0, 0.0, -0.175679, -0.061562, 0.0, 0.0, 0.3554]",11
W2,Sukkur,Beef with Bone (Average Quality),"[800.0, 800.0, 800.0, 800.0, 807.89, 832.03, 832.03, 832.03, 832.03, 848.53, 900.0, 900.0]","[1, 2, 3, 4, 5, 6, 7, 8, 9, 10, 11, 12]","[0.0, 0.0, 0.0, 7.89, 24.14, 0.0, 0.0, 0.0, 16.5, 51.47, 0.0]","[0.0, 0.0, 0.0, 0.009862, 0.02988, 0.0, 0.0, 0.0, 0.019831, 0.060658, 0.0]",11
W2,Sukkur,Bread plain (Small Size),"[130.0, 130.0, 130.0, 130.0, 130.0, 130.0, 106.78, 100.0, 100.0, 100.0, 107.92, 110.0]","[1, 2, 3, 4, 5, 6, 7, 8, 9, 10, 11, 12]","[0.0, 0.0, 0.0, 0.0, 0.0, -23.22, -6.78, 0.0, 0.0, 7.92, 2.08]","[0.0, 0.0, 0.0, 0.0, 0.0, -0.178615, -0.063495, 0.0, 0.0, 0.0792, 0.019274]",11
W2,Sukkur,Chicken Farm Broiler (Live),"[444.75, 484.33, 356.29, 356.77, 394.92, 470.93, 454.83, 449.08, 397.35, 368.91, 463.97, 467.0]","[1, 2, 3, 4, 5, 6, 7, 8, 9, 10, 11, 12]","[39.58, -128.04, 0.48, 38.15, 76.01, -16.1, -5.75, -51.73, -28.44, 95.06, 3.03]","[0.088994, -0.264365, 0.001347, 0.106932, 0.192469, -0.034188, -0.012642, -0.115191, -0.071574, 0.257678, 0.006531]",11
W2,Sukkur,Chilies Powder NATIONAL 200 gm Packet,"[400.0, 400.0, 400.0, 400.0, 407.93, 388.6, 320.0, 320.0, 320.0, 320.0, 320.0, 320.0]","[1, 2, 3, 4, 5, 6, 7, 8, 9, 10, 11, 12]","[0.0, 0.0, 0.0, 7.93, -19.33, -68.6, 0.0, 0.0, 0.0, 0.0, 0.0]","[0.0, 0.0, 0.0, 0.019825, -0.047386, -0.176531, 0.0, 0.0, 0.0, 0.0, 0.0]",11
W2,Sukkur,Cigarettes Capstan 20'S Packet,"[220.0, 220.0, 220.0, 220.0, 220.0, 220.0, 220.0, 220.0, 220.0, 220.0, 225.95, 230.0]","[1, 2, 3, 4, 5, 6, 7, 8, 9, 10, 11, 12]","[0.0, 0.0, 0.0, 0.0, 0.0, 0.0, 0.0, 0.0, 0.0, 5.95, 4.05]","[0.0, 0.0, 0.0, 0.0, 0.0, 0.0, 0.0, 0.0, 0.0, 0.027045, 0.017924]",11
W2,Sukkur,Cooked Beef at Average Hotel,"[200.0, 200.0, 200.0, 200.0, 200.0, 200.0, 200.0, 200.0, 200.0, 200.0, 200.0, 200.0]","[1, 2, 3, 4, 5, 6, 7, 8, 9, 10, 11, 12]","[0.0, 0.0, 0.0, 0.0, 0.0, 0.0, 0.0, 0.0, 0.0, 0.0, 0.0]","[0.0, 0.0, 0.0, 0.0, 0.0, 0.0, 0.0, 0.0, 0.0, 0.0, 0.0]",11
W2,Sukkur,Cooked Daal at Average Hotel,"[150.0, 150.0, 150.0, 150.0, 150.0, 150.0, 150.0, 150.0, 150.0, 150.0, 151.95, 154.92]","[1, 2, 3, 4, 5, 6, 7, 8, 9, 10, 11, 12]","[0.0, 0.0, 0.0, 0.0, 0.0, 0.0, 0.0, 0.0, 0.0, 1.95, 2.97]","[0.0, 0.0, 0.0, 0.0, 0.0, 0.0, 0.0, 0.0, 0.0, 0.013, 0.019546]",11
W2,Sukkur,"Cooking Oil DALDA or Other Similar Brand (SN), 5 Litre Tin","[2695.0, 2695.0, 2695.0, 2695.0, 2695.0, 2695.0, 2695.0, 2695.0, 2719.89, 2745.0, 2863.31, 2945.0]","[1, 2, 3, 4, 5, 6, 7, 8, 9, 10, 11, 12]","[0.0, 0.0, 0.0, 0.0, 0.0, 0.0, 0.0, 24.89, 25.11, 118.31, 81.69]","[0.0, 0.0, 0.0, 0.0, 0.0, 0.0, 0.0, 0.009236, 0.009232, 0.0431, 0.02853]",11
W2,Sukkur,Curd (Dahi) Loose,"[220.0, 220.0, 220.0, 220.0, 220.0, 220.0, 220.0, 220.0, 220.0, 220.0, 220.0, 220.0]","[1, 2, 3, 4, 5, 6, 7, 8, 9, 10, 11, 12]","[0.0, 0.0, 0.0, 0.0, 0.0, 0.0, 0.0, 0.0, 0.0, 0.0, 0.0]","[0.0, 0.0, 0.0, 0.0, 0.0, 0.0, 0.0, 0.0, 0.0, 0.0, 0.0]",11
W2,Sukkur,Eggs Hen (Farm),"[273.52, 264.47, 251.89, 247.46, 256.17, 287.76, 304.96, 313.96, 344.89, 342.4, 273.05, 266.8]","[1, 2, 3, 4, 5, 6, 7, 8, 9, 10, 11, 12]","[-9.05, -12.58, -4.43, 8.71, 31.59, 17.2, 9.0, 30.93, -2.49, -69.35, -6.25]","[-0.033087, -0.047567, -0.017587, 0.035198, 0.123317, 0.059772, 0.029512, 0.098516, -0.00722, -0.202541, -0.02289]",11
W2,Sukkur,Electricity Charges upto 50 Units,"[7.4, 7.13, 6.87, 7.32, 7.47, 6.29, 6.48, 6.55, 6.55, 6.55, 6.05, 6.0]","[1, 2, 3, 4, 5, 6, 7, 8, 9, 10, 11, 12]","[-0.27, -0.26, 0.45, 0.15, -1.18, 0.19, 0.07, 0.0, 0.0, -0.5, -0.05]","[-0.036486, -0.036466, 0.065502, 0.020492, -0.157965, 0.030207, 0.010802, 0.0, 0.0, -0.076336, -0.008264]",11
W2,Sukkur,Energy Saver Philips 14 Watt,"[300.0, 300.0, 300.0, 300.0, 300.0, 300.0, 300.0, 300.0, 300.0, 300.0, 300.0, 300.0]","[1, 2, 3, 4, 5, 6, 7, 8, 9, 10, 11, 12]","[0.0, 0.0, 0.0, 0.0, 0.0, 0.0, 0.0, 0.0, 0.0, 0.0, 0.0]","[0.0, 0.0, 0.0, 0.0, 0.0, 0.0, 0.0, 0.0, 0.0, 0.0, 0.0]",11
W2,Sukkur,Firewood Whole,"[800.0, 800.0, 800.0, 800.0, 800.0, 800.0, 800.0, 848.53, 900.0, 900.0, 900.0, 900.0]","[1, 2, 3, 4, 5, 6, 7, 8, 9, 10, 11, 12]","[0.0, 0.0, 0.0, 0.0, 0.0, 0.0, 48.53, 51.47, 0.0, 0.0, 0.0]","[0.0, 0.0, 0.0, 0.0, 0.0, 0.0, 0.060662, 0.060658, 0.0, 0.0, 0.0]",11
W2,Sukkur,Garlic (Lehsun),"[544.52, 582.85, 465.01, 411.96, 420.12, 561.36, 600.0, 579.48, 691.41, 623.57, 600.0, 630.78]","[1, 2, 3, 4, 5, 6, 7, 8, 9, 10, 11, 12]","[38.33, -117.84, -53.05, 8.16, 141.24, 38.64, -20.52, 111.93, -67.84, -23.57, 30.78]","[0.070392, -0.202179, -0.114084, 0.019808, 0.33619, 0.068833, -0.0342, 0.193156, -0.098118, -0.037798, 0.0513]",11
W2,Sukkur,Gas Charges upto 3.3719 MMBTU,"[1976.5, 1976.5, 1976.5, 1976.5, 1976.5, 1976.5, 1976.5, 1976.5, 1976.5, 1976.5, 1976.5, 1976.5]","[1, 2, 3, 4, 5, 6, 7, 8, 9, 10, 11, 12]","[0.0, 0.0, 0.0, 0.0, 0.0, 0.0, 0.0, 0.0, 0.0, 0.0, 0.0]","[0.0, 0.0, 0.0, 0.0, 0.0, 0.0, 0.0, 0.0, 0.0, 0.0, 0.0]",11
W2,Sukkur,Gents Sandal Bata,"[2299.0, 2499.0, 2499.0, 2499.0, 2499.0, 2499.0, 2499.0, 2499.0, 2499.0, 2499.0, 2499.0, 2499.0]","[1, 2, 3, 4, 5, 6, 7, 8, 9, 10, 11, 12]","[200.0, 0.0, 0.0, 0.0, 0.0, 0.0, 0.0, 0.0, 0.0, 0.0, 0.0]","[0.086994, 0.0, 0.0, 0.0, 0.0, 0.0, 0.0, 0.0, 0.0, 0.0, 0.0]",11
W2,Sukkur,Gents Sponge Chappal Bata,"[599.0, 599.0, 599.0, 599.0, 599.0, 599.0, 599.0, 599.0, 599.0, 599.0, 599.0, 599.0]","[1, 2, 3, 4, 5, 6, 7, 8, 9, 10, 11, 12]","[0.0, 0.0, 0.0, 0.0, 0.0, 0.0, 0.0, 0.0, 0.0, 0.0, 0.0]","[0.0, 0.0, 0.0, 0.0, 0.0, 0.0, 0.0, 0.0, 0.0, 0.0, 0.0]",11
W2,Sukkur,Georgette (Average Quality),"[206.46, 206.46, 206.46, 206.46, 206.46, 206.46, 206.46, 206.46, 206.46, 206.46, 206.46, 206.46]","[1, 2, 3, 4, 5, 6, 7, 8, 9, 10, 11, 12]","[0.0, 0.0, 0.0, 0.0, 0.0, 0.0, 0.0, 0.0, 0.0, 0.0, 0.0]","[0.0, 0.0, 0.0, 0.0, 0.0, 0.0, 0.0, 0.0, 0.0, 0.0, 0.0]",11
W2,Sukkur,Gur (Average Quality),"[180.0, 167.3, 180.0, 200.0, 200.0, 207.43, 197.65, 193.1, 180.0, 180.0, 180.0, 180.0]","[1, 2, 3, 4, 5, 6, 7, 8, 9, 10, 11, 12]","[-12.7, 12.7, 20.0, 0.0, 7.43, -9.78, -4.55, -13.1, 0.0, 0.0, 0.0]","[-0.070556, 0.075912, 0.111111, 0.0, 0.03715, -0.047148, -0.02302, -0.06784, 0.0, 0.0, 0.0]",11
W2,Sukkur,Hi-Speed Diesel,"[287.8, 287.12, 278.03, 270.05, 281.43, 269.84, 257.11, 250.18, 256.5, 257.81, 260.82, 266.82]","[1, 2, 3, 4, 5, 6, 7, 8, 9, 10, 11, 12]","[-0.68, -9.09, -7.98, 11.38, -11.59, -12.73, -6.93, 6.32, 1.31, 3.01, 6.0]","[-0.002363, -0.031659, -0.028702, 0.04214, -0.041183, -0.047176, -0.026953, 0.025262, 0.005107, 0.011675, 0.023004]",11
W2,Sukkur,LPG 11.67 kg Cylinder,"[3444.56, 3442.02, 2888.89, 2941.59, 3239.58, 3150.0, 3150.0, 3197.46, 3470.89, 3500.0, 3477.72, 3239.58]","[1, 2, 3, 4, 5, 6, 7, 8, 9, 10, 11, 12]","[-2.54, -553.13, 52.7, 297.99, -89.58, 0.0, 47.46, 273.43, 29.11, -22.28, -238.14]","[-0.000737, -0.160699, 0.018242, 0.101302, -0.027652, 0.0, 0.015067, 0.085515, 0.008387, -0.006366, -0.068476]",11
W2,Sukkur,Ladies Sandal Bata,"[799.0, 899.0, 899.0, 899.0, 899.0, 899.0, 899.0, 899.0, 1121.47, 1399.0, 1399.0, 1399.0]","[1, 2, 3, 4, 5, 6, 7, 8, 9, 10, 11, 12]","[100.0, 0.0, 0.0, 0.0, 0.0, 0.0, 0.0, 222.47, 277.53, 0.0, 0.0]","[0.125156, 0.0, 0.0, 0.0, 0.0, 0.0, 0.0, 0.247464, 0.24747, 0.0, 0.0]",11
W2,Sukkur,Lawn Printed Gul Ahmed/Al Karam,"[550.0, 550.0, 550.0, 550.0, 550.0, 550.0, 550.0, 550.0, 550.0, 550.0, 550.0, 550.0]","[1, 2, 3, 4, 5, 6, 7, 8, 9, 10, 11, 12]","[0.0, 0.0, 0.0, 0.0, 0.0, 0.0, 0.0, 0.0, 0.0, 0.0, 0.0]","[0.0, 0.0, 0.0, 0.0, 0.0, 0.0, 0.0, 0.0, 0.0, 0.0, 0.0]",11
W2,Sukkur,"Long Cloth 57"" Gul Ahmed/Al Karam","[500.0, 500.0, 500.0, 500.0, 500.0, 500.0, 500.0, 500.0, 500.0, 500.0, 500.0, 500.0]","[1, 2, 3, 4, 5, 6, 7, 8, 9, 10, 11, 12]","[0.0, 0.0, 0.0, 0.0, 0.0, 0.0, 0.0, 0.0, 0.0, 0.0, 0.0]","[0.0, 0.0, 0.0, 0.0, 0.0, 0.0, 0.0, 0.0, 0.0, 0.0, 0.0]",11
W2,Sukkur,Match Box,"[6.0, 6.0, 6.0, 6.0, 6.0, 6.0, 6.0, 6.0, 6.0, 6.0, 6.0, 6.0]","[1, 2, 3, 4, 5, 6, 7, 8, 9, 10, 11, 12]","[0.0, 0.0, 0.0, 0.0, 0.0, 0.0, 0.0, 0.0, 0.0, 0.0, 0.0]","[0.0, 0.0, 0.0, 0.0, 0.0, 0.0, 0.0, 0.0, 0.0, 0.0, 0.0]",11
W2,Sukkur,Milk fresh (Un-boiled),"[200.0, 200.0, 200.0, 200.0, 200.0, 200.0, 200.0, 200.0, 200.0, 200.0, 200.0, 200.0]","[1, 2, 3, 4, 5, 6, 7, 8, 9, 10, 11, 12]","[0.0, 0.0, 0.0, 0.0, 0.0, 0.0, 0.0, 0.0, 0.0, 0.0, 0.0]","[0.0, 0.0, 0.0, 0.0, 0.0, 0.0, 0.0, 0.0, 0.0, 0.0, 0.0]",11
W2,Sukkur,Mustard Oil (Average Quality),"[367.34, 370.0, 349.83, 342.88, 374.9, 395.97, 402.48, 435.88, 487.38, 467.43, 453.54, 449.83]","[1, 2, 3, 4, 5, 6, 7, 8, 9, 10, 11, 12]","[2.66, -20.17, -6.95, 32.02, 21.07, 6.51, 33.4, 51.5, -19.95, -13.89, -3.71]","[0.007241, -0.054514, -0.019867, 0.093385, 0.056202, 0.016441, 0.082985, 0.118152, -0.040933, -0.029716, -0.00818]",11
W2,Sukkur,Mutton (Average Quality),"[1600.0, 1600.0, 1600.0, 1600.0, 1600.0, 1600.0, 1600.0, 1600.0, 1600.0, 1600.0, 1600.0, 1600.0]","[1, 2, 3, 4, 5, 6, 7, 8, 9, 10, 11, 12]","[0.0, 0.0, 0.0, 0.0, 0.0, 0.0, 0.0, 0.0, 0.0, 0.0, 0.0]","[0.0, 0.0, 0.0, 0.0, 0.0, 0.0, 0.0, 0.0, 0.0, 0.0, 0.0]",11
W2,Sukkur,Onions,"[182.81, 171.2, 117.44, 125.61, 100.0, 116.84, 129.62, 147.94, 146.59, 134.66, 102.88, 80.0]","[1, 2, 3, 4, 5, 6, 7, 8, 9, 10, 11, 12]","[-11.61, -53.76, 8.17, -25.61, 16.84, 12.78, 18.32, -1.35, -11.93, -31.78, -22.88]","[-0.063509, -0.314019, 0.069567, -0.203885, 0.1684, 0.10938, 0.141336, -0.009125, -0.081383, -0.236002, -0.222395]",11
W2,Sukkur,Petrol Super,"[280.4, 292.5, 280.0, 264.04, 271.44, 265.26, 255.1, 247.93, 249.29, 253.01, 255.65, 257.88]","[1, 2, 3, 4, 5, 6, 7, 8, 9, 10, 11, 12]","[12.1, -12.5, -15.96, 7.4, -6.18, -10.16, -7.17, 1.36, 3.72, 2.64, 2.23]","[0.043153, -0.042735, -0.057, 0.028026, -0.022767, -0.038302, -0.028107, 0.005485, 0.014922, 0.010434, 0.008723]",11
W2,Sukkur,Potatoes,"[55.61, 57.19, 69.85, 73.19, 74.84, 80.0, 80.0, 80.0, 80.0, 114.65, 76.74, 56.46]","[1, 2, 3, 4, 5, 6, 7, 8, 9, 10, 11, 12]","[1.58, 12.66, 3.34, 1.65, 5.16, 0.0, 0.0, 0.0, 34.65, -37.91, -20.28]","[0.028412, 0.221367, 0.047817, 0.022544, 0.068947, 0.0, 0.0, 0.0, 0.433125, -0.330659, -0.264269]",11
W2,Sukkur,Powdered Milk NIDO 390 gm Polybag,"[820.0, 820.0, 840.0, 840.0, 930.16, 1030.0, 1030.0, 1030.0, 1030.0, 1030.0, 1030.0, 1030.0]","[1, 2, 3, 4, 5, 6, 7, 8, 9, 10, 11, 12]","[0.0, 20.0, 0.0, 90.16, 99.84, 0.0, 0.0, 0.0, 0.0, 0.0, 0.0]","[0.0, 0.02439, 0.0, 0.107333, 0.107336, 0.0, 0.0, 0.0, 0.0, 0.0, 0.0]",11
W2,Sukkur,Pulse Gram,"[260.0, 260.0, 260.0, 304.88, 334.89, 361.7, 412.42, 420.0, 420.0, 420.0, 401.17, 380.64]","[1, 2, 3, 4, 5, 6, 7, 8, 9, 10, 11, 12]","[0.0, 0.0, 44.88, 30.01, 26.81, 50.72, 7.58, 0.0, 0.0, -18.83, -20.53]","[0.0, 0.0, 0.172615, 0.098432, 0.080056, 0.140227, 0.018379, 0.0, 0.0, -0.044833, -0.051175]",11
W2,Sukkur,Pulse Mash (Washed),"[489.7, 489.7, 531.91, 532.48, 540.0, 540.0, 554.93, 560.0, 560.0, 554.93, 520.0, 494.73]","[1, 2, 3, 4, 5, 6, 7, 8, 9, 10, 11, 12]","[0.0, 42.21, 0.57, 7.52, 0.0, 14.93, 5.07, 0.0, -5.07, -34.93, -25.27]","[0.0, 0.086196, 0.001072, 0.014123, 0.0, 0.027648, 0.009136, 0.0, -0.009054, -0.062945, -0.048596]",11
W2,Sukkur,Pulse Masoor (Washed),"[329.85, 320.0, 320.0, 300.0, 300.0, 300.0, 300.0, 300.0, 300.0, 300.0, 300.0, 300.0]","[1, 2, 3, 4, 5, 6, 7, 8, 9, 10, 11, 12]","[-9.85, 0.0, -20.0, 0.0, 0.0, 0.0, 0.0, 0.0, 0.0, 0.0, 0.0]","[-0.029862, 0.0, -0.0625, 0.0, 0.0, 0.0, 0.0, 0.0, 0.0, 0.0, 0.0]",11
W2,Sukkur,Pulse Moong (Washed),"[340.0, 340.0, 340.0, 329.85, 360.0, 360.0, 360.0, 375.45, 414.97, 420.0, 427.98, 430.0]","[1, 2, 3, 4, 5, 6, 7, 8, 9, 10, 11, 12]","[0.0, 0.0, -10.15, 30.15, 0.0, 0.0, 15.45, 39.52, 5.03, 7.98, 2.02]","[0.0, 0.0, -0.029853, 0.091405, 0.0, 0.0, 0.042917, 0.10526, 0.012121, 0.019, 0.00472]",11
W2,Sukkur,Rice Basmati Broken (Average Quality),"[220.0, 220.0, 200.0, 200.0, 200.0, 200.0, 200.0, 200.0, 200.0, 200.0, 200.0, 200.0]","[1, 2, 3, 4, 5, 6, 7, 8, 9, 10, 11, 12]","[0.0, -20.0, 0.0, 0.0, 0.0, 0.0, 0.0, 0.0, 0.0, 0.0, 0.0]","[0.0, -0.090909, 0.0, 0.0, 0.0, 0.0, 0.0, 0.0, 0.0, 0.0, 0.0]",11
W2,Sukkur,Rice IRRI-6/9 (Sindh/Punjab),"[170.0, 170.0, 170.0, 170.0, 170.0, 170.0, 170.0, 170.0, 170.0, 170.0, 170.0, 170.0]","[1, 2, 3, 4, 5, 6, 7, 8, 9, 10, 11, 12]","[0.0, 0.0, 0.0, 0.0, 0.0, 0.0, 0.0, 0.0, 0.0, 0.0, 0.0]","[0.0, 0.0, 0.0, 0.0, 0.0, 0.0, 0.0, 0.0, 0.0, 0.0, 0.0]",11
W2,Sukkur,Salt Powdered (NATIONAL/SHAN) 800 gm Packet,"[70.0, 70.0, 70.0, 70.0, 70.0, 70.0, 70.0, 70.0, 70.0, 70.0, 70.0, 70.0]","[1, 2, 3, 4, 5, 6, 7, 8, 9, 10, 11, 12]","[0.0, 0.0, 0.0, 0.0, 0.0, 0.0, 0.0, 0.0, 0.0, 0.0, 0.0]","[0.0, 0.0, 0.0, 0.0, 0.0, 0.0, 0.0, 0.0, 0.0, 0.0, 0.0]",11
W2,Sukkur,Shirting (Average Quality),"[229.58, 229.58, 229.58, 229.58, 229.58, 229.58, 229.58, 229.58, 229.58, 229.58, 229.58, 229.58]","[1, 2, 3, 4, 5, 6, 7, 8, 9, 10, 11, 12]","[0.0, 0.0, 0.0, 0.0, 0.0, 0.0, 0.0, 0.0, 0.0, 0.0, 0.0]","[0.0, 0.0, 0.0, 0.0, 0.0, 0.0, 0.0, 0.0, 0.0, 0.0, 0.0]",11
W2,Sukkur,Sufi Washing Soap 250 gm Cake,"[138.0, 138.0, 138.0, 138.0, 138.0, 138.0, 138.0, 138.0, 138.0, 138.0, 138.0, 138.0]","[1, 2, 3, 4, 5, 6, 7, 8, 9, 10, 11, 12]","[0.0, 0.0, 0.0, 0.0, 0.0, 0.0, 0.0, 0.0, 0.0, 0.0, 0.0]","[0.0, 0.0, 0.0, 0.0, 0.0, 0.0, 0.0, 0.0, 0.0, 0.0, 0.0]",11
W2,Sukkur,Sugar Refined,"[135.74, 136.98, 138.6, 138.08, 138.0, 136.8, 133.23, 126.77, 122.99, 129.49, 138.15, 151.23]","[1, 2, 3, 4, 5, 6, 7, 8, 9, 10, 11, 12]","[1.24, 1.62, -0.52, -0.08, -1.2, -3.57, -6.46, -3.78, 6.5, 8.66, 13.08]","[0.009135, 0.011827, -0.003752, -0.000579, -0.008696, -0.026096, -0.048488, -0.029818, 0.05285, 0.066878, 0.09468]",11
W2,Sukkur,Tea Lipton Yellow Label 190 gm Packet,"[558.82, 558.82, 558.82, 558.82, 558.82, 558.82, 558.82, 558.82, 558.82, 558.82, 558.82, 558.82]","[1, 2, 3, 4, 5, 6, 7, 8, 9, 10, 11, 12]","[0.0, 0.0, 0.0, 0.0, 0.0, 0.0, 0.0, 0.0, 0.0, 0.0, 0.0]","[0.0, 0.0, 0.0, 0.0, 0.0, 0.0, 0.0, 0.0, 0.0, 0.0, 0.0]",11
W2,Sukkur,Tea Prepared Ordinary,"[60.0, 60.0, 60.0, 60.0, 60.0, 60.0, 60.0, 60.0, 60.0, 60.0, 60.0, 60.0]","[1, 2, 3, 4, 5, 6, 7, 8, 9, 10, 11, 12]","[0.0, 0.0, 0.0, 0.0, 0.0, 0.0, 0.0, 0.0, 0.0, 0.0, 0.0]","[0.0, 0.0, 0.0, 0.0, 0.0, 0.0, 0.0, 0.0, 0.0, 0.0, 0.0]",11
W2,Sukkur,Telephone Call Charges,"[1.79, 1.79, 1.79, 1.79, 1.79, 1.79, 1.79, 1.79, 1.79, 1.79, 1.79, 1.79]","[1, 2, 3, 4, 5, 6, 7, 8, 9, 10, 11, 12]","[0.0, 0.0, 0.0, 0.0, 0.0, 0.0, 0.0, 0.0, 0.0, 0.0, 0.0]","[0.0, 0.0, 0.0, 0.0, 0.0, 0.0, 0.0, 0.0, 0.0, 0.0, 0.0]",11
W2,Sukkur,Toilet Soap LIFEBUOY 115 gm,"[110.0, 110.0, 110.0, 110.0, 110.0, 110.0, 110.0, 110.0, 110.0, 110.0, 110.0, 110.0]","[1, 2, 3, 4, 5, 6, 7, 8, 9, 10, 11, 12]","[0.0, 0.0, 0.0, 0.0, 0.0, 0.0, 0.0, 0.0, 0.0, 0.0, 0.0]","[0.0, 0.0, 0.0, 0.0, 0.0, 0.0, 0.0, 0.0, 0.0, 0.0, 0.0]",11
W2,Sukkur,Tomatoes,"[112.69, 85.72, 46.04, 103.6, 186.12, 131.63, 109.54, 139.68, 142.75, 162.63, 96.62, 36.63]","[1, 2, 3, 4, 5, 6, 7, 8, 9, 10, 11, 12]","[-26.97, -39.68, 57.56, 82.52, -54.49, -22.09, 30.14, 3.07, 19.88, -66.01, -59.99]","[-0.239329, -0.462902, 1.250217, 0.796525, -0.292768, -0.167819, 0.275151, 0.021979, 0.139264, -0.405891, -0.620886]",11
W2,Sukkur,Vegetable Ghee DALDA/HABIB 2.5 kg Tin,"[1312.83, 1285.0, 1304.96, 1310.0, 1310.0, 1310.0, 1324.97, 1330.0, 1330.0, 1426.35, 1483.87, 1500.0]","[1, 2, 3, 4, 5, 6, 7, 8, 9, 10, 11, 12]","[-27.83, 19.96, 5.04, 0.0, 0.0, 14.97, 5.03, 0.0, 96.35, 57.52, 16.13]","[-0.021198, 0.015533, 0.003862, 0.0, 0.0, 0.011427, 0.003796, 0.0, 0.072444, 0.040327, 0.01087]",11
W2,Sukkur,Vegetable Ghee DALDA/HABIB or Other Superior Quality 1 kg Pouch,"[501.48, 499.0, 504.98, 509.0, 509.0, 510.19, 515.0, 515.0, 534.63, 559.93, 577.97, 590.0]","[1, 2, 3, 4, 5, 6, 7, 8, 9, 10, 11, 12]","[-2.48, 5.98, 4.02, 0.0, 1.19, 4.81, 0.0, 19.63, 25.3, 18.04, 12.03]","[-0.004945, 0.011984, 0.007961, 0.0, 0.002338, 0.009428, 0.0, 0.038117, 0.047322, 0.032218, 0.020814]",11
W2,Sukkur,Wheat Flour Bag,"[2488.16, 2213.75, 1816.31, 1704.98, 1864.87, 1775.3, 1669.91, 1791.66, 1769.91, 1679.88, 1707.41, 1664.68]","[1, 2, 3, 4, 5, 6, 7, 8, 9, 10, 11, 12]","[-274.41, -397.44, -111.33, 159.89, -89.57, -105.39, 121.75, -21.75, -90.03, 27.53, -42.73]","[-0.110286, -0.179532, -0.061295, 0.093778, -0.04803, -0.059365, 0.072908, -0.01214, -0.050867, 0.016388, -0.025026]",11
W3,Bahawalpur,Bananas (Kela) Local,"[225.65, 213.12, 188.08, 180.0, 182.54, 181.59, 147.38, 133.81, 135.62, 147.44, 150.0, 181.13]","[1, 2, 3, 4, 5, 6, 7, 8, 9, 10, 11, 12]","[-12.53, -25.04, -8.08, 2.54, -0.95, -34.21, -13.57, 1.81, 11.82, 2.56, 31.13]","[-0.055528, -0.117492, -0.04296, 0.014111, -0.005204, -0.188391, -0.092075, 0.013527, 0.087155, 0.017363, 0.207533]",11
W3,Bahawalpur,Beef with Bone (Average Quality),"[983.05, 983.05, 1000.0, 1000.0, 1000.0, 1000.0, 1000.0, 1000.0, 1000.0, 1000.0, 1000.0, 1000.0]","[1, 2, 3, 4, 5, 6, 7, 8, 9, 10, 11, 12]","[0.0, 16.95, 0.0, 0.0, 0.0, 0.0, 0.0, 0.0, 0.0, 0.0, 0.0]","[0.0, 0.017242, 0.0, 0.0, 0.0, 0.0, 0.0, 0.0, 0.0, 0.0, 0.0]",11
W3,Bahawalpur,Bread plain (Small Size),"[107.41, 110.0, 110.0, 110.0, 110.0, 110.0, 110.0, 110.0, 110.0, 110.0, 110.0, 110.0]","[1, 2, 3, 4, 5, 6, 7, 8, 9, 10, 11, 12]","[2.59, 0.0, 0.0, 0.0, 0.0, 0.0, 0.0, 0.0, 0.0, 0.0, 0.0]","[0.024113, 0.0, 0.0, 0.0, 0.0, 0.0, 0.0, 0.0, 0.0, 0.0, 0.0]",11
W3,Bahawalpur,Chicken Farm Broiler (Live),"[455.9, 423.3, 426.29, 315.0, 380.88, 417.71, 389.46, 308.64, 325.16, 367.69, 372.06, 329.35]","[1, 2, 3, 4, 5, 6, 7, 8, 9, 10, 11, 12]","[-32.6, 2.99, -111.29, 65.88, 36.83, -28.25, -80.82, 16.52, 42.53, 4.37, -42.71]","[-0.071507, 0.007064, -0.261066, 0.209143, 0.096697, -0.067631, -0.207518, 0.053525, 0.130797, 0.011885, -0.114793]",11
W3,Bahawalpur,Chilies Powder NATIONAL 200 gm Packet,"[320.0, 320.0, 320.0, 320.0, 320.0, 320.0, 320.0, 320.0, 320.0, 320.0, 354.76, 380.0]","[1, 2, 3, 4, 5, 6, 7, 8, 9, 10, 11, 12]","[0.0, 0.0, 0.0, 0.0, 0.0, 0.0, 0.0, 0.0, 0.0, 34.76, 25.24]","[0.0, 0.0, 0.0, 0.0, 0.0, 0.0, 0.0, 0.0, 0.0, 0.108625, 0.071147]",11
W3,Bahawalpur,Cigarettes Capstan 20'S Packet,"[226.62, 230.0, 232.46, 240.0, 240.0, 240.0, 240.0, 240.0, 240.0, 240.0, 240.0, 240.0]","[1, 2, 3, 4, 5, 6, 7, 8, 9, 10, 11, 12]","[3.38, 2.46, 7.54, 0.0, 0.0, 0.0, 0.0, 0.0, 0.0, 0.0, 0.0]","[0.014915, 0.010696, 0.032436, 0.0, 0.0, 0.0, 0.0, 0.0, 0.0, 0.0, 0.0]",11
W3,Bahawalpur,Cooked Beef at Average Hotel,"[273.17, 290.85, 309.68, 309.68, 309.68, 309.68, 309.68, 309.68, 309.68, 309.68, 309.68, 309.68]","[1, 2, 3, 4, 5, 6, 7, 8, 9, 10, 11, 12]","[17.68, 18.83, 0.0, 0.0, 0.0, 0.0, 0.0, 0.0, 0.0, 0.0, 0.0]","[0.064722, 0.064741, 0.0, 0.0, 0.0, 0.0, 0.0, 0.0, 0.0, 0.0, 0.0]",11
W3,Bahawalpur,Cooked Daal at Average Hotel,"[136.58, 143.13, 150.0, 173.27, 173.27, 173.27, 173.27, 173.27, 173.27, 173.27, 173.27, 173.27]","[1, 2, 3, 4, 5, 6, 7, 8, 9, 10, 11, 12]","[6.55, 6.87, 23.27, 0.0, 0.0, 0.0, 0.0, 0.0, 0.0, 0.0, 0.0]","[0.047957, 0.047998, 0.155133, 0.0, 0.0, 0.0, 0.0, 0.0, 0.0, 0.0, 0.0]",11
W3,Bahawalpur,"Cooking Oil DALDA or Other Similar Brand (SN), 5 Litre Tin","[2937.31, 2922.47, 2906.61, 2865.0, 2865.0, 2865.0, 2873.71, 2908.94, 2945.0, 3109.0, 3109.0, 3109.0]","[1, 2, 3, 4, 5, 6, 7, 8, 9, 10, 11, 12]","[-14.84, -15.86, -41.61, 0.0, 0.0, 8.71, 35.23, 36.06, 164.0, 0.0, 0.0]","[-0.005052, -0.005427, -0.014316, 0.0, 0.0, 0.00304, 0.012259, 0.012396, 0.055688, 0.0, 0.0]",11
W3,Bahawalpur,Curd (Dahi) Loose,"[200.0, 200.0, 204.83, 206.46, 206.46, 206.46, 208.11, 220.0, 220.0, 220.0, 220.0, 220.0]","[1, 2, 3, 4, 5, 6, 7, 8, 9, 10, 11, 12]","[0.0, 4.83, 1.63, 0.0, 0.0, 1.65, 11.89, 0.0, 0.0, 0.0, 0.0]","[0.0, 0.02415, 0.007958, 0.0, 0.0, 0.007992, 0.057133, 0.0, 0.0, 0.0, 0.0]",11
W3,Bahawalpur,Eggs Hen (Farm),"[272.66, 224.92, 293.41, 240.0, 262.44, 297.41, 308.74, 319.55, 344.91, 357.72, 324.42, 241.78]","[1, 2, 3, 4, 5, 6, 7, 8, 9, 10, 11, 12]","[-47.74, 68.49, -53.41, 22.44, 34.97, 11.33, 10.81, 25.36, 12.81, -33.3, -82.64]","[-0.17509, 0.304508, -0.182032, 0.0935, 0.13325, 0.038096, 0.035013, 0.079362, 0.03714, -0.09309, -0.254732]",11
W3,Bahawalpur,Electricity Charges upto 50 Units,"[6.0, 5.69, 4.72, 4.66, 5.04, 5.4, 4.99, 4.83, 5.24, 6.02, 6.1, 6.55]","[1, 2, 3, 4, 5, 6, 7, 8, 9, 10, 11, 12]","[-0.31, -0.97, -0.06, 0.38, 0.36, -0.41, -0.16, 0.41, 0.78, 0.08, 0.45]","[-0.051667, -0.170475, -0.012712, 0.081545, 0.071429, -0.075926, -0.032064, 0.084886, 0.148855, 0.013289, 0.07377]",11
W3,Bahawalpur,Energy Saver Philips 14 Watt,"[272.7, 272.7, 272.7, 272.7, 272.7, 272.7, 272.7, 272.7, 272.7, 272.7, 272.7, 272.7]","[1, 2, 3, 4, 5, 6, 7, 8, 9, 10, 11, 12]","[0.0, 0.0, 0.0, 0.0, 0.0, 0.0, 0.0, 0.0, 0.0, 0.0, 0.0]","[0.0, 0.0, 0.0, 0.0, 0.0, 0.0, 0.0, 0.0, 0.0, 0.0, 0.0]",11
W3,Bahawalpur,Firewood Whole,"[1600.0, 1600.0, 1600.0, 1600.0, 1600.0, 1600.0, 1600.0, 1600.0, 1600.0, 1616.25, 1632.66, 1632.66]","[1, 2, 3, 4, 5, 6, 7, 8, 9, 10, 11, 12]","[0.0, 0.0, 0.0, 0.0, 0.0, 0.0, 0.0, 0.0, 16.25, 16.41, 0.0]","[0.0, 0.0, 0.0, 0.0, 0.0, 0.0, 0.0, 0.0, 0.010156, 0.010153, 0.0]",11
W3,Bahawalpur,Garlic (Lehsun),"[656.65, 601.42, 403.95, 343.41, 377.41, 444.89, 479.24, 493.24, 493.24, 493.24, 497.13, 536.66]","[1, 2, 3, 4, 5, 6, 7, 8, 9, 10, 11, 12]","[-55.23, -197.47, -60.54, 34.0, 67.48, 34.35, 14.0, 0.0, 0.0, 3.89, 39.53]","[-0.084109, -0.32834, -0.14987, 0.099007, 0.178798, 0.07721, 0.029213, 0.0, 0.0, 0.007887, 0.079516]",11
W3,Bahawalpur,Gas Charges upto 3.3719 MMBTU,"[1976.5, 1976.5, 1976.5, 1976.5, 2194.19, 2566.5, 2566.5, 2566.5, 2566.5, 2566.5, 2566.5, 2566.5]","[1, 2, 3, 4, 5, 6, 7, 8, 9, 10, 11, 12]","[0.0, 0.0, 0.0, 217.69, 372.31, 0.0, 0.0, 0.0, 0.0, 0.0, 0.0]","[0.0, 0.0, 0.0, 0.110139, 0.16968, 0.0, 0.0, 0.0, 0.0, 0.0, 0.0]",11
W3,Bahawalpur,Gents Sandal Bata,"[2499.0, 2499.0, 2499.0, 2499.0, 2499.0, 2499.0, 2499.0, 2499.0, 2499.0, 2499.0, 2499.0, 2499.0]","[1, 2, 3, 4, 5, 6, 7, 8, 9, 10, 11, 12]","[0.0, 0.0, 0.0, 0.0, 0.0, 0.0, 0.0, 0.0, 0.0, 0.0, 0.0]","[0.0, 0.0, 0.0, 0.0, 0.0, 0.0, 0.0, 0.0, 0.0, 0.0, 0.0]",11
W3,Bahawalpur,Gents Sponge Chappal Bata,"[599.0, 599.0, 599.0, 599.0, 599.0, 599.0, 599.0, 599.0, 599.0, 599.0, 599.0, 599.0]","[1, 2, 3, 4, 5, 6, 7, 8, 9, 10, 11, 12]","[0.0, 0.0, 0.0, 0.0, 0.0, 0.0, 0.0, 0.0, 0.0, 0.0, 0.0]","[0.0, 0.0, 0.0, 0.0, 0.0, 0.0, 0.0, 0.0, 0.0, 0.0, 0.0]",11
W3,Bahawalpur,Georgette (Average Quality),"[300.0, 300.0, 300.0, 300.0, 300.0, 300.0, 300.0, 300.0, 300.0, 300.0, 300.0, 300.0]","[1, 2, 3, 4, 5, 6, 7, 8, 9, 10, 11, 12]","[0.0, 0.0, 0.0, 0.0, 0.0, 0.0, 0.0, 0.0, 0.0, 0.0, 0.0]","[0.0, 0.0, 0.0, 0.0, 0.0, 0.0, 0.0, 0.0, 0.0, 0.0, 0.0]",11
W3,Bahawalpur,Gur (Average Quality),"[175.76, 178.24, 196.57, 213.12, 213.12, 214.82, 230.82, 233.29, 224.48, 198.25, 186.61, 166.41]","[1, 2, 3, 4, 5, 6, 7, 8, 9, 10, 11, 12]","[2.48, 18.33, 16.55, 0.0, 1.7, 16.0, 2.47, -8.81, -26.23, -11.64, -20.2]","[0.01411, 0.102839, 0.084194, 0.0, 0.007977, 0.074481, 0.010701, -0.037764, -0.116848, -0.058714, -0.108247]",11
W3,Bahawalpur,Hi-Speed Diesel,"[260.12, 260.12, 257.14, 274.52, 281.28, 280.94, 273.96, 278.59, 284.05, 275.0, 259.58, 274.54]","[1, 2, 3, 4, 5, 6, 7, 8, 9, 10, 11, 12]","[0.0, -2.98, 17.38, 6.76, -0.34, -6.98, 4.63, 5.46, -9.05, -15.42, 14.96]","[0.0, -0.011456, 0.06759, 0.024625, -0.001209, -0.024845, 0.0169, 0.019599, -0.031861, -0.056073, 0.057632]",11
W3,Bahawalpur,LPG 11.67 kg Cylinder,"[3346.67, 3382.16, 3243.57, 3190.0, 3297.85, 3249.62, 3266.39, 3300.0, 3300.0, 3482.94, 3601.04, 3375.52]","[1, 2, 3, 4, 5, 6, 7, 8, 9, 10, 11, 12]","[35.49, -138.59, -53.57, 107.85, -48.23, 16.77, 33.61, 0.0, 182.94, 118.1, -225.52]","[0.010605, -0.040977, -0.016516, 0.033809, -0.014625, 0.005161, 0.01029, 0.0, 0.055436, 0.033908, -0.062626]",11
W3,Bahawalpur,Ladies Sandal Bata,"[1399.0, 1399.0, 1399.0, 1399.0, 1399.0, 1399.0, 1399.0, 1399.0, 1399.0, 1399.0, 1399.0, 1399.0]","[1, 2, 3, 4, 5, 6, 7, 8, 9, 10, 11, 12]","[0.0, 0.0, 0.0, 0.0, 0.0, 0.0, 0.0, 0.0, 0.0, 0.0, 0.0]","[0.0, 0.0, 0.0, 0.0, 0.0, 0.0, 0.0, 0.0, 0.0, 0.0, 0.0]",11
W3,Bahawalpur,Lawn Printed Gul Ahmed/Al Karam,"[818.89, 818.89, 818.89, 818.89, 818.89, 818.89, 818.89, 818.89, 818.89, 818.89, 818.89, 818.89]","[1, 2, 3, 4, 5, 6, 7, 8, 9, 10, 11, 12]","[0.0, 0.0, 0.0, 0.0, 0.0, 0.0, 0.0, 0.0, 0.0, 0.0, 0.0]","[0.0, 0.0, 0.0, 0.0, 0.0, 0.0, 0.0, 0.0, 0.0, 0.0, 0.0]",11
W3,Bahawalpur,"Long Cloth 57"" Gul Ahmed/Al Karam","[793.28, 793.28, 793.28, 793.28, 793.28, 793.28, 793.28, 793.28, 793.28, 793.28, 793.28, 793.28]","[1, 2, 3, 4, 5, 6, 7, 8, 9, 10, 11, 12]","[0.0, 0.0, 0.0, 0.0, 0.0, 0.0, 0.0, 0.0, 0.0, 0.0, 0.0]","[0.0, 0.0, 0.0, 0.0, 0.0, 0.0, 0.0, 0.0, 0.0, 0.0, 0.0]",11
W3,Bahawalpur,Match Box,"[7.0, 7.0, 7.0, 7.0, 7.0, 7.0, 7.0, 7.0, 7.0, 7.0, 7.0, 7.0]","[1, 2, 3, 4, 5, 6, 7, 8, 9, 10, 11, 12]","[0.0, 0.0, 0.0, 0.0, 0.0, 0.0, 0.0, 0.0, 0.0, 0.0, 0.0]","[0.0, 0.0, 0.0, 0.0, 0.0, 0.0, 0.0, 0.0, 0.0, 0.0, 0.0]",11
W3,Bahawalpur,Milk fresh (Un-boiled),"[173.27, 173.27, 173.27, 173.27, 173.27, 174.1, 176.6, 179.31, 180.0, 180.0, 180.0, 180.0]","[1, 2, 3, 4, 5, 6, 7, 8, 9, 10, 11, 12]","[0.0, 0.0, 0.0, 0.0, 0.83, 2.5, 2.71, 0.69, 0.0, 0.0, 0.0]","[0.0, 0.0, 0.0, 0.0, 0.00479, 0.01436, 0.015345, 0.003848, 0.0, 0.0, 0.0]",11
W3,Bahawalpur,Mustard Oil (Average Quality),"[506.58, 500.0, 500.0, 469.78, 461.77, 469.53, 500.0, 500.0, 500.0, 500.0, 549.45, 570.0]","[1, 2, 3, 4, 5, 6, 7, 8, 9, 10, 11, 12]","[-6.58, 0.0, -30.22, -8.01, 7.76, 30.47, 0.0, 0.0, 0.0, 49.45, 20.55]","[-0.012989, 0.0, -0.06044, -0.017051, 0.016805, 0.064895, 0.0, 0.0, 0.0, 0.0989, 0.037401]",11
W3,Bahawalpur,Mutton (Average Quality),"[1832.73, 1832.73, 1832.73, 1866.06, 1866.06, 1866.06, 1866.06, 1866.06, 1866.06, 1866.06, 1866.06, 1866.06]","[1, 2, 3, 4, 5, 6, 7, 8, 9, 10, 11, 12]","[0.0, 0.0, 33.33, 0.0, 0.0, 0.0, 0.0, 0.0, 0.0, 0.0, 0.0]","[0.0, 0.0, 0.018186, 0.0, 0.0, 0.0, 0.0, 0.0, 0.0, 0.0, 0.0]",11
W3,Bahawalpur,Onions,"[72.84, 57.32, 39.05, 46.42, 52.35, 74.83, 100.0, 121.42, 140.83, 96.64, 62.75, 69.76]","[1, 2, 3, 4, 5, 6, 7, 8, 9, 10, 11, 12]","[-15.52, -18.27, 7.37, 5.93, 22.48, 25.17, 21.42, 19.41, -44.19, -33.89, 7.01]","[-0.21307, -0.318737, 0.188732, 0.127747, 0.429417, 0.336362, 0.2142, 0.159858, -0.313783, -0.350683, 0.111713]",11
W3,Bahawalpur,Petrol Super,"[257.12, 256.2, 254.11, 268.33, 271.55, 266.21, 266.21, 267.88, 268.08, 266.1, 255.67, 258.14]","[1, 2, 3, 4, 5, 6, 7, 8, 9, 10, 11, 12]","[-0.92, -2.09, 14.22, 3.22, -5.34, 0.0, 1.67, 0.2, -1.98, -10.43, 2.47]","[-0.003578, -0.008158, 0.05596, 0.012, -0.019665, 0.0, 0.006273, 0.000747, -0.007386, -0.039196, 0.009661]",11
W3,Bahawalpur,Potatoes,"[61.41, 63.98, 62.36, 100.0, 100.0, 100.0, 108.15, 113.95, 111.87, 88.64, 38.74, 28.04]","[1, 2, 3, 4, 5, 6, 7, 8, 9, 10, 11, 12]","[2.57, -1.62, 37.64, 0.0, 0.0, 8.15, 5.8, -2.08, -23.23, -49.9, -10.7]","[0.04185, -0.02532, 0.603592, 0.0, 0.0, 0.0815, 0.053629, -0.018254, -0.207652, -0.562951, -0.2762]",11
W3,Bahawalpur,Powdered Milk NIDO 390 gm Polybag,"[1030.0, 1030.0, 1030.0, 1100.0, 1100.0, 1100.0, 1100.0, 1119.91, 1130.0, 1130.0, 1130.0, 1130.0]","[1, 2, 3, 4, 5, 6, 7, 8, 9, 10, 11, 12]","[0.0, 0.0, 70.0, 0.0, 0.0, 0.0, 19.91, 10.09, 0.0, 0.0, 0.0]","[0.0, 0.0, 0.067961, 0.0, 0.0, 0.0, 0.0181, 0.00901, 0.0, 0.0, 0.0]",11
W3,Bahawalpur,Pulse Gram,"[281.41, 281.49, 292.47, 286.51, 291.83, 293.18, 288.08, 259.14, 240.82, 237.46, 242.53, 256.62]","[1, 2, 3, 4, 5, 6, 7, 8, 9, 10, 11, 12]","[0.08, 10.98, -5.96, 5.32, 1.35, -5.1, -28.94, -18.32, -3.36, 5.07, 14.09]","[0.000284, 0.039007, -0.020378, 0.018568, 0.004626, -0.017395, -0.100458, -0.070695, -0.013952, 0.021351, 0.058096]",11
W3,Bahawalpur,Pulse Mash (Washed),"[453.27, 443.31, 434.14, 436.64, 436.64, 433.27, 419.06, 399.8, 380.0, 380.0, 377.53, 423.31]","[1, 2, 3, 4, 5, 6, 7, 8, 9, 10, 11, 12]","[-9.96, -9.17, 2.5, 0.0, -3.37, -14.21, -19.26, -19.8, 0.0, -2.47, 45.78]","[-0.021974, -0.020685, 0.005759, 0.0, -0.007718, -0.032797, -0.04596, -0.049525, 0.0, -0.0065, 0.121262]",11
W3,Bahawalpur,Pulse Masoor (Washed),"[263.29, 263.29, 263.29, 266.62, 266.62, 266.62, 266.62, 262.55, 262.36, 264.08, 247.96, 263.29]","[1, 2, 3, 4, 5, 6, 7, 8, 9, 10, 11, 12]","[0.0, 0.0, 3.33, 0.0, 0.0, 0.0, -4.07, -0.19, 1.72, -16.12, 15.33]","[0.0, 0.0, 0.012648, 0.0, 0.0, 0.0, -0.015265, -0.000724, 0.006556, -0.061042, 0.061824]",11
W3,Bahawalpur,Pulse Moong (Washed),"[386.6, 393.31, 393.31, 393.31, 393.31, 393.31, 388.21, 367.88, 353.3, 353.3, 358.77, 389.75]","[1, 2, 3, 4, 5, 6, 7, 8, 9, 10, 11, 12]","[6.71, 0.0, 0.0, 0.0, 0.0, -5.1, -20.33, -14.58, 0.0, 5.47, 30.98]","[0.017356, 0.0, 0.0, 0.0, 0.0, -0.012967, -0.052369, -0.039632, 0.0, 0.015483, 0.086351]",11
W3,Bahawalpur,Rice Basmati Broken (Average Quality),"[186.43, 186.43, 186.43, 186.43, 186.43, 186.43, 186.43, 186.43, 186.43, 186.43, 200.87, 193.1]","[1, 2, 3, 4, 5, 6, 7, 8, 9, 10, 11, 12]","[0.0, 0.0, 0.0, 0.0, 0.0, 0.0, 0.0, 0.0, 0.0, 14.44, -7.77]","[0.0, 0.0, 0.0, 0.0, 0.0, 0.0, 0.0, 0.0, 0.0, 0.077455, -0.038682]",11
W3,Bahawalpur,Rice IRRI-6/9 (Sindh/Punjab),"[170.0, 170.0, 170.0, 170.0, 173.93, 176.6, 176.6, 176.6, 176.6, 176.6, 196.61, 196.61]","[1, 2, 3, 4, 5, 6, 7, 8, 9, 10, 11, 12]","[0.0, 0.0, 0.0, 3.93, 2.67, 0.0, 0.0, 0.0, 0.0, 20.01, 0.0]","[0.0, 0.0, 0.0, 0.023118, 0.015351, 0.0, 0.0, 0.0, 0.0, 0.113307, 0.0]",11
W3,Bahawalpur,Salt Powdered (NATIONAL/SHAN) 800 gm Packet,"[70.0, 74.01, 80.0, 80.0, 80.0, 80.0, 80.0, 80.0, 74.45, 60.0, 61.88, 63.16]","[1, 2, 3, 4, 5, 6, 7, 8, 9, 10, 11, 12]","[4.01, 5.99, 0.0, 0.0, 0.0, 0.0, 0.0, -5.55, -14.45, 1.88, 1.28]","[0.057286, 0.080935, 0.0, 0.0, 0.0, 0.0, 0.0, -0.069375, -0.19409, 0.031333, 0.020685]",11
W3,Bahawalpur,Shirting (Average Quality),"[586.59, 586.59, 586.59, 586.59, 586.59, 586.59, 586.59, 586.59, 586.59, 586.59, 586.59, 586.59]","[1, 2, 3, 4, 5, 6, 7, 8, 9, 10, 11, 12]","[0.0, 0.0, 0.0, 0.0, 0.0, 0.0, 0.0, 0.0, 0.0, 0.0, 0.0]","[0.0, 0.0, 0.0, 0.0, 0.0, 0.0, 0.0, 0.0, 0.0, 0.0, 0.0]",11
W3,Bahawalpur,Sufi Washing Soap 250 gm Cake,"[140.0, 140.0, 140.0, 140.0, 140.0, 140.0, 140.0, 140.0, 140.0, 140.0, 140.0, 140.0]","[1, 2, 3, 4, 5, 6, 7, 8, 9, 10, 11, 12]","[0.0, 0.0, 0.0, 0.0, 0.0, 0.0, 0.0, 0.0, 0.0, 0.0, 0.0]","[0.0, 0.0, 0.0, 0.0, 0.0, 0.0, 0.0, 0.0, 0.0, 0.0, 0.0]",11
W3,Bahawalpur,Sugar Refined,"[167.03, 168.74, 170.0, 181.65, 180.98, 186.65, 186.65, 188.32, 182.9, 163.59, 153.27, 149.53]","[1, 2, 3, 4, 5, 6, 7, 8, 9, 10, 11, 12]","[1.71, 1.26, 11.65, -0.67, 5.67, 0.0, 1.67, -5.42, -19.31, -10.32, -3.74]","[0.010238, 0.007467, 0.068529, -0.003688, 0.031329, 0.0, 0.008947, -0.028781, -0.105577, -0.063085, -0.024401]",11
W3,Bahawalpur,Tea Lipton Yellow Label 190 gm Packet,"[447.0, 447.0, 447.0, 447.0, 447.0, 447.0, 447.0, 447.0, 447.0, 447.0, 447.0, 447.0]","[1, 2, 3, 4, 5, 6, 7, 8, 9, 10, 11, 12]","[0.0, 0.0, 0.0, 0.0, 0.0, 0.0, 0.0, 0.0, 0.0, 0.0, 0.0]","[0.0, 0.0, 0.0, 0.0, 0.0, 0.0, 0.0, 0.0, 0.0, 0.0, 0.0]",11
W3,Bahawalpur,Tea Prepared Ordinary,"[50.0, 50.0, 50.0, 50.0, 50.0, 50.0, 50.0, 50.0, 50.0, 50.0, 50.0, 50.0]","[1, 2, 3, 4, 5, 6, 7, 8, 9, 10, 11, 12]","[0.0, 0.0, 0.0, 0.0, 0.0, 0.0, 0.0, 0.0, 0.0, 0.0, 0.0]","[0.0, 0.0, 0.0, 0.0, 0.0, 0.0, 0.0, 0.0, 0.0, 0.0, 0.0]",11
W3,Bahawalpur,Telephone Call Charges,"[1.79, 1.79, 1.79, 1.79, 1.79, 1.79, 1.79, 1.79, 1.79, 1.79, 1.79, 1.79]","[1, 2, 3, 4, 5, 6, 7, 8, 9, 10, 11, 12]","[0.0, 0.0, 0.0, 0.0, 0.0, 0.0, 0.0, 0.0, 0.0, 0.0, 0.0]","[0.0, 0.0, 0.0, 0.0, 0.0, 0.0, 0.0, 0.0, 0.0, 0.0, 0.0]",11
W3,Bahawalpur,Toilet Soap LIFEBUOY 115 gm,"[116.17, 116.17, 116.17, 116.17, 116.17, 116.17, 116.17, 116.17, 116.17, 116.17, 116.17, 116.17]","[1, 2, 3, 4, 5, 6, 7, 8, 9, 10, 11, 12]","[0.0, 0.0, 0.0, 0.0, 0.0, 0.0, 0.0, 0.0, 0.0, 0.0, 0.0]","[0.0, 0.0, 0.0, 0.0, 0.0, 0.0, 0.0, 0.0, 0.0, 0.0, 0.0]",11
W3,Bahawalpur,Tomatoes,"[94.32, 69.1, 43.13, 120.0, 102.87, 132.49, 238.02, 286.03, 152.16, 77.88, 71.7, 95.51]","[1, 2, 3, 4, 5, 6, 7, 8, 9, 10, 11, 12]","[-25.22, -25.97, 76.87, -17.13, 29.62, 105.53, 48.01, -133.87, -74.28, -6.18, 23.81]","[-0.267388, -0.375832, 1.782286, -0.14275, 0.287936, 0.796513, 0.201706, -0.468028, -0.48817, -0.079353, 0.332078]",11
W3,Bahawalpur,Vegetable Ghee DALDA/HABIB 2.5 kg Tin,"[1498.22, 1494.9, 1485.0, 1468.29, 1468.29, 1468.29, 1468.29, 1489.6, 1515.39, 1575.59, 1558.71, 1515.0]","[1, 2, 3, 4, 5, 6, 7, 8, 9, 10, 11, 12]","[-3.32, -9.9, -16.71, 0.0, 0.0, 0.0, 21.31, 25.79, 60.2, -16.88, -43.71]","[-0.002216, -0.006623, -0.011253, 0.0, 0.0, 0.0, 0.014513, 0.017313, 0.039726, -0.010713, -0.028042]",11
W3,Bahawalpur,Vegetable Ghee DALDA/HABIB or Other Superior Quality 1 kg Pouch,"[579.0, 579.0, 569.0, 569.0, 569.0, 569.0, 571.99, 582.99, 588.49, 592.0, 590.8, 590.0]","[1, 2, 3, 4, 5, 6, 7, 8, 9, 10, 11, 12]","[0.0, -10.0, 0.0, 0.0, 0.0, 2.99, 11.0, 5.5, 3.51, -1.2, -0.8]","[0.0, -0.017271, 0.0, 0.0, 0.0, 0.005255, 0.019231, 0.009434, 0.005964, -0.002027, -0.001354]",11
W3,Bahawalpur,Wheat Flour Bag,"[1666.56, 1604.7, 1438.32, 1444.09, 1444.09, 1585.76, 1987.2, 2180.09, 2162.66, 2169.37, 2469.77, 2568.62]","[1, 2, 3, 4, 5, 6, 7, 8, 9, 10, 11, 12]","[-61.86, -166.38, 5.77, 0.0, 141.67, 401.44, 192.89, -17.43, 6.71, 300.4, 98.85]","[-0.037118, -0.103683, 0.004012, 0.0, 0.098103, 0.253153, 0.097066, -0.007995, 0.003103, 0.138473, 0.040024]",11
W3,Bannu,Bananas (Kela) Local,"[232.5, 192.14, 200.0, 181.71, 174.21, 167.06, 126.67, 114.74, 127.42, 130.0, 146.8, 187.04]","[1, 2, 3, 4, 5, 6, 7, 8, 9, 10, 11, 12]","[-40.36, 7.86, -18.29, -7.5, -7.15, -40.39, -11.93, 12.68, 2.58, 16.8, 40.24]","[-0.173591, 0.040908, -0.09145, -0.041275, -0.041042, -0.241769, -0.094182, 0.110511, 0.020248, 0.129231, 0.274114]",11
W3,Bannu,Beef with Bone (Average Quality),"[850.0, 850.0, 900.0, 900.0, 900.0, 900.0, 900.0, 925.65, 932.17, 932.17, 932.17, 965.49]","[1, 2, 3, 4, 5, 6, 7, 8, 9, 10, 11, 12]","[0.0, 50.0, 0.0, 0.0, 0.0, 0.0, 25.65, 6.52, 0.0, 0.0, 33.32]","[0.0, 0.058824, 0.0, 0.0, 0.0, 0.0, 0.0285, 0.007044, 0.0, 0.0, 0.035745]",11
W3,Bannu,Bread plain (Small Size),"[100.0, 100.0, 100.0, 100.0, 100.0, 100.0, 100.0, 100.0, 100.0, 100.0, 100.0, 100.0]","[1, 2, 3, 4, 5, 6, 7, 8, 9, 10, 11, 12]","[0.0, 0.0, 0.0, 0.0, 0.0, 0.0, 0.0, 0.0, 0.0, 0.0, 0.0]","[0.0, 0.0, 0.0, 0.0, 0.0, 0.0, 0.0, 0.0, 0.0, 0.0, 0.0]",11
W3,Bannu,Chicken Farm Broiler (Live),"[502.29, 454.41, 460.3, 375.0, 425.5, 460.74, 420.19, 339.76, 369.02, 387.73, 418.85, 360.68]","[1, 2, 3, 4, 5, 6, 7, 8, 9, 10, 11, 12]","[-47.88, 5.89, -85.3, 50.5, 35.24, -40.55, -80.43, 29.26, 18.71, 31.12, -58.17]","[-0.095323, 0.012962, -0.185314, 0.134667, 0.08282, -0.088011, -0.191413, 0.08612, 0.050702, 0.080262, -0.13888]",11
W3,Bannu,Chilies Powder NATIONAL 200 gm Packet,"[320.0, 320.0, 320.0, 320.0, 320.0, 320.0, 320.0, 320.0, 320.0, 320.0, 320.0, 320.0]","[1, 2, 3, 4, 5, 6, 7, 8, 9, 10, 11, 12]","[0.0, 0.0, 0.0, 0.0, 0.0, 0.0, 0.0, 0.0, 0.0, 0.0, 0.0]","[0.0, 0.0, 0.0, 0.0, 0.0, 0.0, 0.0, 0.0, 0.0, 0.0, 0.0]",11
W3,Bannu,Cigarettes Capstan 20'S Packet,"[250.0, 250.0, 250.0, 250.0, 250.0, 250.0, 250.0, 253.29, 253.29, 253.29, 253.29, 253.29]","[1, 2, 3, 4, 5, 6, 7, 8, 9, 10, 11, 12]","[0.0, 0.0, 0.0, 0.0, 0.0, 0.0, 3.29, 0.0, 0.0, 0.0, 0.0]","[0.0, 0.0, 0.0, 0.0, 0.0, 0.0, 0.01316, 0.0, 0.0, 0.0, 0.0]",11
W3,Bannu,Cooked Beef at Average Hotel,"[250.0, 250.0, 250.0, 250.0, 259.28, 300.0, 300.0, 300.0, 300.0, 300.0, 300.0, 300.0]","[1, 2, 3, 4, 5, 6, 7, 8, 9, 10, 11, 12]","[0.0, 0.0, 0.0, 9.28, 40.72, 0.0, 0.0, 0.0, 0.0, 0.0, 0.0]","[0.0, 0.0, 0.0, 0.03712, 0.15705, 0.0, 0.0, 0.0, 0.0, 0.0, 0.0]",11
W3,Bannu,Cooked Daal at Average Hotel,"[130.0, 130.0, 130.0, 130.0, 130.0, 130.0, 130.0, 130.0, 130.0, 130.0, 130.0, 130.0]","[1, 2, 3, 4, 5, 6, 7, 8, 9, 10, 11, 12]","[0.0, 0.0, 0.0, 0.0, 0.0, 0.0, 0.0, 0.0, 0.0, 0.0, 0.0]","[0.0, 0.0, 0.0, 0.0, 0.0, 0.0, 0.0, 0.0, 0.0, 0.0, 0.0]",11
W3,Bannu,"Cooking Oil DALDA or Other Similar Brand (SN), 5 Litre Tin","[2945.0, 2945.0, 2945.0, 3000.0, 3000.0, 3000.0, 3000.0, 2850.0, 2850.0, 2850.0, 2850.0, 2850.0]","[1, 2, 3, 4, 5, 6, 7, 8, 9, 10, 11, 12]","[0.0, 0.0, 55.0, 0.0, 0.0, 0.0, -150.0, 0.0, 0.0, 0.0, 0.0]","[0.0, 0.0, 0.018676, 0.0, 0.0, 0.0, -0.05, 0.0, 0.0, 0.0, 0.0]",11
W3,Bannu,Curd (Dahi) Loose,"[170.0, 170.0, 170.0, 180.0, 194.46, 200.0, 199.15, 198.64, 200.0, 200.0, 200.0, 200.0]","[1, 2, 3, 4, 5, 6, 7, 8, 9, 10, 11, 12]","[0.0, 0.0, 10.0, 14.46, 5.54, -0.85, -0.51, 1.36, 0.0, 0.0, 0.0]","[0.0, 0.0, 0.058824, 0.080333, 0.028489, -0.00425, -0.002561, 0.006847, 0.0, 0.0, 0.0]",11
W3,Bannu,Eggs Hen (Farm),"[291.5, 256.41, 304.54, 250.0, 278.9, 304.88, 316.39, 337.01, 356.54, 361.51, 354.58, 290.36]","[1, 2, 3, 4, 5, 6, 7, 8, 9, 10, 11, 12]","[-35.09, 48.13, -54.54, 28.9, 25.98, 11.51, 20.62, 19.53, 4.97, -6.93, -64.22]","[-0.120377, 0.187707, -0.17909, 0.1156, 0.093152, 0.037753, 0.065173, 0.057951, 0.01394, -0.01917, -0.181116]",11
W3,Bannu,Electricity Charges upto 50 Units,"[6.0, 5.69, 4.72, 4.66, 5.04, 5.4, 4.99, 4.83, 5.24, 6.02, 6.1, 6.55]","[1, 2, 3, 4, 5, 6, 7, 8, 9, 10, 11, 12]","[-0.31, -0.97, -0.06, 0.38, 0.36, -0.41, -0.16, 0.41, 0.78, 0.08, 0.45]","[-0.051667, -0.170475, -0.012712, 0.081545, 0.071429, -0.075926, -0.032064, 0.084886, 0.148855, 0.013289, 0.07377]",11
W3,Bannu,Energy Saver Philips 14 Watt,"[250.0, 250.0, 250.0, 250.0, 250.0, 250.0, 250.0, 268.91, 300.0, 300.0, 300.0, 300.0]","[1, 2, 3, 4, 5, 6, 7, 8, 9, 10, 11, 12]","[0.0, 0.0, 0.0, 0.0, 0.0, 0.0, 18.91, 31.09, 0.0, 0.0, 0.0]","[0.0, 0.0, 0.0, 0.0, 0.0, 0.0, 0.07564, 0.115615, 0.0, 0.0, 0.0]",11
W3,Bannu,Firewood Whole,"[849.02, 849.02, 849.02, 849.02, 849.02, 849.02, 849.02, 906.46, 1000.0, 1000.0, 1038.86, 1100.0]","[1, 2, 3, 4, 5, 6, 7, 8, 9, 10, 11, 12]","[0.0, 0.0, 0.0, 0.0, 0.0, 0.0, 57.44, 93.54, 0.0, 38.86, 61.14]","[0.0, 0.0, 0.0, 0.0, 0.0, 0.0, 0.067654, 0.103193, 0.0, 0.03886, 0.058853]",11
W3,Bannu,Garlic (Lehsun),"[695.69, 595.79, 361.88, 400.0, 406.33, 400.0, 391.2, 398.71, 396.67, 407.65, 391.4, 439.06]","[1, 2, 3, 4, 5, 6, 7, 8, 9, 10, 11, 12]","[-99.9, -233.91, 38.12, 6.33, -6.33, -8.8, 7.51, -2.04, 10.98, -16.25, 47.66]","[-0.143598, -0.392605, 0.105339, 0.015825, -0.015578, -0.022, 0.019197, -0.005117, 0.02768, -0.039863, 0.121768]",11
W3,Bannu,Gas Charges upto 3.3719 MMBTU,"[1976.5, 1976.5, 1976.5, 1976.5, 2194.19, 2566.5, 2566.5, 2566.5, 2566.5, 2566.5, 2566.5, 2566.5]","[1, 2, 3, 4, 5, 6, 7, 8, 9, 10, 11, 12]","[0.0, 0.0, 0.0, 217.69, 372.31, 0.0, 0.0, 0.0, 0.0, 0.0, 0.0]","[0.0, 0.0, 0.0, 0.110139, 0.16968, 0.0, 0.0, 0.0, 0.0, 0.0, 0.0]",11
W3,Bannu,Gents Sandal Bata,"[2499.0, 2499.0, 2499.0, 2499.0, 2499.0, 2499.0, 2499.0, 2499.0, 2499.0, 2499.0, 2499.0, 2499.0]","[1, 2, 3, 4, 5, 6, 7, 8, 9, 10, 11, 12]","[0.0, 0.0, 0.0, 0.0, 0.0, 0.0, 0.0, 0.0, 0.0, 0.0, 0.0]","[0.0, 0.0, 0.0, 0.0, 0.0, 0.0, 0.0, 0.0, 0.0, 0.0, 0.0]",11
W3,Bannu,Gents Sponge Chappal Bata,"[599.0, 599.0, 599.0, 599.0, 599.0, 599.0, 599.0, 599.0, 599.0, 599.0, 599.0, 599.0]","[1, 2, 3, 4, 5, 6, 7, 8, 9, 10, 11, 12]","[0.0, 0.0, 0.0, 0.0, 0.0, 0.0, 0.0, 0.0, 0.0, 0.0, 0.0]","[0.0, 0.0, 0.0, 0.0, 0.0, 0.0, 0.0, 0.0, 0.0, 0.0, 0.0]",11
W3,Bannu,Georgette (Average Quality),"[236.44, 250.0, 250.0, 250.0, 250.0, 250.0, 250.0, 250.0, 250.0, 250.0, 250.0, 250.0]","[1, 2, 3, 4, 5, 6, 7, 8, 9, 10, 11, 12]","[13.56, 0.0, 0.0, 0.0, 0.0, 0.0, 0.0, 0.0, 0.0, 0.0, 0.0]","[0.057351, 0.0, 0.0, 0.0, 0.0, 0.0, 0.0, 0.0, 0.0, 0.0, 0.0]",11
W3,Bannu,Gur (Average Quality),"[200.0, 200.0, 200.0, 233.14, 233.14, 243.29, 244.95, 253.29, 230.43, 240.0, 240.0, 232.46]","[1, 2, 3, 4, 5, 6, 7, 8, 9, 10, 11, 12]","[0.0, 0.0, 33.14, 0.0, 10.15, 1.66, 8.34, -22.86, 9.57, 0.0, -7.54]","[0.0, 0.0, 0.1657, 0.0, 0.043536, 0.006823, 0.034048, -0.090252, 0.041531, 0.0, -0.031417]",11
W3,Bannu,Hi-Speed Diesel,"[260.8, 260.8, 257.8, 275.1, 281.83, 281.33, 274.49, 278.46, 283.13, 274.61, 259.1, 274.03]","[1, 2, 3, 4, 5, 6, 7, 8, 9, 10, 11, 12]","[0.0, -3.0, 17.3, 6.73, -0.5, -6.84, 3.97, 4.67, -8.52, -15.51, 14.93]","[0.0, -0.011503, 0.067106, 0.024464, -0.001774, -0.024313, 0.014463, 0.016771, -0.030092, -0.05648, 0.057623]",11
W3,Bannu,LPG 11.67 kg Cylinder,"[3123.96, 3182.85, 3041.0, 2900.0, 2899.31, 2757.89, 2874.53, 2839.58, 3020.89, 3349.81, 3357.86, 3449.64]","[1, 2, 3, 4, 5, 6, 7, 8, 9, 10, 11, 12]","[58.89, -141.85, -141.0, -0.69, -141.42, 116.64, -34.95, 181.31, 328.92, 8.05, 91.78]","[0.018851, -0.044567, -0.046366, -0.000238, -0.048777, 0.042293, -0.012159, 0.063851, 0.108882, 0.002403, 0.027333]",11
W3,Bannu,Ladies Sandal Bata,"[1399.0, 1399.0, 1399.0, 1399.0, 1399.0, 1399.0, 1399.0, 1399.0, 1399.0, 1399.0, 1399.0, 1399.0]","[1, 2, 3, 4, 5, 6, 7, 8, 9, 10, 11, 12]","[0.0, 0.0, 0.0, 0.0, 0.0, 0.0, 0.0, 0.0, 0.0, 0.0, 0.0]","[0.0, 0.0, 0.0, 0.0, 0.0, 0.0, 0.0, 0.0, 0.0, 0.0, 0.0]",11
W3,Bannu,Lawn Printed Gul Ahmed/Al Karam,"[650.0, 650.0, 650.0, 650.0, 650.0, 650.0, 650.0, 650.0, 650.0, 650.0, 650.0, 650.0]","[1, 2, 3, 4, 5, 6, 7, 8, 9, 10, 11, 12]","[0.0, 0.0, 0.0, 0.0, 0.0, 0.0, 0.0, 0.0, 0.0, 0.0, 0.0]","[0.0, 0.0, 0.0, 0.0, 0.0, 0.0, 0.0, 0.0, 0.0, 0.0, 0.0]",11
W3,Bannu,"Long Cloth 57"" Gul Ahmed/Al Karam","[700.0, 700.0, 700.0, 700.0, 700.0, 700.0, 700.0, 700.0, 700.0, 700.0, 700.0, 700.0]","[1, 2, 3, 4, 5, 6, 7, 8, 9, 10, 11, 12]","[0.0, 0.0, 0.0, 0.0, 0.0, 0.0, 0.0, 0.0, 0.0, 0.0, 0.0]","[0.0, 0.0, 0.0, 0.0, 0.0, 0.0, 0.0, 0.0, 0.0, 0.0, 0.0]",11
W3,Bannu,Match Box,"[5.0, 5.0, 5.0, 5.0, 5.0, 5.0, 5.0, 5.0, 5.0, 5.0, 5.0, 5.0]","[1, 2, 3, 4, 5, 6, 7, 8, 9, 10, 11, 12]","[0.0, 0.0, 0.0, 0.0, 0.0, 0.0, 0.0, 0.0, 0.0, 0.0, 0.0]","[0.0, 0.0, 0.0, 0.0, 0.0, 0.0, 0.0, 0.0, 0.0, 0.0, 0.0]",11
W3,Bannu,Milk fresh (Un-boiled),"[160.0, 160.0, 160.0, 170.0, 175.26, 176.6, 176.6, 177.95, 180.0, 181.59, 186.43, 186.43]","[1, 2, 3, 4, 5, 6, 7, 8, 9, 10, 11, 12]","[0.0, 0.0, 10.0, 5.26, 1.34, 0.0, 1.35, 2.05, 1.59, 4.84, 0.0]","[0.0, 0.0, 0.0625, 0.030941, 0.007646, 0.0, 0.007644, 0.01152, 0.008833, 0.026653, 0.0]",11
W3,Bannu,Mustard Oil (Average Quality),"[516.14, 516.14, 466.08, 466.08, 466.08, 478.12, 478.66, 470.0, 470.0, 470.0, 470.0, 470.0]","[1, 2, 3, 4, 5, 6, 7, 8, 9, 10, 11, 12]","[0.0, -50.06, 0.0, 0.0, 12.04, 0.54, -8.66, 0.0, 0.0, 0.0, 0.0]","[0.0, -0.096989, 0.0, 0.0, 0.025832, 0.001129, -0.018092, 0.0, 0.0, 0.0, 0.0]",11
W3,Bannu,Mutton (Average Quality),"[1600.0, 1600.0, 1600.0, 1600.0, 1600.0, 1600.0, 1624.43, 1700.0, 1700.0, 1700.0, 1700.0, 1749.29]","[1, 2, 3, 4, 5, 6, 7, 8, 9, 10, 11, 12]","[0.0, 0.0, 0.0, 0.0, 0.0, 24.43, 75.57, 0.0, 0.0, 0.0, 49.29]","[0.0, 0.0, 0.0, 0.0, 0.0, 0.015269, 0.046521, 0.0, 0.0, 0.0, 0.028994]",11
W3,Bannu,Onions,"[72.87, 56.33, 42.3, 40.0, 50.54, 70.4, 77.27, 110.91, 148.31, 100.0, 76.99, 72.0]","[1, 2, 3, 4, 5, 6, 7, 8, 9, 10, 11, 12]","[-16.54, -14.03, -2.3, 10.54, 19.86, 6.87, 33.64, 37.4, -48.31, -23.01, -4.99]","[-0.22698, -0.249068, -0.054374, 0.2635, 0.392956, 0.097585, 0.435357, 0.33721, -0.325737, -0.2301, -0.064814]",11
W3,Bannu,Petrol Super,"[257.8, 256.8, 254.8, 269.0, 272.17, 266.7, 266.7, 267.37, 266.9, 265.5, 255.2, 257.69]","[1, 2, 3, 4, 5, 6, 7, 8, 9, 10, 11, 12]","[-1.0, -2.0, 14.2, 3.17, -5.47, 0.0, 0.67, -0.47, -1.4, -10.3, 2.49]","[-0.003879, -0.007788, 0.05573, 0.011784, -0.020098, 0.0, 0.002512, -0.001758, -0.005245, -0.038795, 0.009757]",11
W3,Bannu,Potatoes,"[60.77, 60.0, 62.95, 73.19, 68.39, 67.35, 70.66, 62.16, 57.33, 44.72, 38.49, 37.22]","[1, 2, 3, 4, 5, 6, 7, 8, 9, 10, 11, 12]","[-0.77, 2.95, 10.24, -4.8, -1.04, 3.31, -8.5, -4.83, -12.61, -6.23, -1.27]","[-0.012671, 0.049167, 0.162669, -0.065583, -0.015207, 0.049146, -0.120294, -0.077703, -0.219955, -0.139311, -0.032996]",11
W3,Bannu,Powdered Milk NIDO 390 gm Polybag,"[1016.4, 1016.4, 1016.4, 1016.4, 1016.4, 1016.4, 1024.7, 1069.72, 1100.0, 1100.0, 1100.0, 1100.0]","[1, 2, 3, 4, 5, 6, 7, 8, 9, 10, 11, 12]","[0.0, 0.0, 0.0, 0.0, 0.0, 8.3, 45.02, 30.28, 0.0, 0.0, 0.0]","[0.0, 0.0, 0.0, 0.0, 0.0, 0.008166, 0.043935, 0.028306, 0.0, 0.0, 0.0]",11
W3,Bannu,Pulse Gram,"[296.63, 308.2, 329.05, 320.0, 315.9, 303.24, 294.9, 294.56, 254.47, 240.0, 220.0, 240.0]","[1, 2, 3, 4, 5, 6, 7, 8, 9, 10, 11, 12]","[11.57, 20.85, -9.05, -4.1, -12.66, -8.34, -0.34, -40.09, -14.47, -20.0, 20.0]","[0.039005, 0.067651, -0.027503, -0.012813, -0.040076, -0.027503, -0.001153, -0.136101, -0.056863, -0.083333, 0.090909]",11
W3,Bannu,Pulse Mash (Washed),"[484.71, 489.9, 474.92, 460.0, 460.0, 456.64, 456.64, 454.64, 447.31, 440.0, 423.93, 464.7]","[1, 2, 3, 4, 5, 6, 7, 8, 9, 10, 11, 12]","[5.19, -14.98, -14.92, 0.0, -3.36, 0.0, -2.0, -7.33, -7.31, -16.07, 40.77]","[0.010707, -0.030578, -0.031416, 0.0, -0.007304, 0.0, -0.00438, -0.016123, -0.016342, -0.036523, 0.096172]",11
W3,Bannu,Pulse Masoor (Washed),"[267.37, 280.0, 277.47, 270.0, 275.96, 280.0, 274.86, 275.88, 269.81, 260.0, 251.81, 249.43]","[1, 2, 3, 4, 5, 6, 7, 8, 9, 10, 11, 12]","[12.63, -2.53, -7.47, 5.96, 4.04, -5.14, 1.02, -6.07, -9.81, -8.19, -2.38]","[0.047238, -0.009036, -0.026922, 0.022074, 0.01464, -0.018357, 0.003711, -0.022002, -0.036359, -0.0315, -0.009452]",11
W3,Bannu,Pulse Moong (Washed),"[400.0, 394.9, 389.87, 380.0, 380.0, 344.66, 371.18, 364.43, 329.54, 369.86, 380.0, 372.48]","[1, 2, 3, 4, 5, 6, 7, 8, 9, 10, 11, 12]","[-5.1, -5.03, -9.87, 0.0, -35.34, 26.52, -6.75, -34.89, 40.32, 10.14, -7.52]","[-0.01275, -0.012737, -0.025316, 0.0, -0.093, 0.076945, -0.018185, -0.095739, 0.122352, 0.027416, -0.019789]",11
W3,Bannu,Rice Basmati Broken (Average Quality),"[130.0, 132.43, 140.0, 140.0, 140.0, 140.0, 143.26, 146.59, 146.59, 146.59, 146.59, 146.59]","[1, 2, 3, 4, 5, 6, 7, 8, 9, 10, 11, 12]","[2.43, 7.57, 0.0, 0.0, 0.0, 3.26, 3.33, 0.0, 0.0, 0.0, 0.0]","[0.018692, 0.057162, 0.0, 0.0, 0.0, 0.023286, 0.023244, 0.0, 0.0, 0.0, 0.0]",11
W3,Bannu,Rice IRRI-6/9 (Sindh/Punjab),"[170.0, 164.76, 150.0, 150.0, 150.0, 150.0, 159.85, 166.6, 166.6, 166.6, 166.6, 166.6]","[1, 2, 3, 4, 5, 6, 7, 8, 9, 10, 11, 12]","[-5.24, -14.76, 0.0, 0.0, 0.0, 9.85, 6.75, 0.0, 0.0, 0.0, 0.0]","[-0.030824, -0.089585, 0.0, 0.0, 0.0, 0.065667, 0.042227, 0.0, 0.0, 0.0, 0.0]",11
W3,Bannu,Salt Powdered (NATIONAL/SHAN) 800 gm Packet,"[70.0, 70.0, 70.0, 70.0, 70.0, 70.0, 70.0, 70.0, 70.0, 70.0, 67.87, 60.0]","[1, 2, 3, 4, 5, 6, 7, 8, 9, 10, 11, 12]","[0.0, 0.0, 0.0, 0.0, 0.0, 0.0, 0.0, 0.0, 0.0, -2.13, -7.87]","[0.0, 0.0, 0.0, 0.0, 0.0, 0.0, 0.0, 0.0, 0.0, -0.030429, -0.115957]",11
W3,Bannu,Shirting (Average Quality),"[476.22, 476.22, 476.22, 476.22, 476.22, 476.22, 476.22, 476.22, 476.22, 476.22, 476.22, 476.22]","[1, 2, 3, 4, 5, 6, 7, 8, 9, 10, 11, 12]","[0.0, 0.0, 0.0, 0.0, 0.0, 0.0, 0.0, 0.0, 0.0, 0.0, 0.0]","[0.0, 0.0, 0.0, 0.0, 0.0, 0.0, 0.0, 0.0, 0.0, 0.0, 0.0]",11
W3,Bannu,Sufi Washing Soap 250 gm Cake,"[130.0, 130.0, 130.0, 130.0, 130.0, 130.0, 130.0, 130.0, 130.0, 130.0, 130.0, 130.0]","[1, 2, 3, 4, 5, 6, 7, 8, 9, 10, 11, 12]","[0.0, 0.0, 0.0, 0.0, 0.0, 0.0, 0.0, 0.0, 0.0, 0.0, 0.0]","[0.0, 0.0, 0.0, 0.0, 0.0, 0.0, 0.0, 0.0, 0.0, 0.0, 0.0]",11
W3,Bannu,Sugar Refined,"[165.37, 165.0, 170.0, 180.0, 180.99, 182.9, 184.75, 188.91, 183.7, 163.62, 150.0, 150.0]","[1, 2, 3, 4, 5, 6, 7, 8, 9, 10, 11, 12]","[-0.37, 5.0, 10.0, 0.99, 1.91, 1.85, 4.16, -5.21, -20.08, -13.62, 0.0]","[-0.002237, 0.030303, 0.058824, 0.0055, 0.010553, 0.010115, 0.022517, -0.027579, -0.109309, -0.083242, 0.0]",11
W3,Bannu,Tea Lipton Yellow Label 190 gm Packet,"[447.0, 447.0, 447.0, 447.0, 447.0, 447.0, 447.0, 447.0, 447.0, 447.0, 447.0, 447.0]","[1, 2, 3, 4, 5, 6, 7, 8, 9, 10, 11, 12]","[0.0, 0.0, 0.0, 0.0, 0.0, 0.0, 0.0, 0.0, 0.0, 0.0, 0.0]","[0.0, 0.0, 0.0, 0.0, 0.0, 0.0, 0.0, 0.0, 0.0, 0.0, 0.0]",11
W3,Bannu,Tea Prepared Ordinary,"[50.0, 50.0, 50.0, 50.0, 50.0, 50.0, 50.0, 50.0, 50.0, 50.0, 55.1, 56.46]","[1, 2, 3, 4, 5, 6, 7, 8, 9, 10, 11, 12]","[0.0, 0.0, 0.0, 0.0, 0.0, 0.0, 0.0, 0.0, 0.0, 5.1, 1.36]","[0.0, 0.0, 0.0, 0.0, 0.0, 0.0, 0.0, 0.0, 0.0, 0.102, 0.024682]",11
W3,Bannu,Telephone Call Charges,"[1.79, 1.79, 1.79, 1.79, 1.79, 1.79, 1.79, 1.79, 1.79, 1.79, 1.79, 1.79]","[1, 2, 3, 4, 5, 6, 7, 8, 9, 10, 11, 12]","[0.0, 0.0, 0.0, 0.0, 0.0, 0.0, 0.0, 0.0, 0.0, 0.0, 0.0]","[0.0, 0.0, 0.0, 0.0, 0.0, 0.0, 0.0, 0.0, 0.0, 0.0, 0.0]",11
W3,Bannu,Toilet Soap LIFEBUOY 115 gm,"[99.74, 99.74, 99.74, 99.74, 99.74, 112.32, 116.86, 116.87, 116.87, 116.87, 116.87, 116.87]","[1, 2, 3, 4, 5, 6, 7, 8, 9, 10, 11, 12]","[0.0, 0.0, 0.0, 0.0, 12.58, 4.54, 0.01, 0.0, 0.0, 0.0, 0.0]","[0.0, 0.0, 0.0, 0.0, 0.126128, 0.04042, 8.6e-05, 0.0, 0.0, 0.0, 0.0]",11
W3,Bannu,Tomatoes,"[65.15, 58.96, 44.72, 60.0, 64.47, 107.48, 141.81, 237.15, 129.51, 61.17, 72.54, 80.74]","[1, 2, 3, 4, 5, 6, 7, 8, 9, 10, 11, 12]","[-6.19, -14.24, 15.28, 4.47, 43.01, 34.33, 95.34, -107.64, -68.34, 11.37, 8.2]","[-0.095012, -0.24152, 0.341682, 0.0745, 0.667132, 0.319408, 0.672308, -0.45389, -0.527681, 0.185875, 0.113041]",11
W3,Bannu,Vegetable Ghee DALDA/HABIB 2.5 kg Tin,"[1450.0, 1441.62, 1425.0, 1425.0, 1425.0, 1425.0, 1425.0, 1400.0, 1400.0, 1400.0, 1400.0, 1412.34]","[1, 2, 3, 4, 5, 6, 7, 8, 9, 10, 11, 12]","[-8.38, -16.62, 0.0, 0.0, 0.0, 0.0, -25.0, 0.0, 0.0, 0.0, 12.34]","[-0.005779, -0.011529, 0.0, 0.0, 0.0, 0.0, -0.017544, 0.0, 0.0, 0.0, 0.008814]",11
W3,Bannu,Wheat Flour Bag,"[1705.76, 1582.56, 1406.37, 1416.47, 1399.82, 1531.69, 2268.21, 2549.89, 2524.55, 2549.18, 2847.9, 2845.36]","[1, 2, 3, 4, 5, 6, 7, 8, 9, 10, 11, 12]","[-123.2, -176.19, 10.1, -16.65, 131.87, 736.52, 281.68, -25.34, 24.63, 298.72, -2.54]","[-0.072226, -0.111332, 0.007182, -0.011755, 0.094205, 0.480854, 0.124186, -0.009938, 0.009756, 0.117183, -0.000892]",11
W3,Faisalabad,Bananas (Kela) Local,"[197.86, 165.1, 165.1, 165.1, 162.39, 140.1, 119.11, 119.11, 119.11, 119.11, 121.41, 157.4]","[1, 2, 3, 4, 5, 6, 7, 8, 9, 10, 11, 12]","[-32.76, 0.0, 0.0, -2.71, -22.29, -20.99, 0.0, 0.0, 0.0, 2.3, 35.99]","[-0.165572, 0.0, 0.0, -0.016414, -0.137262, -0.149822, 0.0, 0.0, 0.0, 0.01931, 0.296434]",11
W3,Faisalabad,Beef with Bone (Average Quality),"[1200.0, 1200.0, 1200.0, 1200.0, 1200.0, 1200.0, 1200.0, 1200.0, 1200.0, 1200.0, 1200.0, 1200.0]","[1, 2, 3, 4, 5, 6, 7, 8, 9, 10, 11, 12]","[0.0, 0.0, 0.0, 0.0, 0.0, 0.0, 0.0, 0.0, 0.0, 0.0, 0.0]","[0.0, 0.0, 0.0, 0.0, 0.0, 0.0, 0.0, 0.0, 0.0, 0.0, 0.0]",11
W3,Faisalabad,Bread plain (Small Size),"[110.0, 110.0, 110.0, 110.0, 110.0, 110.0, 110.0, 110.0, 110.0, 110.0, 110.0, 110.0]","[1, 2, 3, 4, 5, 6, 7, 8, 9, 10, 11, 12]","[0.0, 0.0, 0.0, 0.0, 0.0, 0.0, 0.0, 0.0, 0.0, 0.0, 0.0]","[0.0, 0.0, 0.0, 0.0, 0.0, 0.0, 0.0, 0.0, 0.0, 0.0, 0.0]",11
W3,Faisalabad,Chicken Farm Broiler (Live),"[505.72, 434.58, 439.98, 316.0, 389.81, 442.49, 412.3, 334.29, 358.99, 355.77, 417.96, 367.32]","[1, 2, 3, 4, 5, 6, 7, 8, 9, 10, 11, 12]","[-71.14, 5.4, -123.98, 73.81, 52.68, -30.19, -78.01, 24.7, -3.22, 62.19, -50.64]","[-0.140671, 0.012426, -0.281786, 0.233576, 0.135143, -0.068228, -0.189207, 0.073888, -0.00897, 0.174804, -0.12116]",11
W3,Faisalabad,Chilies Powder NATIONAL 200 gm Packet,"[320.0, 320.0, 320.0, 320.0, 320.0, 320.0, 320.0, 320.0, 320.0, 320.0, 367.16, 380.0]","[1, 2, 3, 4, 5, 6, 7, 8, 9, 10, 11, 12]","[0.0, 0.0, 0.0, 0.0, 0.0, 0.0, 0.0, 0.0, 0.0, 47.16, 12.84]","[0.0, 0.0, 0.0, 0.0, 0.0, 0.0, 0.0, 0.0, 0.0, 0.147375, 0.034971]",11
W3,Faisalabad,Cigarettes Capstan 20'S Packet,"[230.0, 230.0, 230.0, 230.0, 236.83, 250.0, 250.0, 250.0, 250.0, 250.0, 245.95, 240.0]","[1, 2, 3, 4, 5, 6, 7, 8, 9, 10, 11, 12]","[0.0, 0.0, 0.0, 6.83, 13.17, 0.0, 0.0, 0.0, 0.0, -4.05, -5.95]","[0.0, 0.0, 0.0, 0.029696, 0.05561, 0.0, 0.0, 0.0, 0.0, -0.0162, -0.024192]",11
W3,Faisalabad,Cooked Beef at Average Hotel,"[315.82, 315.82, 315.82, 315.82, 315.82, 315.82, 315.82, 315.82, 315.82, 315.82, 315.82, 315.82]","[1, 2, 3, 4, 5, 6, 7, 8, 9, 10, 11, 12]","[0.0, 0.0, 0.0, 0.0, 0.0, 0.0, 0.0, 0.0, 0.0, 0.0, 0.0]","[0.0, 0.0, 0.0, 0.0, 0.0, 0.0, 0.0, 0.0, 0.0, 0.0, 0.0]",11
W3,Faisalabad,Cooked Daal at Average Hotel,"[176.14, 176.14, 176.14, 176.14, 176.14, 176.14, 176.14, 176.14, 176.14, 176.14, 176.14, 176.14]","[1, 2, 3, 4, 5, 6, 7, 8, 9, 10, 11, 12]","[0.0, 0.0, 0.0, 0.0, 0.0, 0.0, 0.0, 0.0, 0.0, 0.0, 0.0]","[0.0, 0.0, 0.0, 0.0, 0.0, 0.0, 0.0, 0.0, 0.0, 0.0, 0.0]",11
W3,Faisalabad,"Cooking Oil DALDA or Other Similar Brand (SN), 5 Litre Tin","[2922.47, 2915.0, 2902.42, 2865.0, 2865.0, 2865.0, 2865.0, 2871.97, 2900.0, 2945.0, 2968.94, 2977.49]","[1, 2, 3, 4, 5, 6, 7, 8, 9, 10, 11, 12]","[-7.47, -12.58, -37.42, 0.0, 0.0, 0.0, 6.97, 28.03, 45.0, 23.94, 8.55]","[-0.002556, -0.004316, -0.012893, 0.0, 0.0, 0.0, 0.002433, 0.00976, 0.015517, 0.008129, 0.00288]",11
W3,Faisalabad,Curd (Dahi) Loose,"[240.0, 240.0, 240.0, 240.0, 240.0, 240.0, 240.0, 240.0, 240.0, 240.0, 240.0, 240.0]","[1, 2, 3, 4, 5, 6, 7, 8, 9, 10, 11, 12]","[0.0, 0.0, 0.0, 0.0, 0.0, 0.0, 0.0, 0.0, 0.0, 0.0, 0.0]","[0.0, 0.0, 0.0, 0.0, 0.0, 0.0, 0.0, 0.0, 0.0, 0.0, 0.0]",11
W3,Faisalabad,Eggs Hen (Farm),"[293.09, 238.3, 295.33, 250.0, 261.74, 291.91, 306.22, 324.67, 346.5, 357.72, 337.18, 267.55]","[1, 2, 3, 4, 5, 6, 7, 8, 9, 10, 11, 12]","[-54.79, 57.03, -45.33, 11.74, 30.17, 14.31, 18.45, 21.83, 11.22, -20.54, -69.63]","[-0.186939, 0.23932, -0.153489, 0.04696, 0.115267, 0.049022, 0.060251, 0.067238, 0.032381, -0.057419, -0.206507]",11
W3,Faisalabad,Electricity Charges upto 50 Units,"[6.0, 5.69, 4.72, 4.66, 5.04, 5.4, 4.99, 4.83, 5.24, 6.02, 6.1, 6.55]","[1, 2, 3, 4, 5, 6, 7, 8, 9, 10, 11, 12]","[-0.31, -0.97, -0.06, 0.38, 0.36, -0.41, -0.16, 0.41, 0.78, 0.08, 0.45]","[-0.051667, -0.170475, -0.012712, 0.081545, 0.071429, -0.075926, -0.032064, 0.084886, 0.148855, 0.013289, 0.07377]",11
W3,Faisalabad,Energy Saver Philips 14 Watt,"[400.0, 400.0, 400.0, 400.0, 400.0, 400.0, 400.0, 400.0, 400.0, 400.0, 400.0, 400.0]","[1, 2, 3, 4, 5, 6, 7, 8, 9, 10, 11, 12]","[0.0, 0.0, 0.0, 0.0, 0.0, 0.0, 0.0, 0.0, 0.0, 0.0, 0.0]","[0.0, 0.0, 0.0, 0.0, 0.0, 0.0, 0.0, 0.0, 0.0, 0.0, 0.0]",11
W3,Faisalabad,Firewood Whole,"[1800.0, 1800.0, 1800.0, 1800.0, 1800.0, 1800.0, 1800.0, 1800.0, 1800.0, 1800.0, 1800.0, 1800.0]","[1, 2, 3, 4, 5, 6, 7, 8, 9, 10, 11, 12]","[0.0, 0.0, 0.0, 0.0, 0.0, 0.0, 0.0, 0.0, 0.0, 0.0, 0.0]","[0.0, 0.0, 0.0, 0.0, 0.0, 0.0, 0.0, 0.0, 0.0, 0.0, 0.0]",11
W3,Faisalabad,Garlic (Lehsun),"[600.0, 391.2, 336.77, 320.0, 343.78, 386.87, 395.57, 382.59, 329.7, 342.25, 339.37, 398.95]","[1, 2, 3, 4, 5, 6, 7, 8, 9, 10, 11, 12]","[-208.8, -54.43, -16.77, 23.78, 43.09, 8.7, -12.98, -52.89, 12.55, -2.88, 59.58]","[-0.348, -0.139136, -0.049797, 0.074312, 0.125342, 0.022488, -0.032813, -0.138242, 0.038065, -0.008415, 0.175561]",11
W3,Faisalabad,Gas Charges upto 3.3719 MMBTU,"[1976.5, 1976.5, 1976.5, 1976.5, 2194.19, 2566.5, 2566.5, 2566.5, 2566.5, 2566.5, 2566.5, 2566.5]","[1, 2, 3, 4, 5, 6, 7, 8, 9, 10, 11, 12]","[0.0, 0.0, 0.0, 217.69, 372.31, 0.0, 0.0, 0.0, 0.0, 0.0, 0.0]","[0.0, 0.0, 0.0, 0.110139, 0.16968, 0.0, 0.0, 0.0, 0.0, 0.0, 0.0]",11
W3,Faisalabad,Gents Sandal Bata,"[2499.0, 2499.0, 2499.0, 2499.0, 2499.0, 2499.0, 2499.0, 2499.0, 2499.0, 2499.0, 2499.0, 2499.0]","[1, 2, 3, 4, 5, 6, 7, 8, 9, 10, 11, 12]","[0.0, 0.0, 0.0, 0.0, 0.0, 0.0, 0.0, 0.0, 0.0, 0.0, 0.0]","[0.0, 0.0, 0.0, 0.0, 0.0, 0.0, 0.0, 0.0, 0.0, 0.0, 0.0]",11
W3,Faisalabad,Gents Sponge Chappal Bata,"[599.0, 599.0, 599.0, 599.0, 599.0, 599.0, 599.0, 599.0, 599.0, 599.0, 599.0, 599.0]","[1, 2, 3, 4, 5, 6, 7, 8, 9, 10, 11, 12]","[0.0, 0.0, 0.0, 0.0, 0.0, 0.0, 0.0, 0.0, 0.0, 0.0, 0.0]","[0.0, 0.0, 0.0, 0.0, 0.0, 0.0, 0.0, 0.0, 0.0, 0.0, 0.0]",11
W3,Faisalabad,Georgette (Average Quality),"[350.0, 350.0, 350.0, 350.0, 350.0, 350.0, 350.0, 350.0, 350.0, 350.0, 350.0, 350.0]","[1, 2, 3, 4, 5, 6, 7, 8, 9, 10, 11, 12]","[0.0, 0.0, 0.0, 0.0, 0.0, 0.0, 0.0, 0.0, 0.0, 0.0, 0.0]","[0.0, 0.0, 0.0, 0.0, 0.0, 0.0, 0.0, 0.0, 0.0, 0.0, 0.0]",11
W3,Faisalabad,Gur (Average Quality),"[200.0, 200.0, 209.76, 220.0, 220.0, 226.47, 236.41, 246.49, 246.49, 245.69, 219.76, 213.12]","[1, 2, 3, 4, 5, 6, 7, 8, 9, 10, 11, 12]","[0.0, 9.76, 10.24, 0.0, 6.47, 9.94, 10.08, 0.0, -0.8, -25.93, -6.64]","[0.0, 0.0488, 0.048818, 0.0, 0.029409, 0.043891, 0.042638, 0.0, -0.003246, -0.10554, -0.030215]",11
W3,Faisalabad,Hi-Speed Diesel,"[259.57, 259.57, 256.58, 273.9, 280.68, 280.34, 272.65, 277.06, 282.58, 273.71, 258.2, 273.13]","[1, 2, 3, 4, 5, 6, 7, 8, 9, 10, 11, 12]","[0.0, -2.99, 17.32, 6.78, -0.34, -7.69, 4.41, 5.52, -8.87, -15.51, 14.93]","[0.0, -0.011519, 0.067503, 0.024754, -0.001211, -0.027431, 0.016175, 0.019923, -0.031389, -0.056666, 0.057823]",11
W3,Faisalabad,LPG 11.67 kg Cylinder,"[3318.1, 3380.49, 3395.15, 3267.6, 3287.53, 3091.46, 3150.0, 3150.0, 3205.99, 3643.75, 3688.04, 3731.61]","[1, 2, 3, 4, 5, 6, 7, 8, 9, 10, 11, 12]","[62.39, 14.66, -127.55, 19.93, -196.07, 58.54, 0.0, 55.99, 437.76, 44.29, 43.57]","[0.018803, 0.004337, -0.037568, 0.006099, -0.059641, 0.018936, 0.0, 0.017775, 0.136544, 0.012155, 0.011814]",11
W3,Faisalabad,Ladies Sandal Bata,"[1399.0, 1399.0, 1399.0, 1399.0, 1399.0, 1399.0, 1399.0, 1399.0, 1399.0, 1399.0, 1399.0, 1399.0]","[1, 2, 3, 4, 5, 6, 7, 8, 9, 10, 11, 12]","[0.0, 0.0, 0.0, 0.0, 0.0, 0.0, 0.0, 0.0, 0.0, 0.0, 0.0]","[0.0, 0.0, 0.0, 0.0, 0.0, 0.0, 0.0, 0.0, 0.0, 0.0, 0.0]",11
W3,Faisalabad,Lawn Printed Gul Ahmed/Al Karam,"[615.92, 666.26, 666.26, 666.26, 666.26, 666.26, 666.26, 666.26, 666.26, 666.26, 666.26, 666.26]","[1, 2, 3, 4, 5, 6, 7, 8, 9, 10, 11, 12]","[50.34, 0.0, 0.0, 0.0, 0.0, 0.0, 0.0, 0.0, 0.0, 0.0, 0.0]","[0.081731, 0.0, 0.0, 0.0, 0.0, 0.0, 0.0, 0.0, 0.0, 0.0, 0.0]",11
W3,Faisalabad,"Long Cloth 57"" Gul Ahmed/Al Karam","[497.4, 553.24, 566.19, 566.19, 566.19, 566.19, 566.19, 566.19, 566.19, 566.19, 566.19, 566.19]","[1, 2, 3, 4, 5, 6, 7, 8, 9, 10, 11, 12]","[55.84, 12.95, 0.0, 0.0, 0.0, 0.0, 0.0, 0.0, 0.0, 0.0, 0.0]","[0.112264, 0.023408, 0.0, 0.0, 0.0, 0.0, 0.0, 0.0, 0.0, 0.0, 0.0]",11
W3,Faisalabad,Match Box,"[7.0, 7.0, 7.0, 7.0, 7.0, 7.0, 7.0, 7.0, 7.0, 7.0, 7.0, 7.0]","[1, 2, 3, 4, 5, 6, 7, 8, 9, 10, 11, 12]","[0.0, 0.0, 0.0, 0.0, 0.0, 0.0, 0.0, 0.0, 0.0, 0.0, 0.0]","[0.0, 0.0, 0.0, 0.0, 0.0, 0.0, 0.0, 0.0, 0.0, 0.0, 0.0]",11
W3,Faisalabad,Milk fresh (Un-boiled),"[200.0, 200.0, 200.0, 200.0, 200.0, 200.0, 200.0, 200.0, 200.0, 200.0, 200.0, 200.0]","[1, 2, 3, 4, 5, 6, 7, 8, 9, 10, 11, 12]","[0.0, 0.0, 0.0, 0.0, 0.0, 0.0, 0.0, 0.0, 0.0, 0.0, 0.0]","[0.0, 0.0, 0.0, 0.0, 0.0, 0.0, 0.0, 0.0, 0.0, 0.0, 0.0]",11
W3,Faisalabad,Mustard Oil (Average Quality),"[554.98, 554.98, 554.98, 554.98, 554.98, 554.98, 558.74, 560.0, 560.0, 560.0, 560.0, 560.0]","[1, 2, 3, 4, 5, 6, 7, 8, 9, 10, 11, 12]","[0.0, 0.0, 0.0, 0.0, 0.0, 3.76, 1.26, 0.0, 0.0, 0.0, 0.0]","[0.0, 0.0, 0.0, 0.0, 0.0, 0.006775, 0.002255, 0.0, 0.0, 0.0, 0.0]",11
W3,Faisalabad,Mutton (Average Quality),"[2200.0, 2200.0, 2200.0, 2200.0, 2200.0, 2200.0, 2200.0, 2200.0, 2200.0, 2200.0, 2200.0, 2200.0]","[1, 2, 3, 4, 5, 6, 7, 8, 9, 10, 11, 12]","[0.0, 0.0, 0.0, 0.0, 0.0, 0.0, 0.0, 0.0, 0.0, 0.0, 0.0]","[0.0, 0.0, 0.0, 0.0, 0.0, 0.0, 0.0, 0.0, 0.0, 0.0, 0.0]",11
W3,Faisalabad,Onions,"[58.21, 43.28, 38.13, 50.0, 50.61, 64.28, 82.39, 104.67, 132.27, 95.46, 70.14, 60.98]","[1, 2, 3, 4, 5, 6, 7, 8, 9, 10, 11, 12]","[-14.93, -5.15, 11.87, 0.61, 13.67, 18.11, 22.28, 27.6, -36.81, -25.32, -9.16]","[-0.256485, -0.118993, 0.311303, 0.0122, 0.270105, 0.281736, 0.270421, 0.263686, -0.278294, -0.265242, -0.130596]",11
W3,Faisalabad,Petrol Super,"[256.1, 255.6, 253.58, 267.7, 270.93, 265.6, 265.6, 266.37, 266.6, 264.6, 254.3, 256.79]","[1, 2, 3, 4, 5, 6, 7, 8, 9, 10, 11, 12]","[-0.5, -2.02, 14.12, 3.23, -5.33, 0.0, 0.77, 0.23, -2.0, -10.3, 2.49]","[-0.001952, -0.007903, 0.055683, 0.012066, -0.019673, 0.0, 0.002899, 0.000863, -0.007502, -0.038927, 0.009792]",11
W3,Faisalabad,Potatoes,"[53.13, 50.0, 52.65, 86.18, 96.01, 91.95, 91.58, 83.2, 70.65, 56.46, 38.9, 29.42]","[1, 2, 3, 4, 5, 6, 7, 8, 9, 10, 11, 12]","[-3.13, 2.65, 33.53, 9.83, -4.06, -0.37, -8.38, -12.55, -14.19, -17.56, -9.48]","[-0.058912, 0.053, 0.636847, 0.114064, -0.042287, -0.004024, -0.091505, -0.150841, -0.200849, -0.311017, -0.243702]",11
W3,Faisalabad,Powdered Milk NIDO 390 gm Polybag,"[1037.49, 1040.0, 1040.0, 1100.0, 1100.0, 1100.0, 1100.0, 1100.0, 1100.0, 1100.0, 1141.48, 1170.0]","[1, 2, 3, 4, 5, 6, 7, 8, 9, 10, 11, 12]","[2.51, 0.0, 60.0, 0.0, 0.0, 0.0, 0.0, 0.0, 0.0, 41.48, 28.52]","[0.002419, 0.0, 0.057692, 0.0, 0.0, 0.0, 0.0, 0.0, 0.0, 0.037709, 0.024985]",11
W3,Faisalabad,Pulse Gram,"[300.0, 300.0, 291.95, 283.29, 283.29, 288.31, 300.0, 281.62, 270.0, 260.78, 215.21, 213.21]","[1, 2, 3, 4, 5, 6, 7, 8, 9, 10, 11, 12]","[0.0, -8.05, -8.66, 0.0, 5.02, 11.69, -18.38, -11.62, -9.22, -45.57, -2.0]","[0.0, -0.026833, -0.029663, 0.0, 0.01772, 0.040547, -0.061267, -0.041261, -0.034148, -0.174745, -0.009293]",11
W3,Faisalabad,Pulse Mash (Washed),"[479.19, 479.19, 479.19, 463.31, 471.29, 470.83, 480.0, 480.0, 480.0, 480.0, 420.8, 422.95]","[1, 2, 3, 4, 5, 6, 7, 8, 9, 10, 11, 12]","[0.0, 0.0, -15.88, 7.98, -0.46, 9.17, 0.0, 0.0, 0.0, -59.2, 2.15]","[0.0, 0.0, -0.033139, 0.017224, -0.000976, 0.019476, 0.0, 0.0, 0.0, -0.123333, 0.005109]",11
W3,Faisalabad,Pulse Masoor (Washed),"[295.76, 295.76, 295.76, 280.0, 290.15, 283.13, 300.0, 303.9, 306.52, 316.58, 289.5, 259.4]","[1, 2, 3, 4, 5, 6, 7, 8, 9, 10, 11, 12]","[0.0, 0.0, -15.76, 10.15, -7.02, 16.87, 3.9, 2.62, 10.06, -27.08, -30.1]","[0.0, 0.0, -0.053286, 0.03625, -0.024194, 0.059584, 0.013, 0.008621, 0.03282, -0.085539, -0.103972]",11
W3,Faisalabad,Pulse Moong (Washed),"[341.62, 348.19, 371.66, 363.3, 363.3, 360.82, 370.0, 351.7, 340.0, 340.0, 340.33, 341.65]","[1, 2, 3, 4, 5, 6, 7, 8, 9, 10, 11, 12]","[6.57, 23.47, -8.36, 0.0, -2.48, 9.18, -18.3, -11.7, 0.0, 0.33, 1.32]","[0.019232, 0.067406, -0.022494, 0.0, -0.006826, 0.025442, -0.049459, -0.033267, 0.0, 0.000971, 0.003879]",11
W3,Faisalabad,Rice Basmati Broken (Average Quality),"[220.0, 220.0, 204.82, 200.0, 215.85, 229.78, 240.0, 240.0, 241.64, 241.53, 235.69, 233.14]","[1, 2, 3, 4, 5, 6, 7, 8, 9, 10, 11, 12]","[0.0, -15.18, -4.82, 15.85, 13.93, 10.22, 0.0, 1.64, -0.11, -5.84, -2.55]","[0.0, -0.069, -0.023533, 0.07925, 0.064536, 0.044477, 0.0, 0.006833, -0.000455, -0.024179, -0.010819]",11
W3,Faisalabad,Rice IRRI-6/9 (Sindh/Punjab),"[160.0, 160.0, 160.0, 160.0, 160.0, 160.0, 160.0, 160.0, 160.0, 160.0, 160.0, 160.0]","[1, 2, 3, 4, 5, 6, 7, 8, 9, 10, 11, 12]","[0.0, 0.0, 0.0, 0.0, 0.0, 0.0, 0.0, 0.0, 0.0, 0.0, 0.0]","[0.0, 0.0, 0.0, 0.0, 0.0, 0.0, 0.0, 0.0, 0.0, 0.0, 0.0]",11
W3,Faisalabad,Salt Powdered (NATIONAL/SHAN) 800 gm Packet,"[70.0, 70.0, 70.0, 70.0, 70.0, 70.0, 70.0, 70.0, 70.0, 70.0, 70.0, 70.0]","[1, 2, 3, 4, 5, 6, 7, 8, 9, 10, 11, 12]","[0.0, 0.0, 0.0, 0.0, 0.0, 0.0, 0.0, 0.0, 0.0, 0.0, 0.0]","[0.0, 0.0, 0.0, 0.0, 0.0, 0.0, 0.0, 0.0, 0.0, 0.0, 0.0]",11
W3,Faisalabad,Shirting (Average Quality),"[866.35, 866.35, 866.35, 866.35, 866.35, 866.35, 866.35, 866.35, 866.35, 866.35, 866.35, 866.35]","[1, 2, 3, 4, 5, 6, 7, 8, 9, 10, 11, 12]","[0.0, 0.0, 0.0, 0.0, 0.0, 0.0, 0.0, 0.0, 0.0, 0.0, 0.0]","[0.0, 0.0, 0.0, 0.0, 0.0, 0.0, 0.0, 0.0, 0.0, 0.0, 0.0]",11
W3,Faisalabad,Sufi Washing Soap 250 gm Cake,"[130.0, 130.0, 130.0, 130.0, 130.0, 130.0, 130.0, 130.0, 130.0, 130.0, 130.0, 130.0]","[1, 2, 3, 4, 5, 6, 7, 8, 9, 10, 11, 12]","[0.0, 0.0, 0.0, 0.0, 0.0, 0.0, 0.0, 0.0, 0.0, 0.0, 0.0]","[0.0, 0.0, 0.0, 0.0, 0.0, 0.0, 0.0, 0.0, 0.0, 0.0, 0.0]",11
W3,Faisalabad,Sugar Refined,"[166.2, 165.0, 172.44, 180.0, 183.31, 174.57, 176.0, 180.93, 183.76, 169.9, 153.92, 154.09]","[1, 2, 3, 4, 5, 6, 7, 8, 9, 10, 11, 12]","[-1.2, 7.44, 7.56, 3.31, -8.74, 1.43, 4.93, 2.83, -13.86, -15.98, 0.17]","[-0.00722, 0.045091, 0.043841, 0.018389, -0.047679, 0.008192, 0.028011, 0.015641, -0.075424, -0.094055, 0.001104]",11
W3,Faisalabad,Tea Lipton Yellow Label 190 gm Packet,"[447.5, 447.5, 447.5, 447.5, 447.5, 447.5, 447.5, 447.5, 447.5, 447.5, 447.5, 447.5]","[1, 2, 3, 4, 5, 6, 7, 8, 9, 10, 11, 12]","[0.0, 0.0, 0.0, 0.0, 0.0, 0.0, 0.0, 0.0, 0.0, 0.0, 0.0]","[0.0, 0.0, 0.0, 0.0, 0.0, 0.0, 0.0, 0.0, 0.0, 0.0, 0.0]",11
W3,Faisalabad,Tea Prepared Ordinary,"[63.16, 63.16, 63.16, 63.16, 63.16, 63.16, 63.16, 63.16, 63.16, 63.16, 63.16, 63.16]","[1, 2, 3, 4, 5, 6, 7, 8, 9, 10, 11, 12]","[0.0, 0.0, 0.0, 0.0, 0.0, 0.0, 0.0, 0.0, 0.0, 0.0, 0.0]","[0.0, 0.0, 0.0, 0.0, 0.0, 0.0, 0.0, 0.0, 0.0, 0.0, 0.0]",11
W3,Faisalabad,Telephone Call Charges,"[1.79, 1.79, 1.79, 1.79, 1.79, 1.79, 1.79, 1.79, 1.79, 1.79, 1.79, 1.79]","[1, 2, 3, 4, 5, 6, 7, 8, 9, 10, 11, 12]","[0.0, 0.0, 0.0, 0.0, 0.0, 0.0, 0.0, 0.0, 0.0, 0.0, 0.0]","[0.0, 0.0, 0.0, 0.0, 0.0, 0.0, 0.0, 0.0, 0.0, 0.0, 0.0]",11
W3,Faisalabad,Toilet Soap LIFEBUOY 115 gm,"[99.74, 109.22, 119.6, 119.6, 119.6, 119.6, 117.87, 116.17, 116.17, 116.17, 116.17, 116.17]","[1, 2, 3, 4, 5, 6, 7, 8, 9, 10, 11, 12]","[9.48, 10.38, 0.0, 0.0, 0.0, -1.73, -1.7, 0.0, 0.0, 0.0, 0.0]","[0.095047, 0.095038, 0.0, 0.0, 0.0, -0.014465, -0.014423, 0.0, 0.0, 0.0, 0.0]",11
W3,Faisalabad,Tomatoes,"[83.24, 68.13, 50.0, 80.0, 89.35, 101.85, 232.84, 291.13, 129.32, 84.59, 84.96, 97.66]","[1, 2, 3, 4, 5, 6, 7, 8, 9, 10, 11, 12]","[-15.11, -18.13, 30.0, 9.35, 12.5, 130.99, 58.29, -161.81, -44.73, 0.37, 12.7]","[-0.181523, -0.266109, 0.6, 0.116875, 0.139899, 1.286107, 0.250344, -0.5558, -0.345886, 0.004374, 0.149482]",11
W3,Faisalabad,Vegetable Ghee DALDA/HABIB 2.5 kg Tin,"[1492.44, 1485.0, 1485.0, 1460.0, 1460.0, 1460.0, 1460.0, 1475.87, 1500.0, 1521.66, 1588.54, 1551.33]","[1, 2, 3, 4, 5, 6, 7, 8, 9, 10, 11, 12]","[-7.44, 0.0, -25.0, 0.0, 0.0, 0.0, 15.87, 24.13, 21.66, 66.88, -37.21]","[-0.004985, 0.0, -0.016835, 0.0, 0.0, 0.0, 0.01087, 0.01635, 0.01444, 0.043952, -0.023424]",11
W3,Faisalabad,Vegetable Ghee DALDA/HABIB or Other Superior Quality 1 kg Pouch,"[570.0, 570.0, 560.0, 560.0, 560.0, 560.0, 560.0, 572.89, 585.0, 592.0, 591.6, 590.0]","[1, 2, 3, 4, 5, 6, 7, 8, 9, 10, 11, 12]","[0.0, -10.0, 0.0, 0.0, 0.0, 0.0, 12.89, 12.11, 7.0, -0.4, -1.6]","[0.0, -0.017544, 0.0, 0.0, 0.0, 0.0, 0.023018, 0.021138, 0.011966, -0.000676, -0.002705]",11
W3,Faisalabad,Wheat Flour Bag,"[1654.8, 1552.51, 1400.0, 1400.0, 1400.0, 1555.53, 1900.49, 1978.81, 1949.62, 1810.0, 2061.72, 1951.86]","[1, 2, 3, 4, 5, 6, 7, 8, 9, 10, 11, 12]","[-102.29, -152.51, 0.0, 0.0, 155.53, 344.96, 78.32, -29.19, -139.62, 251.72, -109.86]","[-0.061814, -0.098234, 0.0, 0.0, 0.111093, 0.221764, 0.04121, -0.014751, -0.071614, 0.139072, -0.053286]",11
W3,Gujranwala,Bananas (Kela) Local,"[244.84, 201.73, 184.8, 200.0, 168.29, 150.0, 144.73, 130.0, 143.01, 150.0, 155.57, 229.0]","[1, 2, 3, 4, 5, 6, 7, 8, 9, 10, 11, 12]","[-43.11, -16.93, 15.2, -31.71, -18.29, -5.27, -14.73, 13.01, 6.99, 5.57, 73.43]","[-0.176074, -0.083924, 0.082251, -0.15855, -0.108681, -0.035133, -0.101776, 0.100077, 0.048878, 0.037133, 0.472006]",11
W3,Gujranwala,Beef with Bone (Average Quality),"[1100.0, 1100.0, 1100.0, 1100.0, 1100.0, 1100.0, 1100.0, 1100.0, 1100.0, 1100.0, 1100.0, 1100.0]","[1, 2, 3, 4, 5, 6, 7, 8, 9, 10, 11, 12]","[0.0, 0.0, 0.0, 0.0, 0.0, 0.0, 0.0, 0.0, 0.0, 0.0, 0.0]","[0.0, 0.0, 0.0, 0.0, 0.0, 0.0, 0.0, 0.0, 0.0, 0.0, 0.0]",11
W3,Gujranwala,Bread plain (Small Size),"[107.41, 110.0, 110.0, 110.0, 110.0, 110.0, 110.0, 110.0, 110.0, 110.0, 110.0, 107.41]","[1, 2, 3, 4, 5, 6, 7, 8, 9, 10, 11, 12]","[2.59, 0.0, 0.0, 0.0, 0.0, 0.0, 0.0, 0.0, 0.0, 0.0, -2.59]","[0.024113, 0.0, 0.0, 0.0, 0.0, 0.0, 0.0, 0.0, 0.0, 0.0, -0.023545]",11
W3,Gujranwala,Chicken Farm Broiler (Live),"[480.14, 427.02, 430.81, 346.0, 398.42, 432.1, 400.11, 316.8, 345.56, 352.79, 406.69, 341.99]","[1, 2, 3, 4, 5, 6, 7, 8, 9, 10, 11, 12]","[-53.12, 3.79, -84.81, 52.42, 33.68, -31.99, -83.31, 28.76, 7.23, 53.9, -64.7]","[-0.110634, 0.008875, -0.196862, 0.151503, 0.084534, -0.074034, -0.208218, 0.090783, 0.020923, 0.152782, -0.159089]",11
W3,Gujranwala,Chilies Powder NATIONAL 200 gm Packet,"[320.0, 320.0, 320.0, 320.0, 320.0, 320.0, 320.0, 320.0, 320.0, 334.05, 380.0, 380.0]","[1, 2, 3, 4, 5, 6, 7, 8, 9, 10, 11, 12]","[0.0, 0.0, 0.0, 0.0, 0.0, 0.0, 0.0, 0.0, 14.05, 45.95, 0.0]","[0.0, 0.0, 0.0, 0.0, 0.0, 0.0, 0.0, 0.0, 0.043906, 0.137554, 0.0]",11
W3,Gujranwala,Cigarettes Capstan 20'S Packet,"[230.0, 230.0, 230.0, 230.0, 230.0, 230.0, 230.0, 230.0, 232.46, 240.0, 240.0, 240.0]","[1, 2, 3, 4, 5, 6, 7, 8, 9, 10, 11, 12]","[0.0, 0.0, 0.0, 0.0, 0.0, 0.0, 0.0, 2.46, 7.54, 0.0, 0.0]","[0.0, 0.0, 0.0, 0.0, 0.0, 0.0, 0.0, 0.010696, 0.032436, 0.0, 0.0]",11
W3,Gujranwala,Cooked Beef at Average Hotel,"[450.0, 450.0, 450.0, 450.0, 450.0, 450.0, 450.0, 450.0, 450.0, 450.0, 450.0, 450.0]","[1, 2, 3, 4, 5, 6, 7, 8, 9, 10, 11, 12]","[0.0, 0.0, 0.0, 0.0, 0.0, 0.0, 0.0, 0.0, 0.0, 0.0, 0.0]","[0.0, 0.0, 0.0, 0.0, 0.0, 0.0, 0.0, 0.0, 0.0, 0.0, 0.0]",11
W3,Gujranwala,Cooked Daal at Average Hotel,"[150.0, 150.0, 150.0, 150.0, 150.0, 150.0, 150.0, 150.0, 150.0, 150.0, 150.0, 150.0]","[1, 2, 3, 4, 5, 6, 7, 8, 9, 10, 11, 12]","[0.0, 0.0, 0.0, 0.0, 0.0, 0.0, 0.0, 0.0, 0.0, 0.0, 0.0]","[0.0, 0.0, 0.0, 0.0, 0.0, 0.0, 0.0, 0.0, 0.0, 0.0, 0.0]",11
W3,Gujranwala,"Cooking Oil DALDA or Other Similar Brand (SN), 5 Litre Tin","[2915.0, 2915.0, 2877.42, 2865.0, 2865.0, 2865.0, 2865.0, 2880.82, 2945.0, 3067.44, 3109.37, 3004.25]","[1, 2, 3, 4, 5, 6, 7, 8, 9, 10, 11, 12]","[0.0, -37.58, -12.42, 0.0, 0.0, 0.0, 15.82, 64.18, 122.44, 41.93, -105.12]","[0.0, -0.012892, -0.004316, 0.0, 0.0, 0.0, 0.005522, 0.022278, 0.041576, 0.013669, -0.033807]",11
W3,Gujranwala,Curd (Dahi) Loose,"[220.0, 220.0, 220.0, 220.0, 220.0, 220.0, 220.0, 220.0, 220.0, 220.0, 220.0, 220.0]","[1, 2, 3, 4, 5, 6, 7, 8, 9, 10, 11, 12]","[0.0, 0.0, 0.0, 0.0, 0.0, 0.0, 0.0, 0.0, 0.0, 0.0, 0.0]","[0.0, 0.0, 0.0, 0.0, 0.0, 0.0, 0.0, 0.0, 0.0, 0.0, 0.0]",11
W3,Gujranwala,Eggs Hen (Farm),"[272.21, 224.91, 300.99, 256.62, 279.3, 300.0, 304.96, 321.55, 352.47, 367.41, 339.14, 253.06]","[1, 2, 3, 4, 5, 6, 7, 8, 9, 10, 11, 12]","[-47.3, 76.08, -44.37, 22.68, 20.7, 4.96, 16.59, 30.92, 14.94, -28.27, -86.08]","[-0.173763, 0.338269, -0.147414, 0.08838, 0.074114, 0.016533, 0.054401, 0.096159, 0.042387, -0.076944, -0.253818]",11
W3,Gujranwala,Electricity Charges upto 50 Units,"[6.0, 5.69, 4.72, 4.66, 5.04, 5.4, 4.99, 4.83, 5.24, 6.02, 6.1, 6.55]","[1, 2, 3, 4, 5, 6, 7, 8, 9, 10, 11, 12]","[-0.31, -0.97, -0.06, 0.38, 0.36, -0.41, -0.16, 0.41, 0.78, 0.08, 0.45]","[-0.051667, -0.170475, -0.012712, 0.081545, 0.071429, -0.075926, -0.032064, 0.084886, 0.148855, 0.013289, 0.07377]",11
W3,Gujranwala,Energy Saver Philips 14 Watt,"[550.0, 550.0, 550.0, 550.0, 550.0, 550.0, 550.0, 550.0, 550.0, 550.0, 550.0, 550.0]","[1, 2, 3, 4, 5, 6, 7, 8, 9, 10, 11, 12]","[0.0, 0.0, 0.0, 0.0, 0.0, 0.0, 0.0, 0.0, 0.0, 0.0, 0.0]","[0.0, 0.0, 0.0, 0.0, 0.0, 0.0, 0.0, 0.0, 0.0, 0.0, 0.0]",11
W3,Gujranwala,Firewood Whole,"[1500.0, 1500.0, 1500.0, 1500.0, 1500.0, 1500.0, 1500.0, 1500.0, 1500.0, 1500.0, 1500.0, 1500.0]","[1, 2, 3, 4, 5, 6, 7, 8, 9, 10, 11, 12]","[0.0, 0.0, 0.0, 0.0, 0.0, 0.0, 0.0, 0.0, 0.0, 0.0, 0.0]","[0.0, 0.0, 0.0, 0.0, 0.0, 0.0, 0.0, 0.0, 0.0, 0.0, 0.0]",11
W3,Gujranwala,Garlic (Lehsun),"[654.63, 293.16, 250.0, 300.0, 300.0, 350.0, 411.95, 425.93, 400.0, 450.0, 489.57, 587.09]","[1, 2, 3, 4, 5, 6, 7, 8, 9, 10, 11, 12]","[-361.47, -43.16, 50.0, 0.0, 50.0, 61.95, 13.98, -25.93, 50.0, 39.57, 97.52]","[-0.552175, -0.147223, 0.2, 0.0, 0.166667, 0.177, 0.033936, -0.060879, 0.125, 0.087933, 0.199195]",11
W3,Gujranwala,Gas Charges upto 3.3719 MMBTU,"[1976.5, 1976.5, 1976.5, 1976.5, 2194.19, 2566.5, 2566.5, 2566.5, 2566.5, 2566.5, 2566.5, 2566.5]","[1, 2, 3, 4, 5, 6, 7, 8, 9, 10, 11, 12]","[0.0, 0.0, 0.0, 217.69, 372.31, 0.0, 0.0, 0.0, 0.0, 0.0, 0.0]","[0.0, 0.0, 0.0, 0.110139, 0.16968, 0.0, 0.0, 0.0, 0.0, 0.0, 0.0]",11
W3,Gujranwala,Gents Sandal Bata,"[2499.0, 2499.0, 2499.0, 2499.0, 2499.0, 2499.0, 2499.0, 2499.0, 2499.0, 2499.0, 2499.0, 2499.0]","[1, 2, 3, 4, 5, 6, 7, 8, 9, 10, 11, 12]","[0.0, 0.0, 0.0, 0.0, 0.0, 0.0, 0.0, 0.0, 0.0, 0.0, 0.0]","[0.0, 0.0, 0.0, 0.0, 0.0, 0.0, 0.0, 0.0, 0.0, 0.0, 0.0]",11
W3,Gujranwala,Gents Sponge Chappal Bata,"[599.0, 599.0, 599.0, 599.0, 599.0, 599.0, 599.0, 599.0, 599.0, 599.0, 599.0, 599.0]","[1, 2, 3, 4, 5, 6, 7, 8, 9, 10, 11, 12]","[0.0, 0.0, 0.0, 0.0, 0.0, 0.0, 0.0, 0.0, 0.0, 0.0, 0.0]","[0.0, 0.0, 0.0, 0.0, 0.0, 0.0, 0.0, 0.0, 0.0, 0.0, 0.0]",11
W3,Gujranwala,Georgette (Average Quality),"[250.0, 250.0, 250.0, 250.0, 250.0, 250.0, 250.0, 250.0, 250.0, 250.0, 250.0, 250.0]","[1, 2, 3, 4, 5, 6, 7, 8, 9, 10, 11, 12]","[0.0, 0.0, 0.0, 0.0, 0.0, 0.0, 0.0, 0.0, 0.0, 0.0, 0.0]","[0.0, 0.0, 0.0, 0.0, 0.0, 0.0, 0.0, 0.0, 0.0, 0.0, 0.0]",11
W3,Gujranwala,Gur (Average Quality),"[200.0, 217.22, 234.95, 240.0, 240.0, 240.0, 240.0, 240.0, 224.84, 220.0, 220.0, 220.0]","[1, 2, 3, 4, 5, 6, 7, 8, 9, 10, 11, 12]","[17.22, 17.73, 5.05, 0.0, 0.0, 0.0, 0.0, -15.16, -4.84, 0.0, 0.0]","[0.0861, 0.081622, 0.021494, 0.0, 0.0, 0.0, 0.0, -0.063167, -0.021526, 0.0, 0.0]",11
W3,Gujranwala,Hi-Speed Diesel,"[259.6, 259.6, 256.6, 273.9, 280.68, 280.33, 273.3, 277.86, 283.28, 274.49, 258.94, 273.87]","[1, 2, 3, 4, 5, 6, 7, 8, 9, 10, 11, 12]","[0.0, -3.0, 17.3, 6.78, -0.35, -7.03, 4.56, 5.42, -8.79, -15.55, 14.93]","[0.0, -0.011556, 0.06742, 0.024754, -0.001247, -0.025078, 0.016685, 0.019506, -0.031029, -0.056651, 0.057658]",11
W3,Gujranwala,LPG 11.67 kg Cylinder,"[3501.0, 3501.0, 3381.21, 3501.0, 3265.16, 3179.65, 3208.97, 3220.69, 3384.88, 3734.0, 3780.39, 3772.72]","[1, 2, 3, 4, 5, 6, 7, 8, 9, 10, 11, 12]","[0.0, -119.79, 119.79, -235.84, -85.51, 29.32, 11.72, 164.19, 349.12, 46.39, -7.67]","[0.0, -0.034216, 0.035428, -0.067364, -0.026189, 0.009221, 0.003652, 0.05098, 0.103141, 0.012424, -0.002029]",11
W3,Gujranwala,Ladies Sandal Bata,"[1399.0, 1399.0, 1399.0, 1399.0, 1399.0, 1399.0, 1399.0, 1399.0, 1399.0, 1399.0, 1399.0, 1399.0]","[1, 2, 3, 4, 5, 6, 7, 8, 9, 10, 11, 12]","[0.0, 0.0, 0.0, 0.0, 0.0, 0.0, 0.0, 0.0, 0.0, 0.0, 0.0]","[0.0, 0.0, 0.0, 0.0, 0.0, 0.0, 0.0, 0.0, 0.0, 0.0, 0.0]",11
W3,Gujranwala,Lawn Printed Gul Ahmed/Al Karam,"[748.0, 748.0, 748.0, 748.0, 748.0, 748.0, 748.0, 748.0, 748.0, 748.0, 748.0, 748.0]","[1, 2, 3, 4, 5, 6, 7, 8, 9, 10, 11, 12]","[0.0, 0.0, 0.0, 0.0, 0.0, 0.0, 0.0, 0.0, 0.0, 0.0, 0.0]","[0.0, 0.0, 0.0, 0.0, 0.0, 0.0, 0.0, 0.0, 0.0, 0.0, 0.0]",11
W3,Gujranwala,"Long Cloth 57"" Gul Ahmed/Al Karam","[667.0, 667.0, 667.0, 667.0, 667.0, 667.0, 667.0, 667.0, 667.0, 667.0, 667.0, 683.3]","[1, 2, 3, 4, 5, 6, 7, 8, 9, 10, 11, 12]","[0.0, 0.0, 0.0, 0.0, 0.0, 0.0, 0.0, 0.0, 0.0, 0.0, 16.3]","[0.0, 0.0, 0.0, 0.0, 0.0, 0.0, 0.0, 0.0, 0.0, 0.0, 0.024438]",11
W3,Gujranwala,Match Box,"[7.0, 7.0, 7.0, 7.0, 7.0, 7.0, 7.0, 7.0, 7.0, 7.0, 7.0, 7.0]","[1, 2, 3, 4, 5, 6, 7, 8, 9, 10, 11, 12]","[0.0, 0.0, 0.0, 0.0, 0.0, 0.0, 0.0, 0.0, 0.0, 0.0, 0.0]","[0.0, 0.0, 0.0, 0.0, 0.0, 0.0, 0.0, 0.0, 0.0, 0.0, 0.0]",11
W3,Gujranwala,Milk fresh (Un-boiled),"[200.0, 200.0, 200.0, 200.0, 200.0, 200.0, 200.0, 200.0, 200.0, 200.0, 200.0, 200.0]","[1, 2, 3, 4, 5, 6, 7, 8, 9, 10, 11, 12]","[0.0, 0.0, 0.0, 0.0, 0.0, 0.0, 0.0, 0.0, 0.0, 0.0, 0.0]","[0.0, 0.0, 0.0, 0.0, 0.0, 0.0, 0.0, 0.0, 0.0, 0.0, 0.0]",11
W3,Gujranwala,Mustard Oil (Average Quality),"[529.91, 520.0, 520.0, 520.0, 511.91, 500.0, 500.0, 500.0, 500.0, 500.0, 500.0, 500.0]","[1, 2, 3, 4, 5, 6, 7, 8, 9, 10, 11, 12]","[-9.91, 0.0, 0.0, -8.09, -11.91, 0.0, 0.0, 0.0, 0.0, 0.0, 0.0]","[-0.018701, 0.0, 0.0, -0.015558, -0.023266, 0.0, 0.0, 0.0, 0.0, 0.0, 0.0]",11
W3,Gujranwala,Mutton (Average Quality),"[2100.0, 2100.0, 2100.0, 2100.0, 2100.0, 2100.0, 2100.0, 2200.0, 2200.0, 2200.0, 2200.0, 2200.0]","[1, 2, 3, 4, 5, 6, 7, 8, 9, 10, 11, 12]","[0.0, 0.0, 0.0, 0.0, 0.0, 0.0, 100.0, 0.0, 0.0, 0.0, 0.0]","[0.0, 0.0, 0.0, 0.0, 0.0, 0.0, 0.047619, 0.0, 0.0, 0.0, 0.0]",11
W3,Gujranwala,Onions,"[74.81, 64.47, 52.95, 60.0, 60.0, 80.0, 100.0, 124.2, 160.52, 111.3, 78.51, 80.79]","[1, 2, 3, 4, 5, 6, 7, 8, 9, 10, 11, 12]","[-10.34, -11.52, 7.05, 0.0, 20.0, 20.0, 24.2, 36.32, -49.22, -32.79, 2.28]","[-0.138217, -0.178688, 0.133144, 0.0, 0.333333, 0.25, 0.242, 0.292432, -0.306628, -0.294609, 0.029041]",11
W3,Gujranwala,Petrol Super,"[256.6, 255.6, 253.6, 267.8, 270.97, 265.6, 265.6, 267.17, 267.4, 265.4, 255.0, 257.49]","[1, 2, 3, 4, 5, 6, 7, 8, 9, 10, 11, 12]","[-1.0, -2.0, 14.2, 3.17, -5.37, 0.0, 1.57, 0.23, -2.0, -10.4, 2.49]","[-0.003897, -0.007825, 0.055994, 0.011837, -0.019818, 0.0, 0.005911, 0.000861, -0.007479, -0.039186, 0.009765]",11
W3,Gujranwala,Potatoes,"[64.8, 60.0, 61.56, 86.53, 93.14, 90.79, 90.0, 90.0, 84.49, 64.76, 46.53, 35.48]","[1, 2, 3, 4, 5, 6, 7, 8, 9, 10, 11, 12]","[-4.8, 1.56, 24.97, 6.61, -2.35, -0.79, 0.0, -5.51, -19.73, -18.23, -11.05]","[-0.074074, 0.026, 0.405621, 0.07639, -0.025231, -0.008701, 0.0, -0.061222, -0.233519, -0.281501, -0.237481]",11
W3,Gujranwala,Powdered Milk NIDO 390 gm Polybag,"[1030.0, 1030.0, 1082.07, 1100.0, 1100.0, 1100.0, 1100.0, 1100.0, 1109.87, 1140.0, 1140.0, 1140.0]","[1, 2, 3, 4, 5, 6, 7, 8, 9, 10, 11, 12]","[0.0, 52.07, 17.93, 0.0, 0.0, 0.0, 0.0, 9.87, 30.13, 0.0, 0.0]","[0.0, 0.050553, 0.01657, 0.0, 0.0, 0.0, 0.0, 0.008973, 0.027147, 0.0, 0.0]",11
W3,Gujranwala,Pulse Gram,"[274.51, 281.31, 281.64, 280.0, 280.0, 280.0, 276.62, 251.23, 240.0, 230.0, 219.23, 229.89]","[1, 2, 3, 4, 5, 6, 7, 8, 9, 10, 11, 12]","[6.8, 0.33, -1.64, 0.0, 0.0, -3.38, -25.39, -11.23, -10.0, -10.77, 10.66]","[0.024771, 0.001173, -0.005823, 0.0, 0.0, -0.012071, -0.091787, -0.0447, -0.041667, -0.046826, 0.048625]",11
W3,Gujranwala,Pulse Mash (Washed),"[427.42, 420.0, 420.0, 416.64, 413.94, 403.31, 401.65, 400.0, 384.9, 380.0, 408.84, 472.32]","[1, 2, 3, 4, 5, 6, 7, 8, 9, 10, 11, 12]","[-7.42, 0.0, -3.36, -2.7, -10.63, -1.66, -1.65, -15.1, -4.9, 28.84, 63.48]","[-0.01736, 0.0, -0.008, -0.00648, -0.02568, -0.004116, -0.004108, -0.03775, -0.012731, 0.075895, 0.155269]",11
W3,Gujranwala,Pulse Masoor (Washed),"[272.47, 270.0, 271.61, 270.0, 270.0, 270.0, 264.95, 257.97, 258.24, 240.0, 230.0, 227.46]","[1, 2, 3, 4, 5, 6, 7, 8, 9, 10, 11, 12]","[-2.47, 1.61, -1.61, 0.0, 0.0, -5.05, -6.98, 0.27, -18.24, -10.0, -2.54]","[-0.009065, 0.005963, -0.005928, 0.0, 0.0, -0.018704, -0.026345, 0.001047, -0.070632, -0.041667, -0.011043]",11
W3,Gujranwala,Pulse Moong (Washed),"[399.16, 390.0, 384.11, 380.0, 371.64, 325.75, 337.47, 340.0, 344.96, 357.47, 360.0, 360.0]","[1, 2, 3, 4, 5, 6, 7, 8, 9, 10, 11, 12]","[-9.16, -5.89, -4.11, -8.36, -45.89, 11.72, 2.53, 4.96, 12.51, 2.53, 0.0]","[-0.022948, -0.015103, -0.0107, -0.022, -0.12348, 0.035979, 0.007497, 0.014588, 0.036265, 0.007078, 0.0]",11
W3,Gujranwala,Rice Basmati Broken (Average Quality),"[163.27, 163.27, 163.27, 180.0, 180.0, 180.0, 180.0, 180.0, 180.0, 180.0, 180.0, 180.0]","[1, 2, 3, 4, 5, 6, 7, 8, 9, 10, 11, 12]","[0.0, 0.0, 16.73, 0.0, 0.0, 0.0, 0.0, 0.0, 0.0, 0.0, 0.0]","[0.0, 0.0, 0.102468, 0.0, 0.0, 0.0, 0.0, 0.0, 0.0, 0.0, 0.0]",11
W3,Gujranwala,Salt Powdered (NATIONAL/SHAN) 800 gm Packet,"[70.0, 70.0, 70.0, 70.0, 70.0, 70.0, 70.0, 70.0, 62.36, 60.0, 60.0, 60.0]","[1, 2, 3, 4, 5, 6, 7, 8, 9, 10, 11, 12]","[0.0, 0.0, 0.0, 0.0, 0.0, 0.0, 0.0, -7.64, -2.36, 0.0, 0.0]","[0.0, 0.0, 0.0, 0.0, 0.0, 0.0, 0.0, -0.109143, -0.037845, 0.0, 0.0]",11
W3,Gujranwala,Shirting (Average Quality),"[500.0, 547.72, 600.0, 600.0, 600.0, 600.0, 600.0, 600.0, 600.0, 600.0, 600.0, 600.0]","[1, 2, 3, 4, 5, 6, 7, 8, 9, 10, 11, 12]","[47.72, 52.28, 0.0, 0.0, 0.0, 0.0, 0.0, 0.0, 0.0, 0.0, 0.0]","[0.09544, 0.09545, 0.0, 0.0, 0.0, 0.0, 0.0, 0.0, 0.0, 0.0, 0.0]",11
W3,Gujranwala,Sufi Washing Soap 250 gm Cake,"[130.0, 130.0, 130.0, 130.0, 130.0, 130.0, 130.0, 130.0, 130.0, 130.0, 130.0, 130.0]","[1, 2, 3, 4, 5, 6, 7, 8, 9, 10, 11, 12]","[0.0, 0.0, 0.0, 0.0, 0.0, 0.0, 0.0, 0.0, 0.0, 0.0, 0.0]","[0.0, 0.0, 0.0, 0.0, 0.0, 0.0, 0.0, 0.0, 0.0, 0.0, 0.0]",11
W3,Gujranwala,Sugar Refined,"[169.96, 170.0, 175.0, 185.0, 185.96, 181.25, 184.39, 187.55, 181.98, 164.39, 155.0, 155.0]","[1, 2, 3, 4, 5, 6, 7, 8, 9, 10, 11, 12]","[0.04, 5.0, 10.0, 0.96, -4.71, 3.14, 3.16, -5.57, -17.59, -9.39, 0.0]","[0.000235, 0.029412, 0.057143, 0.005189, -0.025328, 0.017324, 0.017138, -0.029699, -0.096659, -0.05712, 0.0]",11
W3,Gujranwala,Tea Lipton Yellow Label 190 gm Packet,"[447.05, 447.05, 447.05, 447.05, 447.05, 447.05, 447.05, 447.05, 447.05, 447.05, 447.05, 447.05]","[1, 2, 3, 4, 5, 6, 7, 8, 9, 10, 11, 12]","[0.0, 0.0, 0.0, 0.0, 0.0, 0.0, 0.0, 0.0, 0.0, 0.0, 0.0]","[0.0, 0.0, 0.0, 0.0, 0.0, 0.0, 0.0, 0.0, 0.0, 0.0, 0.0]",11
W3,Gujranwala,Tea Prepared Ordinary,"[60.0, 60.0, 60.0, 60.0, 60.0, 60.0, 60.0, 60.0, 63.16, 66.49, 66.49, 66.49]","[1, 2, 3, 4, 5, 6, 7, 8, 9, 10, 11, 12]","[0.0, 0.0, 0.0, 0.0, 0.0, 0.0, 0.0, 3.16, 3.33, 0.0, 0.0]","[0.0, 0.0, 0.0, 0.0, 0.0, 0.0, 0.0, 0.052667, 0.052723, 0.0, 0.0]",11
W3,Gujranwala,Telephone Call Charges,"[1.79, 1.79, 1.79, 1.79, 1.79, 1.79, 1.79, 1.79, 1.79, 1.79, 1.79, 1.79]","[1, 2, 3, 4, 5, 6, 7, 8, 9, 10, 11, 12]","[0.0, 0.0, 0.0, 0.0, 0.0, 0.0, 0.0, 0.0, 0.0, 0.0, 0.0]","[0.0, 0.0, 0.0, 0.0, 0.0, 0.0, 0.0, 0.0, 0.0, 0.0, 0.0]",11
W3,Gujranwala,Toilet Soap LIFEBUOY 115 gm,"[99.74, 105.44, 111.47, 111.47, 112.13, 112.3, 112.3, 112.3, 116.17, 116.17, 116.17, 116.17]","[1, 2, 3, 4, 5, 6, 7, 8, 9, 10, 11, 12]","[5.7, 6.03, 0.0, 0.66, 0.17, 0.0, 0.0, 3.87, 0.0, 0.0, 0.0]","[0.057149, 0.057189, 0.0, 0.005921, 0.001516, 0.0, 0.0, 0.034461, 0.0, 0.0, 0.0]",11
W3,Gujranwala,Tomatoes,"[101.94, 79.47, 56.5, 80.0, 105.22, 134.8, 246.57, 304.2, 155.1, 97.49, 105.35, 109.16]","[1, 2, 3, 4, 5, 6, 7, 8, 9, 10, 11, 12]","[-22.47, -22.97, 23.5, 25.22, 29.58, 111.77, 57.63, -149.1, -57.61, 7.86, 3.81]","[-0.220424, -0.28904, 0.415929, 0.31525, 0.281125, 0.829154, 0.233727, -0.490138, -0.371438, 0.080624, 0.036165]",11
W3,Gujranwala,Vegetable Ghee DALDA/HABIB 2.5 kg Tin,"[1485.0, 1485.0, 1466.21, 1460.0, 1460.0, 1460.0, 1460.0, 1467.91, 1506.21, 1572.41, 1588.54, 1533.06]","[1, 2, 3, 4, 5, 6, 7, 8, 9, 10, 11, 12]","[0.0, -18.79, -6.21, 0.0, 0.0, 0.0, 7.91, 38.3, 66.2, 16.13, -55.48]","[0.0, -0.012653, -0.004235, 0.0, 0.0, 0.0, 0.005418, 0.026092, 0.043951, 0.010258, -0.034925]",11
W3,Gujranwala,Vegetable Ghee DALDA/HABIB or Other Superior Quality 1 kg Pouch,"[579.0, 579.0, 569.0, 569.0, 569.0, 569.0, 569.0, 578.98, 585.0, 592.0, 590.4, 590.0]","[1, 2, 3, 4, 5, 6, 7, 8, 9, 10, 11, 12]","[0.0, -10.0, 0.0, 0.0, 0.0, 0.0, 9.98, 6.02, 7.0, -1.6, -0.4]","[0.0, -0.017271, 0.0, 0.0, 0.0, 0.0, 0.01754, 0.010398, 0.011966, -0.002703, -0.000678]",11
W3,Gujranwala,Wheat Flour Bag,"[1681.21, 1596.84, 1450.0, 1450.0, 1429.79, 1552.19, 1924.23, 1910.25, 1931.64, 1960.2, 1999.36, 1993.06]","[1, 2, 3, 4, 5, 6, 7, 8, 9, 10, 11, 12]","[-84.37, -146.84, 0.0, -20.21, 122.4, 372.04, -13.98, 21.39, 28.56, 39.16, -6.3]","[-0.050184, -0.091957, 0.0, -0.013938, 0.085607, 0.239687, -0.007265, 0.011197, 0.014785, 0.019978, -0.003151]",11
W3,Hyderabad,Bananas (Kela) Local,"[163.4, 142.12, 118.26, 109.54, 110.35, 105.93, 95.47, 88.62, 105.9, 107.05, 102.95, 173.23]","[1, 2, 3, 4, 5, 6, 7, 8, 9, 10, 11, 12]","[-21.28, -23.86, -8.72, 0.81, -4.42, -10.46, -6.85, 17.28, 1.15, -4.1, 70.28]","[-0.130233, -0.167886, -0.073736, 0.007395, -0.040054, -0.098744, -0.07175, 0.19499, 0.010859, -0.0383, 0.682661]",11
W3,Hyderabad,Beef with Bone (Average Quality),"[1116.23, 1155.77, 1158.85, 1161.93, 1163.62, 1170.39, 1170.39, 1174.55, 1174.55, 1174.55, 1174.55, 1174.55]","[1, 2, 3, 4, 5, 6, 7, 8, 9, 10, 11, 12]","[39.54, 3.08, 3.08, 1.69, 6.77, 0.0, 4.16, 0.0, 0.0, 0.0, 0.0]","[0.035423, 0.002665, 0.002658, 0.001454, 0.005818, 0.0, 0.003554, 0.0, 0.0, 0.0, 0.0]",11
W3,Hyderabad,Bread plain (Small Size),"[120.0, 120.0, 120.0, 120.0, 120.0, 120.0, 120.0, 120.0, 120.0, 120.0, 120.0, 120.0]","[1, 2, 3, 4, 5, 6, 7, 8, 9, 10, 11, 12]","[0.0, 0.0, 0.0, 0.0, 0.0, 0.0, 0.0, 0.0, 0.0, 0.0, 0.0]","[0.0, 0.0, 0.0, 0.0, 0.0, 0.0, 0.0, 0.0, 0.0, 0.0, 0.0]",11
W3,Hyderabad,Chicken Farm Broiler (Live),"[512.55, 495.24, 480.18, 343.3, 403.99, 448.98, 421.85, 317.97, 345.64, 410.74, 409.59, 352.89]","[1, 2, 3, 4, 5, 6, 7, 8, 9, 10, 11, 12]","[-17.31, -15.06, -136.88, 60.69, 44.99, -27.13, -103.88, 27.67, 65.1, -1.15, -56.7]","[-0.033772, -0.030409, -0.28506, 0.176784, 0.111364, -0.060426, -0.246249, 0.087021, 0.188346, -0.0028, -0.138431]",11
W3,Hyderabad,Chilies Powder NATIONAL 200 gm Packet,"[320.0, 320.0, 320.0, 320.0, 320.0, 320.0, 320.0, 320.0, 320.0, 334.05, 380.0, 380.0]","[1, 2, 3, 4, 5, 6, 7, 8, 9, 10, 11, 12]","[0.0, 0.0, 0.0, 0.0, 0.0, 0.0, 0.0, 0.0, 14.05, 45.95, 0.0]","[0.0, 0.0, 0.0, 0.0, 0.0, 0.0, 0.0, 0.0, 0.043906, 0.137554, 0.0]",11
W3,Hyderabad,Cigarettes Capstan 20'S Packet,"[250.0, 250.0, 250.0, 250.0, 250.0, 250.0, 250.0, 250.0, 250.0, 250.0, 250.0, 250.0]","[1, 2, 3, 4, 5, 6, 7, 8, 9, 10, 11, 12]","[0.0, 0.0, 0.0, 0.0, 0.0, 0.0, 0.0, 0.0, 0.0, 0.0, 0.0]","[0.0, 0.0, 0.0, 0.0, 0.0, 0.0, 0.0, 0.0, 0.0, 0.0, 0.0]",11
W3,Hyderabad,Cooked Beef at Average Hotel,"[301.62, 301.62, 301.62, 301.62, 301.62, 301.62, 301.62, 301.62, 301.62, 301.62, 301.62, 302.43]","[1, 2, 3, 4, 5, 6, 7, 8, 9, 10, 11, 12]","[0.0, 0.0, 0.0, 0.0, 0.0, 0.0, 0.0, 0.0, 0.0, 0.0, 0.81]","[0.0, 0.0, 0.0, 0.0, 0.0, 0.0, 0.0, 0.0, 0.0, 0.0, 0.002685]",11
W3,Hyderabad,Cooked Daal at Average Hotel,"[172.25, 172.25, 172.25, 172.25, 172.25, 172.25, 172.25, 172.25, 172.25, 172.25, 172.25, 174.83]","[1, 2, 3, 4, 5, 6, 7, 8, 9, 10, 11, 12]","[0.0, 0.0, 0.0, 0.0, 0.0, 0.0, 0.0, 0.0, 0.0, 0.0, 2.58]","[0.0, 0.0, 0.0, 0.0, 0.0, 0.0, 0.0, 0.0, 0.0, 0.0, 0.014978]",11
W3,Hyderabad,"Cooking Oil DALDA or Other Similar Brand (SN), 5 Litre Tin","[2915.0, 2915.0, 2915.0, 2865.0, 2865.0, 2865.0, 2865.0, 2885.95, 2933.68, 3026.07, 3109.38, 2970.0]","[1, 2, 3, 4, 5, 6, 7, 8, 9, 10, 11, 12]","[0.0, 0.0, -50.0, 0.0, 0.0, 0.0, 20.95, 47.73, 92.39, 83.31, -139.38]","[0.0, 0.0, -0.017153, 0.0, 0.0, 0.0, 0.007312, 0.016539, 0.031493, 0.027531, -0.044826]",11
W3,Hyderabad,Curd (Dahi) Loose,"[314.88, 314.88, 314.88, 314.88, 314.88, 314.88, 314.88, 314.88, 314.88, 314.88, 314.88, 314.88]","[1, 2, 3, 4, 5, 6, 7, 8, 9, 10, 11, 12]","[0.0, 0.0, 0.0, 0.0, 0.0, 0.0, 0.0, 0.0, 0.0, 0.0, 0.0]","[0.0, 0.0, 0.0, 0.0, 0.0, 0.0, 0.0, 0.0, 0.0, 0.0, 0.0]",11
W3,Hyderabad,Eggs Hen (Farm),"[274.04, 235.04, 294.87, 252.33, 274.07, 310.67, 307.35, 324.78, 354.32, 356.61, 355.8, 285.88]","[1, 2, 3, 4, 5, 6, 7, 8, 9, 10, 11, 12]","[-39.0, 59.83, -42.54, 21.74, 36.6, -3.32, 17.43, 29.54, 2.29, -0.81, -69.92]","[-0.142315, 0.254552, -0.144267, 0.086157, 0.133543, -0.010687, 0.056711, 0.090954, 0.006463, -0.002271, -0.196515]",11
W3,Hyderabad,Electricity Charges upto 50 Units,"[6.0, 5.69, 4.72, 4.66, 5.04, 5.4, 4.99, 4.83, 5.24, 6.02, 6.1, 6.55]","[1, 2, 3, 4, 5, 6, 7, 8, 9, 10, 11, 12]","[-0.31, -0.97, -0.06, 0.38, 0.36, -0.41, -0.16, 0.41, 0.78, 0.08, 0.45]","[-0.051667, -0.170475, -0.012712, 0.081545, 0.071429, -0.075926, -0.032064, 0.084886, 0.148855, 0.013289, 0.07377]",11
W3,Hyderabad,Energy Saver Philips 14 Watt,"[350.0, 350.0, 370.74, 400.0, 416.02, 432.67, 441.25, 450.0, 450.0, 450.0, 450.0, 450.0]","[1, 2, 3, 4, 5, 6, 7, 8, 9, 10, 11, 12]","[0.0, 20.74, 29.26, 16.02, 16.65, 8.58, 8.75, 0.0, 0.0, 0.0, 0.0]","[0.0, 0.059257, 0.078923, 0.04005, 0.040022, 0.01983, 0.01983, 0.0, 0.0, 0.0, 0.0]",11
W3,Hyderabad,Firewood Whole,"[1066.41, 1066.41, 1066.41, 1066.41, 1096.14, 1165.7, 1253.46, 1343.54, 1422.33, 1465.41, 1476.45, 1483.14]","[1, 2, 3, 4, 5, 6, 7, 8, 9, 10, 11, 12]","[0.0, 0.0, 0.0, 29.73, 69.56, 87.76, 90.08, 78.79, 43.08, 11.04, 6.69]","[0.0, 0.0, 0.0, 0.027879, 0.063459, 0.075285, 0.071865, 0.058644, 0.030288, 0.007534, 0.004531]",11
W3,Hyderabad,Garlic (Lehsun),"[492.37, 356.08, 278.22, 311.51, 337.7, 386.38, 391.37, 391.37, 388.93, 347.71, 323.8, 391.95]","[1, 2, 3, 4, 5, 6, 7, 8, 9, 10, 11, 12]","[-136.29, -77.86, 33.29, 26.19, 48.68, 4.99, 0.0, -2.44, -41.22, -23.91, 68.15]","[-0.276804, -0.218659, 0.119654, 0.084074, 0.144152, 0.012915, 0.0, -0.006235, -0.105983, -0.068764, 0.210469]",11
W3,Hyderabad,Gas Charges upto 3.3719 MMBTU,"[1976.5, 1976.5, 1976.5, 1976.5, 2194.19, 2566.5, 2566.5, 2566.5, 2566.5, 2566.5, 2566.5, 2566.5]","[1, 2, 3, 4, 5, 6, 7, 8, 9, 10, 11, 12]","[0.0, 0.0, 0.0, 217.69, 372.31, 0.0, 0.0, 0.0, 0.0, 0.0, 0.0]","[0.0, 0.0, 0.0, 0.110139, 0.16968, 0.0, 0.0, 0.0, 0.0, 0.0, 0.0]",11
W3,Hyderabad,Gents Sandal Bata,"[2499.0, 2499.0, 2499.0, 2499.0, 2499.0, 2499.0, 2499.0, 2499.0, 2499.0, 2499.0, 2499.0, 2499.0]","[1, 2, 3, 4, 5, 6, 7, 8, 9, 10, 11, 12]","[0.0, 0.0, 0.0, 0.0, 0.0, 0.0, 0.0, 0.0, 0.0, 0.0, 0.0]","[0.0, 0.0, 0.0, 0.0, 0.0, 0.0, 0.0, 0.0, 0.0, 0.0, 0.0]",11
W3,Hyderabad,Gents Sponge Chappal Bata,"[599.0, 599.0, 599.0, 599.0, 599.0, 599.0, 599.0, 599.0, 599.0, 599.0, 599.0, 599.0]","[1, 2, 3, 4, 5, 6, 7, 8, 9, 10, 11, 12]","[0.0, 0.0, 0.0, 0.0, 0.0, 0.0, 0.0, 0.0, 0.0, 0.0, 0.0]","[0.0, 0.0, 0.0, 0.0, 0.0, 0.0, 0.0, 0.0, 0.0, 0.0, 0.0]",11
W3,Hyderabad,Georgette (Average Quality),"[311.51, 311.51, 311.51, 311.51, 311.51, 311.51, 311.51, 311.51, 311.51, 311.51, 311.51, 311.51]","[1, 2, 3, 4, 5, 6, 7, 8, 9, 10, 11, 12]","[0.0, 0.0, 0.0, 0.0, 0.0, 0.0, 0.0, 0.0, 0.0, 0.0, 0.0]","[0.0, 0.0, 0.0, 0.0, 0.0, 0.0, 0.0, 0.0, 0.0, 0.0, 0.0]",11
W3,Hyderabad,Gur (Average Quality),"[233.21, 233.21, 234.08, 234.08, 234.58, 247.51, 258.4, 265.63, 261.89, 260.66, 254.63, 244.95]","[1, 2, 3, 4, 5, 6, 7, 8, 9, 10, 11, 12]","[0.0, 0.87, 0.0, 0.5, 12.93, 10.89, 7.23, -3.74, -1.23, -6.03, -9.68]","[0.0, 0.003731, 0.0, 0.002136, 0.05512, 0.043998, 0.02798, -0.01408, -0.004697, -0.023134, -0.038016]",11
W3,Hyderabad,Hi-Speed Diesel,"[260.89, 260.89, 257.83, 275.0, 281.78, 281.68, 274.48, 279.3, 284.63, 275.77, 260.19, 275.13]","[1, 2, 3, 4, 5, 6, 7, 8, 9, 10, 11, 12]","[0.0, -3.06, 17.17, 6.78, -0.1, -7.2, 4.82, 5.33, -8.86, -15.58, 14.94]","[0.0, -0.011729, 0.066594, 0.024655, -0.000355, -0.025561, 0.01756, 0.019083, -0.031128, -0.056496, 0.05742]",11
W3,Hyderabad,LPG 11.67 kg Cylinder,"[3154.78, 3218.46, 3170.06, 3344.94, 3177.35, 2965.57, 3131.8, 3004.25, 3043.0, 3072.61, 3416.25, 3432.1]","[1, 2, 3, 4, 5, 6, 7, 8, 9, 10, 11, 12]","[63.68, -48.4, 174.88, -167.59, -211.78, 166.23, -127.55, 38.75, 29.61, 343.64, 15.85]","[0.020185, -0.015038, 0.055166, -0.050103, -0.066653, 0.056053, -0.040727, 0.012898, 0.009731, 0.11184, 0.00464]",11
W3,Hyderabad,Ladies Sandal Bata,"[1399.0, 1399.0, 1399.0, 1399.0, 1399.0, 1399.0, 1399.0, 1399.0, 1399.0, 1399.0, 1399.0, 1399.0]","[1, 2, 3, 4, 5, 6, 7, 8, 9, 10, 11, 12]","[0.0, 0.0, 0.0, 0.0, 0.0, 0.0, 0.0, 0.0, 0.0, 0.0, 0.0]","[0.0, 0.0, 0.0, 0.0, 0.0, 0.0, 0.0, 0.0, 0.0, 0.0, 0.0]",11
W3,Hyderabad,Lawn Printed Gul Ahmed/Al Karam,"[494.92, 496.19, 500.0, 500.0, 500.0, 508.11, 549.62, 582.85, 582.85, 582.85, 582.85, 582.85]","[1, 2, 3, 4, 5, 6, 7, 8, 9, 10, 11, 12]","[1.27, 3.81, 0.0, 0.0, 8.11, 41.51, 33.23, 0.0, 0.0, 0.0, 0.0]","[0.002566, 0.007679, 0.0, 0.0, 0.01622, 0.081695, 0.06046, 0.0, 0.0, 0.0, 0.0]",11
W3,Hyderabad,"Long Cloth 57"" Gul Ahmed/Al Karam","[503.28, 504.9, 512.99, 512.99, 524.79, 538.81, 577.59, 582.85, 582.85, 582.85, 582.85, 582.85]","[1, 2, 3, 4, 5, 6, 7, 8, 9, 10, 11, 12]","[1.62, 8.09, 0.0, 11.8, 14.02, 38.78, 5.26, 0.0, 0.0, 0.0, 0.0]","[0.003219, 0.016023, 0.0, 0.023002, 0.026715, 0.071973, 0.009107, 0.0, 0.0, 0.0, 0.0]",11
W3,Hyderabad,Match Box,"[6.56, 6.56, 6.56, 6.56, 6.56, 6.56, 6.56, 6.56, 6.56, 6.56, 6.56, 6.56]","[1, 2, 3, 4, 5, 6, 7, 8, 9, 10, 11, 12]","[0.0, 0.0, 0.0, 0.0, 0.0, 0.0, 0.0, 0.0, 0.0, 0.0, 0.0]","[0.0, 0.0, 0.0, 0.0, 0.0, 0.0, 0.0, 0.0, 0.0, 0.0, 0.0]",11
W3,Hyderabad,Milk fresh (Un-boiled),"[218.32, 218.32, 218.32, 218.32, 218.32, 218.32, 218.32, 218.32, 218.32, 218.32, 218.32, 218.32]","[1, 2, 3, 4, 5, 6, 7, 8, 9, 10, 11, 12]","[0.0, 0.0, 0.0, 0.0, 0.0, 0.0, 0.0, 0.0, 0.0, 0.0, 0.0]","[0.0, 0.0, 0.0, 0.0, 0.0, 0.0, 0.0, 0.0, 0.0, 0.0, 0.0]",11
W3,Hyderabad,Mustard Oil (Average Quality),"[487.77, 455.43, 423.16, 416.52, 421.47, 435.29, 460.46, 476.85, 481.57, 483.28, 486.42, 528.33]","[1, 2, 3, 4, 5, 6, 7, 8, 9, 10, 11, 12]","[-32.34, -32.27, -6.64, 4.95, 13.82, 25.17, 16.39, 4.72, 1.71, 3.14, 41.91]","[-0.066302, -0.070856, -0.015691, 0.011884, 0.03279, 0.057824, 0.035595, 0.009898, 0.003551, 0.006497, 0.08616]",11
W3,Hyderabad,Mutton (Average Quality),"[1932.32, 1949.36, 1970.41, 1978.8, 1987.86, 2036.92, 2049.0, 2136.97, 2140.29, 2140.29, 2143.69, 2157.36]","[1, 2, 3, 4, 5, 6, 7, 8, 9, 10, 11, 12]","[17.04, 21.05, 8.39, 9.06, 49.06, 12.08, 87.97, 3.32, 0.0, 3.4, 13.67]","[0.008818, 0.010798, 0.004258, 0.004579, 0.02468, 0.005931, 0.042933, 0.001554, 0.0, 0.001589, 0.006377]",11
W3,Hyderabad,Onions,"[56.58, 48.15, 44.04, 55.61, 51.49, 62.85, 74.95, 109.3, 135.0, 78.15, 58.96, 55.26]","[1, 2, 3, 4, 5, 6, 7, 8, 9, 10, 11, 12]","[-8.43, -4.11, 11.57, -4.12, 11.36, 12.1, 34.35, 25.7, -56.85, -19.19, -3.7]","[-0.148993, -0.085358, 0.262716, -0.074087, 0.220625, 0.192522, 0.458306, 0.235133, -0.421111, -0.245553, -0.062754]",11
W3,Hyderabad,Petrol Super,"[257.8, 256.78, 254.67, 269.22, 272.25, 266.87, 266.87, 268.46, 268.67, 266.69, 256.33, 258.8]","[1, 2, 3, 4, 5, 6, 7, 8, 9, 10, 11, 12]","[-1.02, -2.11, 14.55, 3.03, -5.38, 0.0, 1.59, 0.21, -1.98, -10.36, 2.47]","[-0.003957, -0.008217, 0.057133, 0.011255, -0.019761, 0.0, 0.005958, 0.000782, -0.00737, -0.038847, 0.009636]",11
W3,Hyderabad,Potatoes,"[56.3, 68.75, 56.85, 74.01, 73.68, 65.39, 69.7, 69.05, 65.06, 52.56, 37.86, 34.63]","[1, 2, 3, 4, 5, 6, 7, 8, 9, 10, 11, 12]","[12.45, -11.9, 17.16, -0.33, -8.29, 4.31, -0.65, -3.99, -12.5, -14.7, -3.23]","[0.221137, -0.173091, 0.301847, -0.004459, -0.112514, 0.065912, -0.009326, -0.057784, -0.19213, -0.27968, -0.085314]",11
W3,Hyderabad,Powdered Milk NIDO 390 gm Polybag,"[1061.66, 1061.66, 1061.66, 1097.49, 1097.49, 1097.49, 1097.49, 1120.79, 1163.32, 1164.15, 1164.99, 1164.99]","[1, 2, 3, 4, 5, 6, 7, 8, 9, 10, 11, 12]","[0.0, 0.0, 35.83, 0.0, 0.0, 0.0, 23.3, 42.53, 0.83, 0.84, 0.0]","[0.0, 0.0, 0.033749, 0.0, 0.0, 0.0, 0.02123, 0.037946, 0.000713, 0.000722, 0.0]",11
W3,Hyderabad,Pulse Gram,"[304.1, 295.75, 297.47, 297.47, 297.47, 294.9, 294.9, 290.2, 274.72, 254.51, 244.52, 245.92]","[1, 2, 3, 4, 5, 6, 7, 8, 9, 10, 11, 12]","[-8.35, 1.72, 0.0, 0.0, -2.57, 0.0, -4.7, -15.48, -20.21, -9.99, 1.4]","[-0.027458, 0.005816, 0.0, 0.0, -0.00864, 0.0, -0.015938, -0.053343, -0.073566, -0.039252, 0.005726]",11
W3,Hyderabad,Pulse Mash (Washed),"[437.9, 424.72, 430.28, 421.63, 421.63, 415.09, 404.69, 398.29, 397.88, 381.71, 373.97, 428.05]","[1, 2, 3, 4, 5, 6, 7, 8, 9, 10, 11, 12]","[-13.18, 5.56, -8.65, 0.0, -6.54, -10.4, -6.4, -0.41, -16.17, -7.74, 54.08]","[-0.030098, 0.013091, -0.020103, 0.0, -0.015511, -0.025055, -0.015815, -0.001029, -0.04064, -0.020277, 0.144611]",11
W3,Hyderabad,Pulse Masoor (Washed),"[302.42, 292.75, 291.5, 299.78, 299.78, 299.78, 299.78, 293.77, 289.83, 271.93, 251.5, 248.74]","[1, 2, 3, 4, 5, 6, 7, 8, 9, 10, 11, 12]","[-9.67, -1.25, 8.28, 0.0, 0.0, 0.0, -6.01, -3.94, -17.9, -20.43, -2.76]","[-0.031975, -0.00427, 0.028405, 0.0, 0.0, 0.0, -0.020048, -0.013412, -0.06176, -0.07513, -0.010974]",11
W3,Hyderabad,Pulse Moong (Washed),"[414.91, 411.55, 414.5, 419.16, 413.58, 410.32, 404.65, 395.27, 391.36, 384.49, 386.54, 391.54]","[1, 2, 3, 4, 5, 6, 7, 8, 9, 10, 11, 12]","[-3.36, 2.95, 4.66, -5.58, -3.26, -5.67, -9.38, -3.91, -6.87, 2.05, 5.0]","[-0.008098, 0.007168, 0.011242, -0.013312, -0.007882, -0.013818, -0.023181, -0.009892, -0.017554, 0.005332, 0.012935]",11
W3,Hyderabad,Rice Basmati Broken (Average Quality),"[208.33, 205.66, 205.66, 206.46, 206.46, 206.46, 211.44, 213.12, 213.12, 213.12, 213.12, 213.12]","[1, 2, 3, 4, 5, 6, 7, 8, 9, 10, 11, 12]","[-2.67, 0.0, 0.8, 0.0, 0.0, 4.98, 1.68, 0.0, 0.0, 0.0, 0.0]","[-0.012816, 0.0, 0.00389, 0.0, 0.0, 0.024121, 0.007946, 0.0, 0.0, 0.0, 0.0]",11
W3,Hyderabad,Rice IRRI-6/9 (Sindh/Punjab),"[146.54, 146.54, 146.54, 146.54, 146.04, 143.46, 144.81, 146.37, 146.37, 144.81, 143.26, 134.2]","[1, 2, 3, 4, 5, 6, 7, 8, 9, 10, 11, 12]","[0.0, 0.0, 0.0, -0.5, -2.58, 1.35, 1.56, 0.0, -1.56, -1.55, -9.06]","[0.0, 0.0, 0.0, -0.003412, -0.017666, 0.00941, 0.010773, 0.0, -0.010658, -0.010704, -0.063242]",11
W3,Hyderabad,Salt Powdered (NATIONAL/SHAN) 800 gm Packet,"[70.0, 70.0, 70.0, 70.0, 70.0, 70.0, 70.0, 70.0, 71.58, 69.52, 63.16, 63.16]","[1, 2, 3, 4, 5, 6, 7, 8, 9, 10, 11, 12]","[0.0, 0.0, 0.0, 0.0, 0.0, 0.0, 0.0, 1.58, -2.06, -6.36, 0.0]","[0.0, 0.0, 0.0, 0.0, 0.0, 0.0, 0.0, 0.022571, -0.028779, -0.091484, 0.0]",11
W3,Hyderabad,Shirting (Average Quality),"[464.76, 464.76, 464.76, 464.76, 472.01, 482.06, 523.35, 528.59, 555.98, 572.13, 575.09, 579.56]","[1, 2, 3, 4, 5, 6, 7, 8, 9, 10, 11, 12]","[0.0, 0.0, 0.0, 7.25, 10.05, 41.29, 5.24, 27.39, 16.15, 2.96, 4.47]","[0.0, 0.0, 0.0, 0.015599, 0.021292, 0.085653, 0.010012, 0.051817, 0.029048, 0.005174, 0.007773]",11
W3,Hyderabad,Sufi Washing Soap 250 gm Cake,"[130.0, 130.0, 130.0, 130.0, 130.0, 130.0, 130.0, 130.0, 130.0, 130.0, 130.0, 130.0]","[1, 2, 3, 4, 5, 6, 7, 8, 9, 10, 11, 12]","[0.0, 0.0, 0.0, 0.0, 0.0, 0.0, 0.0, 0.0, 0.0, 0.0, 0.0]","[0.0, 0.0, 0.0, 0.0, 0.0, 0.0, 0.0, 0.0, 0.0, 0.0, 0.0]",11
W3,Hyderabad,Sugar Refined,"[167.13, 168.11, 174.87, 182.07, 183.03, 181.65, 187.58, 188.4, 193.86, 166.57, 149.39, 147.87]","[1, 2, 3, 4, 5, 6, 7, 8, 9, 10, 11, 12]","[0.98, 6.76, 7.2, 0.96, -1.38, 5.93, 0.82, 5.46, -27.29, -17.18, -1.52]","[0.005864, 0.040212, 0.041173, 0.005273, -0.00754, 0.032645, 0.004371, 0.028981, -0.140772, -0.10314, -0.010175]",11
W3,Hyderabad,Tea Lipton Yellow Label 190 gm Packet,"[469.29, 447.06, 447.06, 447.06, 447.06, 447.06, 447.06, 447.06, 447.06, 447.06, 447.06, 447.06]","[1, 2, 3, 4, 5, 6, 7, 8, 9, 10, 11, 12]","[-22.23, 0.0, 0.0, 0.0, 0.0, 0.0, 0.0, 0.0, 0.0, 0.0, 0.0]","[-0.047369, 0.0, 0.0, 0.0, 0.0, 0.0, 0.0, 0.0, 0.0, 0.0, 0.0]",11
W3,Hyderabad,Tea Prepared Ordinary,"[71.45, 71.45, 71.45, 71.45, 71.45, 71.45, 71.45, 71.45, 71.45, 71.45, 71.45, 71.45]","[1, 2, 3, 4, 5, 6, 7, 8, 9, 10, 11, 12]","[0.0, 0.0, 0.0, 0.0, 0.0, 0.0, 0.0, 0.0, 0.0, 0.0, 0.0]","[0.0, 0.0, 0.0, 0.0, 0.0, 0.0, 0.0, 0.0, 0.0, 0.0, 0.0]",11
W3,Hyderabad,Telephone Call Charges,"[1.79, 1.79, 1.79, 1.79, 1.79, 1.79, 1.79, 1.79, 1.79, 1.79, 1.79, 1.79]","[1, 2, 3, 4, 5, 6, 7, 8, 9, 10, 11, 12]","[0.0, 0.0, 0.0, 0.0, 0.0, 0.0, 0.0, 0.0, 0.0, 0.0, 0.0]","[0.0, 0.0, 0.0, 0.0, 0.0, 0.0, 0.0, 0.0, 0.0, 0.0, 0.0]",11
W3,Hyderabad,Toilet Soap LIFEBUOY 115 gm,"[99.74, 103.62, 116.17, 116.17, 116.17, 116.17, 116.17, 116.17, 116.17, 116.17, 116.17, 116.17]","[1, 2, 3, 4, 5, 6, 7, 8, 9, 10, 11, 12]","[3.88, 12.55, 0.0, 0.0, 0.0, 0.0, 0.0, 0.0, 0.0, 0.0, 0.0]","[0.038901, 0.121116, 0.0, 0.0, 0.0, 0.0, 0.0, 0.0, 0.0, 0.0, 0.0]",11
W3,Hyderabad,Tomatoes,"[37.61, 43.86, 60.68, 87.89, 86.43, 107.68, 172.18, 217.17, 105.48, 43.58, 52.53, 71.81]","[1, 2, 3, 4, 5, 6, 7, 8, 9, 10, 11, 12]","[6.25, 16.82, 27.21, -1.46, 21.25, 64.5, 44.99, -111.69, -61.9, 8.95, 19.28]","[0.166179, 0.383493, 0.448418, -0.016612, 0.245864, 0.598997, 0.261296, -0.514298, -0.586841, 0.205369, 0.367028]",11
W3,Hyderabad,Vegetable Ghee DALDA/HABIB 2.5 kg Tin,"[1485.0, 1485.0, 1485.0, 1460.0, 1460.0, 1460.0, 1460.0, 1479.95, 1500.0, 1500.0, 1558.71, 1515.0]","[1, 2, 3, 4, 5, 6, 7, 8, 9, 10, 11, 12]","[0.0, 0.0, -25.0, 0.0, 0.0, 0.0, 19.95, 20.05, 0.0, 58.71, -43.71]","[0.0, 0.0, -0.016835, 0.0, 0.0, 0.0, 0.013664, 0.013548, 0.0, 0.03914, -0.028042]",11
W3,Hyderabad,Vegetable Ghee DALDA/HABIB or Other Superior Quality 1 kg Pouch,"[581.73, 579.0, 579.0, 569.0, 569.0, 569.0, 569.0, 579.76, 585.0, 590.24, 591.2, 590.0]","[1, 2, 3, 4, 5, 6, 7, 8, 9, 10, 11, 12]","[-2.73, 0.0, -10.0, 0.0, 0.0, 0.0, 10.76, 5.24, 5.24, 0.96, -1.2]","[-0.004693, 0.0, -0.017271, 0.0, 0.0, 0.0, 0.01891, 0.009038, 0.008957, 0.001626, -0.00203]",11
W3,Hyderabad,Wheat Flour Bag,"[1913.47, 1760.79, 1633.92, 1674.92, 1672.91, 1718.79, 2322.93, 2367.59, 2389.11, 2403.26, 2589.4, 2633.2]","[1, 2, 3, 4, 5, 6, 7, 8, 9, 10, 11, 12]","[-152.68, -126.87, 41.0, -2.01, 45.88, 604.14, 44.66, 21.52, 14.15, 186.14, 43.8]","[-0.079792, -0.072053, 0.025093, -0.0012, 0.027425, 0.351491, 0.019226, 0.009089, 0.005923, 0.077453, 0.016915]",11
W3,Islamabad,Bananas (Kela) Local,"[344.59, 327.25, 298.2, 293.84, 284.6, 239.86, 222.91, 213.06, 213.73, 216.0, 233.51, 339.38]","[1, 2, 3, 4, 5, 6, 7, 8, 9, 10, 11, 12]","[-17.34, -29.05, -4.36, -9.24, -44.74, -16.95, -9.85, 0.67, 2.27, 17.51, 105.87]","[-0.050321, -0.08877, -0.014621, -0.031446, -0.157203, -0.070666, -0.044188, 0.003145, 0.010621, 0.081065, 0.453385]",11
W3,Islamabad,Beef with Bone (Average Quality),"[1295.76, 1343.3, 1378.95, 1378.95, 1378.95, 1378.95, 1378.95, 1393.81, 1403.8, 1403.8, 1415.47, 1443.37]","[1, 2, 3, 4, 5, 6, 7, 8, 9, 10, 11, 12]","[47.54, 35.65, 0.0, 0.0, 0.0, 0.0, 14.86, 9.99, 0.0, 11.67, 27.9]","[0.036689, 0.026539, 0.0, 0.0, 0.0, 0.0, 0.010776, 0.007167, 0.0, 0.008313, 0.019711]",11
W3,Islamabad,Bread plain (Small Size),"[110.0, 110.0, 110.0, 110.0, 110.0, 110.0, 110.0, 110.0, 110.0, 110.0, 110.0, 110.0]","[1, 2, 3, 4, 5, 6, 7, 8, 9, 10, 11, 12]","[0.0, 0.0, 0.0, 0.0, 0.0, 0.0, 0.0, 0.0, 0.0, 0.0, 0.0]","[0.0, 0.0, 0.0, 0.0, 0.0, 0.0, 0.0, 0.0, 0.0, 0.0, 0.0]",11
W3,Islamabad,Chicken Farm Broiler (Live),"[491.33, 450.24, 441.72, 355.27, 416.43, 450.44, 417.7, 333.72, 366.7, 378.04, 422.42, 370.1]","[1, 2, 3, 4, 5, 6, 7, 8, 9, 10, 11, 12]","[-41.09, -8.52, -86.45, 61.16, 34.01, -32.74, -83.98, 32.98, 11.34, 44.38, -52.32]","[-0.08363, -0.018923, -0.195712, 0.172151, 0.08167, -0.072684, -0.201053, 0.098825, 0.030924, 0.117395, -0.123858]",11
W3,Islamabad,Chilies Powder NATIONAL 200 gm Packet,"[320.0, 320.0, 320.0, 320.0, 320.0, 320.0, 320.0, 320.0, 320.0, 334.05, 380.0, 380.0]","[1, 2, 3, 4, 5, 6, 7, 8, 9, 10, 11, 12]","[0.0, 0.0, 0.0, 0.0, 0.0, 0.0, 0.0, 0.0, 14.05, 45.95, 0.0]","[0.0, 0.0, 0.0, 0.0, 0.0, 0.0, 0.0, 0.0, 0.043906, 0.137554, 0.0]",11
W3,Islamabad,Cigarettes Capstan 20'S Packet,"[245.7, 249.57, 250.0, 250.0, 250.0, 250.0, 250.0, 250.0, 250.0, 250.0, 250.0, 250.0]","[1, 2, 3, 4, 5, 6, 7, 8, 9, 10, 11, 12]","[3.87, 0.43, 0.0, 0.0, 0.0, 0.0, 0.0, 0.0, 0.0, 0.0, 0.0]","[0.015751, 0.001723, 0.0, 0.0, 0.0, 0.0, 0.0, 0.0, 0.0, 0.0, 0.0]",11
W3,Islamabad,Cooked Beef at Average Hotel,"[344.81, 351.73, 354.07, 354.07, 354.07, 354.07, 354.07, 354.07, 354.07, 354.07, 354.07, 354.07]","[1, 2, 3, 4, 5, 6, 7, 8, 9, 10, 11, 12]","[6.92, 2.34, 0.0, 0.0, 0.0, 0.0, 0.0, 0.0, 0.0, 0.0, 0.0]","[0.020069, 0.006653, 0.0, 0.0, 0.0, 0.0, 0.0, 0.0, 0.0, 0.0, 0.0]",11
W3,Islamabad,Cooked Daal at Average Hotel,"[241.4, 241.4, 241.4, 241.4, 241.4, 241.4, 241.4, 241.4, 241.4, 241.4, 241.4, 241.4]","[1, 2, 3, 4, 5, 6, 7, 8, 9, 10, 11, 12]","[0.0, 0.0, 0.0, 0.0, 0.0, 0.0, 0.0, 0.0, 0.0, 0.0, 0.0]","[0.0, 0.0, 0.0, 0.0, 0.0, 0.0, 0.0, 0.0, 0.0, 0.0, 0.0]",11
W3,Islamabad,Curd (Dahi) Loose,"[240.0, 240.41, 241.64, 241.64, 244.61, 251.18, 253.88, 254.09, 254.09, 254.09, 254.09, 254.92]","[1, 2, 3, 4, 5, 6, 7, 8, 9, 10, 11, 12]","[0.41, 1.23, 0.0, 2.97, 6.57, 2.7, 0.21, 0.0, 0.0, 0.0, 0.83]","[0.001708, 0.005116, 0.0, 0.012291, 0.026859, 0.010749, 0.000827, 0.0, 0.0, 0.0, 0.003267]",11
W3,Islamabad,Eggs Hen (Farm),"[283.92, 242.32, 296.25, 265.63, 274.56, 302.15, 315.47, 332.27, 354.02, 363.35, 347.08, 275.02]","[1, 2, 3, 4, 5, 6, 7, 8, 9, 10, 11, 12]","[-41.6, 53.93, -30.62, 8.93, 27.59, 13.32, 16.8, 21.75, 9.33, -16.27, -72.06]","[-0.14652, 0.222557, -0.103359, 0.033618, 0.100488, 0.044084, 0.053254, 0.065459, 0.026354, -0.044778, -0.207618]",11
W3,Islamabad,Electricity Charges upto 50 Units,"[6.0, 5.69, 4.72, 4.66, 5.04, 5.4, 4.99, 4.83, 5.24, 6.02, 6.1, 6.55]","[1, 2, 3, 4, 5, 6, 7, 8, 9, 10, 11, 12]","[-0.31, -0.97, -0.06, 0.38, 0.36, -0.41, -0.16, 0.41, 0.78, 0.08, 0.45]","[-0.051667, -0.170475, -0.012712, 0.081545, 0.071429, -0.075926, -0.032064, 0.084886, 0.148855, 0.013289, 0.07377]",11
W3,Islamabad,Energy Saver Philips 14 Watt,"[276.63, 276.63, 276.63, 276.63, 276.63, 276.63, 276.63, 276.63, 276.63, 276.63, 276.63, 276.63]","[1, 2, 3, 4, 5, 6, 7, 8, 9, 10, 11, 12]","[0.0, 0.0, 0.0, 0.0, 0.0, 0.0, 0.0, 0.0, 0.0, 0.0, 0.0]","[0.0, 0.0, 0.0, 0.0, 0.0, 0.0, 0.0, 0.0, 0.0, 0.0, 0.0]",11
W3,Islamabad,Firewood Whole,"[2089.01, 2089.01, 2089.01, 2089.01, 2089.01, 2089.01, 2089.01, 2129.12, 2139.27, 2139.27, 2139.27, 2139.27]","[1, 2, 3, 4, 5, 6, 7, 8, 9, 10, 11, 12]","[0.0, 0.0, 0.0, 0.0, 0.0, 0.0, 40.11, 10.15, 0.0, 0.0, 0.0]","[0.0, 0.0, 0.0, 0.0, 0.0, 0.0, 0.0192, 0.004767, 0.0, 0.0, 0.0]",11
W3,Islamabad,Garlic (Lehsun),"[696.41, 586.99, 546.72, 443.27, 436.52, 407.12, 407.12, 447.63, 464.32, 473.09, 492.97, 533.08]","[1, 2, 3, 4, 5, 6, 7, 8, 9, 10, 11, 12]","[-109.42, -40.27, -103.45, -6.75, -29.4, 0.0, 40.51, 16.69, 8.77, 19.88, 40.11]","[-0.15712, -0.068604, -0.189219, -0.015228, -0.067351, 0.0, 0.099504, 0.037285, 0.018888, 0.042022, 0.081364]",11
W3,Islamabad,Gents Sandal Bata,"[2499.0, 2499.0, 2499.0, 2499.0, 2499.0, 2499.0, 2499.0, 2499.0, 2499.0, 2499.0, 2499.0, 2499.0]","[1, 2, 3, 4, 5, 6, 7, 8, 9, 10, 11, 12]","[0.0, 0.0, 0.0, 0.0, 0.0, 0.0, 0.0, 0.0, 0.0, 0.0, 0.0]","[0.0, 0.0, 0.0, 0.0, 0.0, 0.0, 0.0, 0.0, 0.0, 0.0, 0.0]",11
W3,Islamabad,Gents Sponge Chappal Bata,"[599.0, 599.0, 599.0, 599.0, 599.0, 599.0, 599.0, 599.0, 599.0, 599.0, 599.0, 599.0]","[1, 2, 3, 4, 5, 6, 7, 8, 9, 10, 11, 12]","[0.0, 0.0, 0.0, 0.0, 0.0, 0.0, 0.0, 0.0, 0.0, 0.0, 0.0]","[0.0, 0.0, 0.0, 0.0, 0.0, 0.0, 0.0, 0.0, 0.0, 0.0, 0.0]",11
W3,Islamabad,Georgette (Average Quality),"[394.66, 394.66, 394.66, 394.66, 394.66, 394.66, 394.66, 394.66, 394.66, 394.66, 394.66, 394.66]","[1, 2, 3, 4, 5, 6, 7, 8, 9, 10, 11, 12]","[0.0, 0.0, 0.0, 0.0, 0.0, 0.0, 0.0, 0.0, 0.0, 0.0, 0.0]","[0.0, 0.0, 0.0, 0.0, 0.0, 0.0, 0.0, 0.0, 0.0, 0.0, 0.0]",11
W3,Islamabad,Gur (Average Quality),"[254.15, 260.2, 260.2, 268.61, 273.42, 274.63, 274.63, 274.63, 274.63, 271.28, 267.97, 267.97]","[1, 2, 3, 4, 5, 6, 7, 8, 9, 10, 11, 12]","[6.05, 0.0, 8.41, 4.81, 1.21, 0.0, 0.0, 0.0, -3.35, -3.31, 0.0]","[0.023805, 0.0, 0.032321, 0.017907, 0.004425, 0.0, 0.0, 0.0, -0.012198, -0.012201, 0.0]",11
W3,Islamabad,Hi-Speed Diesel,"[259.57, 259.57, 256.56, 273.9, 280.51, 280.3, 272.62, 277.22, 282.68, 273.83, 258.31, 273.24]","[1, 2, 3, 4, 5, 6, 7, 8, 9, 10, 11, 12]","[0.0, -3.01, 17.34, 6.61, -0.21, -7.68, 4.6, 5.46, -8.85, -15.52, 14.93]","[0.0, -0.011596, 0.067587, 0.024133, -0.000749, -0.027399, 0.016873, 0.019696, -0.031307, -0.056678, 0.057799]",11
W3,Islamabad,LPG 11.67 kg Cylinder,"[3408.03, 3546.26, 3424.03, 3312.33, 3282.24, 3062.32, 3174.56, 3244.79, 3337.76, 3695.46, 3728.42, 3798.0]","[1, 2, 3, 4, 5, 6, 7, 8, 9, 10, 11, 12]","[138.23, -122.23, -111.7, -30.09, -219.92, 112.24, 70.23, 92.97, 357.7, 32.96, 69.58]","[0.04056, -0.034467, -0.032622, -0.009084, -0.067003, 0.036652, 0.022123, 0.028652, 0.107168, 0.008919, 0.018662]",11
W3,Islamabad,Ladies Sandal Bata,"[1399.0, 1399.0, 1399.0, 1399.0, 1399.0, 1399.0, 1399.0, 1399.0, 1399.0, 1399.0, 1399.0, 1399.0]","[1, 2, 3, 4, 5, 6, 7, 8, 9, 10, 11, 12]","[0.0, 0.0, 0.0, 0.0, 0.0, 0.0, 0.0, 0.0, 0.0, 0.0, 0.0]","[0.0, 0.0, 0.0, 0.0, 0.0, 0.0, 0.0, 0.0, 0.0, 0.0, 0.0]",11
W3,Islamabad,Lawn Printed Gul Ahmed/Al Karam,"[579.0, 632.11, 654.49, 662.12, 662.12, 662.12, 662.12, 662.12, 662.12, 662.12, 662.12, 662.12]","[1, 2, 3, 4, 5, 6, 7, 8, 9, 10, 11, 12]","[53.11, 22.38, 7.63, 0.0, 0.0, 0.0, 0.0, 0.0, 0.0, 0.0, 0.0]","[0.091727, 0.035405, 0.011658, 0.0, 0.0, 0.0, 0.0, 0.0, 0.0, 0.0, 0.0]",11
W3,Islamabad,"Long Cloth 57"" Gul Ahmed/Al Karam","[679.43, 688.24, 725.41, 738.24, 738.24, 738.24, 738.24, 738.24, 738.24, 738.24, 738.24, 742.57]","[1, 2, 3, 4, 5, 6, 7, 8, 9, 10, 11, 12]","[8.81, 37.17, 12.83, 0.0, 0.0, 0.0, 0.0, 0.0, 0.0, 0.0, 4.33]","[0.012967, 0.054007, 0.017687, 0.0, 0.0, 0.0, 0.0, 0.0, 0.0, 0.0, 0.005865]",11
W3,Islamabad,Match Box,"[6.0, 6.0, 6.0, 6.0, 6.0, 6.0, 6.0, 6.0, 6.0, 6.0, 6.0, 6.0]","[1, 2, 3, 4, 5, 6, 7, 8, 9, 10, 11, 12]","[0.0, 0.0, 0.0, 0.0, 0.0, 0.0, 0.0, 0.0, 0.0, 0.0, 0.0]","[0.0, 0.0, 0.0, 0.0, 0.0, 0.0, 0.0, 0.0, 0.0, 0.0, 0.0]",11
W3,Islamabad,Milk fresh (Un-boiled),"[224.04, 224.04, 224.04, 224.04, 226.67, 230.7, 234.67, 235.71, 235.71, 235.71, 235.71, 236.34]","[1, 2, 3, 4, 5, 6, 7, 8, 9, 10, 11, 12]","[0.0, 0.0, 0.0, 2.63, 4.03, 3.97, 1.04, 0.0, 0.0, 0.0, 0.63]","[0.0, 0.0, 0.0, 0.011739, 0.017779, 0.017208, 0.004432, 0.0, 0.0, 0.0, 0.002673]",11
W3,Islamabad,Mustard Oil (Average Quality),"[643.22, 643.22, 643.22, 643.22, 643.22, 643.22, 643.22, 648.63, 652.26, 652.26, 679.48, 686.46]","[1, 2, 3, 4, 5, 6, 7, 8, 9, 10, 11, 12]","[0.0, 0.0, 0.0, 0.0, 0.0, 0.0, 5.41, 3.63, 0.0, 27.22, 6.98]","[0.0, 0.0, 0.0, 0.0, 0.0, 0.0, 0.008411, 0.005596, 0.0, 0.041732, 0.010273]",11
W3,Islamabad,Mutton (Average Quality),"[2312.22, 2350.79, 2385.18, 2387.23, 2387.23, 2387.23, 2402.66, 2437.76, 2484.08, 2491.43, 2522.16, 2572.39]","[1, 2, 3, 4, 5, 6, 7, 8, 9, 10, 11, 12]","[38.57, 34.39, 2.05, 0.0, 0.0, 15.43, 35.1, 46.32, 7.35, 30.73, 50.23]","[0.016681, 0.014629, 0.000859, 0.0, 0.0, 0.006464, 0.014609, 0.019001, 0.002959, 0.012334, 0.019915]",11
W3,Islamabad,Onions,"[94.1, 81.76, 69.36, 69.31, 73.98, 97.64, 127.81, 150.54, 185.48, 139.12, 104.76, 93.52]","[1, 2, 3, 4, 5, 6, 7, 8, 9, 10, 11, 12]","[-12.34, -12.4, -0.05, 4.67, 23.66, 30.17, 22.73, 34.94, -46.36, -34.36, -11.24]","[-0.131137, -0.151663, -0.000721, 0.067378, 0.319816, 0.308992, 0.177842, 0.232098, -0.249946, -0.246981, -0.107293]",11
W3,Islamabad,Petrol Super,"[256.56, 255.55, 253.55, 267.66, 270.9, 265.57, 265.57, 266.52, 266.7, 264.72, 254.4, 256.89]","[1, 2, 3, 4, 5, 6, 7, 8, 9, 10, 11, 12]","[-1.01, -2.0, 14.11, 3.24, -5.33, 0.0, 0.95, 0.18, -1.98, -10.32, 2.49]","[-0.003937, -0.007826, 0.05565, 0.012105, -0.019675, 0.0, 0.003577, 0.000675, -0.007424, -0.038985, 0.009788]",11
W3,Islamabad,Potatoes,"[79.09, 71.21, 81.96, 105.41, 103.45, 103.95, 110.97, 117.61, 107.18, 89.21, 66.94, 60.77]","[1, 2, 3, 4, 5, 6, 7, 8, 9, 10, 11, 12]","[-7.88, 10.75, 23.45, -1.96, 0.5, 7.02, 6.64, -10.43, -17.97, -22.27, -6.17]","[-0.099633, 0.150962, 0.286115, -0.018594, 0.004833, 0.067532, 0.059836, -0.088683, -0.167662, -0.249636, -0.092172]",11
W3,Islamabad,Powdered Milk NIDO 390 gm Polybag,"[1077.37, 1077.37, 1094.3, 1100.0, 1119.03, 1138.28, 1138.28, 1146.28, 1148.29, 1148.29, 1148.29, 1148.29]","[1, 2, 3, 4, 5, 6, 7, 8, 9, 10, 11, 12]","[0.0, 16.93, 5.7, 19.03, 19.25, 0.0, 8.0, 2.01, 0.0, 0.0, 0.0]","[0.0, 0.015714, 0.005209, 0.0173, 0.017202, 0.0, 0.007028, 0.001753, 0.0, 0.0, 0.0]",11
W3,Islamabad,Pulse Gram,"[375.66, 364.63, 364.63, 364.63, 364.63, 354.01, 342.86, 337.91, 316.82, 308.1, 296.75, 308.38]","[1, 2, 3, 4, 5, 6, 7, 8, 9, 10, 11, 12]","[-11.03, 0.0, 0.0, 0.0, -10.62, -11.15, -4.95, -21.09, -8.72, -11.35, 11.63]","[-0.029362, 0.0, 0.0, 0.0, -0.029125, -0.031496, -0.014437, -0.062413, -0.027524, -0.036839, 0.039191]",11
W3,Islamabad,Pulse Mash (Washed),"[503.75, 503.75, 503.75, 503.75, 503.75, 503.75, 503.75, 503.75, 498.76, 497.11, 498.93, 511.31]","[1, 2, 3, 4, 5, 6, 7, 8, 9, 10, 11, 12]","[0.0, 0.0, 0.0, 0.0, 0.0, 0.0, 0.0, -4.99, -1.65, 1.82, 12.38]","[0.0, 0.0, 0.0, 0.0, 0.0, 0.0, 0.0, -0.009906, -0.003308, 0.003661, 0.024813]",11
W3,Islamabad,Pulse Masoor (Washed),"[348.79, 348.79, 348.79, 353.83, 352.48, 339.13, 329.21, 322.99, 321.23, 316.07, 306.26, 293.87]","[1, 2, 3, 4, 5, 6, 7, 8, 9, 10, 11, 12]","[0.0, 0.0, 5.04, -1.35, -13.35, -9.92, -6.22, -1.76, -5.16, -9.81, -12.39]","[0.0, 0.0, 0.01445, -0.003815, -0.037874, -0.029251, -0.018894, -0.005449, -0.016063, -0.031037, -0.040456]",11
W3,Islamabad,Pulse Moong (Washed),"[432.27, 432.27, 432.27, 441.41, 439.71, 425.29, 419.95, 416.22, 413.61, 413.61, 413.61, 413.61]","[1, 2, 3, 4, 5, 6, 7, 8, 9, 10, 11, 12]","[0.0, 0.0, 9.14, -1.7, -14.42, -5.34, -3.73, -2.61, 0.0, 0.0, 0.0]","[0.0, 0.0, 0.021144, -0.003851, -0.032794, -0.012556, -0.008882, -0.006271, 0.0, 0.0, 0.0]",11
W3,Islamabad,Rice Basmati Broken (Average Quality),"[253.13, 253.13, 253.13, 261.51, 265.52, 266.53, 270.65, 274.83, 274.83, 274.83, 274.83, 274.83]","[1, 2, 3, 4, 5, 6, 7, 8, 9, 10, 11, 12]","[0.0, 0.0, 8.38, 4.01, 1.01, 4.12, 4.18, 0.0, 0.0, 0.0, 0.0]","[0.0, 0.0, 0.033106, 0.015334, 0.003804, 0.015458, 0.015444, 0.0, 0.0, 0.0, 0.0]",11
W3,Islamabad,Rice IRRI-6/9 (Sindh/Punjab),"[171.14, 171.14, 171.14, 178.64, 178.64, 178.64, 178.64, 178.64, 178.64, 178.64, 178.64, 178.64]","[1, 2, 3, 4, 5, 6, 7, 8, 9, 10, 11, 12]","[0.0, 0.0, 7.5, 0.0, 0.0, 0.0, 0.0, 0.0, 0.0, 0.0, 0.0]","[0.0, 0.0, 0.043824, 0.0, 0.0, 0.0, 0.0, 0.0, 0.0, 0.0, 0.0]",11
W3,Islamabad,Salt Powdered (NATIONAL/SHAN) 800 gm Packet,"[75.67, 75.67, 75.67, 75.67, 75.67, 75.04, 74.83, 74.83, 73.59, 70.0, 66.32, 60.0]","[1, 2, 3, 4, 5, 6, 7, 8, 9, 10, 11, 12]","[0.0, 0.0, 0.0, 0.0, -0.63, -0.21, 0.0, -1.24, -3.59, -3.68, -6.32]","[0.0, 0.0, 0.0, 0.0, -0.008326, -0.002799, 0.0, -0.016571, -0.048784, -0.052571, -0.095296]",11
W3,Islamabad,Shirting (Average Quality),"[701.62, 701.62, 701.62, 701.62, 701.62, 701.62, 701.62, 701.62, 701.62, 701.62, 701.62, 701.62]","[1, 2, 3, 4, 5, 6, 7, 8, 9, 10, 11, 12]","[0.0, 0.0, 0.0, 0.0, 0.0, 0.0, 0.0, 0.0, 0.0, 0.0, 0.0]","[0.0, 0.0, 0.0, 0.0, 0.0, 0.0, 0.0, 0.0, 0.0, 0.0, 0.0]",11
W3,Islamabad,Sufi Washing Soap 250 gm Cake,"[140.0, 140.0, 140.0, 140.0, 140.0, 140.0, 141.62, 143.26, 143.26, 144.5, 144.91, 144.91]","[1, 2, 3, 4, 5, 6, 7, 8, 9, 10, 11, 12]","[0.0, 0.0, 0.0, 0.0, 0.0, 1.62, 1.64, 0.0, 1.24, 0.41, 0.0]","[0.0, 0.0, 0.0, 0.0, 0.0, 0.011571, 0.01158, 0.0, 0.008656, 0.002837, 0.0]",11
W3,Islamabad,Sugar Refined,"[172.95, 170.62, 178.63, 192.15, 187.82, 176.97, 183.07, 187.23, 186.34, 170.77, 156.92, 156.82]","[1, 2, 3, 4, 5, 6, 7, 8, 9, 10, 11, 12]","[-2.33, 8.01, 13.52, -4.33, -10.85, 6.1, 4.16, -0.89, -15.57, -13.85, -0.1]","[-0.013472, 0.046946, 0.075687, -0.022534, -0.057768, 0.034469, 0.022724, -0.004754, -0.083557, -0.081103, -0.000637]",11
W3,Islamabad,Tea Lipton Yellow Label 190 gm Packet,"[447.06, 447.06, 447.06, 447.06, 447.06, 447.06, 447.06, 447.06, 447.06, 447.06, 447.06, 447.06]","[1, 2, 3, 4, 5, 6, 7, 8, 9, 10, 11, 12]","[0.0, 0.0, 0.0, 0.0, 0.0, 0.0, 0.0, 0.0, 0.0, 0.0, 0.0]","[0.0, 0.0, 0.0, 0.0, 0.0, 0.0, 0.0, 0.0, 0.0, 0.0, 0.0]",11
W3,Islamabad,Tea Prepared Ordinary,"[70.0, 70.0, 70.0, 70.0, 70.0, 70.0, 70.0, 70.0, 70.0, 70.0, 70.0, 70.0]","[1, 2, 3, 4, 5, 6, 7, 8, 9, 10, 11, 12]","[0.0, 0.0, 0.0, 0.0, 0.0, 0.0, 0.0, 0.0, 0.0, 0.0, 0.0]","[0.0, 0.0, 0.0, 0.0, 0.0, 0.0, 0.0, 0.0, 0.0, 0.0, 0.0]",11
W3,Islamabad,Telephone Call Charges,"[1.79, 1.79, 1.79, 1.79, 1.79, 1.79, 1.79, 1.79, 1.79, 1.79, 1.79, 1.79]","[1, 2, 3, 4, 5, 6, 7, 8, 9, 10, 11, 12]","[0.0, 0.0, 0.0, 0.0, 0.0, 0.0, 0.0, 0.0, 0.0, 0.0, 0.0]","[0.0, 0.0, 0.0, 0.0, 0.0, 0.0, 0.0, 0.0, 0.0, 0.0, 0.0]",11
W3,Islamabad,Toilet Soap LIFEBUOY 115 gm,"[116.17, 116.17, 116.17, 116.17, 116.17, 116.17, 116.17, 116.17, 116.17, 116.17, 116.17, 116.17]","[1, 2, 3, 4, 5, 6, 7, 8, 9, 10, 11, 12]","[0.0, 0.0, 0.0, 0.0, 0.0, 0.0, 0.0, 0.0, 0.0, 0.0, 0.0]","[0.0, 0.0, 0.0, 0.0, 0.0, 0.0, 0.0, 0.0, 0.0, 0.0, 0.0]",11
W3,Islamabad,Tomatoes,"[108.19, 100.64, 72.45, 97.41, 118.02, 138.79, 245.66, 323.7, 207.52, 124.48, 120.65, 123.85]","[1, 2, 3, 4, 5, 6, 7, 8, 9, 10, 11, 12]","[-7.55, -28.19, 24.96, 20.61, 20.77, 106.87, 78.04, -116.18, -83.04, -3.83, 3.2]","[-0.069785, -0.280107, 0.344513, 0.21158, 0.175987, 0.770012, 0.317675, -0.358913, -0.400154, -0.030768, 0.026523]",11
W3,Islamabad,Vegetable Ghee DALDA/HABIB 2.5 kg Tin,"[1485.0, 1472.45, 1460.0, 1460.0, 1460.0, 1460.0, 1464.97, 1495.98, 1521.66, 1588.54, 1556.65, 1515.0]","[1, 2, 3, 4, 5, 6, 7, 8, 9, 10, 11, 12]","[-12.55, -12.45, 0.0, 0.0, 0.0, 4.97, 31.01, 25.68, 66.88, -31.89, -41.65]","[-0.008451, -0.008455, 0.0, 0.0, 0.0, 0.003404, 0.021168, 0.017166, 0.043952, -0.020075, -0.026756]",11
W3,Islamabad,Wheat Flour Bag,"[1801.81, 1711.08, 1636.08, 1580.95, 1573.31, 1711.42, 2246.76, 2427.67, 2474.14, 2577.12, 2901.41, 2840.14]","[1, 2, 3, 4, 5, 6, 7, 8, 9, 10, 11, 12]","[-90.73, -75.0, -55.13, -7.64, 138.11, 535.34, 180.91, 46.47, 102.98, 324.29, -61.27]","[-0.050355, -0.043832, -0.033696, -0.004833, 0.087783, 0.312805, 0.08052, 0.019142, 0.041623, 0.125834, -0.021117]",11
W3,Karachi,Bananas (Kela) Local,"[191.36, 143.54, 128.91, 148.31, 142.58, 121.22, 112.18, 108.73, 112.56, 117.36, 122.82, 175.56]","[1, 2, 3, 4, 5, 6, 7, 8, 9, 10, 11, 12]","[-47.82, -14.63, 19.4, -5.73, -21.36, -9.04, -3.45, 3.83, 4.8, 5.46, 52.74]","[-0.249895, -0.101923, 0.150493, -0.038635, -0.149811, -0.074575, -0.030754, 0.035225, 0.042644, 0.046524, 0.429409]",11
W3,Karachi,Beef with Bone (Average Quality),"[1266.23, 1277.54, 1286.4, 1292.61, 1292.61, 1294.18, 1304.87, 1316.33, 1323.59, 1332.78, 1338.03, 1363.6]","[1, 2, 3, 4, 5, 6, 7, 8, 9, 10, 11, 12]","[11.31, 8.86, 6.21, 0.0, 1.57, 10.69, 11.46, 7.26, 9.19, 5.25, 25.57]","[0.008932, 0.006935, 0.004827, 0.0, 0.001215, 0.00826, 0.008782, 0.005515, 0.006943, 0.003939, 0.01911]",11
W3,Karachi,Bread plain (Small Size),"[110.0, 110.0, 110.0, 110.0, 110.0, 110.0, 110.0, 110.0, 110.0, 110.0, 110.0, 110.0]","[1, 2, 3, 4, 5, 6, 7, 8, 9, 10, 11, 12]","[0.0, 0.0, 0.0, 0.0, 0.0, 0.0, 0.0, 0.0, 0.0, 0.0, 0.0]","[0.0, 0.0, 0.0, 0.0, 0.0, 0.0, 0.0, 0.0, 0.0, 0.0, 0.0]",11
W3,Karachi,Chicken Farm Broiler (Live),"[528.28, 516.6, 499.48, 363.8, 426.7, 472.3, 440.04, 334.82, 357.21, 426.96, 420.35, 361.94]","[1, 2, 3, 4, 5, 6, 7, 8, 9, 10, 11, 12]","[-11.68, -17.12, -135.68, 62.9, 45.6, -32.26, -105.22, 22.39, 69.75, -6.61, -58.41]","[-0.022109, -0.03314, -0.271643, 0.172897, 0.106867, -0.068304, -0.239115, 0.066872, 0.195263, -0.015482, -0.138956]",11
W3,Karachi,Chilies Powder NATIONAL 200 gm Packet,"[320.0, 320.0, 320.0, 320.0, 320.0, 320.0, 320.0, 320.0, 320.0, 348.71, 380.0, 380.0]","[1, 2, 3, 4, 5, 6, 7, 8, 9, 10, 11, 12]","[0.0, 0.0, 0.0, 0.0, 0.0, 0.0, 0.0, 0.0, 28.71, 31.29, 0.0]","[0.0, 0.0, 0.0, 0.0, 0.0, 0.0, 0.0, 0.0, 0.089719, 0.089731, 0.0]",11
W3,Karachi,Cigarettes Capstan 20'S Packet,"[247.39, 249.84, 250.0, 250.0, 250.0, 250.0, 250.0, 250.0, 250.0, 250.0, 250.0, 250.0]","[1, 2, 3, 4, 5, 6, 7, 8, 9, 10, 11, 12]","[2.45, 0.16, 0.0, 0.0, 0.0, 0.0, 0.0, 0.0, 0.0, 0.0, 0.0]","[0.009903, 0.00064, 0.0, 0.0, 0.0, 0.0, 0.0, 0.0, 0.0, 0.0, 0.0]",11
W3,Karachi,Cooked Beef at Average Hotel,"[353.92, 353.92, 353.92, 355.31, 355.31, 355.31, 362.63, 371.01, 371.61, 371.61, 371.61, 371.61]","[1, 2, 3, 4, 5, 6, 7, 8, 9, 10, 11, 12]","[0.0, 0.0, 1.39, 0.0, 0.0, 7.32, 8.38, 0.6, 0.0, 0.0, 0.0]","[0.0, 0.0, 0.003927, 0.0, 0.0, 0.020602, 0.023109, 0.001617, 0.0, 0.0, 0.0]",11
W3,Karachi,Cooked Daal at Average Hotel,"[182.46, 182.46, 182.61, 183.05, 183.44, 183.7, 183.99, 184.29, 184.29, 184.29, 184.29, 184.29]","[1, 2, 3, 4, 5, 6, 7, 8, 9, 10, 11, 12]","[0.0, 0.15, 0.44, 0.39, 0.26, 0.29, 0.3, 0.0, 0.0, 0.0, 0.0]","[0.0, 0.000822, 0.00241, 0.002131, 0.001417, 0.001579, 0.001631, 0.0, 0.0, 0.0, 0.0]",11
W3,Karachi,"Cooking Oil DALDA or Other Similar Brand (SN), 5 Litre Tin","[2916.58, 2915.9, 2915.9, 2915.9, 2885.25, 2865.0, 2865.0, 2885.95, 2936.42, 2945.0, 2968.94, 2974.99]","[1, 2, 3, 4, 5, 6, 7, 8, 9, 10, 11, 12]","[-0.68, 0.0, 0.0, -30.65, -20.25, 0.0, 20.95, 50.47, 8.58, 23.94, 6.05]","[-0.000233, 0.0, 0.0, -0.010511, -0.007018, 0.0, 0.007312, 0.017488, 0.002922, 0.008129, 0.002038]",11
W3,Karachi,Curd (Dahi) Loose,"[335.48, 335.48, 335.48, 335.48, 335.48, 335.48, 335.48, 335.48, 335.48, 333.63, 331.8, 331.8]","[1, 2, 3, 4, 5, 6, 7, 8, 9, 10, 11, 12]","[0.0, 0.0, 0.0, 0.0, 0.0, 0.0, 0.0, 0.0, -1.85, -1.83, 0.0]","[0.0, 0.0, 0.0, 0.0, 0.0, 0.0, 0.0, 0.0, -0.005514, -0.005485, 0.0]",11
W3,Karachi,Eggs Hen (Farm),"[285.7, 249.81, 298.81, 267.79, 283.9, 315.62, 326.0, 339.67, 360.33, 366.69, 348.39, 279.23]","[1, 2, 3, 4, 5, 6, 7, 8, 9, 10, 11, 12]","[-35.89, 49.0, -31.02, 16.11, 31.72, 10.38, 13.67, 20.66, 6.36, -18.3, -69.16]","[-0.125621, 0.196149, -0.103812, 0.060159, 0.111729, 0.032888, 0.041933, 0.060824, 0.01765, -0.049906, -0.198513]",11
W3,Karachi,Electricity Charges upto 50 Units,"[6.0, 5.69, 4.72, 4.66, 5.04, 5.4, 4.99, 4.83, 5.24, 6.02, 6.1, 6.55]","[1, 2, 3, 4, 5, 6, 7, 8, 9, 10, 11, 12]","[-0.31, -0.97, -0.06, 0.38, 0.36, -0.41, -0.16, 0.41, 0.78, 0.08, 0.45]","[-0.051667, -0.170475, -0.012712, 0.081545, 0.071429, -0.075926, -0.032064, 0.084886, 0.148855, 0.013289, 0.07377]",11
W3,Karachi,Energy Saver Philips 14 Watt,"[350.0, 350.0, 350.0, 350.0, 350.0, 350.0, 350.0, 350.0, 350.0, 350.0, 350.0, 350.0]","[1, 2, 3, 4, 5, 6, 7, 8, 9, 10, 11, 12]","[0.0, 0.0, 0.0, 0.0, 0.0, 0.0, 0.0, 0.0, 0.0, 0.0, 0.0]","[0.0, 0.0, 0.0, 0.0, 0.0, 0.0, 0.0, 0.0, 0.0, 0.0, 0.0]",11
W3,Karachi,Firewood Whole,"[1343.26, 1336.76, 1324.65, 1314.25, 1315.9, 1317.0, 1317.0, 1317.0, 1321.74, 1361.73, 1384.95, 1386.19]","[1, 2, 3, 4, 5, 6, 7, 8, 9, 10, 11, 12]","[-6.5, -12.11, -10.4, 1.65, 1.1, 0.0, 0.0, 4.74, 39.99, 23.22, 1.24]","[-0.004839, -0.009059, -0.007851, 0.001255, 0.000836, 0.0, 0.0, 0.003599, 0.030256, 0.017052, 0.000895]",11
W3,Karachi,Garlic (Lehsun),"[555.95, 441.53, 398.16, 410.53, 426.29, 466.56, 475.34, 468.77, 461.63, 447.78, 434.17, 469.95]","[1, 2, 3, 4, 5, 6, 7, 8, 9, 10, 11, 12]","[-114.42, -43.37, 12.37, 15.76, 40.27, 8.78, -6.57, -7.14, -13.85, -13.61, 35.78]","[-0.20581, -0.098227, 0.031068, 0.038389, 0.094466, 0.018819, -0.013822, -0.015231, -0.030002, -0.030394, 0.08241]",11
W3,Karachi,Gas Charges upto 3.3719 MMBTU,"[1976.5, 1976.5, 1976.5, 1976.5, 2194.19, 2566.5, 2566.5, 2566.5, 2566.5, 2566.5, 2566.5, 2566.5]","[1, 2, 3, 4, 5, 6, 7, 8, 9, 10, 11, 12]","[0.0, 0.0, 0.0, 217.69, 372.31, 0.0, 0.0, 0.0, 0.0, 0.0, 0.0]","[0.0, 0.0, 0.0, 0.110139, 0.16968, 0.0, 0.0, 0.0, 0.0, 0.0, 0.0]",11
W3,Karachi,Gents Sandal Bata,"[2499.0, 2499.0, 2499.0, 2499.0, 2499.0, 2499.0, 2499.0, 2499.0, 2499.0, 2499.0, 2499.0, 2499.0]","[1, 2, 3, 4, 5, 6, 7, 8, 9, 10, 11, 12]","[0.0, 0.0, 0.0, 0.0, 0.0, 0.0, 0.0, 0.0, 0.0, 0.0, 0.0]","[0.0, 0.0, 0.0, 0.0, 0.0, 0.0, 0.0, 0.0, 0.0, 0.0, 0.0]",11
W3,Karachi,Gents Sponge Chappal Bata,"[599.0, 599.0, 599.0, 599.0, 599.0, 599.0, 599.0, 599.0, 599.0, 599.0, 599.0, 599.0]","[1, 2, 3, 4, 5, 6, 7, 8, 9, 10, 11, 12]","[0.0, 0.0, 0.0, 0.0, 0.0, 0.0, 0.0, 0.0, 0.0, 0.0, 0.0]","[0.0, 0.0, 0.0, 0.0, 0.0, 0.0, 0.0, 0.0, 0.0, 0.0, 0.0]",11
W3,Karachi,Georgette (Average Quality),"[335.32, 336.11, 336.11, 336.11, 336.11, 336.11, 336.11, 336.11, 359.62, 384.78, 384.78, 385.95]","[1, 2, 3, 4, 5, 6, 7, 8, 9, 10, 11, 12]","[0.79, 0.0, 0.0, 0.0, 0.0, 0.0, 0.0, 23.51, 25.16, 0.0, 1.17]","[0.002356, 0.0, 0.0, 0.0, 0.0, 0.0, 0.0, 0.069947, 0.069963, 0.0, 0.003041]",11
W3,Karachi,Gur (Average Quality),"[249.37, 249.22, 252.22, 261.35, 261.71, 263.17, 263.17, 263.17, 263.17, 262.58, 262.82, 262.58]","[1, 2, 3, 4, 5, 6, 7, 8, 9, 10, 11, 12]","[-0.15, 3.0, 9.13, 0.36, 1.46, 0.0, 0.0, 0.0, -0.59, 0.24, -0.24]","[-0.000602, 0.012038, 0.036199, 0.001377, 0.005579, 0.0, 0.0, 0.0, -0.002242, 0.000914, -0.000913]",11
W3,Karachi,Hi-Speed Diesel,"[259.65, 259.65, 256.64, 273.99, 280.77, 280.39, 272.54, 277.14, 282.6, 273.75, 258.23, 273.0]","[1, 2, 3, 4, 5, 6, 7, 8, 9, 10, 11, 12]","[0.0, -3.01, 17.35, 6.78, -0.38, -7.85, 4.6, 5.46, -8.85, -15.52, 14.77]","[0.0, -0.011593, 0.067604, 0.024745, -0.001353, -0.027997, 0.016878, 0.019701, -0.031316, -0.056694, 0.057197]",11
W3,Karachi,LPG 11.67 kg Cylinder,"[3174.08, 3167.27, 2888.47, 3025.86, 2864.94, 2697.7, 2933.28, 2853.22, 3008.79, 3311.72, 3313.29, 3400.61]","[1, 2, 3, 4, 5, 6, 7, 8, 9, 10, 11, 12]","[-6.81, -278.8, 137.39, -160.92, -167.24, 235.58, -80.06, 155.57, 302.93, 1.57, 87.32]","[-0.002146, -0.088025, 0.047565, -0.053182, -0.058375, 0.087326, -0.027294, 0.054524, 0.100682, 0.000474, 0.026354]",11
W3,Karachi,Ladies Sandal Bata,"[1399.0, 1399.0, 1399.0, 1399.0, 1399.0, 1399.0, 1399.0, 1399.0, 1399.0, 1399.0, 1399.0, 1399.0]","[1, 2, 3, 4, 5, 6, 7, 8, 9, 10, 11, 12]","[0.0, 0.0, 0.0, 0.0, 0.0, 0.0, 0.0, 0.0, 0.0, 0.0, 0.0]","[0.0, 0.0, 0.0, 0.0, 0.0, 0.0, 0.0, 0.0, 0.0, 0.0, 0.0]",11
W3,Karachi,Lawn Printed Gul Ahmed/Al Karam,"[662.91, 688.36, 714.79, 720.79, 720.79, 720.79, 720.79, 720.79, 720.79, 720.79, 720.79, 721.92]","[1, 2, 3, 4, 5, 6, 7, 8, 9, 10, 11, 12]","[25.45, 26.43, 6.0, 0.0, 0.0, 0.0, 0.0, 0.0, 0.0, 0.0, 1.13]","[0.038391, 0.038396, 0.008394, 0.0, 0.0, 0.0, 0.0, 0.0, 0.0, 0.0, 0.001568]",11
W3,Karachi,"Long Cloth 57"" Gul Ahmed/Al Karam","[726.84, 726.84, 730.27, 731.42, 731.42, 732.18, 732.95, 732.95, 732.95, 732.95, 732.95, 732.95]","[1, 2, 3, 4, 5, 6, 7, 8, 9, 10, 11, 12]","[0.0, 3.43, 1.15, 0.0, 0.76, 0.77, 0.0, 0.0, 0.0, 0.0, 0.0]","[0.0, 0.004719, 0.001575, 0.0, 0.001039, 0.001052, 0.0, 0.0, 0.0, 0.0, 0.0]",11
W3,Karachi,Match Box,"[7.0, 7.0, 7.0, 7.0, 7.0, 7.0, 7.0, 7.0, 7.0, 7.0, 7.0, 7.0]","[1, 2, 3, 4, 5, 6, 7, 8, 9, 10, 11, 12]","[0.0, 0.0, 0.0, 0.0, 0.0, 0.0, 0.0, 0.0, 0.0, 0.0, 0.0]","[0.0, 0.0, 0.0, 0.0, 0.0, 0.0, 0.0, 0.0, 0.0, 0.0, 0.0]",11
W3,Karachi,Milk fresh (Un-boiled),"[220.0, 220.0, 220.0, 220.0, 220.0, 220.0, 220.0, 220.0, 220.0, 220.0, 220.0, 220.0]","[1, 2, 3, 4, 5, 6, 7, 8, 9, 10, 11, 12]","[0.0, 0.0, 0.0, 0.0, 0.0, 0.0, 0.0, 0.0, 0.0, 0.0, 0.0]","[0.0, 0.0, 0.0, 0.0, 0.0, 0.0, 0.0, 0.0, 0.0, 0.0, 0.0]",11
W3,Karachi,Mustard Oil (Average Quality),"[571.96, 559.41, 541.68, 540.58, 540.58, 538.43, 539.29, 546.56, 557.76, 563.39, 563.7, 567.44]","[1, 2, 3, 4, 5, 6, 7, 8, 9, 10, 11, 12]","[-12.55, -17.73, -1.1, 0.0, -2.15, 0.86, 7.27, 11.2, 5.63, 0.31, 3.74]","[-0.021942, -0.031694, -0.002031, 0.0, -0.003977, 0.001597, 0.013481, 0.020492, 0.010094, 0.00055, 0.006635]",11
W3,Karachi,Mutton (Average Quality),"[2151.43, 2154.54, 2157.65, 2163.89, 2167.64, 2172.35, 2218.25, 2266.12, 2271.03, 2277.87, 2279.48, 2326.49]","[1, 2, 3, 4, 5, 6, 7, 8, 9, 10, 11, 12]","[3.11, 3.11, 6.24, 3.75, 4.71, 45.9, 47.87, 4.91, 6.84, 1.61, 47.01]","[0.001446, 0.001443, 0.002892, 0.001733, 0.002173, 0.021129, 0.02158, 0.002167, 0.003012, 0.000707, 0.020623]",11
W3,Karachi,Onions,"[69.13, 61.22, 49.07, 61.28, 58.04, 65.03, 80.25, 113.82, 137.82, 94.74, 68.42, 63.39]","[1, 2, 3, 4, 5, 6, 7, 8, 9, 10, 11, 12]","[-7.91, -12.15, 12.21, -3.24, 6.99, 15.22, 33.57, 24.0, -43.08, -26.32, -5.03]","[-0.114422, -0.198465, 0.248828, -0.052872, 0.120434, 0.234046, 0.418318, 0.210859, -0.312582, -0.277813, -0.073517]",11
W3,Karachi,Petrol Super,"[256.64, 255.63, 253.63, 267.8, 271.02, 265.66, 265.66, 266.44, 266.62, 264.64, 254.32, 256.81]","[1, 2, 3, 4, 5, 6, 7, 8, 9, 10, 11, 12]","[-1.01, -2.0, 14.17, 3.22, -5.36, 0.0, 0.78, 0.18, -1.98, -10.32, 2.49]","[-0.003935, -0.007824, 0.055869, 0.012024, -0.019777, 0.0, 0.002936, 0.000676, -0.007426, -0.038996, 0.009791]",11
W3,Karachi,Potatoes,"[67.84, 71.16, 68.07, 78.08, 76.28, 76.26, 76.63, 77.08, 78.08, 73.34, 55.82, 48.26]","[1, 2, 3, 4, 5, 6, 7, 8, 9, 10, 11, 12]","[3.32, -3.09, 10.01, -1.8, -0.02, 0.37, 0.45, 1.0, -4.74, -17.52, -7.56]","[0.048939, -0.043423, 0.147055, -0.023053, -0.000262, 0.004852, 0.005872, 0.012974, -0.060707, -0.238887, -0.135435]",11
W3,Karachi,Powdered Milk NIDO 390 gm Polybag,"[1015.66, 1015.66, 1038.83, 1062.62, 1064.25, 1065.34, 1065.34, 1065.34, 1125.23, 1139.92, 1144.18, 1144.49]","[1, 2, 3, 4, 5, 6, 7, 8, 9, 10, 11, 12]","[0.0, 23.17, 23.79, 1.63, 1.09, 0.0, 0.0, 59.89, 14.69, 4.26, 0.31]","[0.0, 0.022813, 0.022901, 0.001534, 0.001024, 0.0, 0.0, 0.056217, 0.013055, 0.003737, 0.000271]",11
W3,Karachi,Pulse Gram,"[309.06, 304.67, 308.54, 318.18, 318.95, 314.42, 312.46, 311.72, 285.84, 271.59, 254.57, 256.14]","[1, 2, 3, 4, 5, 6, 7, 8, 9, 10, 11, 12]","[-4.39, 3.87, 9.64, 0.77, -4.53, -1.96, -0.74, -25.88, -14.25, -17.02, 1.57]","[-0.014204, 0.012702, 0.031244, 0.00242, -0.014203, -0.006234, -0.002368, -0.083023, -0.049853, -0.062668, 0.006167]",11
W3,Karachi,Pulse Mash (Washed),"[419.38, 411.97, 410.04, 408.91, 408.45, 404.02, 402.41, 403.58, 405.35, 396.97, 385.05, 438.98]","[1, 2, 3, 4, 5, 6, 7, 8, 9, 10, 11, 12]","[-7.41, -1.93, -1.13, -0.46, -4.43, -1.61, 1.17, 1.77, -8.38, -11.92, 53.93]","[-0.017669, -0.004685, -0.002756, -0.001125, -0.010846, -0.003985, 0.002907, 0.004386, -0.020673, -0.030027, 0.14006]",11
W3,Karachi,Pulse Masoor (Washed),"[294.68, 293.36, 292.75, 294.29, 301.11, 304.78, 307.47, 307.84, 299.19, 289.47, 273.83, 260.5]","[1, 2, 3, 4, 5, 6, 7, 8, 9, 10, 11, 12]","[-1.32, -0.61, 1.54, 6.82, 3.67, 2.69, 0.37, -8.65, -9.72, -15.64, -13.33]","[-0.004479, -0.002079, 0.00526, 0.023174, 0.012188, 0.008826, 0.001203, -0.028099, -0.032488, -0.05403, -0.04868]",11
W3,Karachi,Pulse Moong (Washed),"[395.72, 393.61, 393.15, 385.26, 385.58, 380.84, 381.12, 385.58, 385.93, 381.7, 373.74, 382.02]","[1, 2, 3, 4, 5, 6, 7, 8, 9, 10, 11, 12]","[-2.11, -0.46, -7.89, 0.32, -4.74, 0.28, 4.46, 0.35, -4.23, -7.96, 8.28]","[-0.005332, -0.001169, -0.020069, 0.000831, -0.012293, 0.000735, 0.011702, 0.000908, -0.010961, -0.020854, 0.022154]",11
W3,Karachi,Rice Basmati Broken (Average Quality),"[270.2, 270.73, 271.47, 276.3, 278.35, 279.32, 282.43, 283.56, 278.95, 274.73, 273.45, 273.45]","[1, 2, 3, 4, 5, 6, 7, 8, 9, 10, 11, 12]","[0.53, 0.74, 4.83, 2.05, 0.97, 3.11, 1.13, -4.61, -4.22, -1.28, 0.0]","[0.001962, 0.002733, 0.017792, 0.007419, 0.003485, 0.011134, 0.004001, -0.016258, -0.015128, -0.004659, 0.0]",11
W3,Karachi,Rice IRRI-6/9 (Sindh/Punjab),"[179.13, 178.75, 174.23, 175.48, 177.07, 177.96, 177.66, 177.76, 174.14, 171.34, 171.06, 171.0]","[1, 2, 3, 4, 5, 6, 7, 8, 9, 10, 11, 12]","[-0.38, -4.52, 1.25, 1.59, 0.89, -0.3, 0.1, -3.62, -2.8, -0.28, -0.06]","[-0.002121, -0.025287, 0.007174, 0.009061, 0.005026, -0.001686, 0.000563, -0.020365, -0.016079, -0.001634, -0.000351]",11
W3,Karachi,Salt Powdered (NATIONAL/SHAN) 800 gm Packet,"[76.36, 76.52, 76.52, 76.52, 76.52, 76.52, 76.52, 76.52, 76.52, 76.52, 69.07, 67.01]","[1, 2, 3, 4, 5, 6, 7, 8, 9, 10, 11, 12]","[0.16, 0.0, 0.0, 0.0, 0.0, 0.0, 0.0, 0.0, 0.0, -7.45, -2.06]","[0.002095, 0.0, 0.0, 0.0, 0.0, 0.0, 0.0, 0.0, 0.0, -0.09736, -0.029825]",11
W3,Karachi,Shirting (Average Quality),"[624.47, 626.58, 626.58, 629.4, 629.4, 629.4, 629.4, 634.16, 637.35, 637.35, 637.35, 639.77]","[1, 2, 3, 4, 5, 6, 7, 8, 9, 10, 11, 12]","[2.11, 0.0, 2.82, 0.0, 0.0, 0.0, 4.76, 3.19, 0.0, 0.0, 2.42]","[0.003379, 0.0, 0.004501, 0.0, 0.0, 0.0, 0.007563, 0.00503, 0.0, 0.0, 0.003797]",11
W3,Karachi,Sufi Washing Soap 250 gm Cake,"[130.0, 130.0, 130.0, 130.0, 130.0, 130.0, 130.0, 130.0, 130.0, 130.0, 130.0, 130.0]","[1, 2, 3, 4, 5, 6, 7, 8, 9, 10, 11, 12]","[0.0, 0.0, 0.0, 0.0, 0.0, 0.0, 0.0, 0.0, 0.0, 0.0, 0.0]","[0.0, 0.0, 0.0, 0.0, 0.0, 0.0, 0.0, 0.0, 0.0, 0.0, 0.0]",11
W3,Karachi,Sugar Refined,"[170.17, 171.09, 176.55, 187.56, 189.09, 186.74, 188.55, 189.4, 197.38, 175.1, 152.9, 150.76]","[1, 2, 3, 4, 5, 6, 7, 8, 9, 10, 11, 12]","[0.92, 5.46, 11.01, 1.53, -2.35, 1.81, 0.85, 7.98, -22.28, -22.2, -2.14]","[0.005406, 0.031913, 0.062362, 0.008157, -0.012428, 0.009693, 0.004508, 0.042133, -0.112879, -0.126785, -0.013996]",11
W3,Karachi,Tea Lipton Yellow Label 190 gm Packet,"[447.06, 447.06, 447.06, 447.06, 447.06, 447.06, 447.06, 447.06, 447.06, 447.06, 447.06, 447.06]","[1, 2, 3, 4, 5, 6, 7, 8, 9, 10, 11, 12]","[0.0, 0.0, 0.0, 0.0, 0.0, 0.0, 0.0, 0.0, 0.0, 0.0, 0.0]","[0.0, 0.0, 0.0, 0.0, 0.0, 0.0, 0.0, 0.0, 0.0, 0.0, 0.0]",11
W3,Karachi,Tea Prepared Ordinary,"[69.67, 69.83, 70.0, 70.0, 70.0, 70.0, 70.0, 70.0, 70.0, 70.0, 70.0, 70.0]","[1, 2, 3, 4, 5, 6, 7, 8, 9, 10, 11, 12]","[0.16, 0.17, 0.0, 0.0, 0.0, 0.0, 0.0, 0.0, 0.0, 0.0, 0.0]","[0.002297, 0.002434, 0.0, 0.0, 0.0, 0.0, 0.0, 0.0, 0.0, 0.0, 0.0]",11
W3,Karachi,Telephone Call Charges,"[1.79, 1.79, 1.79, 1.79, 1.79, 1.79, 1.79, 1.79, 1.79, 1.79, 1.79, 1.79]","[1, 2, 3, 4, 5, 6, 7, 8, 9, 10, 11, 12]","[0.0, 0.0, 0.0, 0.0, 0.0, 0.0, 0.0, 0.0, 0.0, 0.0, 0.0]","[0.0, 0.0, 0.0, 0.0, 0.0, 0.0, 0.0, 0.0, 0.0, 0.0, 0.0]",11
W3,Karachi,Toilet Soap LIFEBUOY 115 gm,"[115.64, 115.64, 115.64, 115.64, 115.64, 115.64, 115.91, 116.18, 116.18, 116.18, 116.18, 116.18]","[1, 2, 3, 4, 5, 6, 7, 8, 9, 10, 11, 12]","[0.0, 0.0, 0.0, 0.0, 0.0, 0.27, 0.27, 0.0, 0.0, 0.0, 0.0]","[0.0, 0.0, 0.0, 0.0, 0.0, 0.002335, 0.002329, 0.0, 0.0, 0.0, 0.0]",11
W3,Karachi,Tomatoes,"[50.18, 58.12, 62.71, 96.34, 98.82, 113.78, 171.41, 237.78, 121.48, 62.08, 56.96, 76.97]","[1, 2, 3, 4, 5, 6, 7, 8, 9, 10, 11, 12]","[7.94, 4.59, 33.63, 2.48, 14.96, 57.63, 66.37, -116.3, -59.4, -5.12, 20.01]","[0.15823, 0.078975, 0.536278, 0.025742, 0.151386, 0.506504, 0.3872, -0.489108, -0.488969, -0.082474, 0.351299]",11
W3,Karachi,Vegetable Ghee DALDA/HABIB 2.5 kg Tin,"[1485.0, 1485.0, 1469.99, 1460.0, 1460.0, 1460.0, 1460.0, 1484.36, 1500.0, 1500.0, 1516.92, 1518.71]","[1, 2, 3, 4, 5, 6, 7, 8, 9, 10, 11, 12]","[0.0, -15.01, -9.99, 0.0, 0.0, 0.0, 24.36, 15.64, 0.0, 16.92, 1.79]","[0.0, -0.010108, -0.006796, 0.0, 0.0, 0.0, 0.016685, 0.010537, 0.0, 0.01128, 0.00118]",11
W3,Karachi,Vegetable Ghee DALDA/HABIB or Other Superior Quality 1 kg Pouch,"[579.0, 579.0, 570.43, 569.0, 569.0, 569.0, 569.0, 576.74, 585.0, 588.97, 592.0, 590.51]","[1, 2, 3, 4, 5, 6, 7, 8, 9, 10, 11, 12]","[0.0, -8.57, -1.43, 0.0, 0.0, 0.0, 7.74, 8.26, 3.97, 3.03, -1.49]","[0.0, -0.014801, -0.002507, 0.0, 0.0, 0.0, 0.013603, 0.014322, 0.006786, 0.005145, -0.002517]",11
W3,Karachi,Wheat Flour Bag,"[1866.38, 1652.93, 1570.64, 1619.06, 1641.22, 1689.47, 2215.14, 2362.38, 2355.73, 2389.85, 2498.1, 2507.65]","[1, 2, 3, 4, 5, 6, 7, 8, 9, 10, 11, 12]","[-213.45, -82.29, 48.42, 22.16, 48.25, 525.67, 147.24, -6.65, 34.12, 108.25, 9.55]","[-0.114366, -0.049784, 0.030828, 0.013687, 0.029399, 0.311145, 0.06647, -0.002815, 0.014484, 0.045296, 0.003823]",11
W3,Khuzdar,Bananas (Kela) Local,"[145.02, 153.27, 179.26, 165.1, 165.1, 165.1, 165.1, 126.75, 100.0, 103.44, 114.47, 131.04]","[1, 2, 3, 4, 5, 6, 7, 8, 9, 10, 11, 12]","[8.25, 25.99, -14.16, 0.0, 0.0, 0.0, -38.35, -26.75, 3.44, 11.03, 16.57]","[0.056889, 0.16957, -0.078991, 0.0, 0.0, 0.0, -0.232283, -0.211045, 0.0344, 0.106632, 0.144754]",11
W3,Khuzdar,Beef with Bone (Average Quality),"[1000.0, 1000.0, 1000.0, 1000.0, 1000.0, 1000.0, 1000.0, 1000.0, 1165.7, 1165.7, 1165.7, 1174.18]","[1, 2, 3, 4, 5, 6, 7, 8, 9, 10, 11, 12]","[0.0, 0.0, 0.0, 0.0, 0.0, 0.0, 0.0, 165.7, 0.0, 0.0, 8.48]","[0.0, 0.0, 0.0, 0.0, 0.0, 0.0, 0.0, 0.1657, 0.0, 0.0, 0.007275]",11
W3,Khuzdar,Bread plain (Small Size),"[100.0, 100.0, 100.0, 100.0, 100.0, 100.0, 100.0, 100.0, 100.0, 110.0, 110.0, 110.0]","[1, 2, 3, 4, 5, 6, 7, 8, 9, 10, 11, 12]","[0.0, 0.0, 0.0, 0.0, 0.0, 0.0, 0.0, 0.0, 10.0, 0.0, 0.0]","[0.0, 0.0, 0.0, 0.0, 0.0, 0.0, 0.0, 0.0, 0.1, 0.0, 0.0]",11
W3,Khuzdar,Chicken Farm Broiler (Live),"[569.82, 585.64, 543.9, 358.84, 433.59, 485.33, 459.14, 388.57, 426.59, 446.49, 459.34, 429.49]","[1, 2, 3, 4, 5, 6, 7, 8, 9, 10, 11, 12]","[15.82, -41.74, -185.06, 74.75, 51.74, -26.19, -70.57, 38.02, 19.9, 12.85, -29.85]","[0.027763, -0.071272, -0.340246, 0.20831, 0.119329, -0.053963, -0.1537, 0.097846, 0.046649, 0.02878, -0.064985]",11
W3,Khuzdar,Chilies Powder NATIONAL 200 gm Packet,"[320.0, 320.0, 320.0, 320.0, 320.0, 320.0, 320.0, 320.0, 320.0, 320.0, 320.0, 320.0]","[1, 2, 3, 4, 5, 6, 7, 8, 9, 10, 11, 12]","[0.0, 0.0, 0.0, 0.0, 0.0, 0.0, 0.0, 0.0, 0.0, 0.0, 0.0]","[0.0, 0.0, 0.0, 0.0, 0.0, 0.0, 0.0, 0.0, 0.0, 0.0, 0.0]",11
W3,Khuzdar,Cigarettes Capstan 20'S Packet,"[223.28, 228.12, 243.29, 243.29, 243.29, 243.29, 243.29, 243.29, 243.29, 243.29, 243.29, 243.29]","[1, 2, 3, 4, 5, 6, 7, 8, 9, 10, 11, 12]","[4.84, 15.17, 0.0, 0.0, 0.0, 0.0, 0.0, 0.0, 0.0, 0.0, 0.0]","[0.021677, 0.0665, 0.0, 0.0, 0.0, 0.0, 0.0, 0.0, 0.0, 0.0, 0.0]",11
W3,Khuzdar,Cooked Beef at Average Hotel,"[343.2, 343.2, 343.2, 343.2, 343.2, 343.2, 343.2, 343.2, 343.2, 343.2, 343.2, 343.2]","[1, 2, 3, 4, 5, 6, 7, 8, 9, 10, 11, 12]","[0.0, 0.0, 0.0, 0.0, 0.0, 0.0, 0.0, 0.0, 0.0, 0.0, 0.0]","[0.0, 0.0, 0.0, 0.0, 0.0, 0.0, 0.0, 0.0, 0.0, 0.0, 0.0]",11
W3,Khuzdar,Cooked Daal at Average Hotel,"[193.1, 193.1, 193.1, 193.1, 193.1, 193.1, 193.1, 193.1, 193.1, 193.1, 193.1, 193.1]","[1, 2, 3, 4, 5, 6, 7, 8, 9, 10, 11, 12]","[0.0, 0.0, 0.0, 0.0, 0.0, 0.0, 0.0, 0.0, 0.0, 0.0, 0.0]","[0.0, 0.0, 0.0, 0.0, 0.0, 0.0, 0.0, 0.0, 0.0, 0.0, 0.0]",11
W3,Khuzdar,"Cooking Oil DALDA or Other Similar Brand (SN), 5 Litre Tin","[2895.0, 2904.98, 2915.0, 2915.0, 2874.93, 2865.0, 2865.0, 2904.59, 2965.0, 2965.0, 2959.64, 2951.61]","[1, 2, 3, 4, 5, 6, 7, 8, 9, 10, 11, 12]","[9.98, 10.02, 0.0, -40.07, -9.93, 0.0, 39.59, 60.41, 0.0, -5.36, -8.03]","[0.003447, 0.003449, 0.0, -0.013746, -0.003454, 0.0, 0.013818, 0.020798, 0.0, -0.001808, -0.002713]",11
W3,Khuzdar,Curd (Dahi) Loose,"[220.0, 220.0, 220.0, 220.0, 220.0, 220.0, 220.0, 220.0, 220.0, 220.0, 220.0, 220.0]","[1, 2, 3, 4, 5, 6, 7, 8, 9, 10, 11, 12]","[0.0, 0.0, 0.0, 0.0, 0.0, 0.0, 0.0, 0.0, 0.0, 0.0, 0.0]","[0.0, 0.0, 0.0, 0.0, 0.0, 0.0, 0.0, 0.0, 0.0, 0.0, 0.0]",11
W3,Khuzdar,Eggs Hen (Farm),"[279.71, 271.02, 267.53, 293.18, 276.87, 286.51, 296.16, 344.95, 381.63, 369.78, 374.56, 330.47]","[1, 2, 3, 4, 5, 6, 7, 8, 9, 10, 11, 12]","[-8.69, -3.49, 25.65, -16.31, 9.64, 9.65, 48.79, 36.68, -11.85, 4.78, -44.09]","[-0.031068, -0.012877, 0.095877, -0.055631, 0.034818, 0.033681, 0.164742, 0.106334, -0.031051, 0.012927, -0.117711]",11
W3,Khuzdar,Electricity Charges upto 50 Units,"[6.0, 5.69, 4.72, 4.66, 5.04, 5.4, 4.99, 4.83, 5.24, 6.02, 6.1, 6.55]","[1, 2, 3, 4, 5, 6, 7, 8, 9, 10, 11, 12]","[-0.31, -0.97, -0.06, 0.38, 0.36, -0.41, -0.16, 0.41, 0.78, 0.08, 0.45]","[-0.051667, -0.170475, -0.012712, 0.081545, 0.071429, -0.075926, -0.032064, 0.084886, 0.148855, 0.013289, 0.07377]",11
W3,Khuzdar,Energy Saver Philips 14 Watt,"[432.67, 432.67, 432.67, 432.67, 432.67, 432.67, 432.67, 476.25, 550.0, 564.8, 580.0, 580.0]","[1, 2, 3, 4, 5, 6, 7, 8, 9, 10, 11, 12]","[0.0, 0.0, 0.0, 0.0, 0.0, 0.0, 43.58, 73.75, 14.8, 15.2, 0.0]","[0.0, 0.0, 0.0, 0.0, 0.0, 0.0, 0.100723, 0.154856, 0.026909, 0.026912, 0.0]",11
W3,Khuzdar,Firewood Whole,"[1032.28, 1032.28, 1032.28, 1032.28, 1032.28, 1032.28, 1032.28, 1032.28, 1048.81, 1065.6, 1065.6, 1065.6]","[1, 2, 3, 4, 5, 6, 7, 8, 9, 10, 11, 12]","[0.0, 0.0, 0.0, 0.0, 0.0, 0.0, 0.0, 16.53, 16.79, 0.0, 0.0]","[0.0, 0.0, 0.0, 0.0, 0.0, 0.0, 0.0, 0.016013, 0.016009, 0.0, 0.0]",11
W3,Khuzdar,Garlic (Lehsun),"[748.89, 703.4, 582.85, 582.85, 582.85, 430.89, 430.89, 436.16, 560.81, 531.33, 531.33, 531.33]","[1, 2, 3, 4, 5, 6, 7, 8, 9, 10, 11, 12]","[-45.49, -120.55, 0.0, 0.0, -151.96, 0.0, 5.27, 124.65, -29.48, 0.0, 0.0]","[-0.060743, -0.171382, 0.0, 0.0, -0.260719, 0.0, 0.01223, 0.28579, -0.052567, 0.0, 0.0]",11
W3,Khuzdar,Gents Sandal Bata,"[2499.0, 2499.0, 2499.0, 2499.0, 2499.0, 2499.0, 2499.0, 2499.0, 2499.0, 2499.0, 2499.0, 2499.0]","[1, 2, 3, 4, 5, 6, 7, 8, 9, 10, 11, 12]","[0.0, 0.0, 0.0, 0.0, 0.0, 0.0, 0.0, 0.0, 0.0, 0.0, 0.0]","[0.0, 0.0, 0.0, 0.0, 0.0, 0.0, 0.0, 0.0, 0.0, 0.0, 0.0]",11
W3,Khuzdar,Gents Sponge Chappal Bata,"[599.0, 599.0, 599.0, 599.0, 599.0, 599.0, 599.0, 599.0, 599.0, 599.0, 599.0, 599.0]","[1, 2, 3, 4, 5, 6, 7, 8, 9, 10, 11, 12]","[0.0, 0.0, 0.0, 0.0, 0.0, 0.0, 0.0, 0.0, 0.0, 0.0, 0.0]","[0.0, 0.0, 0.0, 0.0, 0.0, 0.0, 0.0, 0.0, 0.0, 0.0, 0.0]",11
W3,Khuzdar,Georgette (Average Quality),"[282.31, 282.31, 282.31, 282.31, 282.31, 282.31, 282.31, 282.31, 282.31, 282.31, 282.31, 282.31]","[1, 2, 3, 4, 5, 6, 7, 8, 9, 10, 11, 12]","[0.0, 0.0, 0.0, 0.0, 0.0, 0.0, 0.0, 0.0, 0.0, 0.0, 0.0]","[0.0, 0.0, 0.0, 0.0, 0.0, 0.0, 0.0, 0.0, 0.0, 0.0, 0.0]",11
W3,Khuzdar,Gur (Average Quality),"[206.46, 206.46, 206.46, 206.46, 230.25, 236.62, 236.62, 240.57, 246.62, 246.62, 246.62, 246.62]","[1, 2, 3, 4, 5, 6, 7, 8, 9, 10, 11, 12]","[0.0, 0.0, 0.0, 23.79, 6.37, 0.0, 3.95, 6.05, 0.0, 0.0, 0.0]","[0.0, 0.0, 0.0, 0.115228, 0.027666, 0.0, 0.016693, 0.025149, 0.0, 0.0, 0.0]",11
W3,Khuzdar,Hi-Speed Diesel,"[259.57, 259.57, 256.55, 273.89, 280.66, 280.3, 272.45, 277.14, 282.58, 273.73, 258.25, 273.19]","[1, 2, 3, 4, 5, 6, 7, 8, 9, 10, 11, 12]","[0.0, -3.02, 17.34, 6.77, -0.36, -7.85, 4.69, 5.44, -8.85, -15.48, 14.94]","[0.0, -0.011635, 0.067589, 0.024718, -0.001283, -0.028006, 0.017214, 0.019629, -0.031319, -0.056552, 0.057851]",11
W3,Khuzdar,LPG 11.67 kg Cylinder,"[2917.5, 2917.5, 2917.5, 3500.0, 3138.04, 2848.64, 2965.2, 2948.17, 2917.5, 3134.3, 3321.96, 3228.23]","[1, 2, 3, 4, 5, 6, 7, 8, 9, 10, 11, 12]","[0.0, 0.0, 582.5, -361.96, -289.4, 116.56, -17.03, -30.67, 216.8, 187.66, -93.73]","[0.0, 0.0, 0.199657, -0.103417, -0.092223, 0.040918, -0.005743, -0.010403, 0.07431, 0.059873, -0.028215]",11
W3,Khuzdar,Ladies Sandal Bata,"[1399.0, 1399.0, 1399.0, 1399.0, 1399.0, 1399.0, 1399.0, 1399.0, 1399.0, 1399.0, 1399.0, 1399.0]","[1, 2, 3, 4, 5, 6, 7, 8, 9, 10, 11, 12]","[0.0, 0.0, 0.0, 0.0, 0.0, 0.0, 0.0, 0.0, 0.0, 0.0, 0.0]","[0.0, 0.0, 0.0, 0.0, 0.0, 0.0, 0.0, 0.0, 0.0, 0.0, 0.0]",11
W3,Khuzdar,Lawn Printed Gul Ahmed/Al Karam,"[400.0, 400.0, 400.0, 400.0, 400.0, 400.0, 400.0, 400.0, 400.0, 400.0, 400.0, 400.0]","[1, 2, 3, 4, 5, 6, 7, 8, 9, 10, 11, 12]","[0.0, 0.0, 0.0, 0.0, 0.0, 0.0, 0.0, 0.0, 0.0, 0.0, 0.0]","[0.0, 0.0, 0.0, 0.0, 0.0, 0.0, 0.0, 0.0, 0.0, 0.0, 0.0]",11
W3,Khuzdar,"Long Cloth 57"" Gul Ahmed/Al Karam","[400.0, 400.0, 400.0, 400.0, 400.0, 400.0, 400.0, 400.0, 400.0, 400.0, 400.0, 400.0]","[1, 2, 3, 4, 5, 6, 7, 8, 9, 10, 11, 12]","[0.0, 0.0, 0.0, 0.0, 0.0, 0.0, 0.0, 0.0, 0.0, 0.0, 0.0]","[0.0, 0.0, 0.0, 0.0, 0.0, 0.0, 0.0, 0.0, 0.0, 0.0, 0.0]",11
W3,Khuzdar,Match Box,"[5.0, 5.0, 5.0, 5.0, 5.0, 5.0, 5.0, 5.0, 5.0, 5.0, 5.0, 5.0]","[1, 2, 3, 4, 5, 6, 7, 8, 9, 10, 11, 12]","[0.0, 0.0, 0.0, 0.0, 0.0, 0.0, 0.0, 0.0, 0.0, 0.0, 0.0]","[0.0, 0.0, 0.0, 0.0, 0.0, 0.0, 0.0, 0.0, 0.0, 0.0, 0.0]",11
W3,Khuzdar,Milk fresh (Un-boiled),"[200.0, 200.0, 200.0, 200.0, 200.0, 200.0, 200.0, 200.0, 200.0, 200.0, 200.0, 200.0]","[1, 2, 3, 4, 5, 6, 7, 8, 9, 10, 11, 12]","[0.0, 0.0, 0.0, 0.0, 0.0, 0.0, 0.0, 0.0, 0.0, 0.0, 0.0]","[0.0, 0.0, 0.0, 0.0, 0.0, 0.0, 0.0, 0.0, 0.0, 0.0, 0.0]",11
W3,Khuzdar,Mustard Oil (Average Quality),"[593.26, 593.26, 593.26, 593.26, 593.26, 593.26, 593.26, 593.26, 593.26, 593.26, 593.26, 593.26]","[1, 2, 3, 4, 5, 6, 7, 8, 9, 10, 11, 12]","[0.0, 0.0, 0.0, 0.0, 0.0, 0.0, 0.0, 0.0, 0.0, 0.0, 0.0]","[0.0, 0.0, 0.0, 0.0, 0.0, 0.0, 0.0, 0.0, 0.0, 0.0, 0.0]",11
W3,Khuzdar,Mutton (Average Quality),"[1733.17, 1733.17, 1749.52, 1766.03, 1766.03, 1766.03, 1766.03, 1766.03, 1800.0, 1800.0, 1800.0, 1923.19]","[1, 2, 3, 4, 5, 6, 7, 8, 9, 10, 11, 12]","[0.0, 16.35, 16.51, 0.0, 0.0, 0.0, 0.0, 33.97, 0.0, 0.0, 123.19]","[0.0, 0.009434, 0.009437, 0.0, 0.0, 0.0, 0.0, 0.019235, 0.0, 0.0, 0.068439]",11
W3,Khuzdar,Onions,"[83.03, 77.38, 60.98, 46.42, 48.54, 50.0, 64.02, 85.44, 101.53, 91.12, 71.54, 70.99]","[1, 2, 3, 4, 5, 6, 7, 8, 9, 10, 11, 12]","[-5.65, -16.4, -14.56, 2.12, 1.46, 14.02, 21.42, 16.09, -10.41, -19.58, -0.55]","[-0.068048, -0.211941, -0.238767, 0.04567, 0.030078, 0.2804, 0.334583, 0.188319, -0.102531, -0.214881, -0.007688]",11
W3,Khuzdar,Petrol Super,"[256.56, 256.55, 253.55, 267.7, 270.9, 265.57, 265.57, 266.42, 266.6, 264.62, 254.34, 256.83]","[1, 2, 3, 4, 5, 6, 7, 8, 9, 10, 11, 12]","[-0.01, -3.0, 14.15, 3.2, -5.33, 0.0, 0.85, 0.18, -1.98, -10.28, 2.49]","[-3.9e-05, -0.011694, 0.055808, 0.011954, -0.019675, 0.0, 0.003201, 0.000676, -0.007427, -0.038848, 0.00979]",11
W3,Khuzdar,Potatoes,"[81.5, 81.2, 91.12, 80.0, 83.65, 86.18, 94.25, 92.83, 92.83, 89.44, 58.06, 40.15]","[1, 2, 3, 4, 5, 6, 7, 8, 9, 10, 11, 12]","[-0.3, 9.92, -11.12, 3.65, 2.53, 8.07, -1.42, 0.0, -3.39, -31.38, -17.91]","[-0.003681, 0.122167, -0.122037, 0.045625, 0.030245, 0.093641, -0.015066, 0.0, -0.036518, -0.35085, -0.308474]",11
W3,Khuzdar,Powdered Milk NIDO 390 gm Polybag,"[1030.0, 1030.0, 1030.0, 1100.0, 1100.0, 1100.0, 1100.0, 1100.0, 1100.0, 1170.0, 1170.0, 1170.0]","[1, 2, 3, 4, 5, 6, 7, 8, 9, 10, 11, 12]","[0.0, 0.0, 70.0, 0.0, 0.0, 0.0, 0.0, 0.0, 70.0, 0.0, 0.0]","[0.0, 0.0, 0.067961, 0.0, 0.0, 0.0, 0.0, 0.0, 0.063636, 0.0, 0.0]",11
W3,Khuzdar,Pulse Gram,"[373.21, 373.21, 373.21, 346.54, 346.54, 342.94, 352.61, 359.63, 356.33, 315.82, 302.59, 300.0]","[1, 2, 3, 4, 5, 6, 7, 8, 9, 10, 11, 12]","[0.0, 0.0, -26.67, 0.0, -3.6, 9.67, 7.02, -3.3, -40.51, -13.23, -2.59]","[0.0, 0.0, -0.071461, 0.0, -0.010388, 0.028197, 0.019909, -0.009176, -0.113687, -0.041891, -0.008559]",11
W3,Khuzdar,Pulse Mash (Washed),"[469.78, 469.78, 469.78, 416.02, 416.02, 394.84, 465.04, 493.24, 493.24, 476.22, 476.22, 476.22]","[1, 2, 3, 4, 5, 6, 7, 8, 9, 10, 11, 12]","[0.0, 0.0, -53.76, 0.0, -21.18, 70.2, 28.2, 0.0, -17.02, 0.0, 0.0]","[0.0, 0.0, -0.114437, 0.0, -0.050911, 0.177794, 0.06064, 0.0, -0.034507, 0.0, 0.0]",11
W3,Khuzdar,Pulse Masoor (Washed),"[286.51, 286.51, 286.51, 286.51, 286.51, 300.0, 322.23, 330.0, 319.68, 300.0, 295.89, 293.18]","[1, 2, 3, 4, 5, 6, 7, 8, 9, 10, 11, 12]","[0.0, 0.0, 0.0, 0.0, 13.49, 22.23, 7.77, -10.32, -19.68, -4.11, -2.71]","[0.0, 0.0, 0.0, 0.0, 0.047084, 0.0741, 0.024113, -0.031273, -0.061562, -0.0137, -0.009159]",11
W3,Khuzdar,Pulse Moong (Washed),"[400.0, 400.0, 414.73, 430.0, 430.0, 416.18, 415.46, 421.03, 426.17, 409.76, 409.76, 409.76]","[1, 2, 3, 4, 5, 6, 7, 8, 9, 10, 11, 12]","[0.0, 14.73, 15.27, 0.0, -13.82, -0.72, 5.57, 5.14, -16.41, 0.0, 0.0]","[0.0, 0.036825, 0.036819, 0.0, -0.03214, -0.00173, 0.013407, 0.012208, -0.038506, 0.0, 0.0]",11
W3,Khuzdar,Rice Basmati Broken (Average Quality),"[203.28, 203.28, 203.28, 203.28, 203.28, 203.28, 246.62, 246.62, 246.62, 246.62, 246.62, 246.62]","[1, 2, 3, 4, 5, 6, 7, 8, 9, 10, 11, 12]","[0.0, 0.0, 0.0, 0.0, 0.0, 43.34, 0.0, 0.0, 0.0, 0.0, 0.0]","[0.0, 0.0, 0.0, 0.0, 0.0, 0.213203, 0.0, 0.0, 0.0, 0.0, 0.0]",11
W3,Khuzdar,Rice IRRI-6/9 (Sindh/Punjab),"[150.0, 150.0, 150.0, 150.0, 150.0, 150.0, 159.85, 163.27, 163.27, 163.27, 163.27, 154.74]","[1, 2, 3, 4, 5, 6, 7, 8, 9, 10, 11, 12]","[0.0, 0.0, 0.0, 0.0, 0.0, 9.85, 3.42, 0.0, 0.0, 0.0, -8.53]","[0.0, 0.0, 0.0, 0.0, 0.0, 0.065667, 0.021395, 0.0, 0.0, 0.0, -0.052245]",11
W3,Khuzdar,Salt Powdered (NATIONAL/SHAN) 800 gm Packet,"[70.0, 70.0, 70.0, 70.0, 70.0, 70.0, 70.0, 70.0, 70.0, 70.0, 70.0, 70.0]","[1, 2, 3, 4, 5, 6, 7, 8, 9, 10, 11, 12]","[0.0, 0.0, 0.0, 0.0, 0.0, 0.0, 0.0, 0.0, 0.0, 0.0, 0.0]","[0.0, 0.0, 0.0, 0.0, 0.0, 0.0, 0.0, 0.0, 0.0, 0.0, 0.0]",11
W3,Khuzdar,Shirting (Average Quality),"[363.21, 363.21, 363.21, 372.77, 372.77, 372.77, 372.77, 372.77, 372.77, 372.77, 372.77, 372.77]","[1, 2, 3, 4, 5, 6, 7, 8, 9, 10, 11, 12]","[0.0, 0.0, 9.56, 0.0, 0.0, 0.0, 0.0, 0.0, 0.0, 0.0, 0.0]","[0.0, 0.0, 0.026321, 0.0, 0.0, 0.0, 0.0, 0.0, 0.0, 0.0, 0.0]",11
W3,Khuzdar,Sufi Washing Soap 250 gm Cake,"[125.0, 125.0, 125.0, 125.0, 125.0, 125.0, 125.0, 125.0, 125.0, 125.0, 125.0, 125.0]","[1, 2, 3, 4, 5, 6, 7, 8, 9, 10, 11, 12]","[0.0, 0.0, 0.0, 0.0, 0.0, 0.0, 0.0, 0.0, 0.0, 0.0, 0.0]","[0.0, 0.0, 0.0, 0.0, 0.0, 0.0, 0.0, 0.0, 0.0, 0.0, 0.0]",11
W3,Khuzdar,Sugar Refined,"[168.46, 170.41, 174.33, 185.0, 185.38, 185.23, 188.74, 188.93, 199.44, 194.96, 174.8, 160.4]","[1, 2, 3, 4, 5, 6, 7, 8, 9, 10, 11, 12]","[1.95, 3.92, 10.67, 0.38, -0.15, 3.51, 0.19, 10.51, -4.48, -20.16, -14.4]","[0.011575, 0.023003, 0.061206, 0.002054, -0.000809, 0.018949, 0.001007, 0.055629, -0.022463, -0.103406, -0.08238]",11
W3,Khuzdar,Tea Lipton Yellow Label 190 gm Packet,"[447.05, 447.05, 447.05, 447.05, 447.05, 447.05, 447.05, 447.05, 447.05, 447.05, 447.05, 447.05]","[1, 2, 3, 4, 5, 6, 7, 8, 9, 10, 11, 12]","[0.0, 0.0, 0.0, 0.0, 0.0, 0.0, 0.0, 0.0, 0.0, 0.0, 0.0]","[0.0, 0.0, 0.0, 0.0, 0.0, 0.0, 0.0, 0.0, 0.0, 0.0, 0.0]",11
W3,Khuzdar,Tea Prepared Ordinary,"[50.0, 50.0, 50.0, 50.0, 50.0, 50.0, 50.0, 50.0, 50.0, 50.0, 50.0, 50.0]","[1, 2, 3, 4, 5, 6, 7, 8, 9, 10, 11, 12]","[0.0, 0.0, 0.0, 0.0, 0.0, 0.0, 0.0, 0.0, 0.0, 0.0, 0.0]","[0.0, 0.0, 0.0, 0.0, 0.0, 0.0, 0.0, 0.0, 0.0, 0.0, 0.0]",11
W3,Khuzdar,Telephone Call Charges,"[1.79, 1.79, 1.79, 1.79, 1.79, 1.79, 1.79, 1.79, 1.79, 1.79, 1.79, 1.79]","[1, 2, 3, 4, 5, 6, 7, 8, 9, 10, 11, 12]","[0.0, 0.0, 0.0, 0.0, 0.0, 0.0, 0.0, 0.0, 0.0, 0.0, 0.0]","[0.0, 0.0, 0.0, 0.0, 0.0, 0.0, 0.0, 0.0, 0.0, 0.0, 0.0]",11
W3,Khuzdar,Toilet Soap LIFEBUOY 115 gm,"[110.0, 110.0, 110.0, 110.0, 110.0, 110.0, 110.0, 110.0, 110.0, 110.0, 110.0, 110.0]","[1, 2, 3, 4, 5, 6, 7, 8, 9, 10, 11, 12]","[0.0, 0.0, 0.0, 0.0, 0.0, 0.0, 0.0, 0.0, 0.0, 0.0, 0.0]","[0.0, 0.0, 0.0, 0.0, 0.0, 0.0, 0.0, 0.0, 0.0, 0.0, 0.0]",11
W3,Khuzdar,Tomatoes,"[74.05, 70.3, 62.1, 56.46, 60.31, 91.48, 167.23, 219.09, 111.03, 85.06, 79.28, 118.01]","[1, 2, 3, 4, 5, 6, 7, 8, 9, 10, 11, 12]","[-3.75, -8.2, -5.64, 3.85, 31.17, 75.75, 51.86, -108.06, -25.97, -5.78, 38.73]","[-0.050641, -0.116643, -0.090821, 0.06819, 0.51683, 0.82805, 0.310112, -0.493222, -0.233901, -0.067952, 0.488522]",11
W3,Khuzdar,Vegetable Ghee DALDA/HABIB 2.5 kg Tin,"[1460.0, 1460.0, 1460.0, 1460.0, 1475.98, 1480.0, 1480.0, 1480.0, 1484.97, 1500.0, 1500.0, 1500.0]","[1, 2, 3, 4, 5, 6, 7, 8, 9, 10, 11, 12]","[0.0, 0.0, 0.0, 15.98, 4.02, 0.0, 0.0, 4.97, 15.03, 0.0, 0.0]","[0.0, 0.0, 0.0, 0.010945, 0.002724, 0.0, 0.0, 0.003358, 0.010121, 0.0, 0.0]",11
W3,Khuzdar,Vegetable Ghee DALDA/HABIB or Other Superior Quality 1 kg Pouch,"[585.0, 567.23, 550.0, 580.0, 580.0, 580.0, 580.0, 580.0, 580.0, 592.0, 592.0, 592.0]","[1, 2, 3, 4, 5, 6, 7, 8, 9, 10, 11, 12]","[-17.77, -17.23, 30.0, 0.0, 0.0, 0.0, 0.0, 0.0, 12.0, 0.0, 0.0]","[-0.030376, -0.030376, 0.054545, 0.0, 0.0, 0.0, 0.0, 0.0, 0.02069, 0.0, 0.0]",11
W3,Khuzdar,Wheat Flour Bag,"[1916.52, 1864.43, 1665.75, 1600.0, 1600.0, 1662.83, 2234.54, 2172.88, 2289.89, 2277.28, 2505.88, 2683.23]","[1, 2, 3, 4, 5, 6, 7, 8, 9, 10, 11, 12]","[-52.09, -198.68, -65.75, 0.0, 62.83, 571.71, -61.66, 117.01, -12.61, 228.6, 177.35]","[-0.027179, -0.106563, -0.039472, 0.0, 0.039269, 0.343817, -0.027594, 0.05385, -0.005507, 0.100383, 0.070774]",11
W3,Lahore,Bananas (Kela) Local,"[226.3, 194.59, 201.89, 160.84, 165.3, 155.75, 143.16, 128.78, 137.96, 141.79, 143.64, 195.09]","[1, 2, 3, 4, 5, 6, 7, 8, 9, 10, 11, 12]","[-31.71, 7.3, -41.05, 4.46, -9.55, -12.59, -14.38, 9.18, 3.83, 1.85, 51.45]","[-0.140124, 0.037515, -0.203329, 0.027729, -0.057774, -0.080835, -0.100447, 0.071284, 0.027762, 0.013047, 0.358187]",11
W3,Lahore,Beef with Bone (Average Quality),"[1030.59, 1068.31, 1068.31, 1068.31, 1068.31, 1068.31, 1068.31, 1102.66, 1156.28, 1156.28, 1156.28, 1156.28]","[1, 2, 3, 4, 5, 6, 7, 8, 9, 10, 11, 12]","[37.72, 0.0, 0.0, 0.0, 0.0, 0.0, 34.35, 53.62, 0.0, 0.0, 0.0]","[0.0366, 0.0, 0.0, 0.0, 0.0, 0.0, 0.032154, 0.048628, 0.0, 0.0, 0.0]",11
W3,Lahore,Bread plain (Small Size),"[104.88, 110.0, 110.0, 110.0, 110.0, 110.0, 110.0, 110.0, 110.0, 110.0, 110.0, 110.0]","[1, 2, 3, 4, 5, 6, 7, 8, 9, 10, 11, 12]","[5.12, 0.0, 0.0, 0.0, 0.0, 0.0, 0.0, 0.0, 0.0, 0.0, 0.0]","[0.048818, 0.0, 0.0, 0.0, 0.0, 0.0, 0.0, 0.0, 0.0, 0.0, 0.0]",11
W3,Lahore,Chicken Farm Broiler (Live),"[462.4, 409.41, 425.69, 318.0, 378.13, 420.28, 400.94, 304.75, 336.04, 348.25, 392.67, 338.67]","[1, 2, 3, 4, 5, 6, 7, 8, 9, 10, 11, 12]","[-52.99, 16.28, -107.69, 60.13, 42.15, -19.34, -96.19, 31.29, 12.21, 44.42, -54.0]","[-0.114598, 0.039765, -0.252978, 0.189088, 0.11147, -0.046017, -0.239911, 0.102674, 0.036335, 0.127552, -0.13752]",11
W3,Lahore,Chilies Powder NATIONAL 200 gm Packet,"[320.0, 320.0, 320.0, 320.0, 320.0, 320.0, 320.0, 320.0, 320.0, 348.71, 380.0, 380.0]","[1, 2, 3, 4, 5, 6, 7, 8, 9, 10, 11, 12]","[0.0, 0.0, 0.0, 0.0, 0.0, 0.0, 0.0, 0.0, 28.71, 31.29, 0.0]","[0.0, 0.0, 0.0, 0.0, 0.0, 0.0, 0.0, 0.0, 0.089719, 0.089731, 0.0]",11
W3,Lahore,Cigarettes Capstan 20'S Packet,"[230.0, 234.95, 240.0, 240.0, 240.0, 240.0, 240.0, 240.0, 240.0, 240.0, 240.0, 247.46]","[1, 2, 3, 4, 5, 6, 7, 8, 9, 10, 11, 12]","[4.95, 5.05, 0.0, 0.0, 0.0, 0.0, 0.0, 0.0, 0.0, 0.0, 7.46]","[0.021522, 0.021494, 0.0, 0.0, 0.0, 0.0, 0.0, 0.0, 0.0, 0.0, 0.031083]",11
W3,Lahore,Cooked Beef at Average Hotel,"[281.76, 281.76, 291.76, 291.76, 291.76, 291.76, 291.76, 291.76, 291.76, 291.76, 291.76, 300.29]","[1, 2, 3, 4, 5, 6, 7, 8, 9, 10, 11, 12]","[0.0, 10.0, 0.0, 0.0, 0.0, 0.0, 0.0, 0.0, 0.0, 0.0, 8.53]","[0.0, 0.035491, 0.0, 0.0, 0.0, 0.0, 0.0, 0.0, 0.0, 0.0, 0.029236]",11
W3,Lahore,Cooked Daal at Average Hotel,"[194.15, 194.15, 194.15, 194.15, 194.15, 194.15, 194.15, 194.15, 194.15, 194.15, 194.15, 194.15]","[1, 2, 3, 4, 5, 6, 7, 8, 9, 10, 11, 12]","[0.0, 0.0, 0.0, 0.0, 0.0, 0.0, 0.0, 0.0, 0.0, 0.0, 0.0]","[0.0, 0.0, 0.0, 0.0, 0.0, 0.0, 0.0, 0.0, 0.0, 0.0, 0.0]",11
W3,Lahore,"Cooking Oil DALDA or Other Similar Brand (SN), 5 Litre Tin","[2915.0, 2915.0, 2877.42, 2865.0, 2865.0, 2865.0, 2865.0, 2885.95, 2945.0, 3067.71, 3101.0, 3109.38]","[1, 2, 3, 4, 5, 6, 7, 8, 9, 10, 11, 12]","[0.0, -37.58, -12.42, 0.0, 0.0, 0.0, 20.95, 59.05, 122.71, 33.29, 8.38]","[0.0, -0.012892, -0.004316, 0.0, 0.0, 0.0, 0.007312, 0.020461, 0.041667, 0.010852, 0.002702]",11
W3,Lahore,Curd (Dahi) Loose,"[220.47, 220.47, 220.47, 220.47, 220.47, 220.47, 220.7, 226.2, 234.11, 234.11, 234.11, 234.11]","[1, 2, 3, 4, 5, 6, 7, 8, 9, 10, 11, 12]","[0.0, 0.0, 0.0, 0.0, 0.0, 0.23, 5.5, 7.91, 0.0, 0.0, 0.0]","[0.0, 0.0, 0.0, 0.0, 0.0, 0.001043, 0.024921, 0.034969, 0.0, 0.0, 0.0]",11
W3,Lahore,Eggs Hen (Farm),"[273.73, 227.19, 286.14, 248.0, 260.99, 291.93, 303.74, 320.85, 343.25, 357.47, 330.94, 258.97]","[1, 2, 3, 4, 5, 6, 7, 8, 9, 10, 11, 12]","[-46.54, 58.95, -38.14, 12.99, 30.94, 11.81, 17.11, 22.4, 14.22, -26.53, -71.97]","[-0.170022, 0.259474, -0.133291, 0.052379, 0.118549, 0.040455, 0.056331, 0.069815, 0.041428, -0.074216, -0.217471]",11
W3,Lahore,Electricity Charges upto 50 Units,"[6.0, 5.69, 4.72, 4.66, 5.04, 5.4, 4.99, 4.83, 5.24, 6.02, 6.1, 6.55]","[1, 2, 3, 4, 5, 6, 7, 8, 9, 10, 11, 12]","[-0.31, -0.97, -0.06, 0.38, 0.36, -0.41, -0.16, 0.41, 0.78, 0.08, 0.45]","[-0.051667, -0.170475, -0.012712, 0.081545, 0.071429, -0.075926, -0.032064, 0.084886, 0.148855, 0.013289, 0.07377]",11
W3,Lahore,Energy Saver Philips 14 Watt,"[500.0, 500.0, 500.0, 500.0, 509.62, 550.0, 550.0, 550.0, 550.0, 550.0, 550.0, 550.0]","[1, 2, 3, 4, 5, 6, 7, 8, 9, 10, 11, 12]","[0.0, 0.0, 0.0, 9.62, 40.38, 0.0, 0.0, 0.0, 0.0, 0.0, 0.0]","[0.0, 0.0, 0.0, 0.01924, 0.079236, 0.0, 0.0, 0.0, 0.0, 0.0, 0.0]",11
W3,Lahore,Firewood Whole,"[1685.54, 1671.89, 1658.35, 1658.35, 1658.35, 1658.35, 1658.35, 1681.18, 1782.93, 1785.36, 1807.61, 1899.43]","[1, 2, 3, 4, 5, 6, 7, 8, 9, 10, 11, 12]","[-13.65, -13.54, 0.0, 0.0, 0.0, 0.0, 22.83, 101.75, 2.43, 22.25, 91.82]","[-0.008098, -0.008099, 0.0, 0.0, 0.0, 0.0, 0.013767, 0.060523, 0.001363, 0.012462, 0.050796]",11
W3,Lahore,Garlic (Lehsun),"[493.7, 317.6, 304.12, 333.95, 335.67, 360.5, 355.44, 340.69, 340.69, 343.72, 354.21, 378.73]","[1, 2, 3, 4, 5, 6, 7, 8, 9, 10, 11, 12]","[-176.1, -13.48, 29.83, 1.72, 24.83, -5.06, -14.75, 0.0, 3.03, 10.49, 24.52]","[-0.356694, -0.042443, 0.098086, 0.00515, 0.073971, -0.014036, -0.041498, 0.0, 0.008894, 0.030519, 0.069224]",11
W3,Lahore,Gas Charges upto 3.3719 MMBTU,"[1976.5, 1976.5, 1976.5, 1976.5, 2194.19, 2566.5, 2566.5, 2566.5, 2566.5, 2566.5, 2566.5, 2566.5]","[1, 2, 3, 4, 5, 6, 7, 8, 9, 10, 11, 12]","[0.0, 0.0, 0.0, 217.69, 372.31, 0.0, 0.0, 0.0, 0.0, 0.0, 0.0]","[0.0, 0.0, 0.0, 0.110139, 0.16968, 0.0, 0.0, 0.0, 0.0, 0.0, 0.0]",11
W3,Lahore,Gents Sandal Bata,"[2499.0, 2499.0, 2499.0, 2499.0, 2499.0, 2499.0, 2499.0, 2499.0, 2499.0, 2499.0, 2499.0, 2499.0]","[1, 2, 3, 4, 5, 6, 7, 8, 9, 10, 11, 12]","[0.0, 0.0, 0.0, 0.0, 0.0, 0.0, 0.0, 0.0, 0.0, 0.0, 0.0]","[0.0, 0.0, 0.0, 0.0, 0.0, 0.0, 0.0, 0.0, 0.0, 0.0, 0.0]",11
W3,Lahore,Gents Sponge Chappal Bata,"[599.0, 599.0, 599.0, 599.0, 599.0, 599.0, 599.0, 599.0, 599.0, 599.0, 599.0, 599.0]","[1, 2, 3, 4, 5, 6, 7, 8, 9, 10, 11, 12]","[0.0, 0.0, 0.0, 0.0, 0.0, 0.0, 0.0, 0.0, 0.0, 0.0, 0.0]","[0.0, 0.0, 0.0, 0.0, 0.0, 0.0, 0.0, 0.0, 0.0, 0.0, 0.0]",11
W3,Lahore,Georgette (Average Quality),"[349.32, 349.32, 349.32, 349.32, 349.32, 349.32, 349.32, 349.32, 349.32, 349.32, 374.54, 392.36]","[1, 2, 3, 4, 5, 6, 7, 8, 9, 10, 11, 12]","[0.0, 0.0, 0.0, 0.0, 0.0, 0.0, 0.0, 0.0, 0.0, 25.22, 17.82]","[0.0, 0.0, 0.0, 0.0, 0.0, 0.0, 0.0, 0.0, 0.0, 0.072197, 0.047578]",11
W3,Lahore,Gur (Average Quality),"[214.51, 214.51, 225.56, 238.89, 244.85, 248.9, 248.9, 266.29, 259.26, 241.79, 233.76, 231.79]","[1, 2, 3, 4, 5, 6, 7, 8, 9, 10, 11, 12]","[0.0, 11.05, 13.33, 5.96, 4.05, 0.0, 17.39, -7.03, -17.47, -8.03, -1.97]","[0.0, 0.051513, 0.059097, 0.024949, 0.016541, 0.0, 0.069867, -0.0264, -0.067384, -0.033211, -0.008427]",11
W3,Lahore,Hi-Speed Diesel,"[259.57, 259.57, 256.56, 273.9, 280.68, 280.3, 273.06, 277.67, 283.12, 274.37, 258.74, 272.85]","[1, 2, 3, 4, 5, 6, 7, 8, 9, 10, 11, 12]","[0.0, -3.01, 17.34, 6.78, -0.38, -7.24, 4.61, 5.45, -8.75, -15.63, 14.11]","[0.0, -0.011596, 0.067587, 0.024754, -0.001354, -0.025829, 0.016883, 0.019628, -0.030906, -0.056967, 0.054534]",11
W3,Lahore,LPG 11.67 kg Cylinder,"[3276.48, 3344.28, 3296.02, 3189.33, 3103.41, 2839.17, 3002.31, 3027.73, 3245.27, 3544.71, 3544.86, 3481.86]","[1, 2, 3, 4, 5, 6, 7, 8, 9, 10, 11, 12]","[67.8, -48.26, -106.69, -85.92, -264.24, 163.14, 25.42, 217.54, 299.44, 0.15, -63.0]","[0.020693, -0.014431, -0.032369, -0.02694, -0.085145, 0.05746, 0.008467, 0.071849, 0.09227, 4.2e-05, -0.017772]",11
W3,Lahore,Ladies Sandal Bata,"[1399.0, 1399.0, 1399.0, 1399.0, 1399.0, 1399.0, 1399.0, 1399.0, 1399.0, 1399.0, 1399.0, 1399.0]","[1, 2, 3, 4, 5, 6, 7, 8, 9, 10, 11, 12]","[0.0, 0.0, 0.0, 0.0, 0.0, 0.0, 0.0, 0.0, 0.0, 0.0, 0.0]","[0.0, 0.0, 0.0, 0.0, 0.0, 0.0, 0.0, 0.0, 0.0, 0.0, 0.0]",11
W3,Lahore,Lawn Printed Gul Ahmed/Al Karam,"[784.81, 784.81, 784.81, 784.81, 784.81, 784.81, 784.81, 784.81, 784.81, 784.81, 784.81, 784.81]","[1, 2, 3, 4, 5, 6, 7, 8, 9, 10, 11, 12]","[0.0, 0.0, 0.0, 0.0, 0.0, 0.0, 0.0, 0.0, 0.0, 0.0, 0.0]","[0.0, 0.0, 0.0, 0.0, 0.0, 0.0, 0.0, 0.0, 0.0, 0.0, 0.0]",11
W3,Lahore,"Long Cloth 57"" Gul Ahmed/Al Karam","[678.0, 678.0, 760.37, 790.0, 790.0, 790.0, 790.0, 790.0, 790.0, 790.0, 790.0, 790.0]","[1, 2, 3, 4, 5, 6, 7, 8, 9, 10, 11, 12]","[0.0, 82.37, 29.63, 0.0, 0.0, 0.0, 0.0, 0.0, 0.0, 0.0, 0.0]","[0.0, 0.12149, 0.038968, 0.0, 0.0, 0.0, 0.0, 0.0, 0.0, 0.0, 0.0]",11
W3,Lahore,Match Box,"[6.32, 6.32, 6.32, 6.32, 6.32, 6.32, 6.32, 6.32, 6.32, 6.32, 6.32, 6.32]","[1, 2, 3, 4, 5, 6, 7, 8, 9, 10, 11, 12]","[0.0, 0.0, 0.0, 0.0, 0.0, 0.0, 0.0, 0.0, 0.0, 0.0, 0.0]","[0.0, 0.0, 0.0, 0.0, 0.0, 0.0, 0.0, 0.0, 0.0, 0.0, 0.0]",11
W3,Lahore,Milk fresh (Un-boiled),"[187.47, 187.7, 187.93, 187.93, 187.93, 187.93, 189.11, 192.68, 192.68, 194.15, 195.15, 195.15]","[1, 2, 3, 4, 5, 6, 7, 8, 9, 10, 11, 12]","[0.23, 0.23, 0.0, 0.0, 0.0, 1.18, 3.57, 0.0, 1.47, 1.0, 0.0]","[0.001227, 0.001225, 0.0, 0.0, 0.0, 0.006279, 0.018878, 0.0, 0.007629, 0.005151, 0.0]",11
W3,Lahore,Mustard Oil (Average Quality),"[551.94, 541.79, 541.79, 541.79, 541.79, 541.79, 541.79, 541.79, 541.79, 523.23, 525.88, 536.63]","[1, 2, 3, 4, 5, 6, 7, 8, 9, 10, 11, 12]","[-10.15, 0.0, 0.0, 0.0, 0.0, 0.0, 0.0, 0.0, -18.56, 2.65, 10.75]","[-0.01839, 0.0, 0.0, 0.0, 0.0, 0.0, 0.0, 0.0, -0.034257, 0.005065, 0.020442]",11
W3,Lahore,Mutton (Average Quality),"[2232.84, 2232.84, 2232.84, 2332.86, 2332.86, 2332.86, 2332.86, 2370.52, 2428.16, 2428.16, 2428.16, 2528.17]","[1, 2, 3, 4, 5, 6, 7, 8, 9, 10, 11, 12]","[0.0, 0.0, 100.02, 0.0, 0.0, 0.0, 37.66, 57.64, 0.0, 0.0, 100.01]","[0.0, 0.0, 0.044795, 0.0, 0.0, 0.0, 0.016143, 0.024315, 0.0, 0.0, 0.041188]",11
W3,Lahore,Onions,"[71.9, 53.42, 46.65, 62.74, 60.45, 77.01, 87.67, 111.96, 155.76, 104.26, 75.78, 74.57]","[1, 2, 3, 4, 5, 6, 7, 8, 9, 10, 11, 12]","[-18.48, -6.77, 16.09, -2.29, 16.56, 10.66, 24.29, 43.8, -51.5, -28.48, -1.21]","[-0.257024, -0.126732, 0.344909, -0.0365, 0.273945, 0.138424, 0.277062, 0.391211, -0.330637, -0.273163, -0.015967]",11
W3,Lahore,Petrol Super,"[256.5, 255.55, 253.55, 267.71, 270.93, 265.57, 265.57, 266.96, 267.14, 265.17, 254.83, 256.49]","[1, 2, 3, 4, 5, 6, 7, 8, 9, 10, 11, 12]","[-0.95, -2.0, 14.16, 3.22, -5.36, 0.0, 1.39, 0.18, -1.97, -10.34, 1.66]","[-0.003704, -0.007826, 0.055847, 0.012028, -0.019784, 0.0, 0.005234, 0.000674, -0.007374, -0.038994, 0.006514]",11
W3,Lahore,Potatoes,"[65.05, 58.07, 61.31, 87.12, 88.99, 76.93, 81.94, 76.99, 87.04, 66.6, 44.21, 35.97]","[1, 2, 3, 4, 5, 6, 7, 8, 9, 10, 11, 12]","[-6.98, 3.24, 25.81, 1.87, -12.06, 5.01, -4.95, 10.05, -20.44, -22.39, -8.24]","[-0.107302, 0.055795, 0.420975, 0.021465, -0.135521, 0.065124, -0.06041, 0.130536, -0.234835, -0.336186, -0.186383]",11
W3,Lahore,Powdered Milk NIDO 390 gm Polybag,"[1030.0, 1027.56, 1082.07, 1100.0, 1100.0, 1100.0, 1100.0, 1155.65, 1170.0, 1170.0, 1170.0, 1170.0]","[1, 2, 3, 4, 5, 6, 7, 8, 9, 10, 11, 12]","[-2.44, 54.51, 17.93, 0.0, 0.0, 0.0, 55.65, 14.35, 0.0, 0.0, 0.0]","[-0.002369, 0.053048, 0.01657, 0.0, 0.0, 0.0, 0.050591, 0.012417, 0.0, 0.0, 0.0]",11
W3,Lahore,Pulse Gram,"[290.42, 277.19, 274.72, 274.72, 274.72, 267.18, 274.72, 269.78, 249.62, 247.32, 247.32, 247.32]","[1, 2, 3, 4, 5, 6, 7, 8, 9, 10, 11, 12]","[-13.23, -2.47, 0.0, 0.0, -7.54, 7.54, -4.94, -20.16, -2.3, 0.0, 0.0]","[-0.045555, -0.008911, 0.0, 0.0, -0.027446, 0.028221, -0.017982, -0.074728, -0.009214, 0.0, 0.0]",11
W3,Lahore,Pulse Mash (Washed),"[478.4, 461.0, 458.52, 458.52, 458.52, 447.65, 437.04, 437.04, 438.05, 438.39, 438.39, 469.5]","[1, 2, 3, 4, 5, 6, 7, 8, 9, 10, 11, 12]","[-17.4, -2.48, 0.0, 0.0, -10.87, -10.61, 0.0, 1.01, 0.34, 0.0, 31.11]","[-0.036371, -0.00538, 0.0, 0.0, -0.023707, -0.023702, 0.0, 0.002311, 0.000776, 0.0, 0.070964]",11
W3,Lahore,Pulse Masoor (Washed),"[285.79, 280.83, 280.83, 280.83, 278.95, 276.15, 276.15, 276.15, 275.43, 275.19, 275.19, 260.05]","[1, 2, 3, 4, 5, 6, 7, 8, 9, 10, 11, 12]","[-4.96, 0.0, 0.0, -1.88, -2.8, 0.0, 0.0, -0.72, -0.24, 0.0, -15.14]","[-0.017355, 0.0, 0.0, -0.006694, -0.010038, 0.0, 0.0, -0.002607, -0.000871, 0.0, -0.055017]",11
W3,Lahore,Pulse Moong (Washed),"[397.72, 389.48, 389.48, 389.48, 385.06, 373.49, 368.52, 364.29, 357.68, 357.57, 367.46, 377.57]","[1, 2, 3, 4, 5, 6, 7, 8, 9, 10, 11, 12]","[-8.24, 0.0, 0.0, -4.42, -11.57, -4.97, -4.23, -6.61, -0.11, 9.89, 10.11]","[-0.020718, 0.0, 0.0, -0.011348, -0.030047, -0.013307, -0.011478, -0.018145, -0.000308, 0.027659, 0.027513]",11
W3,Lahore,Rice Basmati Broken (Average Quality),"[185.6, 185.6, 185.6, 195.97, 195.97, 195.97, 210.37, 210.37, 210.37, 210.37, 213.36, 215.37]","[1, 2, 3, 4, 5, 6, 7, 8, 9, 10, 11, 12]","[0.0, 0.0, 10.37, 0.0, 0.0, 14.4, 0.0, 0.0, 0.0, 2.99, 2.01]","[0.0, 0.0, 0.055873, 0.0, 0.0, 0.073481, 0.0, 0.0, 0.0, 0.014213, 0.009421]",11
W3,Lahore,Salt Powdered (NATIONAL/SHAN) 800 gm Packet,"[70.0, 70.0, 70.0, 70.0, 70.0, 70.0, 70.0, 70.0, 62.36, 60.0, 60.0, 60.0]","[1, 2, 3, 4, 5, 6, 7, 8, 9, 10, 11, 12]","[0.0, 0.0, 0.0, 0.0, 0.0, 0.0, 0.0, -7.64, -2.36, 0.0, 0.0]","[0.0, 0.0, 0.0, 0.0, 0.0, 0.0, 0.0, -0.109143, -0.037845, 0.0, 0.0]",11
W3,Lahore,Shirting (Average Quality),"[428.7, 428.7, 428.7, 428.7, 428.7, 428.7, 428.7, 428.7, 428.7, 428.7, 428.7, 428.7]","[1, 2, 3, 4, 5, 6, 7, 8, 9, 10, 11, 12]","[0.0, 0.0, 0.0, 0.0, 0.0, 0.0, 0.0, 0.0, 0.0, 0.0, 0.0]","[0.0, 0.0, 0.0, 0.0, 0.0, 0.0, 0.0, 0.0, 0.0, 0.0, 0.0]",11
W3,Lahore,Sufi Washing Soap 250 gm Cake,"[130.0, 130.0, 130.0, 130.0, 130.0, 130.0, 130.0, 130.0, 130.0, 130.0, 130.0, 130.0]","[1, 2, 3, 4, 5, 6, 7, 8, 9, 10, 11, 12]","[0.0, 0.0, 0.0, 0.0, 0.0, 0.0, 0.0, 0.0, 0.0, 0.0, 0.0]","[0.0, 0.0, 0.0, 0.0, 0.0, 0.0, 0.0, 0.0, 0.0, 0.0, 0.0]",11
W3,Lahore,Sugar Refined,"[169.75, 167.95, 172.45, 185.94, 182.95, 174.0, 176.0, 178.2, 179.0, 170.22, 158.78, 157.95]","[1, 2, 3, 4, 5, 6, 7, 8, 9, 10, 11, 12]","[-1.8, 4.5, 13.49, -2.99, -8.95, 2.0, 2.2, 0.8, -8.78, -11.44, -0.83]","[-0.010604, 0.026794, 0.078226, -0.01608, -0.04892, 0.011494, 0.0125, 0.004489, -0.04905, -0.067207, -0.005227]",11
W3,Lahore,Tea Lipton Yellow Label 190 gm Packet,"[447.06, 447.06, 447.06, 447.06, 447.06, 447.06, 447.06, 447.06, 447.06, 447.06, 447.06, 447.06]","[1, 2, 3, 4, 5, 6, 7, 8, 9, 10, 11, 12]","[0.0, 0.0, 0.0, 0.0, 0.0, 0.0, 0.0, 0.0, 0.0, 0.0, 0.0]","[0.0, 0.0, 0.0, 0.0, 0.0, 0.0, 0.0, 0.0, 0.0, 0.0, 0.0]",11
W3,Lahore,Tea Prepared Ordinary,"[60.0, 60.0, 60.0, 60.0, 60.0, 60.0, 60.0, 60.0, 60.0, 60.0, 60.0, 60.0]","[1, 2, 3, 4, 5, 6, 7, 8, 9, 10, 11, 12]","[0.0, 0.0, 0.0, 0.0, 0.0, 0.0, 0.0, 0.0, 0.0, 0.0, 0.0]","[0.0, 0.0, 0.0, 0.0, 0.0, 0.0, 0.0, 0.0, 0.0, 0.0, 0.0]",11
W3,Lahore,Telephone Call Charges,"[1.79, 1.79, 1.79, 1.79, 1.79, 1.79, 1.79, 1.79, 1.79, 1.79, 1.79, 1.79]","[1, 2, 3, 4, 5, 6, 7, 8, 9, 10, 11, 12]","[0.0, 0.0, 0.0, 0.0, 0.0, 0.0, 0.0, 0.0, 0.0, 0.0, 0.0]","[0.0, 0.0, 0.0, 0.0, 0.0, 0.0, 0.0, 0.0, 0.0, 0.0, 0.0]",11
W3,Lahore,Toilet Soap LIFEBUOY 115 gm,"[99.74, 99.74, 99.74, 99.74, 99.74, 111.82, 116.17, 116.17, 116.17, 116.17, 116.17, 116.17]","[1, 2, 3, 4, 5, 6, 7, 8, 9, 10, 11, 12]","[0.0, 0.0, 0.0, 0.0, 12.08, 4.35, 0.0, 0.0, 0.0, 0.0, 0.0]","[0.0, 0.0, 0.0, 0.0, 0.121115, 0.038902, 0.0, 0.0, 0.0, 0.0, 0.0]",11
W3,Lahore,Tomatoes,"[83.41, 71.24, 46.52, 87.85, 110.06, 135.63, 216.67, 298.44, 151.68, 85.53, 94.7, 100.57]","[1, 2, 3, 4, 5, 6, 7, 8, 9, 10, 11, 12]","[-12.17, -24.72, 41.33, 22.21, 25.57, 81.04, 81.77, -146.76, -66.15, 9.17, 5.87]","[-0.145906, -0.346996, 0.888435, 0.252817, 0.232328, 0.597508, 0.377394, -0.491757, -0.436116, 0.107214, 0.061985]",11
W3,Lahore,Vegetable Ghee DALDA/HABIB 2.5 kg Tin,"[1485.0, 1485.0, 1466.21, 1460.0, 1460.0, 1460.0, 1460.0, 1483.87, 1500.0, 1562.5, 1583.3, 1533.06]","[1, 2, 3, 4, 5, 6, 7, 8, 9, 10, 11, 12]","[0.0, -18.79, -6.21, 0.0, 0.0, 0.0, 23.87, 16.13, 62.5, 20.8, -50.24]","[0.0, -0.012653, -0.004235, 0.0, 0.0, 0.0, 0.016349, 0.01087, 0.041667, 0.013312, -0.031731]",11
W3,Lahore,Vegetable Ghee DALDA/HABIB or Other Superior Quality 1 kg Pouch,"[579.0, 579.0, 571.48, 569.0, 569.0, 569.0, 571.99, 580.98, 588.49, 592.0, 590.4, 590.0]","[1, 2, 3, 4, 5, 6, 7, 8, 9, 10, 11, 12]","[0.0, -7.52, -2.48, 0.0, 0.0, 2.99, 8.99, 7.51, 3.51, -1.6, -0.4]","[0.0, -0.012988, -0.00434, 0.0, 0.0, 0.005255, 0.015717, 0.012926, 0.005964, -0.002703, -0.000678]",11
W3,Lahore,Wheat Flour Bag,"[1710.0, 1553.83, 1404.22, 1407.59, 1379.98, 1499.07, 1897.43, 1810.0, 1810.0, 1810.0, 1825.9, 1810.0]","[1, 2, 3, 4, 5, 6, 7, 8, 9, 10, 11, 12]","[-156.17, -149.61, 3.37, -27.61, 119.09, 398.36, -87.43, 0.0, 0.0, 15.9, -15.9]","[-0.091327, -0.096285, 0.0024, -0.019615, 0.086298, 0.265738, -0.046078, 0.0, 0.0, 0.008785, -0.008708]",11
W3,Larkana,Bananas (Kela) Local,"[124.63, 118.76, 104.66, 139.25, 126.51, 102.73, 91.12, 84.16, 92.83, 89.44, 95.04, 101.19]","[1, 2, 3, 4, 5, 6, 7, 8, 9, 10, 11, 12]","[-5.87, -14.1, 34.59, -12.74, -23.78, -11.61, -6.96, 8.67, -3.39, 5.6, 6.15]","[-0.047099, -0.118727, 0.330499, -0.09149, -0.187969, -0.113015, -0.076383, 0.103018, -0.036518, 0.062612, 0.06471]",11
W3,Larkana,Beef with Bone (Average Quality),"[1048.81, 1098.48, 1132.37, 1132.37, 1145.59, 1165.7, 1165.7, 1165.7, 1165.7, 1165.7, 1165.7, 1165.7]","[1, 2, 3, 4, 5, 6, 7, 8, 9, 10, 11, 12]","[49.67, 33.89, 0.0, 13.22, 20.11, 0.0, 0.0, 0.0, 0.0, 0.0, 0.0]","[0.047358, 0.030852, 0.0, 0.011675, 0.017554, 0.0, 0.0, 0.0, 0.0, 0.0, 0.0]",11
W3,Larkana,Bread plain (Small Size),"[112.92, 112.92, 112.92, 112.92, 112.92, 112.92, 116.57, 116.57, 116.57, 116.57, 116.57, 116.57]","[1, 2, 3, 4, 5, 6, 7, 8, 9, 10, 11, 12]","[0.0, 0.0, 0.0, 0.0, 0.0, 3.65, 0.0, 0.0, 0.0, 0.0, 0.0]","[0.0, 0.0, 0.0, 0.0, 0.0, 0.032324, 0.0, 0.0, 0.0, 0.0, 0.0]",11
W3,Larkana,Chicken Farm Broiler (Live),"[506.36, 461.1, 456.01, 336.63, 410.81, 442.46, 416.11, 330.67, 356.66, 397.88, 405.68, 358.42]","[1, 2, 3, 4, 5, 6, 7, 8, 9, 10, 11, 12]","[-45.26, -5.09, -119.38, 74.18, 31.65, -26.35, -85.44, 25.99, 41.22, 7.8, -47.26]","[-0.089383, -0.011039, -0.261793, 0.220361, 0.077043, -0.059553, -0.20533, 0.078598, 0.115572, 0.019604, -0.116496]",11
W3,Larkana,Chilies Powder NATIONAL 200 gm Packet,"[320.0, 320.0, 320.0, 320.0, 320.0, 320.0, 320.0, 320.0, 320.0, 320.0, 320.0, 320.0]","[1, 2, 3, 4, 5, 6, 7, 8, 9, 10, 11, 12]","[0.0, 0.0, 0.0, 0.0, 0.0, 0.0, 0.0, 0.0, 0.0, 0.0, 0.0]","[0.0, 0.0, 0.0, 0.0, 0.0, 0.0, 0.0, 0.0, 0.0, 0.0, 0.0]",11
W3,Larkana,Cigarettes Capstan 20'S Packet,"[220.0, 220.0, 220.0, 220.0, 227.79, 240.0, 240.0, 240.0, 240.0, 240.0, 240.0, 240.0]","[1, 2, 3, 4, 5, 6, 7, 8, 9, 10, 11, 12]","[0.0, 0.0, 0.0, 7.79, 12.21, 0.0, 0.0, 0.0, 0.0, 0.0, 0.0]","[0.0, 0.0, 0.0, 0.035409, 0.053602, 0.0, 0.0, 0.0, 0.0, 0.0, 0.0]",11
W3,Larkana,Cooked Beef at Average Hotel,"[240.0, 240.0, 240.0, 240.0, 240.0, 240.0, 240.0, 240.0, 240.0, 240.0, 240.0, 240.0]","[1, 2, 3, 4, 5, 6, 7, 8, 9, 10, 11, 12]","[0.0, 0.0, 0.0, 0.0, 0.0, 0.0, 0.0, 0.0, 0.0, 0.0, 0.0]","[0.0, 0.0, 0.0, 0.0, 0.0, 0.0, 0.0, 0.0, 0.0, 0.0, 0.0]",11
W3,Larkana,Cooked Daal at Average Hotel,"[120.0, 120.0, 120.0, 120.0, 120.0, 120.0, 120.0, 120.0, 120.0, 120.0, 120.0, 120.0]","[1, 2, 3, 4, 5, 6, 7, 8, 9, 10, 11, 12]","[0.0, 0.0, 0.0, 0.0, 0.0, 0.0, 0.0, 0.0, 0.0, 0.0, 0.0]","[0.0, 0.0, 0.0, 0.0, 0.0, 0.0, 0.0, 0.0, 0.0, 0.0, 0.0]",11
W3,Larkana,"Cooking Oil DALDA or Other Similar Brand (SN), 5 Litre Tin","[2915.0, 2915.0, 2915.0, 2915.0, 2915.0, 2915.0, 2915.0, 2932.96, 2945.0, 3110.0, 3110.0, 3110.0]","[1, 2, 3, 4, 5, 6, 7, 8, 9, 10, 11, 12]","[0.0, 0.0, 0.0, 0.0, 0.0, 0.0, 17.96, 12.04, 165.0, 0.0, 0.0]","[0.0, 0.0, 0.0, 0.0, 0.0, 0.0, 0.006161, 0.004105, 0.056027, 0.0, 0.0]",11
W3,Larkana,Curd (Dahi) Loose,"[248.17, 274.61, 286.51, 286.51, 286.51, 286.51, 286.51, 286.51, 286.51, 286.51, 286.51, 286.51]","[1, 2, 3, 4, 5, 6, 7, 8, 9, 10, 11, 12]","[26.44, 11.9, 0.0, 0.0, 0.0, 0.0, 0.0, 0.0, 0.0, 0.0, 0.0]","[0.10654, 0.043334, 0.0, 0.0, 0.0, 0.0, 0.0, 0.0, 0.0, 0.0, 0.0]",11
W3,Larkana,Eggs Hen (Farm),"[284.51, 250.76, 305.08, 283.29, 286.54, 308.06, 320.0, 329.12, 354.06, 360.71, 365.23, 287.22]","[1, 2, 3, 4, 5, 6, 7, 8, 9, 10, 11, 12]","[-33.75, 54.32, -21.79, 3.25, 21.52, 11.94, 9.12, 24.94, 6.65, 4.52, -78.01]","[-0.118625, 0.216621, -0.071424, 0.011472, 0.075103, 0.038759, 0.0285, 0.075778, 0.018782, 0.012531, -0.213591]",11
W3,Larkana,Electricity Charges upto 50 Units,"[6.0, 5.69, 4.72, 4.66, 5.04, 5.4, 4.99, 4.83, 5.24, 6.02, 6.1, 6.55]","[1, 2, 3, 4, 5, 6, 7, 8, 9, 10, 11, 12]","[-0.31, -0.97, -0.06, 0.38, 0.36, -0.41, -0.16, 0.41, 0.78, 0.08, 0.45]","[-0.051667, -0.170475, -0.012712, 0.081545, 0.071429, -0.075926, -0.032064, 0.084886, 0.148855, 0.013289, 0.07377]",11
W3,Larkana,Energy Saver Philips 14 Watt,"[370.0, 370.0, 370.0, 370.0, 370.0, 370.0, 370.0, 370.0, 370.0, 370.0, 370.0, 370.0]","[1, 2, 3, 4, 5, 6, 7, 8, 9, 10, 11, 12]","[0.0, 0.0, 0.0, 0.0, 0.0, 0.0, 0.0, 0.0, 0.0, 0.0, 0.0]","[0.0, 0.0, 0.0, 0.0, 0.0, 0.0, 0.0, 0.0, 0.0, 0.0, 0.0]",11
W3,Larkana,Firewood Whole,"[883.01, 898.66, 914.58, 932.17, 988.59, 1165.7, 1213.5, 1276.32, 1329.88, 1347.74, 1379.65, 1383.13]","[1, 2, 3, 4, 5, 6, 7, 8, 9, 10, 11, 12]","[15.65, 15.92, 17.59, 56.42, 177.11, 47.8, 62.82, 53.56, 17.86, 31.91, 3.48]","[0.017723, 0.017715, 0.019233, 0.060525, 0.179154, 0.041005, 0.051768, 0.041964, 0.01343, 0.023677, 0.002522]",11
W3,Larkana,Garlic (Lehsun),"[578.14, 403.37, 261.7, 286.51, 274.66, 299.67, 323.25, 374.79, 381.45, 384.57, 402.5, 516.61]","[1, 2, 3, 4, 5, 6, 7, 8, 9, 10, 11, 12]","[-174.77, -141.67, 24.81, -11.85, 25.01, 23.58, 51.54, 6.66, 3.12, 17.93, 114.11]","[-0.302297, -0.351216, 0.094803, -0.04136, 0.091058, 0.078687, 0.159443, 0.01777, 0.008179, 0.046624, 0.283503]",11
W3,Larkana,Gas Charges upto 3.3719 MMBTU,"[1976.5, 1976.5, 1976.5, 1976.5, 2194.19, 2566.5, 2566.5, 2566.5, 2566.5, 2566.5, 2566.5, 2566.5]","[1, 2, 3, 4, 5, 6, 7, 8, 9, 10, 11, 12]","[0.0, 0.0, 0.0, 217.69, 372.31, 0.0, 0.0, 0.0, 0.0, 0.0, 0.0]","[0.0, 0.0, 0.0, 0.110139, 0.16968, 0.0, 0.0, 0.0, 0.0, 0.0, 0.0]",11
W3,Larkana,Gents Sandal Bata,"[2499.0, 2499.0, 2499.0, 2499.0, 2499.0, 2499.0, 2499.0, 2499.0, 2499.0, 2499.0, 2499.0, 2499.0]","[1, 2, 3, 4, 5, 6, 7, 8, 9, 10, 11, 12]","[0.0, 0.0, 0.0, 0.0, 0.0, 0.0, 0.0, 0.0, 0.0, 0.0, 0.0]","[0.0, 0.0, 0.0, 0.0, 0.0, 0.0, 0.0, 0.0, 0.0, 0.0, 0.0]",11
W3,Larkana,Gents Sponge Chappal Bata,"[599.0, 599.0, 599.0, 599.0, 599.0, 599.0, 599.0, 599.0, 599.0, 599.0, 599.0, 599.0]","[1, 2, 3, 4, 5, 6, 7, 8, 9, 10, 11, 12]","[0.0, 0.0, 0.0, 0.0, 0.0, 0.0, 0.0, 0.0, 0.0, 0.0, 0.0]","[0.0, 0.0, 0.0, 0.0, 0.0, 0.0, 0.0, 0.0, 0.0, 0.0, 0.0]",11
W3,Larkana,Georgette (Average Quality),"[265.66, 297.19, 332.47, 332.47, 332.47, 332.47, 356.65, 382.59, 382.59, 382.59, 382.59, 382.59]","[1, 2, 3, 4, 5, 6, 7, 8, 9, 10, 11, 12]","[31.53, 35.28, 0.0, 0.0, 0.0, 24.18, 25.94, 0.0, 0.0, 0.0, 0.0]","[0.118686, 0.118712, 0.0, 0.0, 0.0, 0.072728, 0.072732, 0.0, 0.0, 0.0, 0.0]",11
W3,Larkana,Gur (Average Quality),"[171.63, 191.59, 194.01, 200.0, 213.12, 208.1, 209.76, 213.12, 202.34, 220.0, 215.85, 195.77]","[1, 2, 3, 4, 5, 6, 7, 8, 9, 10, 11, 12]","[19.96, 2.42, 5.99, 13.12, -5.02, 1.66, 3.36, -10.78, 17.66, -4.15, -20.08]","[0.116297, 0.012631, 0.030875, 0.0656, -0.023555, 0.007977, 0.016018, -0.050582, 0.087279, -0.018864, -0.093028]",11
W3,Larkana,Hi-Speed Diesel,"[259.91, 259.91, 256.9, 274.25, 281.03, 280.14, 273.64, 277.16, 283.7, 274.86, 259.32, 274.25]","[1, 2, 3, 4, 5, 6, 7, 8, 9, 10, 11, 12]","[0.0, -3.01, 17.35, 6.78, -0.89, -6.5, 3.52, 6.54, -8.84, -15.54, 14.93]","[0.0, -0.011581, 0.067536, 0.024722, -0.003167, -0.023203, 0.012864, 0.023596, -0.03116, -0.056538, 0.057574]",11
W3,Larkana,LPG 11.67 kg Cylinder,"[3192.88, 3246.66, 3129.97, 3150.0, 2835.92, 2690.54, 2986.35, 3033.24, 3069.02, 3457.07, 3531.71, 3415.08]","[1, 2, 3, 4, 5, 6, 7, 8, 9, 10, 11, 12]","[53.78, -116.69, 20.03, -314.08, -145.38, 295.81, 46.89, 35.78, 388.05, 74.64, -116.63]","[0.016844, -0.035942, 0.006399, -0.099708, -0.051264, 0.109944, 0.015701, 0.011796, 0.126441, 0.021591, -0.033024]",11
W3,Larkana,Ladies Sandal Bata,"[1399.0, 1399.0, 1399.0, 1399.0, 1399.0, 1399.0, 1399.0, 1399.0, 1399.0, 1399.0, 1399.0, 1399.0]","[1, 2, 3, 4, 5, 6, 7, 8, 9, 10, 11, 12]","[0.0, 0.0, 0.0, 0.0, 0.0, 0.0, 0.0, 0.0, 0.0, 0.0, 0.0]","[0.0, 0.0, 0.0, 0.0, 0.0, 0.0, 0.0, 0.0, 0.0, 0.0, 0.0]",11
W3,Larkana,Lawn Printed Gul Ahmed/Al Karam,"[532.8, 580.69, 632.89, 632.89, 632.89, 632.89, 632.89, 632.89, 632.89, 632.89, 632.89, 632.89]","[1, 2, 3, 4, 5, 6, 7, 8, 9, 10, 11, 12]","[47.89, 52.2, 0.0, 0.0, 0.0, 0.0, 0.0, 0.0, 0.0, 0.0, 0.0]","[0.089884, 0.089893, 0.0, 0.0, 0.0, 0.0, 0.0, 0.0, 0.0, 0.0, 0.0]",11
W3,Larkana,"Long Cloth 57"" Gul Ahmed/Al Karam","[516.14, 577.58, 646.33, 646.33, 646.33, 646.33, 646.33, 646.33, 646.33, 646.33, 646.33, 646.33]","[1, 2, 3, 4, 5, 6, 7, 8, 9, 10, 11, 12]","[61.44, 68.75, 0.0, 0.0, 0.0, 0.0, 0.0, 0.0, 0.0, 0.0, 0.0]","[0.119037, 0.119031, 0.0, 0.0, 0.0, 0.0, 0.0, 0.0, 0.0, 0.0, 0.0]",11
W3,Larkana,Match Box,"[7.0, 7.0, 7.0, 7.0, 7.0, 7.0, 7.0, 7.0, 7.0, 7.0, 7.0, 7.0]","[1, 2, 3, 4, 5, 6, 7, 8, 9, 10, 11, 12]","[0.0, 0.0, 0.0, 0.0, 0.0, 0.0, 0.0, 0.0, 0.0, 0.0, 0.0]","[0.0, 0.0, 0.0, 0.0, 0.0, 0.0, 0.0, 0.0, 0.0, 0.0, 0.0]",11
W3,Larkana,Milk fresh (Un-boiled),"[233.14, 243.29, 243.29, 243.29, 243.29, 243.29, 243.29, 243.29, 243.29, 243.29, 243.29, 243.29]","[1, 2, 3, 4, 5, 6, 7, 8, 9, 10, 11, 12]","[10.15, 0.0, 0.0, 0.0, 0.0, 0.0, 0.0, 0.0, 0.0, 0.0, 0.0]","[0.043536, 0.0, 0.0, 0.0, 0.0, 0.0, 0.0, 0.0, 0.0, 0.0, 0.0]",11
W3,Larkana,Mustard Oil (Average Quality),"[494.54, 503.95, 468.98, 546.65, 496.69, 493.18, 504.93, 482.62, 484.92, 481.64, 494.59, 493.24]","[1, 2, 3, 4, 5, 6, 7, 8, 9, 10, 11, 12]","[9.41, -34.97, 77.67, -49.96, -3.51, 11.75, -22.31, 2.3, -3.28, 12.95, -1.35]","[0.019028, -0.069392, 0.165615, -0.091393, -0.007067, 0.023825, -0.044184, 0.004766, -0.006764, 0.026887, -0.00273]",11
W3,Larkana,Mutton (Average Quality),"[2000.0, 2000.0, 2000.0, 2000.0, 2000.0, 2000.0, 2000.0, 2000.0, 2000.0, 2000.0, 2000.0, 2000.0]","[1, 2, 3, 4, 5, 6, 7, 8, 9, 10, 11, 12]","[0.0, 0.0, 0.0, 0.0, 0.0, 0.0, 0.0, 0.0, 0.0, 0.0, 0.0]","[0.0, 0.0, 0.0, 0.0, 0.0, 0.0, 0.0, 0.0, 0.0, 0.0, 0.0]",11
W3,Larkana,Onions,"[60.28, 37.25, 30.71, 46.42, 52.35, 69.76, 84.45, 86.8, 121.36, 75.67, 74.22, 55.61]","[1, 2, 3, 4, 5, 6, 7, 8, 9, 10, 11, 12]","[-23.03, -6.54, 15.71, 5.93, 17.41, 14.69, 2.35, 34.56, -45.69, -1.45, -18.61]","[-0.38205, -0.17557, 0.51156, 0.127747, 0.332569, 0.210579, 0.027827, 0.398157, -0.376483, -0.019162, -0.250741]",11
W3,Larkana,Petrol Super,"[256.9, 256.9, 253.89, 268.06, 271.28, 265.93, 265.93, 267.55, 267.73, 265.76, 255.41, 257.9]","[1, 2, 3, 4, 5, 6, 7, 8, 9, 10, 11, 12]","[0.0, -3.01, 14.17, 3.22, -5.35, 0.0, 1.62, 0.18, -1.97, -10.35, 2.49]","[0.0, -0.011717, 0.055812, 0.012012, -0.019721, 0.0, 0.006092, 0.000673, -0.007358, -0.038945, 0.009749]",11
W3,Larkana,Potatoes,"[53.13, 57.56, 49.44, 60.0, 63.16, 56.84, 63.22, 61.29, 65.39, 55.85, 38.97, 30.25]","[1, 2, 3, 4, 5, 6, 7, 8, 9, 10, 11, 12]","[4.43, -8.12, 10.56, 3.16, -6.32, 6.38, -1.93, 4.1, -9.54, -16.88, -8.72]","[0.08338, -0.14107, 0.213592, 0.052667, -0.100063, 0.112245, -0.030528, 0.066895, -0.145894, -0.302238, -0.223762]",11
W3,Larkana,Powdered Milk NIDO 390 gm Polybag,"[1030.0, 1030.0, 1030.0, 1030.0, 1030.0, 1030.0, 1047.07, 1100.0, 1100.0, 1100.0, 1100.0, 1100.0]","[1, 2, 3, 4, 5, 6, 7, 8, 9, 10, 11, 12]","[0.0, 0.0, 0.0, 0.0, 0.0, 17.07, 52.93, 0.0, 0.0, 0.0, 0.0]","[0.0, 0.0, 0.0, 0.0, 0.0, 0.016573, 0.050551, 0.0, 0.0, 0.0, 0.0]",11
W3,Larkana,Pulse Gram,"[311.51, 314.91, 324.89, 320.0, 320.0, 320.0, 320.0, 320.0, 312.96, 283.24, 247.89, 228.9]","[1, 2, 3, 4, 5, 6, 7, 8, 9, 10, 11, 12]","[3.4, 9.98, -4.89, 0.0, 0.0, 0.0, 0.0, -7.04, -29.72, -35.35, -18.99]","[0.010915, 0.031692, -0.015051, 0.0, 0.0, 0.0, 0.0, -0.022, -0.094964, -0.124806, -0.076607]",11
W3,Larkana,Pulse Mash (Washed),"[447.44, 533.25, 509.25, 520.0, 520.45, 488.8, 481.64, 480.0, 480.0, 463.74, 433.74, 439.62]","[1, 2, 3, 4, 5, 6, 7, 8, 9, 10, 11, 12]","[85.81, -24.0, 10.75, 0.45, -31.65, -7.16, -1.64, 0.0, -16.26, -30.0, 5.88]","[0.19178, -0.045007, 0.021109, 0.000865, -0.060813, -0.014648, -0.003405, 0.0, -0.033875, -0.064691, 0.013557]",11
W3,Larkana,Pulse Masoor (Washed),"[280.0, 280.0, 280.0, 286.51, 281.29, 280.0, 280.0, 280.0, 280.0, 284.87, 286.51, 261.32]","[1, 2, 3, 4, 5, 6, 7, 8, 9, 10, 11, 12]","[0.0, 0.0, 6.51, -5.22, -1.29, 0.0, 0.0, 0.0, 4.87, 1.64, -25.19]","[0.0, 0.0, 0.02325, -0.018219, -0.004586, 0.0, 0.0, 0.0, 0.017393, 0.005757, -0.08792]",11
W3,Larkana,Pulse Moong (Washed),"[346.54, 348.2, 389.69, 403.76, 395.13, 362.41, 364.17, 365.93, 365.93, 381.29, 402.09, 405.91]","[1, 2, 3, 4, 5, 6, 7, 8, 9, 10, 11, 12]","[1.66, 41.49, 14.07, -8.63, -32.72, 1.76, 1.76, 0.0, 15.36, 20.8, 3.82]","[0.00479, 0.119156, 0.036106, -0.021374, -0.082808, 0.004856, 0.004833, 0.0, 0.041975, 0.054552, 0.0095]",11
W3,Larkana,Rice Basmati Broken (Average Quality),"[236.62, 236.62, 236.62, 236.62, 236.62, 236.62, 243.29, 243.29, 243.29, 233.29, 235.95, 236.62]","[1, 2, 3, 4, 5, 6, 7, 8, 9, 10, 11, 12]","[0.0, 0.0, 0.0, 0.0, 0.0, 6.67, 0.0, 0.0, -10.0, 2.66, 0.67]","[0.0, 0.0, 0.0, 0.0, 0.0, 0.028189, 0.0, 0.0, -0.041103, 0.011402, 0.00284]",11
W3,Larkana,Rice IRRI-6/9 (Sindh/Punjab),"[116.57, 116.57, 115.73, 113.24, 115.23, 116.57, 116.57, 116.57, 116.57, 116.57, 116.57, 116.57]","[1, 2, 3, 4, 5, 6, 7, 8, 9, 10, 11, 12]","[0.0, -0.84, -2.49, 1.99, 1.34, 0.0, 0.0, 0.0, 0.0, 0.0, 0.0]","[0.0, -0.007206, -0.021516, 0.017573, 0.011629, 0.0, 0.0, 0.0, 0.0, 0.0, 0.0]",11
W3,Larkana,Salt Powdered (NATIONAL/SHAN) 800 gm Packet,"[70.0, 70.0, 70.0, 70.0, 70.0, 70.0, 70.0, 70.0, 70.0, 70.0, 70.0, 70.0]","[1, 2, 3, 4, 5, 6, 7, 8, 9, 10, 11, 12]","[0.0, 0.0, 0.0, 0.0, 0.0, 0.0, 0.0, 0.0, 0.0, 0.0, 0.0]","[0.0, 0.0, 0.0, 0.0, 0.0, 0.0, 0.0, 0.0, 0.0, 0.0, 0.0]",11
W3,Larkana,Shirting (Average Quality),"[313.19, 388.83, 482.74, 482.74, 482.74, 482.74, 482.74, 482.74, 482.74, 482.74, 482.74, 482.74]","[1, 2, 3, 4, 5, 6, 7, 8, 9, 10, 11, 12]","[75.64, 93.91, 0.0, 0.0, 0.0, 0.0, 0.0, 0.0, 0.0, 0.0, 0.0]","[0.241515, 0.241519, 0.0, 0.0, 0.0, 0.0, 0.0, 0.0, 0.0, 0.0, 0.0]",11
W3,Larkana,Sufi Washing Soap 250 gm Cake,"[120.0, 120.0, 120.0, 120.0, 120.0, 120.0, 122.43, 130.0, 130.0, 130.0, 130.0, 130.0]","[1, 2, 3, 4, 5, 6, 7, 8, 9, 10, 11, 12]","[0.0, 0.0, 0.0, 0.0, 0.0, 2.43, 7.57, 0.0, 0.0, 0.0, 0.0]","[0.0, 0.0, 0.0, 0.0, 0.0, 0.02025, 0.061831, 0.0, 0.0, 0.0, 0.0]",11
W3,Larkana,Sugar Refined,"[164.53, 167.9, 170.0, 180.0, 183.88, 176.96, 183.28, 185.66, 192.74, 175.34, 151.28, 149.16]","[1, 2, 3, 4, 5, 6, 7, 8, 9, 10, 11, 12]","[3.37, 2.1, 10.0, 3.88, -6.92, 6.32, 2.38, 7.08, -17.4, -24.06, -2.12]","[0.020483, 0.012507, 0.058824, 0.021556, -0.037633, 0.035714, 0.012986, 0.038134, -0.090277, -0.137219, -0.014014]",11
W3,Larkana,Tea Lipton Yellow Label 190 gm Packet,"[447.05, 447.05, 447.05, 447.05, 447.05, 447.05, 447.05, 447.05, 447.05, 447.05, 447.05, 447.05]","[1, 2, 3, 4, 5, 6, 7, 8, 9, 10, 11, 12]","[0.0, 0.0, 0.0, 0.0, 0.0, 0.0, 0.0, 0.0, 0.0, 0.0, 0.0]","[0.0, 0.0, 0.0, 0.0, 0.0, 0.0, 0.0, 0.0, 0.0, 0.0, 0.0]",11
W3,Larkana,Tea Prepared Ordinary,"[70.0, 70.0, 70.0, 70.0, 70.0, 70.0, 70.0, 70.0, 70.0, 70.0, 70.0, 70.0]","[1, 2, 3, 4, 5, 6, 7, 8, 9, 10, 11, 12]","[0.0, 0.0, 0.0, 0.0, 0.0, 0.0, 0.0, 0.0, 0.0, 0.0, 0.0]","[0.0, 0.0, 0.0, 0.0, 0.0, 0.0, 0.0, 0.0, 0.0, 0.0, 0.0]",11
W3,Larkana,Telephone Call Charges,"[1.79, 1.79, 1.79, 1.79, 1.79, 1.79, 1.79, 1.79, 1.79, 1.79, 1.79, 1.79]","[1, 2, 3, 4, 5, 6, 7, 8, 9, 10, 11, 12]","[0.0, 0.0, 0.0, 0.0, 0.0, 0.0, 0.0, 0.0, 0.0, 0.0, 0.0]","[0.0, 0.0, 0.0, 0.0, 0.0, 0.0, 0.0, 0.0, 0.0, 0.0, 0.0]",11
W3,Larkana,Toilet Soap LIFEBUOY 115 gm,"[118.6, 118.6, 118.6, 118.6, 118.6, 118.6, 118.6, 118.6, 118.6, 118.6, 118.6, 118.6]","[1, 2, 3, 4, 5, 6, 7, 8, 9, 10, 11, 12]","[0.0, 0.0, 0.0, 0.0, 0.0, 0.0, 0.0, 0.0, 0.0, 0.0, 0.0]","[0.0, 0.0, 0.0, 0.0, 0.0, 0.0, 0.0, 0.0, 0.0, 0.0, 0.0]",11
W3,Larkana,Tomatoes,"[50.42, 31.09, 16.35, 80.0, 85.57, 102.39, 201.02, 225.03, 118.69, 59.66, 68.64, 79.45]","[1, 2, 3, 4, 5, 6, 7, 8, 9, 10, 11, 12]","[-19.33, -14.74, 63.65, 5.57, 16.82, 98.63, 24.01, -106.34, -59.03, 8.98, 10.81]","[-0.38338, -0.474107, 3.892966, 0.069625, 0.196564, 0.963278, 0.119441, -0.472559, -0.497346, 0.15052, 0.157488]",11
W3,Larkana,Vegetable Ghee DALDA/HABIB 2.5 kg Tin,"[1485.0, 1485.0, 1485.0, 1485.0, 1485.0, 1485.0, 1485.0, 1485.0, 1496.24, 1500.0, 1500.0, 1500.0]","[1, 2, 3, 4, 5, 6, 7, 8, 9, 10, 11, 12]","[0.0, 0.0, 0.0, 0.0, 0.0, 0.0, 0.0, 11.24, 3.76, 0.0, 0.0]","[0.0, 0.0, 0.0, 0.0, 0.0, 0.0, 0.0, 0.007569, 0.002513, 0.0, 0.0]",11
W3,Larkana,Vegetable Ghee DALDA/HABIB or Other Superior Quality 1 kg Pouch,"[579.0, 579.0, 579.0, 579.0, 579.0, 579.0, 579.0, 579.0, 583.49, 592.0, 592.0, 592.0]","[1, 2, 3, 4, 5, 6, 7, 8, 9, 10, 11, 12]","[0.0, 0.0, 0.0, 0.0, 0.0, 0.0, 0.0, 4.49, 8.51, 0.0, 0.0]","[0.0, 0.0, 0.0, 0.0, 0.0, 0.0, 0.0, 0.007755, 0.014585, 0.0, 0.0]",11
W3,Larkana,Wheat Flour Bag,"[1716.48, 1544.22, 1489.97, 1500.0, 1482.23, 1515.74, 2226.24, 2119.81, 2159.83, 2209.32, 2446.88, 2262.2]","[1, 2, 3, 4, 5, 6, 7, 8, 9, 10, 11, 12]","[-172.26, -54.25, 10.03, -17.77, 33.51, 710.5, -106.43, 40.02, 49.49, 237.56, -184.68]","[-0.100357, -0.035131, 0.006732, -0.011847, 0.022608, 0.468748, -0.047807, 0.018879, 0.022914, 0.107526, -0.075476]",11
W3,Multan,Bananas (Kela) Local,"[297.17, 252.84, 276.08, 257.45, 235.09, 184.32, 177.41, 164.85, 156.97, 156.97, 165.33, 242.53]","[1, 2, 3, 4, 5, 6, 7, 8, 9, 10, 11, 12]","[-44.33, 23.24, -18.63, -22.36, -50.77, -6.91, -12.56, -7.88, 0.0, 8.36, 77.2]","[-0.149174, 0.091916, -0.06748, -0.086852, -0.21596, -0.037489, -0.070796, -0.047801, 0.0, 0.053259, 0.466945]",11
W3,Multan,Beef with Bone (Average Quality),"[1181.7, 1188.7, 1197.16, 1200.0, 1200.0, 1253.59, 1271.98, 1271.98, 1271.98, 1271.98, 1271.98, 1285.81]","[1, 2, 3, 4, 5, 6, 7, 8, 9, 10, 11, 12]","[7.0, 8.46, 2.84, 0.0, 53.59, 18.39, 0.0, 0.0, 0.0, 0.0, 13.83]","[0.005924, 0.007117, 0.002372, 0.0, 0.044658, 0.01467, 0.0, 0.0, 0.0, 0.0, 0.010873]",11
W3,Multan,Bread plain (Small Size),"[110.0, 110.0, 110.0, 110.0, 110.0, 110.0, 110.0, 110.0, 110.0, 110.0, 110.0, 107.41]","[1, 2, 3, 4, 5, 6, 7, 8, 9, 10, 11, 12]","[0.0, 0.0, 0.0, 0.0, 0.0, 0.0, 0.0, 0.0, 0.0, 0.0, -2.59]","[0.0, 0.0, 0.0, 0.0, 0.0, 0.0, 0.0, 0.0, 0.0, 0.0, -0.023545]",11
W3,Multan,Chicken Farm Broiler (Live),"[477.07, 434.39, 447.35, 335.0, 394.21, 429.93, 401.25, 315.02, 346.45, 371.39, 390.52, 341.44]","[1, 2, 3, 4, 5, 6, 7, 8, 9, 10, 11, 12]","[-42.68, 12.96, -112.35, 59.21, 35.72, -28.68, -86.23, 31.43, 24.94, 19.13, -49.08]","[-0.089463, 0.029835, -0.251146, 0.176746, 0.090612, -0.066709, -0.214903, 0.099771, 0.071987, 0.051509, -0.125679]",11
W3,Multan,Chilies Powder NATIONAL 200 gm Packet,"[320.0, 320.0, 320.0, 320.0, 320.0, 320.0, 320.0, 320.0, 320.0, 334.05, 380.0, 380.0]","[1, 2, 3, 4, 5, 6, 7, 8, 9, 10, 11, 12]","[0.0, 0.0, 0.0, 0.0, 0.0, 0.0, 0.0, 0.0, 14.05, 45.95, 0.0]","[0.0, 0.0, 0.0, 0.0, 0.0, 0.0, 0.0, 0.0, 0.043906, 0.137554, 0.0]",11
W3,Multan,Cigarettes Capstan 20'S Packet,"[240.0, 240.0, 240.0, 240.0, 240.0, 240.0, 240.0, 240.0, 240.0, 240.0, 240.0, 240.0]","[1, 2, 3, 4, 5, 6, 7, 8, 9, 10, 11, 12]","[0.0, 0.0, 0.0, 0.0, 0.0, 0.0, 0.0, 0.0, 0.0, 0.0, 0.0]","[0.0, 0.0, 0.0, 0.0, 0.0, 0.0, 0.0, 0.0, 0.0, 0.0, 0.0]",11
W3,Multan,Cooked Beef at Average Hotel,"[300.0, 300.0, 319.23, 325.91, 325.91, 325.91, 325.91, 325.91, 325.91, 325.91, 325.91, 325.91]","[1, 2, 3, 4, 5, 6, 7, 8, 9, 10, 11, 12]","[0.0, 19.23, 6.68, 0.0, 0.0, 0.0, 0.0, 0.0, 0.0, 0.0, 0.0]","[0.0, 0.0641, 0.020925, 0.0, 0.0, 0.0, 0.0, 0.0, 0.0, 0.0, 0.0]",11
W3,Multan,Cooked Daal at Average Hotel,"[141.08, 141.08, 141.08, 141.08, 141.08, 141.08, 141.08, 141.08, 141.08, 141.08, 141.08, 141.08]","[1, 2, 3, 4, 5, 6, 7, 8, 9, 10, 11, 12]","[0.0, 0.0, 0.0, 0.0, 0.0, 0.0, 0.0, 0.0, 0.0, 0.0, 0.0]","[0.0, 0.0, 0.0, 0.0, 0.0, 0.0, 0.0, 0.0, 0.0, 0.0, 0.0]",11
W3,Multan,"Cooking Oil DALDA or Other Similar Brand (SN), 5 Litre Tin","[2937.47, 2915.0, 2915.0, 2915.0, 2884.9, 2865.0, 2865.0, 2896.74, 2945.0, 3067.44, 3109.37, 3101.32]","[1, 2, 3, 4, 5, 6, 7, 8, 9, 10, 11, 12]","[-22.47, 0.0, 0.0, -30.1, -19.9, 0.0, 31.74, 48.26, 122.44, 41.93, -8.05]","[-0.007649, 0.0, 0.0, -0.010326, -0.006898, 0.0, 0.011079, 0.01666, 0.041576, 0.013669, -0.002589]",11
W3,Multan,Curd (Dahi) Loose,"[225.5, 225.5, 225.5, 235.5, 235.5, 235.5, 235.5, 235.5, 235.5, 235.5, 235.5, 235.5]","[1, 2, 3, 4, 5, 6, 7, 8, 9, 10, 11, 12]","[0.0, 0.0, 10.0, 0.0, 0.0, 0.0, 0.0, 0.0, 0.0, 0.0, 0.0]","[0.0, 0.0, 0.044346, 0.0, 0.0, 0.0, 0.0, 0.0, 0.0, 0.0, 0.0]",11
W3,Multan,Eggs Hen (Farm),"[268.11, 216.44, 293.26, 231.08, 257.7, 288.25, 299.64, 320.05, 339.92, 345.47, 334.24, 247.99]","[1, 2, 3, 4, 5, 6, 7, 8, 9, 10, 11, 12]","[-51.67, 76.82, -62.18, 26.62, 30.55, 11.39, 20.41, 19.87, 5.55, -11.23, -86.25]","[-0.192719, 0.354925, -0.21203, 0.115198, 0.118549, 0.039514, 0.068115, 0.062084, 0.016327, -0.032506, -0.258048]",11
W3,Multan,Electricity Charges upto 50 Units,"[6.0, 5.69, 4.72, 4.66, 5.04, 5.4, 4.99, 4.83, 5.24, 6.02, 6.1, 6.55]","[1, 2, 3, 4, 5, 6, 7, 8, 9, 10, 11, 12]","[-0.31, -0.97, -0.06, 0.38, 0.36, -0.41, -0.16, 0.41, 0.78, 0.08, 0.45]","[-0.051667, -0.170475, -0.012712, 0.081545, 0.071429, -0.075926, -0.032064, 0.084886, 0.148855, 0.013289, 0.07377]",11
W3,Multan,Energy Saver Philips 14 Watt,"[575.0, 575.0, 575.0, 575.0, 575.0, 575.0, 575.0, 575.0, 575.0, 575.0, 575.0, 575.0]","[1, 2, 3, 4, 5, 6, 7, 8, 9, 10, 11, 12]","[0.0, 0.0, 0.0, 0.0, 0.0, 0.0, 0.0, 0.0, 0.0, 0.0, 0.0]","[0.0, 0.0, 0.0, 0.0, 0.0, 0.0, 0.0, 0.0, 0.0, 0.0, 0.0]",11
W3,Multan,Firewood Whole,"[1440.97, 1440.97, 1440.97, 1440.97, 1440.97, 1440.97, 1440.97, 1500.19, 1541.02, 1541.02, 1595.51, 1632.91]","[1, 2, 3, 4, 5, 6, 7, 8, 9, 10, 11, 12]","[0.0, 0.0, 0.0, 0.0, 0.0, 0.0, 59.22, 40.83, 0.0, 54.49, 37.4]","[0.0, 0.0, 0.0, 0.0, 0.0, 0.0, 0.041097, 0.027217, 0.0, 0.03536, 0.023441]",11
W3,Multan,Garlic (Lehsun),"[655.97, 456.17, 426.07, 366.45, 366.45, 392.9, 404.36, 411.4, 415.37, 455.76, 494.87, 595.29]","[1, 2, 3, 4, 5, 6, 7, 8, 9, 10, 11, 12]","[-199.8, -30.1, -59.62, 0.0, 26.45, 11.46, 7.04, 3.97, 40.39, 39.11, 100.42]","[-0.304587, -0.065984, -0.13993, 0.0, 0.072179, 0.029168, 0.01741, 0.00965, 0.097239, 0.085813, 0.202922]",11
W3,Multan,Gas Charges upto 3.3719 MMBTU,"[1976.5, 1976.5, 1976.5, 1976.5, 2194.19, 2566.5, 2566.5, 2566.5, 2566.5, 2566.5, 2566.5, 2566.5]","[1, 2, 3, 4, 5, 6, 7, 8, 9, 10, 11, 12]","[0.0, 0.0, 0.0, 217.69, 372.31, 0.0, 0.0, 0.0, 0.0, 0.0, 0.0]","[0.0, 0.0, 0.0, 0.110139, 0.16968, 0.0, 0.0, 0.0, 0.0, 0.0, 0.0]",11
W3,Multan,Gents Sandal Bata,"[2499.0, 2499.0, 2499.0, 2499.0, 2499.0, 2499.0, 2499.0, 2499.0, 2499.0, 2499.0, 2499.0, 2499.0]","[1, 2, 3, 4, 5, 6, 7, 8, 9, 10, 11, 12]","[0.0, 0.0, 0.0, 0.0, 0.0, 0.0, 0.0, 0.0, 0.0, 0.0, 0.0]","[0.0, 0.0, 0.0, 0.0, 0.0, 0.0, 0.0, 0.0, 0.0, 0.0, 0.0]",11
W3,Multan,Gents Sponge Chappal Bata,"[599.0, 599.0, 599.0, 599.0, 599.0, 599.0, 599.0, 599.0, 599.0, 599.0, 599.0, 599.0]","[1, 2, 3, 4, 5, 6, 7, 8, 9, 10, 11, 12]","[0.0, 0.0, 0.0, 0.0, 0.0, 0.0, 0.0, 0.0, 0.0, 0.0, 0.0]","[0.0, 0.0, 0.0, 0.0, 0.0, 0.0, 0.0, 0.0, 0.0, 0.0, 0.0]",11
W3,Multan,Georgette (Average Quality),"[327.54, 327.54, 327.54, 327.54, 327.54, 327.54, 327.54, 327.54, 327.54, 327.54, 327.54, 327.54]","[1, 2, 3, 4, 5, 6, 7, 8, 9, 10, 11, 12]","[0.0, 0.0, 0.0, 0.0, 0.0, 0.0, 0.0, 0.0, 0.0, 0.0, 0.0]","[0.0, 0.0, 0.0, 0.0, 0.0, 0.0, 0.0, 0.0, 0.0, 0.0, 0.0]",11
W3,Multan,Gur (Average Quality),"[207.48, 207.48, 223.14, 268.62, 268.62, 268.62, 268.62, 268.62, 250.23, 244.39, 242.14, 242.14]","[1, 2, 3, 4, 5, 6, 7, 8, 9, 10, 11, 12]","[0.0, 15.66, 45.48, 0.0, 0.0, 0.0, 0.0, -18.39, -5.84, -2.25, 0.0]","[0.0, 0.075477, 0.203818, 0.0, 0.0, 0.0, 0.0, -0.068461, -0.023339, -0.009207, 0.0]",11
W3,Multan,Hi-Speed Diesel,"[259.63, 259.63, 256.62, 274.04, 280.82, 280.34, 272.74, 277.22, 282.98, 273.94, 258.62, 273.39]","[1, 2, 3, 4, 5, 6, 7, 8, 9, 10, 11, 12]","[0.0, -3.01, 17.42, 6.78, -0.48, -7.6, 4.48, 5.76, -9.04, -15.32, 14.77]","[0.0, -0.011593, 0.067882, 0.024741, -0.001709, -0.02711, 0.016426, 0.020778, -0.031946, -0.055925, 0.057111]",11
W3,Multan,LPG 11.67 kg Cylinder,"[3380.46, 3350.88, 3087.23, 3150.0, 3150.0, 2984.86, 3053.0, 2932.6, 3230.55, 3556.14, 3511.13, 3579.47]","[1, 2, 3, 4, 5, 6, 7, 8, 9, 10, 11, 12]","[-29.58, -263.65, 62.77, 0.0, -165.14, 68.14, -120.4, 297.95, 325.59, -45.01, 68.34]","[-0.00875, -0.078681, 0.020332, 0.0, -0.052425, 0.022829, -0.039437, 0.101599, 0.100785, -0.012657, 0.019464]",11
W3,Multan,Ladies Sandal Bata,"[1399.0, 1399.0, 1399.0, 1399.0, 1399.0, 1399.0, 1399.0, 1399.0, 1399.0, 1399.0, 1399.0, 1399.0]","[1, 2, 3, 4, 5, 6, 7, 8, 9, 10, 11, 12]","[0.0, 0.0, 0.0, 0.0, 0.0, 0.0, 0.0, 0.0, 0.0, 0.0, 0.0]","[0.0, 0.0, 0.0, 0.0, 0.0, 0.0, 0.0, 0.0, 0.0, 0.0, 0.0]",11
W3,Multan,Lawn Printed Gul Ahmed/Al Karam,"[655.0, 738.46, 738.46, 738.46, 738.46, 738.46, 738.46, 738.46, 738.46, 738.46, 738.46, 738.46]","[1, 2, 3, 4, 5, 6, 7, 8, 9, 10, 11, 12]","[83.46, 0.0, 0.0, 0.0, 0.0, 0.0, 0.0, 0.0, 0.0, 0.0, 0.0]","[0.12742, 0.0, 0.0, 0.0, 0.0, 0.0, 0.0, 0.0, 0.0, 0.0, 0.0]",11
W3,Multan,"Long Cloth 57"" Gul Ahmed/Al Karam","[758.0, 800.0, 800.0, 800.0, 800.0, 800.0, 800.0, 800.0, 800.0, 800.0, 800.0, 800.0]","[1, 2, 3, 4, 5, 6, 7, 8, 9, 10, 11, 12]","[42.0, 0.0, 0.0, 0.0, 0.0, 0.0, 0.0, 0.0, 0.0, 0.0, 0.0]","[0.055409, 0.0, 0.0, 0.0, 0.0, 0.0, 0.0, 0.0, 0.0, 0.0, 0.0]",11
W3,Multan,Match Box,"[7.0, 7.0, 7.0, 7.0, 7.0, 7.0, 7.0, 7.0, 7.0, 7.0, 7.0, 7.0]","[1, 2, 3, 4, 5, 6, 7, 8, 9, 10, 11, 12]","[0.0, 0.0, 0.0, 0.0, 0.0, 0.0, 0.0, 0.0, 0.0, 0.0, 0.0]","[0.0, 0.0, 0.0, 0.0, 0.0, 0.0, 0.0, 0.0, 0.0, 0.0, 0.0]",11
W3,Multan,Milk fresh (Un-boiled),"[189.94, 189.94, 194.09, 197.73, 197.73, 197.73, 197.73, 197.73, 197.73, 197.73, 197.73, 197.73]","[1, 2, 3, 4, 5, 6, 7, 8, 9, 10, 11, 12]","[0.0, 4.15, 3.64, 0.0, 0.0, 0.0, 0.0, 0.0, 0.0, 0.0, 0.0]","[0.0, 0.021849, 0.018754, 0.0, 0.0, 0.0, 0.0, 0.0, 0.0, 0.0, 0.0]",11
W3,Multan,Mustard Oil (Average Quality),"[580.0, 580.0, 580.0, 580.0, 580.0, 580.0, 580.0, 597.67, 597.67, 597.67, 597.67, 584.78]","[1, 2, 3, 4, 5, 6, 7, 8, 9, 10, 11, 12]","[0.0, 0.0, 0.0, 0.0, 0.0, 0.0, 17.67, 0.0, 0.0, 0.0, -12.89]","[0.0, 0.0, 0.0, 0.0, 0.0, 0.0, 0.030466, 0.0, 0.0, 0.0, -0.021567]",11
W3,Multan,Mutton (Average Quality),"[2132.82, 2166.15, 2231.25, 2249.51, 2249.51, 2328.28, 2355.15, 2355.15, 2355.15, 2355.15, 2355.15, 2379.9]","[1, 2, 3, 4, 5, 6, 7, 8, 9, 10, 11, 12]","[33.33, 65.1, 18.26, 0.0, 78.77, 26.87, 0.0, 0.0, 0.0, 0.0, 24.75]","[0.015627, 0.030053, 0.008184, 0.0, 0.035017, 0.011541, 0.0, 0.0, 0.0, 0.0, 0.010509]",11
W3,Multan,Onions,"[62.97, 51.4, 39.05, 55.33, 59.04, 76.67, 86.58, 116.89, 144.89, 98.45, 70.3, 65.44]","[1, 2, 3, 4, 5, 6, 7, 8, 9, 10, 11, 12]","[-11.57, -12.35, 16.28, 3.71, 17.63, 9.91, 30.31, 28.0, -46.44, -28.15, -4.86]","[-0.183738, -0.240272, 0.416901, 0.067052, 0.298611, 0.129255, 0.350081, 0.239541, -0.320519, -0.285932, -0.069132]",11
W3,Multan,Petrol Super,"[256.63, 255.65, 253.65, 267.75, 271.06, 265.58, 265.58, 266.65, 266.84, 264.74, 254.63, 257.09]","[1, 2, 3, 4, 5, 6, 7, 8, 9, 10, 11, 12]","[-0.98, -2.0, 14.1, 3.31, -5.48, 0.0, 1.07, 0.19, -2.1, -10.11, 2.46]","[-0.003819, -0.007823, 0.055588, 0.012362, -0.020217, 0.0, 0.004029, 0.000713, -0.00787, -0.038188, 0.009661]",11
W3,Multan,Potatoes,"[61.04, 61.04, 60.0, 85.17, 93.23, 99.42, 90.62, 98.52, 85.15, 77.93, 45.89, 33.16]","[1, 2, 3, 4, 5, 6, 7, 8, 9, 10, 11, 12]","[0.0, -1.04, 25.17, 8.06, 6.19, -8.8, 7.9, -13.37, -7.22, -32.04, -12.73]","[0.0, -0.017038, 0.4195, 0.094634, 0.066395, -0.088513, 0.087177, -0.135708, -0.084792, -0.411138, -0.277402]",11
W3,Multan,Powdered Milk NIDO 390 gm Polybag,"[1030.0, 1030.0, 1030.0, 1030.0, 1030.0, 1082.07, 1100.0, 1100.0, 1100.0, 1100.0, 1100.0, 1100.0]","[1, 2, 3, 4, 5, 6, 7, 8, 9, 10, 11, 12]","[0.0, 0.0, 0.0, 0.0, 52.07, 17.93, 0.0, 0.0, 0.0, 0.0, 0.0]","[0.0, 0.0, 0.0, 0.0, 0.050553, 0.01657, 0.0, 0.0, 0.0, 0.0, 0.0]",11
W3,Multan,Pulse Gram,"[298.82, 304.33, 317.55, 326.57, 324.81, 303.65, 313.23, 298.84, 277.96, 276.59, 247.1, 235.36]","[1, 2, 3, 4, 5, 6, 7, 8, 9, 10, 11, 12]","[5.51, 13.22, 9.02, -1.76, -21.16, 9.58, -14.39, -20.88, -1.37, -29.49, -11.74]","[0.018439, 0.04344, 0.028405, -0.005389, -0.065146, 0.031549, -0.045941, -0.06987, -0.004929, -0.10662, -0.047511]",11
W3,Multan,Pulse Mash (Washed),"[477.58, 471.03, 471.03, 471.03, 471.03, 471.03, 471.03, 471.03, 471.03, 471.03, 458.96, 451.08]","[1, 2, 3, 4, 5, 6, 7, 8, 9, 10, 11, 12]","[-6.55, 0.0, 0.0, 0.0, 0.0, 0.0, 0.0, 0.0, 0.0, -12.07, -7.88]","[-0.013715, 0.0, 0.0, 0.0, 0.0, 0.0, 0.0, 0.0, 0.0, -0.025625, -0.017169]",11
W3,Multan,Pulse Masoor (Washed),"[315.95, 324.88, 327.72, 327.72, 324.37, 322.16, 322.16, 322.16, 322.16, 322.16, 310.66, 303.22]","[1, 2, 3, 4, 5, 6, 7, 8, 9, 10, 11, 12]","[8.93, 2.84, 0.0, -3.35, -2.21, 0.0, 0.0, 0.0, 0.0, -11.5, -7.44]","[0.028264, 0.008742, 0.0, -0.010222, -0.006813, 0.0, 0.0, 0.0, 0.0, -0.035697, -0.023949]",11
W3,Multan,Pulse Moong (Washed),"[388.76, 403.45, 407.7, 398.88, 398.88, 398.88, 407.15, 395.56, 379.94, 379.94, 379.94, 379.94]","[1, 2, 3, 4, 5, 6, 7, 8, 9, 10, 11, 12]","[14.69, 4.25, -8.82, 0.0, 0.0, 8.27, -11.59, -15.62, 0.0, 0.0, 0.0]","[0.037787, 0.010534, -0.021634, 0.0, 0.0, 0.020733, -0.028466, -0.039488, 0.0, 0.0, 0.0]",11
W3,Multan,Rice Basmati Broken (Average Quality),"[193.1, 193.1, 193.1, 193.1, 193.1, 193.1, 193.1, 193.1, 193.1, 193.1, 193.1, 193.1]","[1, 2, 3, 4, 5, 6, 7, 8, 9, 10, 11, 12]","[0.0, 0.0, 0.0, 0.0, 0.0, 0.0, 0.0, 0.0, 0.0, 0.0, 0.0]","[0.0, 0.0, 0.0, 0.0, 0.0, 0.0, 0.0, 0.0, 0.0, 0.0, 0.0]",11
W3,Multan,Rice IRRI-6/9 (Sindh/Punjab),"[158.86, 158.86, 158.86, 158.86, 147.84, 140.92, 140.92, 140.92, 140.92, 140.92, 140.92, 140.92]","[1, 2, 3, 4, 5, 6, 7, 8, 9, 10, 11, 12]","[0.0, 0.0, 0.0, -11.02, -6.92, 0.0, 0.0, 0.0, 0.0, 0.0, 0.0]","[0.0, 0.0, 0.0, -0.069369, -0.046807, 0.0, 0.0, 0.0, 0.0, 0.0, 0.0]",11
W3,Multan,Salt Powdered (NATIONAL/SHAN) 800 gm Packet,"[70.0, 70.0, 70.0, 70.0, 70.0, 70.0, 70.0, 70.0, 70.0, 70.0, 65.81, 60.0]","[1, 2, 3, 4, 5, 6, 7, 8, 9, 10, 11, 12]","[0.0, 0.0, 0.0, 0.0, 0.0, 0.0, 0.0, 0.0, 0.0, -4.19, -5.81]","[0.0, 0.0, 0.0, 0.0, 0.0, 0.0, 0.0, 0.0, 0.0, -0.059857, -0.088284]",11
W3,Multan,Shirting (Average Quality),"[520.7, 520.7, 520.7, 520.7, 520.7, 520.7, 520.7, 520.7, 520.7, 520.7, 520.7, 520.7]","[1, 2, 3, 4, 5, 6, 7, 8, 9, 10, 11, 12]","[0.0, 0.0, 0.0, 0.0, 0.0, 0.0, 0.0, 0.0, 0.0, 0.0, 0.0]","[0.0, 0.0, 0.0, 0.0, 0.0, 0.0, 0.0, 0.0, 0.0, 0.0, 0.0]",11
W3,Multan,Sufi Washing Soap 250 gm Cake,"[133.0, 133.0, 133.0, 133.0, 133.0, 133.0, 133.0, 133.0, 133.0, 133.0, 133.0, 133.0]","[1, 2, 3, 4, 5, 6, 7, 8, 9, 10, 11, 12]","[0.0, 0.0, 0.0, 0.0, 0.0, 0.0, 0.0, 0.0, 0.0, 0.0, 0.0]","[0.0, 0.0, 0.0, 0.0, 0.0, 0.0, 0.0, 0.0, 0.0, 0.0, 0.0]",11
W3,Multan,Sugar Refined,"[164.48, 166.57, 172.11, 187.88, 183.4, 177.84, 179.1, 186.39, 182.55, 169.03, 152.3, 150.96]","[1, 2, 3, 4, 5, 6, 7, 8, 9, 10, 11, 12]","[2.09, 5.54, 15.77, -4.48, -5.56, 1.26, 7.29, -3.84, -13.52, -16.73, -1.34]","[0.012707, 0.033259, 0.091627, -0.023845, -0.030316, 0.007085, 0.040704, -0.020602, -0.074062, -0.098977, -0.008798]",11
W3,Multan,Tea Lipton Yellow Label 190 gm Packet,"[447.05, 447.05, 447.05, 447.05, 447.05, 447.05, 447.05, 447.05, 447.05, 447.05, 447.05, 447.05]","[1, 2, 3, 4, 5, 6, 7, 8, 9, 10, 11, 12]","[0.0, 0.0, 0.0, 0.0, 0.0, 0.0, 0.0, 0.0, 0.0, 0.0, 0.0]","[0.0, 0.0, 0.0, 0.0, 0.0, 0.0, 0.0, 0.0, 0.0, 0.0, 0.0]",11
W3,Multan,Tea Prepared Ordinary,"[76.52, 76.52, 76.52, 76.52, 76.52, 76.52, 76.52, 76.52, 76.52, 76.52, 76.52, 76.52]","[1, 2, 3, 4, 5, 6, 7, 8, 9, 10, 11, 12]","[0.0, 0.0, 0.0, 0.0, 0.0, 0.0, 0.0, 0.0, 0.0, 0.0, 0.0]","[0.0, 0.0, 0.0, 0.0, 0.0, 0.0, 0.0, 0.0, 0.0, 0.0, 0.0]",11
W3,Multan,Telephone Call Charges,"[1.79, 1.79, 1.79, 1.79, 1.79, 1.79, 1.79, 1.79, 1.79, 1.79, 1.79, 1.79]","[1, 2, 3, 4, 5, 6, 7, 8, 9, 10, 11, 12]","[0.0, 0.0, 0.0, 0.0, 0.0, 0.0, 0.0, 0.0, 0.0, 0.0, 0.0]","[0.0, 0.0, 0.0, 0.0, 0.0, 0.0, 0.0, 0.0, 0.0, 0.0, 0.0]",11
W3,Multan,Toilet Soap LIFEBUOY 115 gm,"[113.85, 113.85, 113.85, 113.85, 115.7, 116.17, 116.17, 116.17, 116.17, 116.17, 116.17, 116.17]","[1, 2, 3, 4, 5, 6, 7, 8, 9, 10, 11, 12]","[0.0, 0.0, 0.0, 1.85, 0.47, 0.0, 0.0, 0.0, 0.0, 0.0, 0.0]","[0.0, 0.0, 0.0, 0.016249, 0.004062, 0.0, 0.0, 0.0, 0.0, 0.0, 0.0]",11
W3,Multan,Tomatoes,"[70.56, 61.48, 47.59, 86.18, 82.77, 118.29, 220.99, 289.57, 121.19, 76.61, 73.92, 98.15]","[1, 2, 3, 4, 5, 6, 7, 8, 9, 10, 11, 12]","[-9.08, -13.89, 38.59, -3.41, 35.52, 102.7, 68.58, -168.38, -44.58, -2.69, 24.23]","[-0.128685, -0.225927, 0.810885, -0.039568, 0.429141, 0.868205, 0.310331, -0.581483, -0.367852, -0.035113, 0.327787]",11
W3,Multan,Vegetable Ghee DALDA/HABIB 2.5 kg Tin,"[1515.0, 1515.0, 1485.0, 1460.0, 1460.0, 1460.0, 1460.0, 1487.91, 1500.0, 1565.93, 1588.54, 1583.7]","[1, 2, 3, 4, 5, 6, 7, 8, 9, 10, 11, 12]","[0.0, -30.0, -25.0, 0.0, 0.0, 0.0, 27.91, 12.09, 65.93, 22.61, -4.84]","[0.0, -0.019802, -0.016835, 0.0, 0.0, 0.0, 0.019116, 0.008125, 0.043953, 0.014439, -0.003047]",11
W3,Multan,Wheat Flour Bag,"[1656.04, 1547.68, 1482.96, 1497.48, 1477.74, 1580.45, 1915.97, 1908.18, 1920.93, 1908.39, 1999.19, 1972.2]","[1, 2, 3, 4, 5, 6, 7, 8, 9, 10, 11, 12]","[-108.36, -64.72, 14.52, -19.74, 102.71, 335.52, -7.79, 12.75, -12.54, 90.8, -26.99]","[-0.065433, -0.041817, 0.009791, -0.013182, 0.069505, 0.212294, -0.004066, 0.006682, -0.006528, 0.047579, -0.0135]",11
W3,Peshawar,Bananas (Kela) Local,"[212.92, 200.56, 193.4, 193.4, 192.31, 180.93, 159.74, 142.0, 131.88, 131.59, 131.59, 172.93]","[1, 2, 3, 4, 5, 6, 7, 8, 9, 10, 11, 12]","[-12.36, -7.16, 0.0, -1.09, -11.38, -21.19, -17.74, -10.12, -0.29, 0.0, 41.34]","[-0.05805, -0.0357, 0.0, -0.005636, -0.059175, -0.117117, -0.111055, -0.071268, -0.002199, 0.0, 0.314158]",11
W3,Peshawar,Beef with Bone (Average Quality),"[985.1, 1006.13, 1027.61, 1027.61, 1029.79, 1038.55, 1038.55, 1118.07, 1120.44, 1123.21, 1125.99, 1157.78]","[1, 2, 3, 4, 5, 6, 7, 8, 9, 10, 11, 12]","[21.03, 21.48, 0.0, 2.18, 8.76, 0.0, 79.52, 2.37, 2.77, 2.78, 31.79]","[0.021348, 0.021349, 0.0, 0.002121, 0.008507, 0.0, 0.076568, 0.00212, 0.002472, 0.002475, 0.028233]",11
W3,Peshawar,Bread plain (Small Size),"[100.0, 100.0, 100.0, 100.0, 100.0, 100.0, 100.0, 100.0, 110.0, 110.0, 110.0, 110.0]","[1, 2, 3, 4, 5, 6, 7, 8, 9, 10, 11, 12]","[0.0, 0.0, 0.0, 0.0, 0.0, 0.0, 0.0, 10.0, 0.0, 0.0, 0.0]","[0.0, 0.0, 0.0, 0.0, 0.0, 0.0, 0.0, 0.1, 0.0, 0.0, 0.0]",11
W3,Peshawar,Chicken Farm Broiler (Live),"[497.77, 450.03, 444.18, 355.0, 414.17, 452.17, 412.41, 330.3, 361.61, 375.33, 420.82, 364.46]","[1, 2, 3, 4, 5, 6, 7, 8, 9, 10, 11, 12]","[-47.74, -5.85, -89.18, 59.17, 38.0, -39.76, -82.11, 31.31, 13.72, 45.49, -56.36]","[-0.095908, -0.012999, -0.200774, 0.166676, 0.09175, -0.087932, -0.199098, 0.094793, 0.037941, 0.1212, -0.133929]",11
W3,Peshawar,Chilies Powder NATIONAL 200 gm Packet,"[320.0, 320.0, 320.0, 320.0, 320.0, 320.0, 320.0, 320.0, 320.0, 320.0, 320.0, 364.02]","[1, 2, 3, 4, 5, 6, 7, 8, 9, 10, 11, 12]","[0.0, 0.0, 0.0, 0.0, 0.0, 0.0, 0.0, 0.0, 0.0, 0.0, 44.02]","[0.0, 0.0, 0.0, 0.0, 0.0, 0.0, 0.0, 0.0, 0.0, 0.0, 0.137562]",11
W3,Peshawar,Cigarettes Capstan 20'S Packet,"[250.0, 250.0, 250.0, 250.0, 250.0, 250.0, 250.0, 250.0, 250.0, 250.0, 250.0, 250.0]","[1, 2, 3, 4, 5, 6, 7, 8, 9, 10, 11, 12]","[0.0, 0.0, 0.0, 0.0, 0.0, 0.0, 0.0, 0.0, 0.0, 0.0, 0.0]","[0.0, 0.0, 0.0, 0.0, 0.0, 0.0, 0.0, 0.0, 0.0, 0.0, 0.0]",11
W3,Peshawar,Cooked Beef at Average Hotel,"[239.57, 239.57, 239.57, 239.57, 239.57, 247.93, 284.78, 290.05, 293.18, 293.18, 293.18, 293.18]","[1, 2, 3, 4, 5, 6, 7, 8, 9, 10, 11, 12]","[0.0, 0.0, 0.0, 0.0, 8.36, 36.85, 5.27, 3.13, 0.0, 0.0, 0.0]","[0.0, 0.0, 0.0, 0.0, 0.034896, 0.148631, 0.018506, 0.010791, 0.0, 0.0, 0.0]",11
W3,Peshawar,Cooked Daal at Average Hotel,"[133.72, 133.72, 133.72, 133.72, 133.72, 133.72, 133.72, 133.72, 133.72, 133.72, 133.72, 133.72]","[1, 2, 3, 4, 5, 6, 7, 8, 9, 10, 11, 12]","[0.0, 0.0, 0.0, 0.0, 0.0, 0.0, 0.0, 0.0, 0.0, 0.0, 0.0]","[0.0, 0.0, 0.0, 0.0, 0.0, 0.0, 0.0, 0.0, 0.0, 0.0, 0.0]",11
W3,Peshawar,"Cooking Oil DALDA or Other Similar Brand (SN), 5 Litre Tin","[2915.0, 2900.3, 2838.28, 2817.75, 2817.75, 2817.75, 2817.75, 2851.46, 2897.49, 3020.53, 3020.53, 3020.53]","[1, 2, 3, 4, 5, 6, 7, 8, 9, 10, 11, 12]","[-14.7, -62.02, -20.53, 0.0, 0.0, 0.0, 33.71, 46.03, 123.04, 0.0, 0.0]","[-0.005043, -0.021384, -0.007233, 0.0, 0.0, 0.0, 0.011963, 0.016143, 0.042464, 0.0, 0.0]",11
W3,Peshawar,Curd (Dahi) Loose,"[255.22, 255.22, 255.22, 256.29, 259.15, 262.06, 262.06, 262.06, 262.06, 262.06, 262.06, 262.06]","[1, 2, 3, 4, 5, 6, 7, 8, 9, 10, 11, 12]","[0.0, 0.0, 1.07, 2.86, 2.91, 0.0, 0.0, 0.0, 0.0, 0.0, 0.0]","[0.0, 0.0, 0.004192, 0.011159, 0.011229, 0.0, 0.0, 0.0, 0.0, 0.0, 0.0]",11
W3,Peshawar,Eggs Hen (Farm),"[280.16, 238.68, 310.99, 259.87, 274.58, 302.44, 316.02, 338.39, 361.04, 363.69, 361.94, 296.03]","[1, 2, 3, 4, 5, 6, 7, 8, 9, 10, 11, 12]","[-41.48, 72.31, -51.12, 14.71, 27.86, 13.58, 22.37, 22.65, 2.65, -1.75, -65.91]","[-0.148058, 0.302958, -0.164378, 0.056605, 0.101464, 0.044901, 0.070787, 0.066935, 0.00734, -0.004812, -0.182102]",11
W3,Peshawar,Electricity Charges upto 50 Units,"[6.0, 5.69, 4.72, 4.66, 5.04, 5.4, 4.99, 4.83, 5.24, 6.02, 6.1, 6.55]","[1, 2, 3, 4, 5, 6, 7, 8, 9, 10, 11, 12]","[-0.31, -0.97, -0.06, 0.38, 0.36, -0.41, -0.16, 0.41, 0.78, 0.08, 0.45]","[-0.051667, -0.170475, -0.012712, 0.081545, 0.071429, -0.075926, -0.032064, 0.084886, 0.148855, 0.013289, 0.07377]",11
W3,Peshawar,Energy Saver Philips 14 Watt,"[350.0, 350.0, 350.0, 350.0, 350.0, 350.0, 350.0, 350.0, 350.0, 350.0, 350.0, 350.0]","[1, 2, 3, 4, 5, 6, 7, 8, 9, 10, 11, 12]","[0.0, 0.0, 0.0, 0.0, 0.0, 0.0, 0.0, 0.0, 0.0, 0.0, 0.0]","[0.0, 0.0, 0.0, 0.0, 0.0, 0.0, 0.0, 0.0, 0.0, 0.0, 0.0]",11
W3,Peshawar,Firewood Whole,"[1185.27, 1171.18, 1171.18, 1171.18, 1171.18, 1171.18, 1171.18, 1180.12, 1227.66, 1259.56, 1288.39, 1288.39]","[1, 2, 3, 4, 5, 6, 7, 8, 9, 10, 11, 12]","[-14.09, 0.0, 0.0, 0.0, 0.0, 0.0, 8.94, 47.54, 31.9, 28.83, 0.0]","[-0.011888, 0.0, 0.0, 0.0, 0.0, 0.0, 0.007633, 0.040284, 0.025984, 0.022889, 0.0]",11
W3,Peshawar,Garlic (Lehsun),"[727.82, 606.43, 523.35, 377.8, 383.59, 409.24, 407.06, 385.45, 378.23, 435.63, 416.85, 481.41]","[1, 2, 3, 4, 5, 6, 7, 8, 9, 10, 11, 12]","[-121.39, -83.08, -145.55, 5.79, 25.65, -2.18, -21.61, -7.22, 57.4, -18.78, 64.56]","[-0.166786, -0.136998, -0.278112, 0.015326, 0.066868, -0.005327, -0.053088, -0.018731, 0.15176, -0.04311, 0.154876]",11
W3,Peshawar,Gas Charges upto 3.3719 MMBTU,"[1976.5, 1976.5, 1976.5, 1976.5, 2194.19, 2566.5, 2566.5, 2566.5, 2566.5, 2566.5, 2566.5, 2566.5]","[1, 2, 3, 4, 5, 6, 7, 8, 9, 10, 11, 12]","[0.0, 0.0, 0.0, 217.69, 372.31, 0.0, 0.0, 0.0, 0.0, 0.0, 0.0]","[0.0, 0.0, 0.0, 0.110139, 0.16968, 0.0, 0.0, 0.0, 0.0, 0.0, 0.0]",11
W3,Peshawar,Gents Sandal Bata,"[2499.0, 2499.0, 2499.0, 2499.0, 2499.0, 2499.0, 2499.0, 2499.0, 2499.0, 2499.0, 2499.0, 2499.0]","[1, 2, 3, 4, 5, 6, 7, 8, 9, 10, 11, 12]","[0.0, 0.0, 0.0, 0.0, 0.0, 0.0, 0.0, 0.0, 0.0, 0.0, 0.0]","[0.0, 0.0, 0.0, 0.0, 0.0, 0.0, 0.0, 0.0, 0.0, 0.0, 0.0]",11
W3,Peshawar,Gents Sponge Chappal Bata,"[599.0, 599.0, 599.0, 599.0, 599.0, 599.0, 599.0, 599.0, 599.0, 599.0, 599.0, 599.0]","[1, 2, 3, 4, 5, 6, 7, 8, 9, 10, 11, 12]","[0.0, 0.0, 0.0, 0.0, 0.0, 0.0, 0.0, 0.0, 0.0, 0.0, 0.0]","[0.0, 0.0, 0.0, 0.0, 0.0, 0.0, 0.0, 0.0, 0.0, 0.0, 0.0]",11
W3,Peshawar,Georgette (Average Quality),"[239.86, 239.86, 239.86, 239.86, 239.86, 239.86, 239.86, 239.86, 239.86, 239.86, 239.86, 239.86]","[1, 2, 3, 4, 5, 6, 7, 8, 9, 10, 11, 12]","[0.0, 0.0, 0.0, 0.0, 0.0, 0.0, 0.0, 0.0, 0.0, 0.0, 0.0]","[0.0, 0.0, 0.0, 0.0, 0.0, 0.0, 0.0, 0.0, 0.0, 0.0, 0.0]",11
W3,Peshawar,Gur (Average Quality),"[222.18, 222.18, 222.18, 251.09, 259.06, 267.75, 272.46, 273.29, 273.01, 263.84, 263.29, 263.29]","[1, 2, 3, 4, 5, 6, 7, 8, 9, 10, 11, 12]","[0.0, 0.0, 28.91, 7.97, 8.69, 4.71, 0.83, -0.28, -9.17, -0.55, 0.0]","[0.0, 0.0, 0.13012, 0.031742, 0.033544, 0.017591, 0.003046, -0.001025, -0.033589, -0.002085, 0.0]",11
W3,Peshawar,Hi-Speed Diesel,"[259.59, 259.59, 256.45, 273.9, 280.68, 280.33, 272.45, 277.16, 282.58, 273.73, 258.2, 273.13]","[1, 2, 3, 4, 5, 6, 7, 8, 9, 10, 11, 12]","[0.0, -3.14, 17.45, 6.78, -0.35, -7.88, 4.71, 5.42, -8.85, -15.53, 14.93]","[0.0, -0.012096, 0.068044, 0.024754, -0.001247, -0.02811, 0.017288, 0.019555, -0.031319, -0.056735, 0.057823]",11
W3,Peshawar,LPG 11.67 kg Cylinder,"[3258.4, 3239.81, 2999.77, 3189.68, 2941.21, 2753.99, 2990.15, 3010.34, 3232.8, 3539.88, 3435.4, 3610.49]","[1, 2, 3, 4, 5, 6, 7, 8, 9, 10, 11, 12]","[-18.59, -240.04, 189.91, -248.47, -187.22, 236.16, 20.19, 222.46, 307.08, -104.48, 175.09]","[-0.005705, -0.074091, 0.063308, -0.077898, -0.063654, 0.085752, 0.006752, 0.073899, 0.094989, -0.029515, 0.050966]",11
W3,Peshawar,Ladies Sandal Bata,"[1399.0, 1399.0, 1399.0, 1399.0, 1399.0, 1399.0, 1399.0, 1399.0, 1399.0, 1399.0, 1399.0, 1399.0]","[1, 2, 3, 4, 5, 6, 7, 8, 9, 10, 11, 12]","[0.0, 0.0, 0.0, 0.0, 0.0, 0.0, 0.0, 0.0, 0.0, 0.0, 0.0]","[0.0, 0.0, 0.0, 0.0, 0.0, 0.0, 0.0, 0.0, 0.0, 0.0, 0.0]",11
W3,Peshawar,Lawn Printed Gul Ahmed/Al Karam,"[702.0, 702.0, 702.0, 702.0, 702.0, 702.0, 702.0, 702.0, 702.0, 702.0, 702.0, 702.0]","[1, 2, 3, 4, 5, 6, 7, 8, 9, 10, 11, 12]","[0.0, 0.0, 0.0, 0.0, 0.0, 0.0, 0.0, 0.0, 0.0, 0.0, 0.0]","[0.0, 0.0, 0.0, 0.0, 0.0, 0.0, 0.0, 0.0, 0.0, 0.0, 0.0]",11
W3,Peshawar,"Long Cloth 57"" Gul Ahmed/Al Karam","[642.0, 642.0, 642.0, 642.0, 642.0, 642.0, 642.0, 642.0, 642.0, 642.0, 642.0, 642.0]","[1, 2, 3, 4, 5, 6, 7, 8, 9, 10, 11, 12]","[0.0, 0.0, 0.0, 0.0, 0.0, 0.0, 0.0, 0.0, 0.0, 0.0, 0.0]","[0.0, 0.0, 0.0, 0.0, 0.0, 0.0, 0.0, 0.0, 0.0, 0.0, 0.0]",11
W3,Peshawar,Match Box,"[7.0, 7.0, 7.0, 7.0, 7.0, 7.0, 7.0, 7.0, 7.0, 7.0, 7.0, 7.0]","[1, 2, 3, 4, 5, 6, 7, 8, 9, 10, 11, 12]","[0.0, 0.0, 0.0, 0.0, 0.0, 0.0, 0.0, 0.0, 0.0, 0.0, 0.0]","[0.0, 0.0, 0.0, 0.0, 0.0, 0.0, 0.0, 0.0, 0.0, 0.0, 0.0]",11
W3,Peshawar,Milk fresh (Un-boiled),"[233.85, 233.85, 233.85, 234.91, 236.85, 241.06, 241.59, 241.59, 241.59, 241.59, 241.59, 241.59]","[1, 2, 3, 4, 5, 6, 7, 8, 9, 10, 11, 12]","[0.0, 0.0, 1.06, 1.94, 4.21, 0.53, 0.0, 0.0, 0.0, 0.0, 0.0]","[0.0, 0.0, 0.004533, 0.008258, 0.017775, 0.002199, 0.0, 0.0, 0.0, 0.0, 0.0]",11
W3,Peshawar,Mustard Oil (Average Quality),"[655.37, 636.01, 629.68, 629.68, 629.68, 629.68, 629.68, 629.68, 632.49, 638.65, 638.65, 638.65]","[1, 2, 3, 4, 5, 6, 7, 8, 9, 10, 11, 12]","[-19.36, -6.33, 0.0, 0.0, 0.0, 0.0, 0.0, 2.81, 6.16, 0.0, 0.0]","[-0.029541, -0.009953, 0.0, 0.0, 0.0, 0.0, 0.0, 0.004463, 0.009739, 0.0, 0.0]",11
W3,Peshawar,Mutton (Average Quality),"[2008.69, 2014.14, 2019.61, 2019.61, 2019.61, 2019.61, 2019.61, 2062.84, 2062.84, 2062.84, 2062.84, 2110.29]","[1, 2, 3, 4, 5, 6, 7, 8, 9, 10, 11, 12]","[5.45, 5.47, 0.0, 0.0, 0.0, 0.0, 43.23, 0.0, 0.0, 0.0, 47.45]","[0.002713, 0.002716, 0.0, 0.0, 0.0, 0.0, 0.021405, 0.0, 0.0, 0.0, 0.023002]",11
W3,Peshawar,Onions,"[90.65, 76.07, 54.71, 52.07, 67.32, 87.66, 105.47, 140.27, 174.61, 127.3, 93.45, 89.14]","[1, 2, 3, 4, 5, 6, 7, 8, 9, 10, 11, 12]","[-14.58, -21.36, -2.64, 15.25, 20.34, 17.81, 34.8, 34.34, -47.31, -33.85, -4.31]","[-0.160838, -0.280794, -0.048254, 0.292875, 0.302139, 0.203171, 0.329952, 0.244814, -0.270947, -0.265907, -0.046121]",11
W3,Peshawar,Petrol Super,"[256.6, 255.6, 253.6, 267.7, 270.93, 265.6, 265.6, 266.43, 266.6, 264.57, 254.2, 256.74]","[1, 2, 3, 4, 5, 6, 7, 8, 9, 10, 11, 12]","[-1.0, -2.0, 14.1, 3.23, -5.33, 0.0, 0.83, 0.17, -2.03, -10.37, 2.54]","[-0.003897, -0.007825, 0.055599, 0.012066, -0.019673, 0.0, 0.003125, 0.000638, -0.007614, -0.039196, 0.009992]",11
W3,Peshawar,Potatoes,"[83.53, 79.93, 75.95, 92.13, 93.66, 91.37, 92.0, 92.51, 89.1, 66.4, 52.89, 50.0]","[1, 2, 3, 4, 5, 6, 7, 8, 9, 10, 11, 12]","[-3.6, -3.98, 16.18, 1.53, -2.29, 0.63, 0.51, -3.41, -22.7, -13.51, -2.89]","[-0.043098, -0.049794, 0.213035, 0.016607, -0.02445, 0.006895, 0.005543, -0.036861, -0.25477, -0.203464, -0.054642]",11
W3,Peshawar,Powdered Milk NIDO 390 gm Polybag,"[1052.21, 1052.21, 1052.21, 1100.0, 1100.0, 1100.0, 1100.0, 1108.09, 1143.85, 1148.04, 1150.0, 1150.0]","[1, 2, 3, 4, 5, 6, 7, 8, 9, 10, 11, 12]","[0.0, 0.0, 47.79, 0.0, 0.0, 0.0, 8.09, 35.76, 4.19, 1.96, 0.0]","[0.0, 0.0, 0.045419, 0.0, 0.0, 0.0, 0.007355, 0.032272, 0.003663, 0.001707, 0.0]",11
W3,Peshawar,Pulse Gram,"[310.35, 318.08, 327.17, 336.63, 336.19, 326.07, 322.47, 320.32, 298.51, 294.32, 292.1, 263.04]","[1, 2, 3, 4, 5, 6, 7, 8, 9, 10, 11, 12]","[7.73, 9.09, 9.46, -0.44, -10.12, -3.6, -2.15, -21.81, -4.19, -2.22, -29.06]","[0.024907, 0.028578, 0.028915, -0.001307, -0.030102, -0.011041, -0.006667, -0.068088, -0.014036, -0.007543, -0.099486]",11
W3,Peshawar,Pulse Mash (Washed),"[444.7, 443.31, 426.31, 438.88, 438.88, 434.96, 429.72, 435.53, 426.86, 424.36, 424.36, 453.27]","[1, 2, 3, 4, 5, 6, 7, 8, 9, 10, 11, 12]","[-1.39, -17.0, 12.57, 0.0, -3.92, -5.24, 5.81, -8.67, -2.5, 0.0, 28.91]","[-0.003126, -0.038348, 0.029486, 0.0, -0.008932, -0.012047, 0.01352, -0.019907, -0.005857, 0.0, 0.068126]",11
W3,Peshawar,Pulse Masoor (Washed),"[279.42, 287.35, 297.19, 296.63, 297.08, 294.5, 284.54, 285.29, 284.12, 283.29, 282.63, 256.09]","[1, 2, 3, 4, 5, 6, 7, 8, 9, 10, 11, 12]","[7.93, 9.84, -0.56, 0.45, -2.58, -9.96, 0.75, -1.17, -0.83, -0.66, -26.54]","[0.02838, 0.034244, -0.001884, 0.001517, -0.008685, -0.03382, 0.002636, -0.004101, -0.002921, -0.00233, -0.093904]",11
W3,Peshawar,Pulse Moong (Washed),"[411.86, 405.47, 395.23, 398.3, 389.37, 369.09, 367.53, 367.3, 364.69, 364.41, 364.41, 368.59]","[1, 2, 3, 4, 5, 6, 7, 8, 9, 10, 11, 12]","[-6.39, -10.24, 3.07, -8.93, -20.28, -1.56, -0.23, -2.61, -0.28, 0.0, 4.18]","[-0.015515, -0.025255, 0.007768, -0.02242, -0.052084, -0.004227, -0.000626, -0.007106, -0.000768, 0.0, 0.011471]",11
W3,Peshawar,Rice Basmati Broken (Average Quality),"[226.62, 216.46, 204.38, 206.61, 212.08, 221.5, 231.03, 233.29, 222.67, 222.13, 222.13, 222.17]","[1, 2, 3, 4, 5, 6, 7, 8, 9, 10, 11, 12]","[-10.16, -12.08, 2.23, 5.47, 9.42, 9.53, 2.26, -10.62, -0.54, 0.0, 0.04]","[-0.044833, -0.055807, 0.010911, 0.026475, 0.044417, 0.043025, 0.009782, -0.045523, -0.002425, 0.0, 0.00018]",11
W3,Peshawar,Rice IRRI-6/9 (Sindh/Punjab),"[136.76, 130.93, 125.49, 124.93, 124.93, 124.93, 130.31, 133.91, 131.34, 131.07, 131.07, 125.15]","[1, 2, 3, 4, 5, 6, 7, 8, 9, 10, 11, 12]","[-5.83, -5.44, -0.56, 0.0, 0.0, 5.38, 3.6, -2.57, -0.27, 0.0, -5.92]","[-0.042629, -0.041549, -0.004463, 0.0, 0.0, 0.043064, 0.027626, -0.019192, -0.002056, 0.0, -0.045167]",11
W3,Peshawar,Salt Powdered (NATIONAL/SHAN) 800 gm Packet,"[70.0, 70.0, 70.0, 70.0, 70.0, 70.0, 70.0, 70.0, 70.0, 60.0, 60.0, 60.0]","[1, 2, 3, 4, 5, 6, 7, 8, 9, 10, 11, 12]","[0.0, 0.0, 0.0, 0.0, 0.0, 0.0, 0.0, 0.0, -10.0, 0.0, 0.0]","[0.0, 0.0, 0.0, 0.0, 0.0, 0.0, 0.0, 0.0, -0.142857, 0.0, 0.0]",11
W3,Peshawar,Shirting (Average Quality),"[656.62, 656.62, 656.62, 656.62, 656.62, 656.62, 656.62, 656.62, 656.62, 656.62, 656.62, 656.62]","[1, 2, 3, 4, 5, 6, 7, 8, 9, 10, 11, 12]","[0.0, 0.0, 0.0, 0.0, 0.0, 0.0, 0.0, 0.0, 0.0, 0.0, 0.0]","[0.0, 0.0, 0.0, 0.0, 0.0, 0.0, 0.0, 0.0, 0.0, 0.0, 0.0]",11
W3,Peshawar,Sufi Washing Soap 250 gm Cake,"[130.0, 130.0, 130.0, 130.0, 130.0, 130.0, 130.0, 133.98, 135.0, 135.0, 135.0, 135.0]","[1, 2, 3, 4, 5, 6, 7, 8, 9, 10, 11, 12]","[0.0, 0.0, 0.0, 0.0, 0.0, 0.0, 3.98, 1.02, 0.0, 0.0, 0.0]","[0.0, 0.0, 0.0, 0.0, 0.0, 0.0, 0.030615, 0.007613, 0.0, 0.0, 0.0]",11
W3,Peshawar,Sugar Refined,"[170.51, 172.17, 179.98, 190.0, 187.85, 187.62, 189.8, 195.88, 190.92, 171.46, 162.49, 162.98]","[1, 2, 3, 4, 5, 6, 7, 8, 9, 10, 11, 12]","[1.66, 7.81, 10.02, -2.15, -0.23, 2.18, 6.08, -4.96, -19.46, -8.97, 0.49]","[0.009735, 0.045362, 0.055673, -0.011316, -0.001224, 0.011619, 0.032034, -0.025322, -0.101928, -0.052315, 0.003016]",11
W3,Peshawar,Tea Lipton Yellow Label 190 gm Packet,"[447.0, 447.0, 447.0, 447.0, 447.0, 447.0, 447.0, 447.0, 447.0, 447.0, 447.0, 447.0]","[1, 2, 3, 4, 5, 6, 7, 8, 9, 10, 11, 12]","[0.0, 0.0, 0.0, 0.0, 0.0, 0.0, 0.0, 0.0, 0.0, 0.0, 0.0]","[0.0, 0.0, 0.0, 0.0, 0.0, 0.0, 0.0, 0.0, 0.0, 0.0, 0.0]",11
W3,Peshawar,Tea Prepared Ordinary,"[47.37, 47.37, 47.37, 47.37, 47.37, 48.83, 49.32, 49.32, 49.32, 52.95, 54.22, 54.22]","[1, 2, 3, 4, 5, 6, 7, 8, 9, 10, 11, 12]","[0.0, 0.0, 0.0, 0.0, 1.46, 0.49, 0.0, 0.0, 3.63, 1.27, 0.0]","[0.0, 0.0, 0.0, 0.0, 0.030821, 0.010035, 0.0, 0.0, 0.073601, 0.023985, 0.0]",11
W3,Peshawar,Telephone Call Charges,"[1.79, 1.79, 1.79, 1.79, 1.79, 1.79, 1.79, 1.79, 1.79, 1.79, 1.79, 1.79]","[1, 2, 3, 4, 5, 6, 7, 8, 9, 10, 11, 12]","[0.0, 0.0, 0.0, 0.0, 0.0, 0.0, 0.0, 0.0, 0.0, 0.0, 0.0]","[0.0, 0.0, 0.0, 0.0, 0.0, 0.0, 0.0, 0.0, 0.0, 0.0, 0.0]",11
W3,Peshawar,Toilet Soap LIFEBUOY 115 gm,"[99.74, 99.74, 99.74, 99.74, 99.74, 99.74, 116.87, 116.87, 116.87, 116.87, 116.87, 116.87]","[1, 2, 3, 4, 5, 6, 7, 8, 9, 10, 11, 12]","[0.0, 0.0, 0.0, 0.0, 0.0, 17.13, 0.0, 0.0, 0.0, 0.0, 0.0]","[0.0, 0.0, 0.0, 0.0, 0.0, 0.171747, 0.0, 0.0, 0.0, 0.0, 0.0]",11
W3,Peshawar,Tomatoes,"[96.32, 94.04, 62.52, 52.07, 82.26, 107.0, 187.17, 275.49, 163.34, 88.11, 97.56, 105.27]","[1, 2, 3, 4, 5, 6, 7, 8, 9, 10, 11, 12]","[-2.28, -31.52, -10.45, 30.19, 24.74, 80.17, 88.32, -112.15, -75.23, 9.45, 7.71]","[-0.023671, -0.335177, -0.167147, 0.579796, 0.300754, 0.749252, 0.47187, -0.407093, -0.460573, 0.107252, 0.079028]",11
W3,Peshawar,Vegetable Ghee DALDA/HABIB 2.5 kg Tin,"[1480.0, 1474.13, 1449.15, 1446.66, 1446.66, 1446.66, 1446.66, 1489.18, 1500.0, 1500.0, 1524.69, 1562.5]","[1, 2, 3, 4, 5, 6, 7, 8, 9, 10, 11, 12]","[-5.87, -24.98, -2.49, 0.0, 0.0, 0.0, 42.52, 10.82, 0.0, 24.69, 37.81]","[-0.003966, -0.016946, -0.001718, 0.0, 0.0, 0.0, 0.029392, 0.007266, 0.0, 0.01646, 0.024798]",11
W3,Peshawar,Vegetable Ghee DALDA/HABIB or Other Superior Quality 1 kg Pouch,"[579.0, 576.45, 563.0, 557.76, 557.76, 557.76, 557.76, 571.31, 580.0, 584.98, 590.0, 590.0]","[1, 2, 3, 4, 5, 6, 7, 8, 9, 10, 11, 12]","[-2.55, -13.45, -5.24, 0.0, 0.0, 0.0, 13.55, 8.69, 4.98, 5.02, 0.0]","[-0.004404, -0.023332, -0.009307, 0.0, 0.0, 0.0, 0.024294, 0.015211, 0.008586, 0.008581, 0.0]",11
W3,Peshawar,Wheat Flour Bag,"[1742.05, 1650.92, 1506.6, 1505.85, 1473.97, 1589.17, 2288.81, 2675.69, 2535.79, 2581.05, 2835.3, 2619.58]","[1, 2, 3, 4, 5, 6, 7, 8, 9, 10, 11, 12]","[-91.13, -144.32, -0.75, -31.88, 115.2, 699.64, 386.88, -139.9, 45.26, 254.25, -215.72]","[-0.052312, -0.087418, -0.000498, -0.021171, 0.078156, 0.440255, 0.169031, -0.052286, 0.017848, 0.098506, -0.076084]",11
W3,Quetta,Bananas (Kela) Local,"[137.1, 123.61, 124.43, 117.83, 134.93, 139.58, 125.31, 98.41, 112.0, 96.65, 114.6, 119.85]","[1, 2, 3, 4, 5, 6, 7, 8, 9, 10, 11, 12]","[-13.49, 0.82, -6.6, 17.1, 4.65, -14.27, -26.9, 13.59, -15.35, 17.95, 5.25]","[-0.098395, 0.006634, -0.053042, 0.145124, 0.034462, -0.102235, -0.214668, 0.138096, -0.137054, 0.185722, 0.045812]",11
W3,Quetta,Beef with Bone (Average Quality),"[979.72, 999.87, 999.87, 999.87, 1019.32, 1049.21, 1099.24, 1099.24, 1136.55, 1149.27, 1149.27, 1149.27]","[1, 2, 3, 4, 5, 6, 7, 8, 9, 10, 11, 12]","[20.15, 0.0, 0.0, 19.45, 29.89, 50.03, 0.0, 37.31, 12.72, 0.0, 0.0]","[0.020567, 0.0, 0.0, 0.019453, 0.029323, 0.047683, 0.0, 0.033942, 0.011192, 0.0, 0.0]",11
W3,Quetta,Bread plain (Small Size),"[120.0, 120.0, 120.0, 120.0, 120.0, 120.0, 120.0, 120.0, 120.0, 120.0, 120.0, 120.0]","[1, 2, 3, 4, 5, 6, 7, 8, 9, 10, 11, 12]","[0.0, 0.0, 0.0, 0.0, 0.0, 0.0, 0.0, 0.0, 0.0, 0.0, 0.0]","[0.0, 0.0, 0.0, 0.0, 0.0, 0.0, 0.0, 0.0, 0.0, 0.0, 0.0]",11
W3,Quetta,Chicken Farm Broiler (Live),"[539.75, 522.84, 489.58, 352.43, 441.51, 471.89, 463.88, 346.34, 376.43, 401.54, 427.41, 399.23]","[1, 2, 3, 4, 5, 6, 7, 8, 9, 10, 11, 12]","[-16.91, -33.26, -137.15, 89.08, 30.38, -8.01, -117.54, 30.09, 25.11, 25.87, -28.18]","[-0.031329, -0.063614, -0.280138, 0.252759, 0.068809, -0.016974, -0.253384, 0.08688, 0.066706, 0.064427, -0.065932]",11
W3,Quetta,Chilies Powder NATIONAL 200 gm Packet,"[320.0, 320.0, 320.0, 320.0, 320.0, 320.0, 320.0, 320.0, 320.0, 348.71, 380.0, 380.0]","[1, 2, 3, 4, 5, 6, 7, 8, 9, 10, 11, 12]","[0.0, 0.0, 0.0, 0.0, 0.0, 0.0, 0.0, 0.0, 28.71, 31.29, 0.0]","[0.0, 0.0, 0.0, 0.0, 0.0, 0.0, 0.0, 0.0, 0.089719, 0.089731, 0.0]",11
W3,Quetta,Cigarettes Capstan 20'S Packet,"[244.95, 244.95, 244.95, 244.95, 244.95, 244.95, 244.95, 244.95, 244.95, 244.95, 244.95, 244.95]","[1, 2, 3, 4, 5, 6, 7, 8, 9, 10, 11, 12]","[0.0, 0.0, 0.0, 0.0, 0.0, 0.0, 0.0, 0.0, 0.0, 0.0, 0.0]","[0.0, 0.0, 0.0, 0.0, 0.0, 0.0, 0.0, 0.0, 0.0, 0.0, 0.0]",11
W3,Quetta,Cooked Beef at Average Hotel,"[344.98, 344.98, 344.98, 344.98, 353.86, 359.91, 359.91, 359.91, 359.91, 359.91, 359.91, 359.91]","[1, 2, 3, 4, 5, 6, 7, 8, 9, 10, 11, 12]","[0.0, 0.0, 0.0, 8.88, 6.05, 0.0, 0.0, 0.0, 0.0, 0.0, 0.0]","[0.0, 0.0, 0.0, 0.025741, 0.017097, 0.0, 0.0, 0.0, 0.0, 0.0, 0.0]",11
W3,Quetta,Cooked Daal at Average Hotel,"[162.35, 162.35, 162.35, 174.74, 180.68, 188.54, 189.82, 189.82, 189.82, 189.82, 189.82, 189.82]","[1, 2, 3, 4, 5, 6, 7, 8, 9, 10, 11, 12]","[0.0, 0.0, 12.39, 5.94, 7.86, 1.28, 0.0, 0.0, 0.0, 0.0, 0.0]","[0.0, 0.0, 0.076317, 0.033993, 0.043502, 0.006789, 0.0, 0.0, 0.0, 0.0, 0.0]",11
W3,Quetta,"Cooking Oil DALDA or Other Similar Brand (SN), 5 Litre Tin","[2929.96, 2915.0, 2865.0, 2865.0, 2865.0, 2865.0, 2865.0, 2871.97, 2945.0, 3109.0, 3102.89, 2970.0]","[1, 2, 3, 4, 5, 6, 7, 8, 9, 10, 11, 12]","[-14.96, -50.0, 0.0, 0.0, 0.0, 0.0, 6.97, 73.03, 164.0, -6.11, -132.89]","[-0.005106, -0.017153, 0.0, 0.0, 0.0, 0.0, 0.002433, 0.025429, 0.055688, -0.001965, -0.042828]",11
W3,Quetta,Curd (Dahi) Loose,"[220.0, 220.0, 220.0, 220.0, 220.0, 220.0, 220.0, 220.0, 220.0, 220.0, 220.0, 220.0]","[1, 2, 3, 4, 5, 6, 7, 8, 9, 10, 11, 12]","[0.0, 0.0, 0.0, 0.0, 0.0, 0.0, 0.0, 0.0, 0.0, 0.0, 0.0]","[0.0, 0.0, 0.0, 0.0, 0.0, 0.0, 0.0, 0.0, 0.0, 0.0, 0.0]",11
W3,Quetta,Eggs Hen (Farm),"[304.87, 255.75, 310.3, 257.41, 278.49, 307.38, 324.67, 342.37, 372.44, 379.85, 362.32, 317.99]","[1, 2, 3, 4, 5, 6, 7, 8, 9, 10, 11, 12]","[-49.12, 54.55, -52.89, 21.08, 28.89, 17.29, 17.7, 30.07, 7.41, -17.53, -44.33]","[-0.161118, 0.213294, -0.170448, 0.081893, 0.103738, 0.05625, 0.054517, 0.087829, 0.019896, -0.04615, -0.12235]",11
W3,Quetta,Electricity Charges upto 50 Units,"[6.0, 5.69, 4.72, 4.66, 5.04, 5.4, 4.99, 4.83, 5.24, 6.02, 6.1, 6.55]","[1, 2, 3, 4, 5, 6, 7, 8, 9, 10, 11, 12]","[-0.31, -0.97, -0.06, 0.38, 0.36, -0.41, -0.16, 0.41, 0.78, 0.08, 0.45]","[-0.051667, -0.170475, -0.012712, 0.081545, 0.071429, -0.075926, -0.032064, 0.084886, 0.148855, 0.013289, 0.07377]",11
W3,Quetta,Energy Saver Philips 14 Watt,"[350.0, 350.0, 350.0, 350.0, 350.0, 350.0, 350.0, 350.0, 350.0, 350.0, 350.0, 350.0]","[1, 2, 3, 4, 5, 6, 7, 8, 9, 10, 11, 12]","[0.0, 0.0, 0.0, 0.0, 0.0, 0.0, 0.0, 0.0, 0.0, 0.0, 0.0]","[0.0, 0.0, 0.0, 0.0, 0.0, 0.0, 0.0, 0.0, 0.0, 0.0, 0.0]",11
W3,Quetta,Firewood Whole,"[1374.16, 1349.38, 1349.38, 1349.38, 1349.38, 1349.38, 1349.38, 1349.38, 1449.43, 1449.43, 1449.43, 1449.43]","[1, 2, 3, 4, 5, 6, 7, 8, 9, 10, 11, 12]","[-24.78, 0.0, 0.0, 0.0, 0.0, 0.0, 0.0, 100.05, 0.0, 0.0, 0.0]","[-0.018033, 0.0, 0.0, 0.0, 0.0, 0.0, 0.0, 0.074145, 0.0, 0.0, 0.0]",11
W3,Quetta,Garlic (Lehsun),"[612.62, 515.15, 319.66, 304.85, 338.34, 349.76, 377.08, 382.7, 394.88, 394.88, 495.94, 574.53]","[1, 2, 3, 4, 5, 6, 7, 8, 9, 10, 11, 12]","[-97.47, -195.49, -14.81, 33.49, 11.42, 27.32, 5.62, 12.18, 0.0, 101.06, 78.59]","[-0.159104, -0.379482, -0.04633, 0.109857, 0.033753, 0.078111, 0.014904, 0.031826, 0.0, 0.255926, 0.158467]",11
W3,Quetta,Gas Charges upto 3.3719 MMBTU,"[1976.5, 1976.5, 1976.5, 1976.5, 2194.19, 2566.5, 2566.5, 2566.5, 2566.5, 2566.5, 2566.5, 2566.5]","[1, 2, 3, 4, 5, 6, 7, 8, 9, 10, 11, 12]","[0.0, 0.0, 0.0, 217.69, 372.31, 0.0, 0.0, 0.0, 0.0, 0.0, 0.0]","[0.0, 0.0, 0.0, 0.110139, 0.16968, 0.0, 0.0, 0.0, 0.0, 0.0, 0.0]",11
W3,Quetta,Gents Sandal Bata,"[2499.0, 2499.0, 2499.0, 2499.0, 2499.0, 2499.0, 2499.0, 2499.0, 2499.0, 2499.0, 2499.0, 2499.0]","[1, 2, 3, 4, 5, 6, 7, 8, 9, 10, 11, 12]","[0.0, 0.0, 0.0, 0.0, 0.0, 0.0, 0.0, 0.0, 0.0, 0.0, 0.0]","[0.0, 0.0, 0.0, 0.0, 0.0, 0.0, 0.0, 0.0, 0.0, 0.0, 0.0]",11
W3,Quetta,Gents Sponge Chappal Bata,"[599.0, 599.0, 599.0, 599.0, 599.0, 599.0, 599.0, 599.0, 599.0, 599.0, 599.0, 599.0]","[1, 2, 3, 4, 5, 6, 7, 8, 9, 10, 11, 12]","[0.0, 0.0, 0.0, 0.0, 0.0, 0.0, 0.0, 0.0, 0.0, 0.0, 0.0]","[0.0, 0.0, 0.0, 0.0, 0.0, 0.0, 0.0, 0.0, 0.0, 0.0, 0.0]",11
W3,Quetta,Georgette (Average Quality),"[219.62, 219.62, 219.62, 219.62, 219.62, 219.62, 219.62, 219.62, 219.62, 219.62, 219.62, 219.62]","[1, 2, 3, 4, 5, 6, 7, 8, 9, 10, 11, 12]","[0.0, 0.0, 0.0, 0.0, 0.0, 0.0, 0.0, 0.0, 0.0, 0.0, 0.0]","[0.0, 0.0, 0.0, 0.0, 0.0, 0.0, 0.0, 0.0, 0.0, 0.0, 0.0]",11
W3,Quetta,Gur (Average Quality),"[209.9, 209.9, 209.9, 229.91, 229.91, 229.91, 229.91, 241.8, 265.52, 258.67, 254.97, 264.97]","[1, 2, 3, 4, 5, 6, 7, 8, 9, 10, 11, 12]","[0.0, 0.0, 20.01, 0.0, 0.0, 0.0, 11.89, 23.72, -6.85, -3.7, 10.0]","[0.0, 0.0, 0.095331, 0.0, 0.0, 0.0, 0.051716, 0.098098, -0.025798, -0.014304, 0.03922]",11
W3,Quetta,Hi-Speed Diesel,"[259.75, 259.75, 256.64, 273.98, 280.76, 280.37, 272.48, 277.13, 282.6, 273.72, 258.24, 273.18]","[1, 2, 3, 4, 5, 6, 7, 8, 9, 10, 11, 12]","[0.0, -3.11, 17.34, 6.78, -0.39, -7.89, 4.65, 5.47, -8.88, -15.48, 14.94]","[0.0, -0.011973, 0.067565, 0.024746, -0.001389, -0.028141, 0.017065, 0.019738, -0.031423, -0.056554, 0.057853]",11
W3,Quetta,LPG 11.67 kg Cylinder,"[3286.99, 3149.44, 2999.93, 2974.93, 2964.86, 2887.35, 2899.82, 2924.76, 3062.15, 3174.93, 3269.27, 3312.37]","[1, 2, 3, 4, 5, 6, 7, 8, 9, 10, 11, 12]","[-137.55, -149.51, -25.0, -10.07, -77.51, 12.47, 24.94, 137.39, 112.78, 94.34, 43.1]","[-0.041847, -0.047472, -0.008334, -0.003385, -0.026143, 0.004319, 0.008601, 0.046975, 0.03683, 0.029714, 0.013183]",11
W3,Quetta,Ladies Sandal Bata,"[1399.0, 1399.0, 1399.0, 1399.0, 1399.0, 1399.0, 1399.0, 1399.0, 1399.0, 1399.0, 1399.0, 1399.0]","[1, 2, 3, 4, 5, 6, 7, 8, 9, 10, 11, 12]","[0.0, 0.0, 0.0, 0.0, 0.0, 0.0, 0.0, 0.0, 0.0, 0.0, 0.0]","[0.0, 0.0, 0.0, 0.0, 0.0, 0.0, 0.0, 0.0, 0.0, 0.0, 0.0]",11
W3,Quetta,Lawn Printed Gul Ahmed/Al Karam,"[697.01, 748.89, 748.89, 748.89, 748.89, 748.89, 748.89, 748.89, 748.89, 748.89, 748.89, 748.89]","[1, 2, 3, 4, 5, 6, 7, 8, 9, 10, 11, 12]","[51.88, 0.0, 0.0, 0.0, 0.0, 0.0, 0.0, 0.0, 0.0, 0.0, 0.0]","[0.074432, 0.0, 0.0, 0.0, 0.0, 0.0, 0.0, 0.0, 0.0, 0.0, 0.0]",11
W3,Quetta,"Long Cloth 57"" Gul Ahmed/Al Karam","[697.01, 748.89, 748.89, 748.89, 748.89, 748.89, 748.89, 748.89, 748.89, 748.89, 748.89, 748.89]","[1, 2, 3, 4, 5, 6, 7, 8, 9, 10, 11, 12]","[51.88, 0.0, 0.0, 0.0, 0.0, 0.0, 0.0, 0.0, 0.0, 0.0, 0.0]","[0.074432, 0.0, 0.0, 0.0, 0.0, 0.0, 0.0, 0.0, 0.0, 0.0, 0.0]",11
W3,Quetta,Match Box,"[5.97, 5.97, 5.97, 5.97, 5.97, 5.97, 5.97, 5.97, 5.97, 5.97, 5.97, 5.97]","[1, 2, 3, 4, 5, 6, 7, 8, 9, 10, 11, 12]","[0.0, 0.0, 0.0, 0.0, 0.0, 0.0, 0.0, 0.0, 0.0, 0.0, 0.0]","[0.0, 0.0, 0.0, 0.0, 0.0, 0.0, 0.0, 0.0, 0.0, 0.0, 0.0]",11
W3,Quetta,Milk fresh (Un-boiled),"[200.0, 200.0, 200.0, 200.0, 200.0, 200.0, 200.0, 200.0, 200.0, 200.0, 200.0, 200.0]","[1, 2, 3, 4, 5, 6, 7, 8, 9, 10, 11, 12]","[0.0, 0.0, 0.0, 0.0, 0.0, 0.0, 0.0, 0.0, 0.0, 0.0, 0.0]","[0.0, 0.0, 0.0, 0.0, 0.0, 0.0, 0.0, 0.0, 0.0, 0.0, 0.0]",11
W3,Quetta,Mustard Oil (Average Quality),"[597.21, 597.21, 597.21, 597.21, 597.21, 597.23, 597.23, 597.23, 597.23, 597.23, 597.23, 597.23]","[1, 2, 3, 4, 5, 6, 7, 8, 9, 10, 11, 12]","[0.0, 0.0, 0.0, 0.0, 0.02, 0.0, 0.0, 0.0, 0.0, 0.0, 0.0]","[0.0, 0.0, 0.0, 0.0, 3.3e-05, 0.0, 0.0, 0.0, 0.0, 0.0, 0.0]",11
W3,Quetta,Mutton (Average Quality),"[1998.33, 1973.8, 1973.8, 1973.8, 2033.24, 2073.86, 2073.86, 2073.86, 2073.86, 2073.86, 2073.86, 2073.86]","[1, 2, 3, 4, 5, 6, 7, 8, 9, 10, 11, 12]","[-24.53, 0.0, 0.0, 59.44, 40.62, 0.0, 0.0, 0.0, 0.0, 0.0, 0.0]","[-0.012275, 0.0, 0.0, 0.030114, 0.019978, 0.0, 0.0, 0.0, 0.0, 0.0, 0.0]",11
W3,Quetta,Onions,"[64.48, 46.33, 39.47, 49.58, 49.11, 46.57, 62.4, 71.89, 121.61, 87.85, 64.84, 53.25]","[1, 2, 3, 4, 5, 6, 7, 8, 9, 10, 11, 12]","[-18.15, -6.86, 10.11, -0.47, -2.54, 15.83, 9.49, 49.72, -33.76, -23.01, -11.59]","[-0.281483, -0.148068, 0.256144, -0.00948, -0.051721, 0.339918, 0.152083, 0.691612, -0.277609, -0.261924, -0.178748]",11
W3,Quetta,Petrol Super,"[256.6, 255.6, 253.63, 267.79, 271.01, 265.66, 265.66, 266.32, 266.63, 264.63, 254.35, 256.84]","[1, 2, 3, 4, 5, 6, 7, 8, 9, 10, 11, 12]","[-1.0, -1.97, 14.16, 3.22, -5.35, 0.0, 0.66, 0.31, -2.0, -10.28, 2.49]","[-0.003897, -0.007707, 0.055829, 0.012024, -0.019741, 0.0, 0.002484, 0.001164, -0.007501, -0.038847, 0.00979]",11
W3,Quetta,Potatoes,"[54.38, 64.48, 62.02, 69.7, 70.71, 72.15, 77.14, 72.34, 69.69, 47.3, 45.3, 35.12]","[1, 2, 3, 4, 5, 6, 7, 8, 9, 10, 11, 12]","[10.1, -2.46, 7.68, 1.01, 1.44, 4.99, -4.8, -2.65, -22.39, -2.0, -10.18]","[0.18573, -0.038151, 0.123831, 0.014491, 0.020365, 0.069161, -0.062225, -0.036633, -0.32128, -0.042283, -0.224724]",11
W3,Quetta,Powdered Milk NIDO 390 gm Polybag,"[1030.0, 1030.0, 1030.0, 1100.0, 1100.0, 1100.0, 1100.0, 1100.0, 1100.0, 1100.0, 1100.0, 1112.29]","[1, 2, 3, 4, 5, 6, 7, 8, 9, 10, 11, 12]","[0.0, 0.0, 70.0, 0.0, 0.0, 0.0, 0.0, 0.0, 0.0, 0.0, 12.29]","[0.0, 0.0, 0.067961, 0.0, 0.0, 0.0, 0.0, 0.0, 0.0, 0.0, 0.011173]",11
W3,Quetta,Pulse Gram,"[341.08, 337.41, 339.94, 359.94, 357.92, 339.94, 349.94, 337.92, 322.33, 299.93, 281.56, 267.38]","[1, 2, 3, 4, 5, 6, 7, 8, 9, 10, 11, 12]","[-3.67, 2.53, 20.0, -2.02, -17.98, 10.0, -12.02, -15.59, -22.4, -18.37, -14.18]","[-0.01076, 0.007498, 0.058834, -0.005612, -0.050235, 0.029417, -0.034349, -0.046135, -0.069494, -0.061248, -0.050362]",11
W3,Quetta,Pulse Mash (Washed),"[502.44, 504.94, 482.39, 509.96, 509.96, 489.96, 489.96, 499.88, 487.44, 487.44, 469.87, 462.43]","[1, 2, 3, 4, 5, 6, 7, 8, 9, 10, 11, 12]","[2.5, -22.55, 27.57, 0.0, -20.0, 0.0, 9.92, -12.44, 0.0, -17.57, -7.44]","[0.004976, -0.044659, 0.057153, 0.0, -0.039219, 0.0, 0.020247, -0.024886, 0.0, -0.036045, -0.015834]",11
W3,Quetta,Pulse Masoor (Washed),"[339.94, 337.34, 329.94, 329.94, 329.94, 329.94, 329.94, 339.88, 317.4, 302.4, 287.83, 279.84]","[1, 2, 3, 4, 5, 6, 7, 8, 9, 10, 11, 12]","[-2.6, -7.4, 0.0, 0.0, 0.0, 0.0, 9.94, -22.48, -15.0, -14.57, -7.99]","[-0.007648, -0.021936, 0.0, 0.0, 0.0, 0.0, 0.030127, -0.066141, -0.047259, -0.048181, -0.027759]",11
W3,Quetta,Pulse Moong (Washed),"[444.92, 452.37, 439.95, 449.95, 449.95, 449.89, 469.85, 485.89, 479.96, 459.95, 463.84, 462.43]","[1, 2, 3, 4, 5, 6, 7, 8, 9, 10, 11, 12]","[7.45, -12.42, 10.0, 0.0, -0.06, 19.96, 16.04, -5.93, -20.01, 3.89, -1.41]","[0.016745, -0.027455, 0.02273, 0.0, -0.000133, 0.044366, 0.034139, -0.012204, -0.041691, 0.008457, -0.00304]",11
W3,Quetta,Rice Basmati Broken (Average Quality),"[269.92, 263.6, 262.34, 269.92, 269.92, 259.92, 282.3, 301.9, 299.93, 289.93, 299.93, 299.85]","[1, 2, 3, 4, 5, 6, 7, 8, 9, 10, 11, 12]","[-6.32, -1.26, 7.58, 0.0, -10.0, 22.38, 19.6, -1.97, -10.0, 10.0, -0.08]","[-0.023414, -0.00478, 0.028894, 0.0, -0.037048, 0.086103, 0.06943, -0.006525, -0.033341, 0.034491, -0.000267]",11
W3,Quetta,Rice IRRI-6/9 (Sindh/Punjab),"[179.88, 177.33, 159.87, 159.87, 159.87, 159.87, 164.8, 169.88, 169.88, 169.88, 169.88, 169.88]","[1, 2, 3, 4, 5, 6, 7, 8, 9, 10, 11, 12]","[-2.55, -17.46, 0.0, 0.0, 0.0, 4.93, 5.08, 0.0, 0.0, 0.0, 0.0]","[-0.014176, -0.09846, 0.0, 0.0, 0.0, 0.030838, 0.030825, 0.0, 0.0, 0.0, 0.0]",11
W3,Quetta,Salt Powdered (NATIONAL/SHAN) 800 gm Packet,"[80.0, 80.0, 80.0, 80.0, 80.0, 80.0, 80.0, 80.0, 69.28, 60.0, 60.0, 60.0]","[1, 2, 3, 4, 5, 6, 7, 8, 9, 10, 11, 12]","[0.0, 0.0, 0.0, 0.0, 0.0, 0.0, 0.0, -10.72, -9.28, 0.0, 0.0]","[0.0, 0.0, 0.0, 0.0, 0.0, 0.0, 0.0, -0.134, -0.133949, 0.0, 0.0]",11
W3,Quetta,Shirting (Average Quality),"[229.85, 229.85, 229.85, 229.85, 229.85, 229.85, 229.85, 229.85, 229.85, 229.85, 231.82, 239.86]","[1, 2, 3, 4, 5, 6, 7, 8, 9, 10, 11, 12]","[0.0, 0.0, 0.0, 0.0, 0.0, 0.0, 0.0, 0.0, 0.0, 1.97, 8.04]","[0.0, 0.0, 0.0, 0.0, 0.0, 0.0, 0.0, 0.0, 0.0, 0.008571, 0.034682]",11
W3,Quetta,Sufi Washing Soap 250 gm Cake,"[140.0, 140.0, 140.0, 140.0, 140.0, 140.0, 140.0, 140.0, 140.0, 140.0, 140.0, 140.0]","[1, 2, 3, 4, 5, 6, 7, 8, 9, 10, 11, 12]","[0.0, 0.0, 0.0, 0.0, 0.0, 0.0, 0.0, 0.0, 0.0, 0.0, 0.0]","[0.0, 0.0, 0.0, 0.0, 0.0, 0.0, 0.0, 0.0, 0.0, 0.0, 0.0]",11
W3,Quetta,Sugar Refined,"[172.08, 172.86, 177.11, 184.5, 184.49, 182.48, 187.48, 190.49, 215.14, 199.74, 179.27, 170.42]","[1, 2, 3, 4, 5, 6, 7, 8, 9, 10, 11, 12]","[0.78, 4.25, 7.39, -0.01, -2.01, 5.0, 3.01, 24.65, -15.4, -20.47, -8.85]","[0.004533, 0.024586, 0.041725, -5.4e-05, -0.010895, 0.0274, 0.016055, 0.129403, -0.071581, -0.102483, -0.049367]",11
W3,Quetta,Tea Lipton Yellow Label 190 gm Packet,"[542.85, 542.85, 469.25, 447.0, 447.0, 447.0, 447.0, 447.0, 447.0, 447.0, 447.0, 447.0]","[1, 2, 3, 4, 5, 6, 7, 8, 9, 10, 11, 12]","[0.0, -73.6, -22.25, 0.0, 0.0, 0.0, 0.0, 0.0, 0.0, 0.0, 0.0]","[0.0, -0.135581, -0.047416, 0.0, 0.0, 0.0, 0.0, 0.0, 0.0, 0.0, 0.0]",11
W3,Quetta,Tea Prepared Ordinary,"[76.09, 74.83, 74.83, 80.0, 80.0, 80.0, 80.0, 80.0, 80.0, 80.0, 80.0, 80.0]","[1, 2, 3, 4, 5, 6, 7, 8, 9, 10, 11, 12]","[-1.26, 0.0, 5.17, 0.0, 0.0, 0.0, 0.0, 0.0, 0.0, 0.0, 0.0]","[-0.016559, 0.0, 0.06909, 0.0, 0.0, 0.0, 0.0, 0.0, 0.0, 0.0, 0.0]",11
W3,Quetta,Telephone Call Charges,"[1.79, 1.79, 1.79, 1.79, 1.79, 1.79, 1.79, 1.79, 1.79, 1.79, 1.79, 1.79]","[1, 2, 3, 4, 5, 6, 7, 8, 9, 10, 11, 12]","[0.0, 0.0, 0.0, 0.0, 0.0, 0.0, 0.0, 0.0, 0.0, 0.0, 0.0]","[0.0, 0.0, 0.0, 0.0, 0.0, 0.0, 0.0, 0.0, 0.0, 0.0, 0.0]",11
W3,Quetta,Toilet Soap LIFEBUOY 115 gm,"[99.74, 99.74, 99.74, 99.74, 99.74, 109.43, 116.17, 116.17, 116.17, 116.17, 116.17, 116.17]","[1, 2, 3, 4, 5, 6, 7, 8, 9, 10, 11, 12]","[0.0, 0.0, 0.0, 0.0, 9.69, 6.74, 0.0, 0.0, 0.0, 0.0, 0.0]","[0.0, 0.0, 0.0, 0.0, 0.097153, 0.061592, 0.0, 0.0, 0.0, 0.0, 0.0]",11
W3,Quetta,Tomatoes,"[61.45, 52.8, 48.52, 49.58, 44.82, 66.17, 130.48, 182.53, 116.44, 69.18, 64.3, 77.35]","[1, 2, 3, 4, 5, 6, 7, 8, 9, 10, 11, 12]","[-8.65, -4.28, 1.06, -4.76, 21.35, 64.31, 52.05, -66.09, -47.26, -4.88, 13.05]","[-0.140765, -0.081061, 0.021847, -0.096006, 0.47635, 0.971891, 0.398912, -0.362077, -0.405874, -0.070541, 0.202955]",11
W3,Quetta,Vegetable Ghee DALDA/HABIB 2.5 kg Tin,"[1489.94, 1485.0, 1485.0, 1460.0, 1460.0, 1460.0, 1460.0, 1467.91, 1500.0, 1530.69, 1584.21, 1515.0]","[1, 2, 3, 4, 5, 6, 7, 8, 9, 10, 11, 12]","[-4.94, 0.0, -25.0, 0.0, 0.0, 0.0, 7.91, 32.09, 30.69, 53.52, -69.21]","[-0.003316, 0.0, -0.016835, 0.0, 0.0, 0.0, 0.005418, 0.021861, 0.02046, 0.034965, -0.043687]",11
W3,Quetta,Vegetable Ghee DALDA/HABIB or Other Superior Quality 1 kg Pouch,"[579.0, 579.0, 579.0, 569.0, 569.0, 569.0, 569.0, 575.78, 586.74, 592.0, 591.2, 590.0]","[1, 2, 3, 4, 5, 6, 7, 8, 9, 10, 11, 12]","[0.0, 0.0, -10.0, 0.0, 0.0, 0.0, 6.78, 10.96, 5.26, -0.8, -1.2]","[0.0, 0.0, -0.017271, 0.0, 0.0, 0.0, 0.011916, 0.019035, 0.008965, -0.001351, -0.00203]",11
W3,Quetta,Wheat Flour Bag,"[1884.94, 1787.46, 1614.88, 1589.98, 1581.9, 1657.19, 2303.42, 2327.31, 2369.99, 2441.81, 2692.96, 2768.4]","[1, 2, 3, 4, 5, 6, 7, 8, 9, 10, 11, 12]","[-97.48, -172.58, -24.9, -8.08, 75.29, 646.23, 23.89, 42.68, 71.82, 251.15, 75.44]","[-0.051715, -0.09655, -0.015419, -0.005082, 0.047595, 0.389955, 0.010372, 0.018339, 0.030304, 0.102854, 0.028014]",11
W3,Rawalpindi,Bananas (Kela) Local,"[333.17, 308.06, 283.65, 280.32, 272.13, 228.89, 211.21, 200.22, 197.65, 205.09, 225.47, 325.86]","[1, 2, 3, 4, 5, 6, 7, 8, 9, 10, 11, 12]","[-25.11, -24.41, -3.33, -8.19, -43.24, -17.68, -10.99, -2.57, 7.44, 20.38, 100.39]","[-0.075367, -0.079238, -0.01174, -0.029217, -0.158895, -0.077242, -0.052034, -0.012836, 0.037642, 0.099371, 0.445248]",11
W3,Rawalpindi,Beef with Bone (Average Quality),"[1293.94, 1347.21, 1372.98, 1372.98, 1372.98, 1372.98, 1372.98, 1380.78, 1389.37, 1391.05, 1423.57, 1452.93]","[1, 2, 3, 4, 5, 6, 7, 8, 9, 10, 11, 12]","[53.27, 25.77, 0.0, 0.0, 0.0, 0.0, 7.8, 8.59, 1.68, 32.52, 29.36]","[0.041169, 0.019128, 0.0, 0.0, 0.0, 0.0, 0.005681, 0.006221, 0.001209, 0.023378, 0.020624]",11
W3,Rawalpindi,Bread plain (Small Size),"[110.0, 110.0, 110.0, 110.0, 110.0, 110.0, 110.0, 110.0, 110.0, 110.0, 110.0, 110.0]","[1, 2, 3, 4, 5, 6, 7, 8, 9, 10, 11, 12]","[0.0, 0.0, 0.0, 0.0, 0.0, 0.0, 0.0, 0.0, 0.0, 0.0, 0.0]","[0.0, 0.0, 0.0, 0.0, 0.0, 0.0, 0.0, 0.0, 0.0, 0.0, 0.0]",11
W3,Rawalpindi,Chicken Farm Broiler (Live),"[501.88, 449.37, 442.32, 363.59, 416.31, 447.88, 414.38, 331.4, 363.3, 372.64, 421.95, 363.24]","[1, 2, 3, 4, 5, 6, 7, 8, 9, 10, 11, 12]","[-52.51, -7.05, -78.73, 52.72, 31.57, -33.5, -82.98, 31.9, 9.34, 49.31, -58.71]","[-0.104627, -0.015689, -0.177993, 0.144998, 0.075833, -0.074797, -0.200251, 0.096258, 0.025709, 0.132326, -0.13914]",11
W3,Rawalpindi,Chilies Powder NATIONAL 200 gm Packet,"[320.0, 320.0, 320.0, 320.0, 320.0, 320.0, 320.0, 320.0, 320.0, 334.05, 380.0, 380.0]","[1, 2, 3, 4, 5, 6, 7, 8, 9, 10, 11, 12]","[0.0, 0.0, 0.0, 0.0, 0.0, 0.0, 0.0, 0.0, 14.05, 45.95, 0.0]","[0.0, 0.0, 0.0, 0.0, 0.0, 0.0, 0.0, 0.0, 0.043906, 0.137554, 0.0]",11
W3,Rawalpindi,Cigarettes Capstan 20'S Packet,"[244.5, 244.5, 244.5, 244.5, 244.5, 244.5, 244.5, 244.5, 244.5, 244.5, 246.69, 250.0]","[1, 2, 3, 4, 5, 6, 7, 8, 9, 10, 11, 12]","[0.0, 0.0, 0.0, 0.0, 0.0, 0.0, 0.0, 0.0, 0.0, 2.19, 3.31]","[0.0, 0.0, 0.0, 0.0, 0.0, 0.0, 0.0, 0.0, 0.0, 0.008957, 0.013418]",11
W3,Rawalpindi,Cooked Beef at Average Hotel,"[310.75, 328.22, 334.26, 334.26, 334.26, 334.26, 334.26, 334.26, 334.26, 334.26, 334.26, 334.26]","[1, 2, 3, 4, 5, 6, 7, 8, 9, 10, 11, 12]","[17.47, 6.04, 0.0, 0.0, 0.0, 0.0, 0.0, 0.0, 0.0, 0.0, 0.0]","[0.056219, 0.018402, 0.0, 0.0, 0.0, 0.0, 0.0, 0.0, 0.0, 0.0, 0.0]",11
W3,Rawalpindi,Cooked Daal at Average Hotel,"[220.86, 220.86, 220.86, 220.86, 220.86, 220.86, 220.86, 220.86, 220.86, 220.86, 220.86, 220.86]","[1, 2, 3, 4, 5, 6, 7, 8, 9, 10, 11, 12]","[0.0, 0.0, 0.0, 0.0, 0.0, 0.0, 0.0, 0.0, 0.0, 0.0, 0.0]","[0.0, 0.0, 0.0, 0.0, 0.0, 0.0, 0.0, 0.0, 0.0, 0.0, 0.0]",11
W3,Rawalpindi,"Cooking Oil DALDA or Other Similar Brand (SN), 5 Litre Tin","[2915.0, 2889.89, 2865.0, 2865.0, 2865.0, 2865.0, 2873.71, 2926.92, 2985.26, 3109.37, 3049.78, 2970.0]","[1, 2, 3, 4, 5, 6, 7, 8, 9, 10, 11, 12]","[-25.11, -24.89, 0.0, 0.0, 0.0, 8.71, 53.21, 58.34, 124.11, -59.59, -79.78]","[-0.008614, -0.008613, 0.0, 0.0, 0.0, 0.00304, 0.018516, 0.019932, 0.041574, -0.019165, -0.026159]",11
W3,Rawalpindi,Curd (Dahi) Loose,"[241.06, 241.06, 241.06, 241.06, 241.06, 241.06, 241.06, 241.06, 241.06, 241.06, 241.06, 242.11]","[1, 2, 3, 4, 5, 6, 7, 8, 9, 10, 11, 12]","[0.0, 0.0, 0.0, 0.0, 0.0, 0.0, 0.0, 0.0, 0.0, 0.0, 1.05]","[0.0, 0.0, 0.0, 0.0, 0.0, 0.0, 0.0, 0.0, 0.0, 0.0, 0.004356]",11
W3,Rawalpindi,Eggs Hen (Farm),"[280.08, 238.01, 294.66, 258.29, 270.81, 301.45, 314.83, 330.74, 353.3, 362.86, 346.9, 276.8]","[1, 2, 3, 4, 5, 6, 7, 8, 9, 10, 11, 12]","[-42.07, 56.65, -36.37, 12.52, 30.64, 13.38, 15.91, 22.56, 9.56, -15.96, -70.1]","[-0.150207, 0.238015, -0.12343, 0.048473, 0.113142, 0.044385, 0.050535, 0.068211, 0.027059, -0.043984, -0.202076]",11
W3,Rawalpindi,Electricity Charges upto 50 Units,"[6.0, 5.69, 4.72, 4.66, 5.04, 5.4, 4.99, 4.83, 5.24, 6.02, 6.1, 6.55]","[1, 2, 3, 4, 5, 6, 7, 8, 9, 10, 11, 12]","[-0.31, -0.97, -0.06, 0.38, 0.36, -0.41, -0.16, 0.41, 0.78, 0.08, 0.45]","[-0.051667, -0.170475, -0.012712, 0.081545, 0.071429, -0.075926, -0.032064, 0.084886, 0.148855, 0.013289, 0.07377]",11
W3,Rawalpindi,Energy Saver Philips 14 Watt,"[260.4, 260.4, 260.4, 260.4, 260.4, 260.4, 260.4, 260.4, 260.4, 260.4, 260.4, 260.4]","[1, 2, 3, 4, 5, 6, 7, 8, 9, 10, 11, 12]","[0.0, 0.0, 0.0, 0.0, 0.0, 0.0, 0.0, 0.0, 0.0, 0.0, 0.0]","[0.0, 0.0, 0.0, 0.0, 0.0, 0.0, 0.0, 0.0, 0.0, 0.0, 0.0]",11
W3,Rawalpindi,Firewood Whole,"[1651.22, 1651.22, 1651.22, 1651.22, 1651.22, 1651.22, 1651.22, 1695.64, 1706.93, 1735.27, 1764.09, 1764.09]","[1, 2, 3, 4, 5, 6, 7, 8, 9, 10, 11, 12]","[0.0, 0.0, 0.0, 0.0, 0.0, 0.0, 44.42, 11.29, 28.34, 28.82, 0.0]","[0.0, 0.0, 0.0, 0.0, 0.0, 0.0, 0.026901, 0.006658, 0.016603, 0.016608, 0.0]",11
W3,Rawalpindi,Garlic (Lehsun),"[698.15, 611.49, 566.45, 392.45, 382.2, 343.8, 344.85, 407.41, 420.57, 426.84, 452.76, 512.87]","[1, 2, 3, 4, 5, 6, 7, 8, 9, 10, 11, 12]","[-86.66, -45.04, -174.0, -10.25, -38.4, 1.05, 62.56, 13.16, 6.27, 25.92, 60.11]","[-0.124128, -0.073656, -0.307176, -0.026118, -0.100471, 0.003054, 0.181412, 0.032302, 0.014908, 0.060725, 0.132763]",11
W3,Rawalpindi,Gas Charges upto 3.3719 MMBTU,"[1976.5, 1976.5, 1976.5, 1976.5, 2194.19, 2566.5, 2566.5, 2566.5, 2566.5, 2566.5, 2566.5, 2566.5]","[1, 2, 3, 4, 5, 6, 7, 8, 9, 10, 11, 12]","[0.0, 0.0, 0.0, 217.69, 372.31, 0.0, 0.0, 0.0, 0.0, 0.0, 0.0]","[0.0, 0.0, 0.0, 0.110139, 0.16968, 0.0, 0.0, 0.0, 0.0, 0.0, 0.0]",11
W3,Rawalpindi,Gents Sandal Bata,"[2499.0, 2499.0, 2499.0, 2499.0, 2499.0, 2499.0, 2499.0, 2499.0, 2499.0, 2499.0, 2499.0, 2499.0]","[1, 2, 3, 4, 5, 6, 7, 8, 9, 10, 11, 12]","[0.0, 0.0, 0.0, 0.0, 0.0, 0.0, 0.0, 0.0, 0.0, 0.0, 0.0]","[0.0, 0.0, 0.0, 0.0, 0.0, 0.0, 0.0, 0.0, 0.0, 0.0, 0.0]",11
W3,Rawalpindi,Gents Sponge Chappal Bata,"[599.0, 599.0, 599.0, 599.0, 599.0, 599.0, 599.0, 599.0, 599.0, 599.0, 599.0, 599.0]","[1, 2, 3, 4, 5, 6, 7, 8, 9, 10, 11, 12]","[0.0, 0.0, 0.0, 0.0, 0.0, 0.0, 0.0, 0.0, 0.0, 0.0, 0.0]","[0.0, 0.0, 0.0, 0.0, 0.0, 0.0, 0.0, 0.0, 0.0, 0.0, 0.0]",11
W3,Rawalpindi,Georgette (Average Quality),"[378.24, 378.24, 378.24, 378.24, 378.24, 378.24, 378.24, 378.24, 378.24, 378.24, 378.24, 378.24]","[1, 2, 3, 4, 5, 6, 7, 8, 9, 10, 11, 12]","[0.0, 0.0, 0.0, 0.0, 0.0, 0.0, 0.0, 0.0, 0.0, 0.0, 0.0]","[0.0, 0.0, 0.0, 0.0, 0.0, 0.0, 0.0, 0.0, 0.0, 0.0, 0.0]",11
W3,Rawalpindi,Gur (Average Quality),"[246.25, 249.29, 249.29, 259.92, 265.25, 266.6, 266.6, 266.6, 266.6, 261.21, 255.93, 255.93]","[1, 2, 3, 4, 5, 6, 7, 8, 9, 10, 11, 12]","[3.04, 0.0, 10.63, 5.33, 1.35, 0.0, 0.0, 0.0, -5.39, -5.28, 0.0]","[0.012345, 0.0, 0.042641, 0.020506, 0.00509, 0.0, 0.0, 0.0, -0.020218, -0.020214, 0.0]",11
W3,Rawalpindi,Hi-Speed Diesel,"[259.58, 259.58, 256.58, 273.9, 280.67, 280.29, 272.49, 277.12, 282.6, 273.73, 258.22, 273.15]","[1, 2, 3, 4, 5, 6, 7, 8, 9, 10, 11, 12]","[0.0, -3.0, 17.32, 6.77, -0.38, -7.8, 4.63, 5.48, -8.87, -15.51, 14.93]","[0.0, -0.011557, 0.067503, 0.024717, -0.001354, -0.027828, 0.016991, 0.019775, -0.031387, -0.056662, 0.057819]",11
W3,Rawalpindi,LPG 11.67 kg Cylinder,"[3483.6, 3558.85, 3454.15, 3356.47, 3346.42, 3190.91, 3268.64, 3322.93, 3405.61, 3756.54, 3768.55, 3813.18]","[1, 2, 3, 4, 5, 6, 7, 8, 9, 10, 11, 12]","[75.25, -104.7, -97.68, -10.05, -155.51, 77.73, 54.29, 82.68, 350.93, 12.01, 44.63]","[0.021601, -0.02942, -0.028279, -0.002994, -0.046471, 0.02436, 0.016609, 0.024882, 0.103045, 0.003197, 0.011843]",11
W3,Rawalpindi,Ladies Sandal Bata,"[1399.0, 1399.0, 1399.0, 1399.0, 1399.0, 1399.0, 1399.0, 1399.0, 1399.0, 1399.0, 1399.0, 1399.0]","[1, 2, 3, 4, 5, 6, 7, 8, 9, 10, 11, 12]","[0.0, 0.0, 0.0, 0.0, 0.0, 0.0, 0.0, 0.0, 0.0, 0.0, 0.0]","[0.0, 0.0, 0.0, 0.0, 0.0, 0.0, 0.0, 0.0, 0.0, 0.0, 0.0]",11
W3,Rawalpindi,Lawn Printed Gul Ahmed/Al Karam,"[531.95, 578.17, 615.67, 628.7, 628.7, 628.7, 628.7, 628.7, 628.7, 628.7, 628.7, 628.7]","[1, 2, 3, 4, 5, 6, 7, 8, 9, 10, 11, 12]","[46.22, 37.5, 13.03, 0.0, 0.0, 0.0, 0.0, 0.0, 0.0, 0.0, 0.0]","[0.086888, 0.06486, 0.021164, 0.0, 0.0, 0.0, 0.0, 0.0, 0.0, 0.0, 0.0]",11
W3,Rawalpindi,"Long Cloth 57"" Gul Ahmed/Al Karam","[664.2, 676.99, 710.19, 721.62, 721.62, 721.62, 721.62, 721.62, 721.62, 721.62, 721.62, 728.24]","[1, 2, 3, 4, 5, 6, 7, 8, 9, 10, 11, 12]","[12.79, 33.2, 11.43, 0.0, 0.0, 0.0, 0.0, 0.0, 0.0, 0.0, 6.62]","[0.019256, 0.049041, 0.016094, 0.0, 0.0, 0.0, 0.0, 0.0, 0.0, 0.0, 0.009174]",11
W3,Rawalpindi,Match Box,"[6.0, 6.0, 6.0, 6.0, 6.0, 6.0, 6.0, 6.0, 6.0, 6.0, 6.0, 6.0]","[1, 2, 3, 4, 5, 6, 7, 8, 9, 10, 11, 12]","[0.0, 0.0, 0.0, 0.0, 0.0, 0.0, 0.0, 0.0, 0.0, 0.0, 0.0]","[0.0, 0.0, 0.0, 0.0, 0.0, 0.0, 0.0, 0.0, 0.0, 0.0, 0.0]",11
W3,Rawalpindi,Milk fresh (Un-boiled),"[216.86, 216.86, 216.86, 216.86, 216.86, 216.86, 216.86, 216.86, 216.86, 216.86, 216.86, 216.86]","[1, 2, 3, 4, 5, 6, 7, 8, 9, 10, 11, 12]","[0.0, 0.0, 0.0, 0.0, 0.0, 0.0, 0.0, 0.0, 0.0, 0.0, 0.0]","[0.0, 0.0, 0.0, 0.0, 0.0, 0.0, 0.0, 0.0, 0.0, 0.0, 0.0]",11
W3,Rawalpindi,Mustard Oil (Average Quality),"[633.89, 633.89, 633.89, 633.89, 633.89, 633.89, 633.89, 641.09, 645.93, 645.93, 656.6, 659.3]","[1, 2, 3, 4, 5, 6, 7, 8, 9, 10, 11, 12]","[0.0, 0.0, 0.0, 0.0, 0.0, 0.0, 7.2, 4.84, 0.0, 10.67, 2.7]","[0.0, 0.0, 0.0, 0.0, 0.0, 0.0, 0.011358, 0.00755, 0.0, 0.016519, 0.004112]",11
W3,Rawalpindi,Mutton (Average Quality),"[2285.96, 2338.53, 2382.02, 2382.86, 2382.86, 2382.86, 2397.86, 2412.81, 2422.79, 2434.48, 2496.23, 2566.73]","[1, 2, 3, 4, 5, 6, 7, 8, 9, 10, 11, 12]","[52.57, 43.49, 0.84, 0.0, 0.0, 15.0, 14.95, 9.98, 11.69, 61.75, 70.5]","[0.022997, 0.018597, 0.000353, 0.0, 0.0, 0.006295, 0.006235, 0.004136, 0.004825, 0.025365, 0.028243]",11
W3,Rawalpindi,Onions,"[87.95, 75.76, 60.8, 61.06, 65.1, 84.19, 118.19, 142.25, 179.1, 140.21, 101.62, 89.25]","[1, 2, 3, 4, 5, 6, 7, 8, 9, 10, 11, 12]","[-12.19, -14.96, 0.26, 4.04, 19.09, 34.0, 24.06, 36.85, -38.89, -38.59, -12.37]","[-0.138601, -0.197466, 0.004276, 0.066164, 0.293241, 0.403848, 0.203571, 0.259051, -0.217141, -0.27523, -0.121728]",11
W3,Rawalpindi,Petrol Super,"[256.58, 255.58, 253.57, 267.74, 270.95, 265.59, 265.59, 266.42, 266.62, 264.61, 254.31, 256.8]","[1, 2, 3, 4, 5, 6, 7, 8, 9, 10, 11, 12]","[-1.0, -2.01, 14.17, 3.21, -5.36, 0.0, 0.83, 0.2, -2.01, -10.3, 2.49]","[-0.003897, -0.007864, 0.055882, 0.011989, -0.019782, 0.0, 0.003125, 0.000751, -0.007539, -0.038925, 0.009791]",11
W3,Rawalpindi,Potatoes,"[75.7, 70.94, 72.37, 96.12, 97.59, 98.4, 101.58, 104.68, 93.54, 82.22, 60.57, 51.75]","[1, 2, 3, 4, 5, 6, 7, 8, 9, 10, 11, 12]","[-4.76, 1.43, 23.75, 1.47, 0.81, 3.18, 3.1, -11.14, -11.32, -21.65, -8.82]","[-0.06288, 0.020158, 0.328175, 0.015293, 0.0083, 0.032317, 0.030518, -0.10642, -0.121018, -0.263318, -0.145617]",11
W3,Rawalpindi,Powdered Milk NIDO 390 gm Polybag,"[1057.92, 1057.92, 1089.33, 1100.0, 1121.31, 1140.65, 1140.65, 1145.45, 1146.65, 1146.65, 1146.65, 1146.65]","[1, 2, 3, 4, 5, 6, 7, 8, 9, 10, 11, 12]","[0.0, 31.41, 10.67, 21.31, 19.34, 0.0, 4.8, 1.2, 0.0, 0.0, 0.0]","[0.0, 0.02969, 0.009795, 0.019373, 0.017248, 0.0, 0.004208, 0.001048, 0.0, 0.0, 0.0]",11
W3,Rawalpindi,Pulse Gram,"[367.42, 358.46, 358.46, 358.46, 358.46, 352.74, 345.79, 332.33, 310.72, 299.46, 283.56, 290.28]","[1, 2, 3, 4, 5, 6, 7, 8, 9, 10, 11, 12]","[-8.96, 0.0, 0.0, 0.0, -5.72, -6.95, -13.46, -21.61, -11.26, -15.9, 6.72]","[-0.024386, 0.0, 0.0, 0.0, -0.015957, -0.019703, -0.038925, -0.065026, -0.036238, -0.053096, 0.023699]",11
W3,Rawalpindi,Pulse Mash (Washed),"[489.9, 489.9, 489.9, 489.9, 489.9, 489.9, 489.9, 489.9, 481.87, 479.22, 480.29, 490.88]","[1, 2, 3, 4, 5, 6, 7, 8, 9, 10, 11, 12]","[0.0, 0.0, 0.0, 0.0, 0.0, 0.0, 0.0, -8.03, -2.65, 1.07, 10.59]","[0.0, 0.0, 0.0, 0.0, 0.0, 0.0, 0.0, -0.016391, -0.005499, 0.002233, 0.022049]",11
W3,Rawalpindi,Pulse Masoor (Washed),"[347.96, 347.96, 347.96, 351.28, 349.8, 339.19, 331.65, 323.2, 323.2, 313.96, 303.36, 293.87]","[1, 2, 3, 4, 5, 6, 7, 8, 9, 10, 11, 12]","[0.0, 0.0, 3.32, -1.48, -10.61, -7.54, -8.45, 0.0, -9.24, -10.6, -9.49]","[0.0, 0.0, 0.009541, -0.004213, -0.030332, -0.022229, -0.025479, 0.0, -0.028589, -0.033762, -0.031283]",11
W3,Rawalpindi,Pulse Moong (Washed),"[398.54, 398.54, 398.54, 411.19, 409.03, 397.44, 399.08, 397.07, 397.07, 397.07, 397.07, 397.07]","[1, 2, 3, 4, 5, 6, 7, 8, 9, 10, 11, 12]","[0.0, 0.0, 12.65, -2.16, -11.59, 1.64, -2.01, 0.0, 0.0, 0.0, 0.0]","[0.0, 0.0, 0.031741, -0.005253, -0.028335, 0.004126, -0.005037, 0.0, 0.0, 0.0, 0.0]",11
W3,Rawalpindi,Rice Basmati Broken (Average Quality),"[233.2, 233.2, 233.2, 250.57, 255.33, 256.54, 260.17, 264.52, 264.52, 264.52, 264.52, 264.52]","[1, 2, 3, 4, 5, 6, 7, 8, 9, 10, 11, 12]","[0.0, 0.0, 17.37, 4.76, 1.21, 3.63, 4.35, 0.0, 0.0, 0.0, 0.0]","[0.0, 0.0, 0.074485, 0.018997, 0.004739, 0.01415, 0.01672, 0.0, 0.0, 0.0, 0.0]",11
W3,Rawalpindi,Rice IRRI-6/9 (Sindh/Punjab),"[148.93, 148.93, 148.93, 161.55, 161.55, 161.55, 162.9, 164.27, 164.27, 164.27, 164.27, 164.27]","[1, 2, 3, 4, 5, 6, 7, 8, 9, 10, 11, 12]","[0.0, 0.0, 12.62, 0.0, 0.0, 1.35, 1.37, 0.0, 0.0, 0.0, 0.0]","[0.0, 0.0, 0.084738, 0.0, 0.0, 0.008357, 0.00841, 0.0, 0.0, 0.0, 0.0]",11
W3,Rawalpindi,Salt Powdered (NATIONAL/SHAN) 800 gm Packet,"[73.84, 73.84, 73.84, 73.84, 73.84, 73.84, 73.84, 75.57, 74.34, 70.0, 66.49, 60.0]","[1, 2, 3, 4, 5, 6, 7, 8, 9, 10, 11, 12]","[0.0, 0.0, 0.0, 0.0, 0.0, 0.0, 1.73, -1.23, -4.34, -3.51, -6.49]","[0.0, 0.0, 0.0, 0.0, 0.0, 0.0, 0.023429, -0.016276, -0.05838, -0.050143, -0.097609]",11
W3,Rawalpindi,Shirting (Average Quality),"[654.44, 654.44, 654.44, 654.44, 654.44, 654.44, 654.44, 654.44, 654.44, 654.44, 654.44, 654.44]","[1, 2, 3, 4, 5, 6, 7, 8, 9, 10, 11, 12]","[0.0, 0.0, 0.0, 0.0, 0.0, 0.0, 0.0, 0.0, 0.0, 0.0, 0.0]","[0.0, 0.0, 0.0, 0.0, 0.0, 0.0, 0.0, 0.0, 0.0, 0.0, 0.0]",11
W3,Rawalpindi,Sufi Washing Soap 250 gm Cake,"[140.0, 140.0, 140.0, 140.0, 140.0, 140.0, 140.32, 141.82, 142.6, 145.08, 145.92, 145.92]","[1, 2, 3, 4, 5, 6, 7, 8, 9, 10, 11, 12]","[0.0, 0.0, 0.0, 0.0, 0.0, 0.32, 1.5, 0.78, 2.48, 0.84, 0.0]","[0.0, 0.0, 0.0, 0.0, 0.0, 0.002286, 0.01069, 0.0055, 0.017391, 0.00579, 0.0]",11
W3,Rawalpindi,Sugar Refined,"[173.54, 171.65, 179.19, 191.65, 187.44, 177.36, 182.49, 185.24, 185.1, 169.36, 156.84, 155.28]","[1, 2, 3, 4, 5, 6, 7, 8, 9, 10, 11, 12]","[-1.89, 7.54, 12.46, -4.21, -10.08, 5.13, 2.75, -0.14, -15.74, -12.52, -1.56]","[-0.010891, 0.043927, 0.069535, -0.021967, -0.053777, 0.028924, 0.015069, -0.000756, -0.085035, -0.073925, -0.009946]",11
W3,Rawalpindi,Tea Lipton Yellow Label 190 gm Packet,"[447.05, 447.05, 447.05, 447.05, 447.05, 447.05, 447.05, 447.05, 447.05, 447.05, 447.05, 447.05]","[1, 2, 3, 4, 5, 6, 7, 8, 9, 10, 11, 12]","[0.0, 0.0, 0.0, 0.0, 0.0, 0.0, 0.0, 0.0, 0.0, 0.0, 0.0]","[0.0, 0.0, 0.0, 0.0, 0.0, 0.0, 0.0, 0.0, 0.0, 0.0, 0.0]",11
W3,Rawalpindi,Tea Prepared Ordinary,"[68.58, 68.58, 68.58, 68.58, 68.58, 68.58, 68.58, 68.58, 68.58, 68.58, 68.58, 68.58]","[1, 2, 3, 4, 5, 6, 7, 8, 9, 10, 11, 12]","[0.0, 0.0, 0.0, 0.0, 0.0, 0.0, 0.0, 0.0, 0.0, 0.0, 0.0]","[0.0, 0.0, 0.0, 0.0, 0.0, 0.0, 0.0, 0.0, 0.0, 0.0, 0.0]",11
W3,Rawalpindi,Telephone Call Charges,"[1.79, 1.79, 1.79, 1.79, 1.79, 1.79, 1.79, 1.79, 1.79, 1.79, 1.79, 1.79]","[1, 2, 3, 4, 5, 6, 7, 8, 9, 10, 11, 12]","[0.0, 0.0, 0.0, 0.0, 0.0, 0.0, 0.0, 0.0, 0.0, 0.0, 0.0]","[0.0, 0.0, 0.0, 0.0, 0.0, 0.0, 0.0, 0.0, 0.0, 0.0, 0.0]",11
W3,Rawalpindi,Toilet Soap LIFEBUOY 115 gm,"[116.17, 116.17, 116.17, 116.17, 116.17, 116.17, 116.17, 116.17, 116.17, 116.17, 116.17, 116.17]","[1, 2, 3, 4, 5, 6, 7, 8, 9, 10, 11, 12]","[0.0, 0.0, 0.0, 0.0, 0.0, 0.0, 0.0, 0.0, 0.0, 0.0, 0.0]","[0.0, 0.0, 0.0, 0.0, 0.0, 0.0, 0.0, 0.0, 0.0, 0.0, 0.0]",11
W3,Rawalpindi,Tomatoes,"[99.42, 97.49, 69.13, 87.12, 103.01, 125.15, 233.27, 314.74, 185.0, 100.97, 108.31, 120.79]","[1, 2, 3, 4, 5, 6, 7, 8, 9, 10, 11, 12]","[-1.93, -28.36, 17.99, 15.89, 22.14, 108.12, 81.47, -129.74, -84.03, 7.34, 12.48]","[-0.019413, -0.290902, 0.260234, 0.182392, 0.214931, 0.863923, 0.349252, -0.412213, -0.454216, 0.072695, 0.115225]",11
W3,Rawalpindi,Vegetable Ghee DALDA/HABIB 2.5 kg Tin,"[1485.0, 1472.45, 1460.0, 1460.0, 1460.0, 1460.0, 1464.97, 1495.98, 1521.66, 1588.54, 1556.65, 1515.0]","[1, 2, 3, 4, 5, 6, 7, 8, 9, 10, 11, 12]","[-12.55, -12.45, 0.0, 0.0, 0.0, 4.97, 31.01, 25.68, 66.88, -31.89, -41.65]","[-0.008451, -0.008455, 0.0, 0.0, 0.0, 0.003404, 0.021168, 0.017166, 0.043952, -0.020075, -0.026756]",11
W3,Rawalpindi,Wheat Flour Bag,"[1792.14, 1704.91, 1605.05, 1577.64, 1565.93, 1700.89, 2076.67, 2051.41, 2261.05, 2334.27, 2544.68, 2378.66]","[1, 2, 3, 4, 5, 6, 7, 8, 9, 10, 11, 12]","[-87.23, -99.86, -27.41, -11.71, 134.96, 375.78, -25.26, 209.64, 73.22, 210.41, -166.02]","[-0.048674, -0.058572, -0.017077, -0.007422, 0.086185, 0.220931, -0.012164, 0.102193, 0.032383, 0.09014, -0.065242]",11
W3,Sargodha,Bananas (Kela) Local,"[200.0, 151.62, 159.95, 156.59, 152.6, 150.0, 134.16, 107.57, 120.0, 126.88, 137.19, 190.61]","[1, 2, 3, 4, 5, 6, 7, 8, 9, 10, 11, 12]","[-48.38, 8.33, -3.36, -3.99, -2.6, -15.84, -26.59, 12.43, 6.88, 10.31, 53.42]","[-0.2419, 0.05494, -0.021007, -0.025481, -0.017038, -0.1056, -0.198196, 0.115553, 0.057333, 0.081258, 0.389387]",11
W3,Sargodha,Beef with Bone (Average Quality),"[950.0, 950.0, 1008.17, 1016.4, 1016.4, 1016.4, 1049.21, 1093.2, 1116.42, 1133.09, 1133.09, 1133.09]","[1, 2, 3, 4, 5, 6, 7, 8, 9, 10, 11, 12]","[0.0, 58.17, 8.23, 0.0, 0.0, 32.81, 43.99, 23.22, 16.67, 0.0, 0.0]","[0.0, 0.061232, 0.008163, 0.0, 0.0, 0.032281, 0.041927, 0.02124, 0.014932, 0.0, 0.0]",11
W3,Sargodha,Bread plain (Small Size),"[110.0, 107.41, 100.0, 100.0, 100.0, 100.0, 100.0, 100.0, 100.0, 100.0, 100.0, 100.0]","[1, 2, 3, 4, 5, 6, 7, 8, 9, 10, 11, 12]","[-2.59, -7.41, 0.0, 0.0, 0.0, 0.0, 0.0, 0.0, 0.0, 0.0, 0.0]","[-0.023545, -0.068988, 0.0, 0.0, 0.0, 0.0, 0.0, 0.0, 0.0, 0.0, 0.0]",11
W3,Sargodha,Chicken Farm Broiler (Live),"[468.25, 437.67, 449.21, 363.3, 428.43, 428.62, 404.71, 330.19, 354.85, 366.72, 406.52, 357.43]","[1, 2, 3, 4, 5, 6, 7, 8, 9, 10, 11, 12]","[-30.58, 11.54, -85.91, 65.13, 0.19, -23.91, -74.52, 24.66, 11.87, 39.8, -49.09]","[-0.065307, 0.026367, -0.191247, 0.179273, 0.000443, -0.055784, -0.184132, 0.074684, 0.033451, 0.10853, -0.120757]",11
W3,Sargodha,Chilies Powder NATIONAL 200 gm Packet,"[320.0, 320.0, 320.0, 320.0, 320.0, 320.0, 320.0, 340.0, 340.0, 340.0, 340.0, 369.58]","[1, 2, 3, 4, 5, 6, 7, 8, 9, 10, 11, 12]","[0.0, 0.0, 0.0, 0.0, 0.0, 0.0, 20.0, 0.0, 0.0, 0.0, 29.58]","[0.0, 0.0, 0.0, 0.0, 0.0, 0.0, 0.0625, 0.0, 0.0, 0.0, 0.087]",11
W3,Sargodha,Cigarettes Capstan 20'S Packet,"[240.0, 240.0, 240.0, 240.0, 240.0, 240.0, 240.0, 240.0, 240.0, 240.0, 240.0, 240.0]","[1, 2, 3, 4, 5, 6, 7, 8, 9, 10, 11, 12]","[0.0, 0.0, 0.0, 0.0, 0.0, 0.0, 0.0, 0.0, 0.0, 0.0, 0.0]","[0.0, 0.0, 0.0, 0.0, 0.0, 0.0, 0.0, 0.0, 0.0, 0.0, 0.0]",11
W3,Sargodha,Cooked Beef at Average Hotel,"[300.0, 300.0, 300.0, 300.0, 300.0, 300.0, 300.0, 300.0, 300.0, 300.0, 300.0, 300.0]","[1, 2, 3, 4, 5, 6, 7, 8, 9, 10, 11, 12]","[0.0, 0.0, 0.0, 0.0, 0.0, 0.0, 0.0, 0.0, 0.0, 0.0, 0.0]","[0.0, 0.0, 0.0, 0.0, 0.0, 0.0, 0.0, 0.0, 0.0, 0.0, 0.0]",11
W3,Sargodha,Cooked Daal at Average Hotel,"[150.0, 150.0, 150.0, 150.0, 150.0, 150.0, 150.0, 150.0, 150.0, 150.0, 150.0, 150.0]","[1, 2, 3, 4, 5, 6, 7, 8, 9, 10, 11, 12]","[0.0, 0.0, 0.0, 0.0, 0.0, 0.0, 0.0, 0.0, 0.0, 0.0, 0.0]","[0.0, 0.0, 0.0, 0.0, 0.0, 0.0, 0.0, 0.0, 0.0, 0.0, 0.0]",11
W3,Sargodha,"Cooking Oil DALDA or Other Similar Brand (SN), 5 Litre Tin","[2915.0, 2915.0, 2877.42, 2865.0, 2865.0, 2865.0, 2865.0, 2865.0, 2924.79, 2974.95, 2975.99, 2970.0]","[1, 2, 3, 4, 5, 6, 7, 8, 9, 10, 11, 12]","[0.0, -37.58, -12.42, 0.0, 0.0, 0.0, 0.0, 59.79, 50.16, 1.04, -5.99]","[0.0, -0.012892, -0.004316, 0.0, 0.0, 0.0, 0.0, 0.020869, 0.01715, 0.00035, -0.002013]",11
W3,Sargodha,Curd (Dahi) Loose,"[200.0, 200.0, 200.0, 213.12, 218.61, 220.0, 220.0, 220.0, 220.0, 220.0, 220.0, 220.0]","[1, 2, 3, 4, 5, 6, 7, 8, 9, 10, 11, 12]","[0.0, 0.0, 13.12, 5.49, 1.39, 0.0, 0.0, 0.0, 0.0, 0.0, 0.0]","[0.0, 0.0, 0.0656, 0.02576, 0.006358, 0.0, 0.0, 0.0, 0.0, 0.0, 0.0]",11
W3,Sargodha,Eggs Hen (Farm),"[272.97, 226.94, 283.07, 248.0, 260.99, 291.93, 305.48, 324.67, 346.0, 357.47, 336.98, 267.55]","[1, 2, 3, 4, 5, 6, 7, 8, 9, 10, 11, 12]","[-46.03, 56.13, -35.07, 12.99, 30.94, 13.55, 19.19, 21.33, 11.47, -20.49, -69.43]","[-0.168627, 0.247334, -0.123892, 0.052379, 0.118549, 0.046415, 0.062819, 0.065697, 0.03315, -0.057319, -0.206036]",11
W3,Sargodha,Electricity Charges upto 50 Units,"[6.0, 5.69, 4.72, 4.66, 5.04, 5.4, 4.99, 4.83, 5.24, 6.02, 6.1, 6.55]","[1, 2, 3, 4, 5, 6, 7, 8, 9, 10, 11, 12]","[-0.31, -0.97, -0.06, 0.38, 0.36, -0.41, -0.16, 0.41, 0.78, 0.08, 0.45]","[-0.051667, -0.170475, -0.012712, 0.081545, 0.071429, -0.075926, -0.032064, 0.084886, 0.148855, 0.013289, 0.07377]",11
W3,Sargodha,Energy Saver Philips 14 Watt,"[580.0, 580.0, 580.0, 580.0, 573.87, 550.0, 550.0, 550.0, 550.0, 550.0, 550.0, 550.0]","[1, 2, 3, 4, 5, 6, 7, 8, 9, 10, 11, 12]","[0.0, 0.0, 0.0, -6.13, -23.87, 0.0, 0.0, 0.0, 0.0, 0.0, 0.0]","[0.0, 0.0, 0.0, -0.010569, -0.041595, 0.0, 0.0, 0.0, 0.0, 0.0, 0.0]",11
W3,Sargodha,Firewood Whole,"[1250.0, 1250.0, 1250.0, 1250.0, 1250.0, 1250.0, 1250.0, 1250.0, 1250.0, 1250.0, 1250.0, 1250.0]","[1, 2, 3, 4, 5, 6, 7, 8, 9, 10, 11, 12]","[0.0, 0.0, 0.0, 0.0, 0.0, 0.0, 0.0, 0.0, 0.0, 0.0, 0.0]","[0.0, 0.0, 0.0, 0.0, 0.0, 0.0, 0.0, 0.0, 0.0, 0.0, 0.0]",11
W3,Sargodha,Garlic (Lehsun),"[598.96, 511.7, 445.68, 350.0, 416.38, 482.06, 494.92, 473.84, 484.93, 488.24, 497.28, 537.05]","[1, 2, 3, 4, 5, 6, 7, 8, 9, 10, 11, 12]","[-87.26, -66.02, -95.68, 66.38, 65.68, 12.86, -21.08, 11.09, 3.31, 9.04, 39.77]","[-0.145686, -0.129021, -0.214683, 0.189657, 0.157741, 0.026677, -0.042593, 0.023405, 0.006826, 0.018515, 0.079975]",11
W3,Sargodha,Gas Charges upto 3.3719 MMBTU,"[1976.5, 1976.5, 1976.5, 1976.5, 2194.19, 2566.5, 2566.5, 2566.5, 2566.5, 2566.5, 2566.5, 2566.5]","[1, 2, 3, 4, 5, 6, 7, 8, 9, 10, 11, 12]","[0.0, 0.0, 0.0, 217.69, 372.31, 0.0, 0.0, 0.0, 0.0, 0.0, 0.0]","[0.0, 0.0, 0.0, 0.110139, 0.16968, 0.0, 0.0, 0.0, 0.0, 0.0, 0.0]",11
W3,Sargodha,Gents Sandal Bata,"[2499.0, 2499.0, 2499.0, 2499.0, 2499.0, 2499.0, 2499.0, 2499.0, 2499.0, 2499.0, 2499.0, 2499.0]","[1, 2, 3, 4, 5, 6, 7, 8, 9, 10, 11, 12]","[0.0, 0.0, 0.0, 0.0, 0.0, 0.0, 0.0, 0.0, 0.0, 0.0, 0.0]","[0.0, 0.0, 0.0, 0.0, 0.0, 0.0, 0.0, 0.0, 0.0, 0.0, 0.0]",11
W3,Sargodha,Gents Sponge Chappal Bata,"[599.0, 599.0, 599.0, 599.0, 599.0, 599.0, 599.0, 599.0, 599.0, 599.0, 599.0, 599.0]","[1, 2, 3, 4, 5, 6, 7, 8, 9, 10, 11, 12]","[0.0, 0.0, 0.0, 0.0, 0.0, 0.0, 0.0, 0.0, 0.0, 0.0, 0.0]","[0.0, 0.0, 0.0, 0.0, 0.0, 0.0, 0.0, 0.0, 0.0, 0.0, 0.0]",11
W3,Sargodha,Georgette (Average Quality),"[400.0, 400.0, 400.0, 400.0, 400.0, 400.0, 400.0, 400.0, 400.0, 400.0, 400.0, 400.0]","[1, 2, 3, 4, 5, 6, 7, 8, 9, 10, 11, 12]","[0.0, 0.0, 0.0, 0.0, 0.0, 0.0, 0.0, 0.0, 0.0, 0.0, 0.0]","[0.0, 0.0, 0.0, 0.0, 0.0, 0.0, 0.0, 0.0, 0.0, 0.0, 0.0]",11
W3,Sargodha,Gur (Average Quality),"[200.0, 200.0, 200.0, 200.0, 200.0, 214.82, 240.82, 246.62, 218.71, 202.45, 200.0, 200.0]","[1, 2, 3, 4, 5, 6, 7, 8, 9, 10, 11, 12]","[0.0, 0.0, 0.0, 0.0, 14.82, 26.0, 5.8, -27.91, -16.26, -2.45, 0.0]","[0.0, 0.0, 0.0, 0.0, 0.0741, 0.121032, 0.024084, -0.11317, -0.074345, -0.012102, 0.0]",11
W3,Sargodha,Hi-Speed Diesel,"[259.86, 259.86, 256.85, 274.2, 280.98, 280.6, 274.18, 278.8, 284.25, 275.42, 259.86, 274.78]","[1, 2, 3, 4, 5, 6, 7, 8, 9, 10, 11, 12]","[0.0, -3.01, 17.35, 6.78, -0.38, -6.42, 4.62, 5.45, -8.83, -15.56, 14.92]","[0.0, -0.011583, 0.067549, 0.024726, -0.001352, -0.02288, 0.01685, 0.019548, -0.031064, -0.056496, 0.057416]",11
W3,Sargodha,LPG 11.67 kg Cylinder,"[3224.71, 3212.04, 3073.89, 3100.0, 2999.33, 2799.11, 2974.68, 2879.03, 3133.57, 3449.64, 3416.88, 3500.0]","[1, 2, 3, 4, 5, 6, 7, 8, 9, 10, 11, 12]","[-12.67, -138.15, 26.11, -100.67, -200.22, 175.57, -95.65, 254.54, 316.07, -32.76, 83.12]","[-0.003929, -0.04301, 0.008494, -0.032474, -0.066755, 0.062724, -0.032155, 0.088412, 0.100866, -0.009497, 0.024326]",11
W3,Sargodha,Ladies Sandal Bata,"[1399.0, 1399.0, 1399.0, 1399.0, 1399.0, 1399.0, 1399.0, 1399.0, 1399.0, 1399.0, 1399.0, 1399.0]","[1, 2, 3, 4, 5, 6, 7, 8, 9, 10, 11, 12]","[0.0, 0.0, 0.0, 0.0, 0.0, 0.0, 0.0, 0.0, 0.0, 0.0, 0.0]","[0.0, 0.0, 0.0, 0.0, 0.0, 0.0, 0.0, 0.0, 0.0, 0.0, 0.0]",11
W3,Sargodha,Lawn Printed Gul Ahmed/Al Karam,"[714.0, 714.0, 714.0, 714.0, 714.0, 714.0, 714.0, 714.0, 714.0, 714.0, 714.0, 714.0]","[1, 2, 3, 4, 5, 6, 7, 8, 9, 10, 11, 12]","[0.0, 0.0, 0.0, 0.0, 0.0, 0.0, 0.0, 0.0, 0.0, 0.0, 0.0]","[0.0, 0.0, 0.0, 0.0, 0.0, 0.0, 0.0, 0.0, 0.0, 0.0, 0.0]",11
W3,Sargodha,"Long Cloth 57"" Gul Ahmed/Al Karam","[700.0, 700.0, 700.0, 700.0, 700.0, 700.0, 700.0, 700.0, 700.0, 700.0, 700.0, 700.0]","[1, 2, 3, 4, 5, 6, 7, 8, 9, 10, 11, 12]","[0.0, 0.0, 0.0, 0.0, 0.0, 0.0, 0.0, 0.0, 0.0, 0.0, 0.0]","[0.0, 0.0, 0.0, 0.0, 0.0, 0.0, 0.0, 0.0, 0.0, 0.0, 0.0]",11
W3,Sargodha,Match Box,"[6.0, 6.0, 6.0, 6.0, 6.0, 6.0, 6.0, 6.0, 6.0, 6.0, 6.0, 6.0]","[1, 2, 3, 4, 5, 6, 7, 8, 9, 10, 11, 12]","[0.0, 0.0, 0.0, 0.0, 0.0, 0.0, 0.0, 0.0, 0.0, 0.0, 0.0]","[0.0, 0.0, 0.0, 0.0, 0.0, 0.0, 0.0, 0.0, 0.0, 0.0, 0.0]",11
W3,Sargodha,Milk fresh (Un-boiled),"[160.0, 160.0, 160.0, 173.27, 173.27, 173.27, 173.27, 173.27, 173.27, 173.27, 173.27, 173.27]","[1, 2, 3, 4, 5, 6, 7, 8, 9, 10, 11, 12]","[0.0, 0.0, 13.27, 0.0, 0.0, 0.0, 0.0, 0.0, 0.0, 0.0, 0.0]","[0.0, 0.0, 0.082938, 0.0, 0.0, 0.0, 0.0, 0.0, 0.0, 0.0, 0.0]",11
W3,Sargodha,Mustard Oil (Average Quality),"[600.0, 564.68, 491.58, 483.31, 483.31, 483.31, 491.61, 498.65, 500.0, 500.0, 500.0, 500.0]","[1, 2, 3, 4, 5, 6, 7, 8, 9, 10, 11, 12]","[-35.32, -73.1, -8.27, 0.0, 0.0, 8.3, 7.04, 1.35, 0.0, 0.0, 0.0]","[-0.058867, -0.129454, -0.016823, 0.0, 0.0, 0.017173, 0.01432, 0.002707, 0.0, 0.0, 0.0]",11
W3,Sargodha,Mutton (Average Quality),"[1900.0, 1900.0, 2015.07, 2066.12, 2066.12, 2066.12, 2082.99, 2100.0, 2116.53, 2133.2, 2133.2, 2133.2]","[1, 2, 3, 4, 5, 6, 7, 8, 9, 10, 11, 12]","[0.0, 115.07, 51.05, 0.0, 0.0, 16.87, 17.01, 16.53, 16.67, 0.0, 0.0]","[0.0, 0.060563, 0.025334, 0.0, 0.0, 0.008165, 0.008166, 0.007871, 0.007876, 0.0, 0.0]",11
W3,Sargodha,Onions,"[56.23, 52.33, 42.29, 63.16, 55.67, 67.01, 76.52, 105.05, 139.09, 94.57, 70.44, 64.81]","[1, 2, 3, 4, 5, 6, 7, 8, 9, 10, 11, 12]","[-3.9, -10.04, 20.87, -7.49, 11.34, 9.51, 28.53, 34.04, -44.52, -24.13, -5.63]","[-0.069358, -0.191859, 0.493497, -0.118588, 0.2037, 0.141919, 0.372844, 0.324036, -0.320081, -0.255155, -0.079926]",11
W3,Sargodha,Petrol Super,"[256.85, 255.84, 253.84, 268.01, 271.23, 265.87, 265.87, 268.09, 268.27, 266.32, 255.95, 258.44]","[1, 2, 3, 4, 5, 6, 7, 8, 9, 10, 11, 12]","[-1.01, -2.0, 14.17, 3.22, -5.36, 0.0, 2.22, 0.18, -1.95, -10.37, 2.49]","[-0.003932, -0.007817, 0.055823, 0.012014, -0.019762, 0.0, 0.00835, 0.000671, -0.007269, -0.038938, 0.009728]",11
W3,Sargodha,Potatoes,"[52.33, 54.77, 50.76, 86.18, 89.38, 91.58, 98.65, 91.58, 83.89, 42.34, 34.4, 28.23]","[1, 2, 3, 4, 5, 6, 7, 8, 9, 10, 11, 12]","[2.44, -4.01, 35.42, 3.2, 2.2, 7.07, -7.07, -7.69, -41.55, -7.94, -6.17]","[0.046627, -0.073215, 0.697794, 0.037132, 0.024614, 0.0772, -0.071668, -0.08397, -0.495291, -0.18753, -0.17936]",11
W3,Sargodha,Powdered Milk NIDO 390 gm Polybag,"[1040.0, 1040.0, 1049.86, 1040.0, 1055.53, 1120.0, 1120.0, 1120.0, 1120.0, 1142.43, 1150.0, 1150.0]","[1, 2, 3, 4, 5, 6, 7, 8, 9, 10, 11, 12]","[0.0, 9.86, -9.86, 15.53, 64.47, 0.0, 0.0, 0.0, 22.43, 7.57, 0.0]","[0.0, 0.009481, -0.009392, 0.014933, 0.061078, 0.0, 0.0, 0.0, 0.020027, 0.006626, 0.0]",11
W3,Sargodha,Pulse Gram,"[282.29, 274.12, 291.5, 296.63, 286.54, 280.0, 294.1, 286.54, 263.04, 243.29, 243.29, 243.29]","[1, 2, 3, 4, 5, 6, 7, 8, 9, 10, 11, 12]","[-8.17, 17.38, 5.13, -10.09, -6.54, 14.1, -7.56, -23.5, -19.75, 0.0, 0.0]","[-0.028942, 0.063403, 0.017599, -0.034015, -0.022824, 0.050357, -0.025706, -0.082013, -0.075084, 0.0, 0.0]",11
W3,Sargodha,Pulse Mash (Washed),"[479.16, 480.0, 480.0, 480.0, 480.0, 480.0, 480.0, 480.0, 480.0, 458.23, 443.31, 446.64]","[1, 2, 3, 4, 5, 6, 7, 8, 9, 10, 11, 12]","[0.84, 0.0, 0.0, 0.0, 0.0, 0.0, 0.0, 0.0, -21.77, -14.92, 3.33]","[0.001753, 0.0, 0.0, 0.0, 0.0, 0.0, 0.0, 0.0, -0.045354, -0.03256, 0.007512]",11
W3,Sargodha,Pulse Masoor (Washed),"[280.0, 280.0, 279.15, 276.63, 276.63, 280.0, 280.0, 280.0, 280.0, 267.37, 253.29, 253.29]","[1, 2, 3, 4, 5, 6, 7, 8, 9, 10, 11, 12]","[0.0, -0.85, -2.52, 0.0, 3.37, 0.0, 0.0, 0.0, -12.63, -14.08, 0.0]","[0.0, -0.003036, -0.009027, 0.0, 0.012182, 0.0, 0.0, 0.0, -0.045107, -0.052661, 0.0]",11
W3,Sargodha,Pulse Moong (Washed),"[400.0, 400.0, 400.82, 406.64, 398.58, 368.03, 391.56, 396.64, 396.64, 399.16, 400.0, 400.0]","[1, 2, 3, 4, 5, 6, 7, 8, 9, 10, 11, 12]","[0.0, 0.82, 5.82, -8.06, -30.55, 23.53, 5.08, 0.0, 2.52, 0.84, 0.0]","[0.0, 0.00205, 0.01452, -0.019821, -0.076647, 0.063935, 0.012974, 0.0, 0.006353, 0.002104, 0.0]",11
W3,Sargodha,Rice Basmati Broken (Average Quality),"[160.0, 160.0, 160.81, 170.0, 170.66, 170.0, 170.0, 163.27, 160.81, 160.0, 160.0, 160.0]","[1, 2, 3, 4, 5, 6, 7, 8, 9, 10, 11, 12]","[0.0, 0.81, 9.19, 0.66, -0.66, 0.0, -6.73, -2.46, -0.81, 0.0, 0.0]","[0.0, 0.005063, 0.057148, 0.003882, -0.003867, 0.0, -0.039588, -0.015067, -0.005037, 0.0, 0.0]",11
W3,Sargodha,Rice IRRI-6/9 (Sindh/Punjab),"[170.0, 170.0, 170.81, 176.6, 177.95, 181.63, 186.61, 186.61, 186.61, 186.61, 186.61, 186.61]","[1, 2, 3, 4, 5, 6, 7, 8, 9, 10, 11, 12]","[0.0, 0.81, 5.79, 1.35, 3.68, 4.98, 0.0, 0.0, 0.0, 0.0, 0.0]","[0.0, 0.004765, 0.033897, 0.007644, 0.02068, 0.027418, 0.0, 0.0, 0.0, 0.0, 0.0]",11
W3,Sargodha,Salt Powdered (NATIONAL/SHAN) 800 gm Packet,"[80.0, 80.0, 80.0, 80.0, 80.0, 80.0, 80.0, 80.0, 80.0, 80.0, 80.0, 64.47]","[1, 2, 3, 4, 5, 6, 7, 8, 9, 10, 11, 12]","[0.0, 0.0, 0.0, 0.0, 0.0, 0.0, 0.0, 0.0, 0.0, 0.0, -15.53]","[0.0, 0.0, 0.0, 0.0, 0.0, 0.0, 0.0, 0.0, 0.0, 0.0, -0.194125]",11
W3,Sargodha,Shirting (Average Quality),"[600.0, 600.0, 600.0, 600.0, 600.0, 600.0, 600.0, 600.0, 600.0, 600.0, 607.92, 661.8]","[1, 2, 3, 4, 5, 6, 7, 8, 9, 10, 11, 12]","[0.0, 0.0, 0.0, 0.0, 0.0, 0.0, 0.0, 0.0, 0.0, 7.92, 53.88]","[0.0, 0.0, 0.0, 0.0, 0.0, 0.0, 0.0, 0.0, 0.0, 0.0132, 0.08863]",11
W3,Sargodha,Sufi Washing Soap 250 gm Cake,"[130.0, 130.0, 130.0, 130.0, 130.0, 130.0, 130.0, 130.0, 130.0, 130.0, 130.0, 130.0]","[1, 2, 3, 4, 5, 6, 7, 8, 9, 10, 11, 12]","[0.0, 0.0, 0.0, 0.0, 0.0, 0.0, 0.0, 0.0, 0.0, 0.0, 0.0]","[0.0, 0.0, 0.0, 0.0, 0.0, 0.0, 0.0, 0.0, 0.0, 0.0, 0.0]",11
W3,Sargodha,Sugar Refined,"[165.95, 164.0, 171.74, 185.0, 180.1, 174.0, 176.0, 179.91, 179.75, 162.28, 150.66, 150.0]","[1, 2, 3, 4, 5, 6, 7, 8, 9, 10, 11, 12]","[-1.95, 7.74, 13.26, -4.9, -6.1, 2.0, 3.91, -0.16, -17.47, -11.62, -0.66]","[-0.011751, 0.047195, 0.07721, -0.026486, -0.03387, 0.011494, 0.022216, -0.000889, -0.097191, -0.071605, -0.004381]",11
W3,Sargodha,Tea Lipton Yellow Label 190 gm Packet,"[447.06, 447.06, 447.06, 447.06, 447.06, 447.06, 447.01, 447.0, 447.0, 447.0, 447.0, 447.0]","[1, 2, 3, 4, 5, 6, 7, 8, 9, 10, 11, 12]","[0.0, 0.0, 0.0, 0.0, 0.0, -0.05, -0.01, 0.0, 0.0, 0.0, 0.0]","[0.0, 0.0, 0.0, 0.0, 0.0, -0.000112, -2.2e-05, 0.0, 0.0, 0.0, 0.0]",11
W3,Sargodha,Tea Prepared Ordinary,"[60.0, 60.0, 60.0, 60.0, 60.0, 63.16, 63.16, 63.16, 63.16, 63.16, 63.16, 63.16]","[1, 2, 3, 4, 5, 6, 7, 8, 9, 10, 11, 12]","[0.0, 0.0, 0.0, 0.0, 3.16, 0.0, 0.0, 0.0, 0.0, 0.0, 0.0]","[0.0, 0.0, 0.0, 0.0, 0.052667, 0.0, 0.0, 0.0, 0.0, 0.0, 0.0]",11
W3,Sargodha,Telephone Call Charges,"[1.79, 1.79, 1.79, 1.79, 1.79, 1.79, 1.79, 1.79, 1.79, 1.79, 1.79, 1.79]","[1, 2, 3, 4, 5, 6, 7, 8, 9, 10, 11, 12]","[0.0, 0.0, 0.0, 0.0, 0.0, 0.0, 0.0, 0.0, 0.0, 0.0, 0.0]","[0.0, 0.0, 0.0, 0.0, 0.0, 0.0, 0.0, 0.0, 0.0, 0.0, 0.0]",11
W3,Sargodha,Toilet Soap LIFEBUOY 115 gm,"[117.47, 117.47, 117.47, 99.74, 99.74, 99.74, 102.74, 112.3, 112.3, 112.3, 112.3, 112.3]","[1, 2, 3, 4, 5, 6, 7, 8, 9, 10, 11, 12]","[0.0, 0.0, -17.73, 0.0, 0.0, 3.0, 9.56, 0.0, 0.0, 0.0, 0.0]","[0.0, 0.0, -0.150932, 0.0, 0.0, 0.030078, 0.09305, 0.0, 0.0, 0.0, 0.0]",11
W3,Sargodha,Tomatoes,"[81.81, 74.01, 48.23, 100.0, 86.35, 114.51, 209.2, 296.28, 130.27, 82.73, 91.54, 92.12]","[1, 2, 3, 4, 5, 6, 7, 8, 9, 10, 11, 12]","[-7.8, -25.78, 51.77, -13.65, 28.16, 94.69, 87.08, -166.01, -47.54, 8.81, 0.58]","[-0.095343, -0.348331, 1.073398, -0.1365, 0.326115, 0.826915, 0.416252, -0.560315, -0.364934, 0.106491, 0.006336]",11
W3,Sargodha,Vegetable Ghee DALDA/HABIB 2.5 kg Tin,"[1485.0, 1485.0, 1466.21, 1460.0, 1460.0, 1460.0, 1460.0, 1475.87, 1500.0, 1506.21, 1520.99, 1515.0]","[1, 2, 3, 4, 5, 6, 7, 8, 9, 10, 11, 12]","[0.0, -18.79, -6.21, 0.0, 0.0, 0.0, 15.87, 24.13, 6.21, 14.78, -5.99]","[0.0, -0.012653, -0.004235, 0.0, 0.0, 0.0, 0.01087, 0.01635, 0.00414, 0.009813, -0.003938]",11
W3,Sargodha,Vegetable Ghee DALDA/HABIB or Other Superior Quality 1 kg Pouch,"[579.0, 579.0, 569.0, 569.0, 569.0, 569.0, 569.0, 581.76, 588.49, 592.0, 590.4, 590.0]","[1, 2, 3, 4, 5, 6, 7, 8, 9, 10, 11, 12]","[0.0, -10.0, 0.0, 0.0, 0.0, 0.0, 12.76, 6.73, 3.51, -1.6, -0.4]","[0.0, -0.017271, 0.0, 0.0, 0.0, 0.0, 0.022425, 0.011568, 0.005964, -0.002703, -0.000678]",11
W3,Sargodha,Wheat Flour Bag,"[1800.0, 1714.93, 1539.96, 1494.0, 1483.14, 1587.61, 1900.49, 1810.0, 1810.0, 1810.0, 2315.26, 1835.27]","[1, 2, 3, 4, 5, 6, 7, 8, 9, 10, 11, 12]","[-85.07, -174.97, -45.96, -10.86, 104.47, 312.88, -90.49, 0.0, 0.0, 505.26, -479.99]","[-0.047261, -0.102027, -0.029845, -0.007269, 0.070438, 0.197076, -0.047614, 0.0, 0.0, 0.279149, -0.207316]",11
W3,Sialkot,Bananas (Kela) Local,"[286.63, 211.47, 160.0, 160.0, 160.0, 152.44, 150.0, 133.77, 144.73, 150.0, 157.95, 207.58]","[1, 2, 3, 4, 5, 6, 7, 8, 9, 10, 11, 12]","[-75.16, -51.47, 0.0, 0.0, -7.56, -2.44, -16.23, 10.96, 5.27, 7.95, 49.63]","[-0.26222, -0.243391, 0.0, 0.0, -0.04725, -0.016006, -0.1082, 0.081932, 0.036413, 0.053, 0.314213]",11
W3,Sialkot,Beef with Bone (Average Quality),"[1100.0, 1100.0, 1100.0, 1100.0, 1100.0, 1100.0, 1100.0, 1100.0, 1100.0, 1100.0, 1100.0, 1100.0]","[1, 2, 3, 4, 5, 6, 7, 8, 9, 10, 11, 12]","[0.0, 0.0, 0.0, 0.0, 0.0, 0.0, 0.0, 0.0, 0.0, 0.0, 0.0]","[0.0, 0.0, 0.0, 0.0, 0.0, 0.0, 0.0, 0.0, 0.0, 0.0, 0.0]",11
W3,Sialkot,Bread plain (Small Size),"[100.0, 100.0, 110.0, 110.0, 110.0, 110.0, 110.0, 110.0, 110.0, 110.0, 117.93, 120.0]","[1, 2, 3, 4, 5, 6, 7, 8, 9, 10, 11, 12]","[0.0, 10.0, 0.0, 0.0, 0.0, 0.0, 0.0, 0.0, 0.0, 7.93, 2.07]","[0.0, 0.1, 0.0, 0.0, 0.0, 0.0, 0.0, 0.0, 0.0, 0.072091, 0.017553]",11
W3,Sialkot,Chicken Farm Broiler (Live),"[479.65, 429.38, 430.81, 348.0, 399.23, 433.29, 401.99, 315.11, 339.53, 348.25, 407.15, 341.99]","[1, 2, 3, 4, 5, 6, 7, 8, 9, 10, 11, 12]","[-50.27, 1.43, -82.81, 51.23, 34.06, -31.3, -86.88, 24.42, 8.72, 58.9, -65.16]","[-0.104806, 0.00333, -0.192219, 0.147213, 0.085314, -0.072238, -0.216125, 0.077497, 0.025683, 0.169131, -0.160039]",11
W3,Sialkot,Chilies Powder NATIONAL 200 gm Packet,"[320.0, 320.0, 320.0, 320.0, 320.0, 320.0, 320.0, 320.0, 320.0, 334.05, 380.0, 380.0]","[1, 2, 3, 4, 5, 6, 7, 8, 9, 10, 11, 12]","[0.0, 0.0, 0.0, 0.0, 0.0, 0.0, 0.0, 0.0, 14.05, 45.95, 0.0]","[0.0, 0.0, 0.0, 0.0, 0.0, 0.0, 0.0, 0.0, 0.043906, 0.137554, 0.0]",11
W3,Sialkot,Cigarettes Capstan 20'S Packet,"[230.0, 230.0, 230.0, 230.0, 230.0, 230.0, 230.0, 230.0, 230.0, 240.0, 241.97, 250.0]","[1, 2, 3, 4, 5, 6, 7, 8, 9, 10, 11, 12]","[0.0, 0.0, 0.0, 0.0, 0.0, 0.0, 0.0, 0.0, 10.0, 1.97, 8.03]","[0.0, 0.0, 0.0, 0.0, 0.0, 0.0, 0.0, 0.0, 0.043478, 0.008208, 0.033186]",11
W3,Sialkot,Cooked Beef at Average Hotel,"[350.0, 350.0, 350.0, 350.0, 350.0, 350.0, 350.0, 350.0, 350.0, 350.0, 350.0, 350.0]","[1, 2, 3, 4, 5, 6, 7, 8, 9, 10, 11, 12]","[0.0, 0.0, 0.0, 0.0, 0.0, 0.0, 0.0, 0.0, 0.0, 0.0, 0.0]","[0.0, 0.0, 0.0, 0.0, 0.0, 0.0, 0.0, 0.0, 0.0, 0.0, 0.0]",11
W3,Sialkot,Cooked Daal at Average Hotel,"[170.0, 170.0, 170.0, 170.0, 170.0, 170.0, 170.0, 170.0, 170.0, 170.0, 170.0, 170.0]","[1, 2, 3, 4, 5, 6, 7, 8, 9, 10, 11, 12]","[0.0, 0.0, 0.0, 0.0, 0.0, 0.0, 0.0, 0.0, 0.0, 0.0, 0.0]","[0.0, 0.0, 0.0, 0.0, 0.0, 0.0, 0.0, 0.0, 0.0, 0.0, 0.0]",11
W3,Sialkot,"Cooking Oil DALDA or Other Similar Brand (SN), 5 Litre Tin","[2945.0, 2945.0, 2945.0, 2865.0, 2865.0, 2865.0, 2865.0, 2880.82, 2945.0, 2945.0, 3009.47, 3038.89]","[1, 2, 3, 4, 5, 6, 7, 8, 9, 10, 11, 12]","[0.0, 0.0, -80.0, 0.0, 0.0, 0.0, 15.82, 64.18, 0.0, 64.47, 29.42]","[0.0, 0.0, -0.027165, 0.0, 0.0, 0.0, 0.005522, 0.022278, 0.0, 0.021891, 0.009776]",11
W3,Sialkot,Curd (Dahi) Loose,"[180.0, 180.0, 180.0, 180.0, 180.0, 180.0, 180.0, 180.0, 180.0, 180.0, 180.0, 180.0]","[1, 2, 3, 4, 5, 6, 7, 8, 9, 10, 11, 12]","[0.0, 0.0, 0.0, 0.0, 0.0, 0.0, 0.0, 0.0, 0.0, 0.0, 0.0]","[0.0, 0.0, 0.0, 0.0, 0.0, 0.0, 0.0, 0.0, 0.0, 0.0, 0.0]",11
W3,Sialkot,Eggs Hen (Farm),"[278.07, 229.68, 296.59, 260.0, 275.66, 297.47, 304.98, 317.6, 350.0, 362.4, 343.91, 250.65]","[1, 2, 3, 4, 5, 6, 7, 8, 9, 10, 11, 12]","[-48.39, 66.91, -36.59, 15.66, 21.81, 7.51, 12.62, 32.4, 12.4, -18.49, -93.26]","[-0.174021, 0.291318, -0.123369, 0.060231, 0.079119, 0.025246, 0.04138, 0.102015, 0.035429, -0.051021, -0.271176]",11
W3,Sialkot,Electricity Charges upto 50 Units,"[6.0, 5.69, 4.72, 4.66, 5.04, 5.4, 4.99, 4.83, 5.24, 6.02, 6.1, 6.55]","[1, 2, 3, 4, 5, 6, 7, 8, 9, 10, 11, 12]","[-0.31, -0.97, -0.06, 0.38, 0.36, -0.41, -0.16, 0.41, 0.78, 0.08, 0.45]","[-0.051667, -0.170475, -0.012712, 0.081545, 0.071429, -0.075926, -0.032064, 0.084886, 0.148855, 0.013289, 0.07377]",11
W3,Sialkot,Energy Saver Philips 14 Watt,"[575.0, 575.0, 575.0, 575.0, 575.0, 575.0, 575.0, 575.0, 575.0, 575.0, 575.0, 575.0]","[1, 2, 3, 4, 5, 6, 7, 8, 9, 10, 11, 12]","[0.0, 0.0, 0.0, 0.0, 0.0, 0.0, 0.0, 0.0, 0.0, 0.0, 0.0]","[0.0, 0.0, 0.0, 0.0, 0.0, 0.0, 0.0, 0.0, 0.0, 0.0, 0.0]",11
W3,Sialkot,Firewood Whole,"[1500.0, 1500.0, 1500.0, 1500.0, 1500.0, 1500.0, 1500.0, 1500.0, 1500.0, 1500.0, 1559.22, 1600.0]","[1, 2, 3, 4, 5, 6, 7, 8, 9, 10, 11, 12]","[0.0, 0.0, 0.0, 0.0, 0.0, 0.0, 0.0, 0.0, 0.0, 59.22, 40.78]","[0.0, 0.0, 0.0, 0.0, 0.0, 0.0, 0.0, 0.0, 0.0, 0.03948, 0.026154]",11
W3,Sialkot,Garlic (Lehsun),"[671.07, 310.79, 218.89, 350.0, 350.0, 350.0, 400.0, 407.88, 401.65, 411.95, 463.24, 498.55]","[1, 2, 3, 4, 5, 6, 7, 8, 9, 10, 11, 12]","[-360.28, -91.9, 131.11, 0.0, 0.0, 50.0, 7.88, -6.23, 10.3, 51.29, 35.31]","[-0.536874, -0.295698, 0.598977, 0.0, 0.0, 0.142857, 0.0197, -0.015274, 0.025644, 0.124505, 0.076224]",11
W3,Sialkot,Gas Charges upto 3.3719 MMBTU,"[1976.5, 1976.5, 1976.5, 1976.5, 2194.19, 2566.5, 2566.5, 2566.5, 2566.5, 2566.5, 2566.5, 2566.5]","[1, 2, 3, 4, 5, 6, 7, 8, 9, 10, 11, 12]","[0.0, 0.0, 0.0, 217.69, 372.31, 0.0, 0.0, 0.0, 0.0, 0.0, 0.0]","[0.0, 0.0, 0.0, 0.110139, 0.16968, 0.0, 0.0, 0.0, 0.0, 0.0, 0.0]",11
W3,Sialkot,Gents Sandal Bata,"[2499.0, 2499.0, 2499.0, 2499.0, 2499.0, 2499.0, 2499.0, 2499.0, 2499.0, 2499.0, 2499.0, 2499.0]","[1, 2, 3, 4, 5, 6, 7, 8, 9, 10, 11, 12]","[0.0, 0.0, 0.0, 0.0, 0.0, 0.0, 0.0, 0.0, 0.0, 0.0, 0.0]","[0.0, 0.0, 0.0, 0.0, 0.0, 0.0, 0.0, 0.0, 0.0, 0.0, 0.0]",11
W3,Sialkot,Gents Sponge Chappal Bata,"[599.0, 599.0, 599.0, 599.0, 599.0, 599.0, 599.0, 599.0, 599.0, 599.0, 599.0, 599.0]","[1, 2, 3, 4, 5, 6, 7, 8, 9, 10, 11, 12]","[0.0, 0.0, 0.0, 0.0, 0.0, 0.0, 0.0, 0.0, 0.0, 0.0, 0.0]","[0.0, 0.0, 0.0, 0.0, 0.0, 0.0, 0.0, 0.0, 0.0, 0.0, 0.0]",11
W3,Sialkot,Georgette (Average Quality),"[300.0, 300.0, 300.0, 300.0, 300.0, 300.0, 300.0, 300.0, 300.0, 300.0, 300.0, 300.0]","[1, 2, 3, 4, 5, 6, 7, 8, 9, 10, 11, 12]","[0.0, 0.0, 0.0, 0.0, 0.0, 0.0, 0.0, 0.0, 0.0, 0.0, 0.0]","[0.0, 0.0, 0.0, 0.0, 0.0, 0.0, 0.0, 0.0, 0.0, 0.0, 0.0]",11
W3,Sialkot,Gur (Average Quality),"[214.82, 220.0, 230.0, 240.0, 240.0, 240.0, 240.0, 240.0, 240.0, 201.3, 190.0, 190.0]","[1, 2, 3, 4, 5, 6, 7, 8, 9, 10, 11, 12]","[5.18, 10.0, 10.0, 0.0, 0.0, 0.0, 0.0, 0.0, -38.7, -11.3, 0.0]","[0.024113, 0.045455, 0.043478, 0.0, 0.0, 0.0, 0.0, 0.0, -0.16125, -0.056135, 0.0]",11
W3,Sialkot,Hi-Speed Diesel,"[259.76, 259.76, 256.74, 274.1, 280.88, 280.5, 273.47, 278.06, 283.54, 274.67, 259.18, 274.1]","[1, 2, 3, 4, 5, 6, 7, 8, 9, 10, 11, 12]","[0.0, -3.02, 17.36, 6.78, -0.38, -7.03, 4.59, 5.48, -8.87, -15.49, 14.92]","[0.0, -0.011626, 0.067617, 0.024735, -0.001353, -0.025062, 0.016784, 0.019708, -0.031283, -0.056395, 0.057566]",11
W3,Sialkot,LPG 11.67 kg Cylinder,"[3597.84, 3714.41, 3381.16, 3618.0, 3404.03, 3143.99, 3265.42, 3127.24, 3316.78, 3682.28, 3755.14, 3790.5]","[1, 2, 3, 4, 5, 6, 7, 8, 9, 10, 11, 12]","[116.57, -333.25, 236.84, -213.97, -260.04, 121.43, -138.18, 189.54, 365.5, 72.86, 35.36]","[0.0324, -0.089718, 0.070047, -0.05914, -0.076392, 0.038623, -0.042316, 0.060609, 0.110197, 0.019787, 0.009416]",11
W3,Sialkot,Ladies Sandal Bata,"[1399.0, 1399.0, 1399.0, 1399.0, 1399.0, 1399.0, 1399.0, 1399.0, 1399.0, 1399.0, 1399.0, 1399.0]","[1, 2, 3, 4, 5, 6, 7, 8, 9, 10, 11, 12]","[0.0, 0.0, 0.0, 0.0, 0.0, 0.0, 0.0, 0.0, 0.0, 0.0, 0.0]","[0.0, 0.0, 0.0, 0.0, 0.0, 0.0, 0.0, 0.0, 0.0, 0.0, 0.0]",11
W3,Sialkot,Lawn Printed Gul Ahmed/Al Karam,"[650.0, 650.0, 650.0, 650.0, 650.0, 650.0, 650.0, 650.0, 650.0, 650.0, 650.0, 662.15]","[1, 2, 3, 4, 5, 6, 7, 8, 9, 10, 11, 12]","[0.0, 0.0, 0.0, 0.0, 0.0, 0.0, 0.0, 0.0, 0.0, 0.0, 12.15]","[0.0, 0.0, 0.0, 0.0, 0.0, 0.0, 0.0, 0.0, 0.0, 0.0, 0.018692]",11
W3,Sialkot,"Long Cloth 57"" Gul Ahmed/Al Karam","[660.0, 660.0, 660.0, 660.0, 660.0, 660.0, 660.0, 660.0, 660.0, 660.0, 660.0, 669.78]","[1, 2, 3, 4, 5, 6, 7, 8, 9, 10, 11, 12]","[0.0, 0.0, 0.0, 0.0, 0.0, 0.0, 0.0, 0.0, 0.0, 0.0, 9.78]","[0.0, 0.0, 0.0, 0.0, 0.0, 0.0, 0.0, 0.0, 0.0, 0.0, 0.014818]",11
W3,Sialkot,Match Box,"[5.0, 5.0, 5.0, 5.0, 5.0, 5.0, 5.0, 5.0, 5.0, 5.0, 5.0, 5.0]","[1, 2, 3, 4, 5, 6, 7, 8, 9, 10, 11, 12]","[0.0, 0.0, 0.0, 0.0, 0.0, 0.0, 0.0, 0.0, 0.0, 0.0, 0.0]","[0.0, 0.0, 0.0, 0.0, 0.0, 0.0, 0.0, 0.0, 0.0, 0.0, 0.0]",11
W3,Sialkot,Milk fresh (Un-boiled),"[170.0, 170.0, 170.0, 170.0, 170.0, 170.0, 170.0, 170.0, 170.0, 170.0, 170.0, 170.0]","[1, 2, 3, 4, 5, 6, 7, 8, 9, 10, 11, 12]","[0.0, 0.0, 0.0, 0.0, 0.0, 0.0, 0.0, 0.0, 0.0, 0.0, 0.0]","[0.0, 0.0, 0.0, 0.0, 0.0, 0.0, 0.0, 0.0, 0.0, 0.0, 0.0]",11
W3,Sialkot,Mustard Oil (Average Quality),"[540.0, 529.71, 500.0, 500.0, 500.0, 500.0, 500.0, 500.0, 500.0, 500.0, 500.0, 500.0]","[1, 2, 3, 4, 5, 6, 7, 8, 9, 10, 11, 12]","[-10.29, -29.71, 0.0, 0.0, 0.0, 0.0, 0.0, 0.0, 0.0, 0.0, 0.0]","[-0.019056, -0.056087, 0.0, 0.0, 0.0, 0.0, 0.0, 0.0, 0.0, 0.0, 0.0]",11
W3,Sialkot,Mutton (Average Quality),"[2100.0, 2100.0, 2100.0, 2100.0, 2100.0, 2100.0, 2100.0, 2100.0, 2100.0, 2100.0, 2100.0, 2124.57]","[1, 2, 3, 4, 5, 6, 7, 8, 9, 10, 11, 12]","[0.0, 0.0, 0.0, 0.0, 0.0, 0.0, 0.0, 0.0, 0.0, 0.0, 24.57]","[0.0, 0.0, 0.0, 0.0, 0.0, 0.0, 0.0, 0.0, 0.0, 0.0, 0.0117]",11
W3,Sialkot,Onions,"[73.85, 60.77, 44.72, 60.0, 67.32, 77.66, 97.4, 120.36, 156.24, 104.66, 83.23, 68.87]","[1, 2, 3, 4, 5, 6, 7, 8, 9, 10, 11, 12]","[-13.08, -16.05, 15.28, 7.32, 10.34, 19.74, 22.96, 35.88, -51.58, -21.43, -14.36]","[-0.177116, -0.264111, 0.341682, 0.122, 0.153595, 0.254185, 0.235729, 0.298106, -0.330133, -0.204758, -0.172534]",11
W3,Sialkot,Petrol Super,"[256.75, 255.74, 253.74, 267.91, 271.13, 265.77, 265.77, 267.36, 267.54, 265.57, 255.27, 257.74]","[1, 2, 3, 4, 5, 6, 7, 8, 9, 10, 11, 12]","[-1.01, -2.0, 14.17, 3.22, -5.36, 0.0, 1.59, 0.18, -1.97, -10.3, 2.47]","[-0.003934, -0.00782, 0.055845, 0.012019, -0.019769, 0.0, 0.005983, 0.000673, -0.007363, -0.038785, 0.009676]",11
W3,Sialkot,Potatoes,"[62.35, 60.77, 61.56, 93.22, 94.54, 86.53, 87.12, 82.55, 76.58, 73.15, 40.51, 27.11]","[1, 2, 3, 4, 5, 6, 7, 8, 9, 10, 11, 12]","[-1.58, 0.79, 31.66, 1.32, -8.01, 0.59, -4.57, -5.97, -3.43, -32.64, -13.4]","[-0.025341, 0.013, 0.514295, 0.01416, -0.084726, 0.006818, -0.052456, -0.07232, -0.04479, -0.446206, -0.330783]",11
W3,Sialkot,Powdered Milk NIDO 390 gm Polybag,"[1030.0, 1030.0, 1082.07, 1100.0, 1100.0, 1100.0, 1100.0, 1100.0, 1109.87, 1169.87, 1180.0, 1180.0]","[1, 2, 3, 4, 5, 6, 7, 8, 9, 10, 11, 12]","[0.0, 52.07, 17.93, 0.0, 0.0, 0.0, 0.0, 9.87, 60.0, 10.13, 0.0]","[0.0, 0.050553, 0.01657, 0.0, 0.0, 0.0, 0.0, 0.008973, 0.05406, 0.008659, 0.0]",11
W3,Sialkot,Pulse Gram,"[272.47, 292.2, 290.0, 290.0, 285.96, 280.0, 277.47, 267.97, 252.46, 237.14, 220.0, 224.94]","[1, 2, 3, 4, 5, 6, 7, 8, 9, 10, 11, 12]","[19.73, -2.2, 0.0, -4.04, -5.96, -2.53, -9.5, -15.51, -15.32, -17.14, 4.94]","[0.072412, -0.007529, 0.0, -0.013931, -0.020842, -0.009036, -0.034238, -0.05788, -0.060683, -0.072278, 0.022455]",11
W3,Sialkot,Pulse Mash (Washed),"[429.94, 420.0, 420.0, 420.0, 420.0, 410.0, 402.41, 390.0, 390.0, 384.97, 387.88, 467.21]","[1, 2, 3, 4, 5, 6, 7, 8, 9, 10, 11, 12]","[-9.94, 0.0, 0.0, 0.0, -10.0, -7.59, -12.41, 0.0, -5.03, 2.91, 79.33]","[-0.02312, 0.0, 0.0, 0.0, -0.02381, -0.018512, -0.030839, 0.0, -0.012897, 0.007559, 0.204522]",11
W3,Sialkot,Pulse Masoor (Washed),"[280.0, 280.0, 270.0, 270.0, 270.0, 270.0, 267.46, 260.0, 260.0, 249.8, 240.0, 242.49]","[1, 2, 3, 4, 5, 6, 7, 8, 9, 10, 11, 12]","[0.0, -10.0, 0.0, 0.0, 0.0, -2.54, -7.46, 0.0, -10.2, -9.8, 2.49]","[0.0, -0.035714, 0.0, 0.0, 0.0, -0.009407, -0.027892, 0.0, -0.039231, -0.039231, 0.010375]",11
W3,Sialkot,Pulse Moong (Washed),"[387.48, 390.0, 390.0, 380.0, 361.81, 327.47, 337.47, 323.96, 320.0, 344.61, 371.98, 404.66]","[1, 2, 3, 4, 5, 6, 7, 8, 9, 10, 11, 12]","[2.52, 0.0, -10.0, -18.19, -34.34, 10.0, -13.51, -3.96, 24.61, 27.37, 32.68]","[0.006504, 0.0, -0.025641, -0.047868, -0.094912, 0.030537, -0.040033, -0.012224, 0.076906, 0.079423, 0.087854]",11
W3,Sialkot,Rice Basmati Broken (Average Quality),"[170.0, 170.0, 170.0, 180.0, 180.0, 180.0, 187.45, 183.94, 180.0, 180.0, 187.96, 190.0]","[1, 2, 3, 4, 5, 6, 7, 8, 9, 10, 11, 12]","[0.0, 0.0, 10.0, 0.0, 0.0, 7.45, -3.51, -3.94, 0.0, 7.96, 2.04]","[0.0, 0.0, 0.058824, 0.0, 0.0, 0.041389, -0.018725, -0.02142, 0.0, 0.044222, 0.010853]",11
W3,Sialkot,Salt Powdered (NATIONAL/SHAN) 800 gm Packet,"[70.0, 70.0, 70.0, 70.0, 70.0, 70.0, 70.0, 70.0, 70.0, 70.0, 70.0, 70.0]","[1, 2, 3, 4, 5, 6, 7, 8, 9, 10, 11, 12]","[0.0, 0.0, 0.0, 0.0, 0.0, 0.0, 0.0, 0.0, 0.0, 0.0, 0.0]","[0.0, 0.0, 0.0, 0.0, 0.0, 0.0, 0.0, 0.0, 0.0, 0.0, 0.0]",11
W3,Sialkot,Shirting (Average Quality),"[450.0, 450.0, 450.0, 450.0, 450.0, 450.0, 450.0, 450.0, 450.0, 450.0, 450.0, 473.15]","[1, 2, 3, 4, 5, 6, 7, 8, 9, 10, 11, 12]","[0.0, 0.0, 0.0, 0.0, 0.0, 0.0, 0.0, 0.0, 0.0, 0.0, 23.15]","[0.0, 0.0, 0.0, 0.0, 0.0, 0.0, 0.0, 0.0, 0.0, 0.0, 0.051444]",11
W3,Sialkot,Sufi Washing Soap 250 gm Cake,"[130.0, 130.0, 130.0, 130.0, 130.0, 130.0, 130.0, 130.0, 130.0, 130.0, 130.0, 130.0]","[1, 2, 3, 4, 5, 6, 7, 8, 9, 10, 11, 12]","[0.0, 0.0, 0.0, 0.0, 0.0, 0.0, 0.0, 0.0, 0.0, 0.0, 0.0]","[0.0, 0.0, 0.0, 0.0, 0.0, 0.0, 0.0, 0.0, 0.0, 0.0, 0.0]",11
W3,Sialkot,Sugar Refined,"[171.2, 170.0, 178.7, 186.0, 186.55, 181.25, 181.42, 182.36, 180.08, 163.43, 153.57, 152.97]","[1, 2, 3, 4, 5, 6, 7, 8, 9, 10, 11, 12]","[-1.2, 8.7, 7.3, 0.55, -5.3, 0.17, 0.94, -2.28, -16.65, -9.86, -0.6]","[-0.007009, 0.051176, 0.040851, 0.002957, -0.028411, 0.000938, 0.005181, -0.012503, -0.092459, -0.060332, -0.003907]",11
W3,Sialkot,Tea Lipton Yellow Label 190 gm Packet,"[447.05, 447.05, 447.05, 447.05, 447.05, 447.05, 447.05, 447.05, 447.05, 447.05, 447.05, 447.05]","[1, 2, 3, 4, 5, 6, 7, 8, 9, 10, 11, 12]","[0.0, 0.0, 0.0, 0.0, 0.0, 0.0, 0.0, 0.0, 0.0, 0.0, 0.0]","[0.0, 0.0, 0.0, 0.0, 0.0, 0.0, 0.0, 0.0, 0.0, 0.0, 0.0]",11
W3,Sialkot,Tea Prepared Ordinary,"[50.0, 50.0, 50.0, 50.0, 50.0, 50.0, 50.0, 50.0, 50.0, 50.0, 50.0, 50.0]","[1, 2, 3, 4, 5, 6, 7, 8, 9, 10, 11, 12]","[0.0, 0.0, 0.0, 0.0, 0.0, 0.0, 0.0, 0.0, 0.0, 0.0, 0.0]","[0.0, 0.0, 0.0, 0.0, 0.0, 0.0, 0.0, 0.0, 0.0, 0.0, 0.0]",11
W3,Sialkot,Telephone Call Charges,"[1.79, 1.79, 1.79, 1.79, 1.79, 1.79, 1.79, 1.79, 1.79, 1.79, 1.79, 1.79]","[1, 2, 3, 4, 5, 6, 7, 8, 9, 10, 11, 12]","[0.0, 0.0, 0.0, 0.0, 0.0, 0.0, 0.0, 0.0, 0.0, 0.0, 0.0]","[0.0, 0.0, 0.0, 0.0, 0.0, 0.0, 0.0, 0.0, 0.0, 0.0, 0.0]",11
W3,Sialkot,Toilet Soap LIFEBUOY 115 gm,"[119.0, 119.0, 119.0, 119.0, 118.2, 115.49, 114.0, 114.0, 114.0, 115.08, 116.17, 116.17]","[1, 2, 3, 4, 5, 6, 7, 8, 9, 10, 11, 12]","[0.0, 0.0, 0.0, -0.8, -2.71, -1.49, 0.0, 0.0, 1.08, 1.09, 0.0]","[0.0, 0.0, 0.0, -0.006723, -0.022927, -0.012902, 0.0, 0.0, 0.009474, 0.009472, 0.0]",11
W3,Sialkot,Tomatoes,"[86.8, 87.12, 51.54, 80.0, 98.67, 119.92, 240.76, 330.31, 148.12, 104.66, 101.41, 103.07]","[1, 2, 3, 4, 5, 6, 7, 8, 9, 10, 11, 12]","[0.32, -35.58, 28.46, 18.67, 21.25, 120.84, 89.55, -182.19, -43.46, -3.25, 1.66]","[0.003687, -0.408402, 0.552192, 0.233375, 0.215364, 1.007672, 0.371947, -0.551573, -0.293411, -0.031053, 0.016369]",11
W3,Sialkot,Vegetable Ghee DALDA/HABIB 2.5 kg Tin,"[1485.0, 1485.0, 1485.0, 1485.0, 1485.0, 1478.71, 1460.0, 1460.0, 1506.21, 1525.0, 1537.51, 1551.36]","[1, 2, 3, 4, 5, 6, 7, 8, 9, 10, 11, 12]","[0.0, 0.0, 0.0, 0.0, -6.29, -18.71, 0.0, 46.21, 18.79, 12.51, 13.85]","[0.0, 0.0, 0.0, 0.0, -0.004236, -0.012653, 0.0, 0.031651, 0.012475, 0.008203, 0.009008]",11
W3,Sialkot,Vegetable Ghee DALDA/HABIB or Other Superior Quality 1 kg Pouch,"[579.0, 579.0, 569.0, 569.0, 569.0, 569.0, 569.0, 577.77, 585.0, 592.0, 591.6, 590.0]","[1, 2, 3, 4, 5, 6, 7, 8, 9, 10, 11, 12]","[0.0, -10.0, 0.0, 0.0, 0.0, 0.0, 8.77, 7.23, 7.0, -0.4, -1.6]","[0.0, -0.017271, 0.0, 0.0, 0.0, 0.0, 0.015413, 0.012514, 0.011966, -0.000676, -0.002705]",11
W3,Sialkot,Wheat Flour Bag,"[1708.0, 1625.63, 1433.11, 1467.0, 1450.87, 1558.65, 1957.63, 1915.64, 1931.64, 1986.34, 2025.25, 2029.39]","[1, 2, 3, 4, 5, 6, 7, 8, 9, 10, 11, 12]","[-82.37, -192.52, 33.89, -16.13, 107.78, 398.98, -41.99, 16.0, 54.7, 38.91, 4.14]","[-0.048226, -0.118428, 0.023648, -0.010995, 0.074286, 0.255978, -0.021449, 0.008352, 0.028318, 0.019589, 0.002044]",11
W3,Sukkur,Bananas (Kela) Local,"[157.37, 165.1, 165.1, 157.37, 157.37, 157.37, 119.43, 103.72, 100.0, 100.0, 100.0, 110.67]","[1, 2, 3, 4, 5, 6, 7, 8, 9, 10, 11, 12]","[7.73, 0.0, -7.73, 0.0, 0.0, -37.94, -15.71, -3.72, 0.0, 0.0, 10.67]","[0.04912, 0.0, -0.04682, 0.0, 0.0, -0.241088, -0.131541, -0.035866, 0.0, 0.0, 0.1067]",11
W3,Sukkur,Beef with Bone (Average Quality),"[900.0, 900.0, 1000.0, 1000.0, 1000.0, 1000.0, 1000.0, 1000.0, 1000.0, 1016.01, 1032.28, 1069.84]","[1, 2, 3, 4, 5, 6, 7, 8, 9, 10, 11, 12]","[0.0, 100.0, 0.0, 0.0, 0.0, 0.0, 0.0, 0.0, 16.01, 16.27, 37.56]","[0.0, 0.111111, 0.0, 0.0, 0.0, 0.0, 0.0, 0.0, 0.01601, 0.016014, 0.036385]",11
W3,Sukkur,Bread plain (Small Size),"[110.0, 110.0, 110.0, 110.0, 110.0, 110.0, 130.0, 130.0, 130.0, 130.0, 130.0, 130.0]","[1, 2, 3, 4, 5, 6, 7, 8, 9, 10, 11, 12]","[0.0, 0.0, 0.0, 0.0, 0.0, 20.0, 0.0, 0.0, 0.0, 0.0, 0.0]","[0.0, 0.0, 0.0, 0.0, 0.0, 0.181818, 0.0, 0.0, 0.0, 0.0, 0.0]",11
W3,Sukkur,Chicken Farm Broiler (Live),"[503.5, 464.92, 468.38, 350.0, 414.15, 452.15, 414.09, 325.49, 361.66, 402.36, 411.9, 359.65]","[1, 2, 3, 4, 5, 6, 7, 8, 9, 10, 11, 12]","[-38.58, 3.46, -118.38, 64.15, 38.0, -38.06, -88.6, 36.17, 40.7, 9.54, -52.25]","[-0.076624, 0.007442, -0.252743, 0.183286, 0.091754, -0.084176, -0.213963, 0.111125, 0.112537, 0.02371, -0.126851]",11
W3,Sukkur,Chilies Powder NATIONAL 200 gm Packet,"[320.0, 320.0, 320.0, 320.0, 320.0, 320.0, 320.0, 340.0, 340.0, 340.0, 347.65, 380.0]","[1, 2, 3, 4, 5, 6, 7, 8, 9, 10, 11, 12]","[0.0, 0.0, 0.0, 0.0, 0.0, 0.0, 20.0, 0.0, 0.0, 7.65, 32.35]","[0.0, 0.0, 0.0, 0.0, 0.0, 0.0, 0.0625, 0.0, 0.0, 0.0225, 0.093053]",11
W3,Sukkur,Cigarettes Capstan 20'S Packet,"[236.2, 240.0, 240.0, 240.0, 240.0, 240.0, 240.0, 240.0, 240.0, 240.0, 240.0, 240.0]","[1, 2, 3, 4, 5, 6, 7, 8, 9, 10, 11, 12]","[3.8, 0.0, 0.0, 0.0, 0.0, 0.0, 0.0, 0.0, 0.0, 0.0, 0.0]","[0.016088, 0.0, 0.0, 0.0, 0.0, 0.0, 0.0, 0.0, 0.0, 0.0, 0.0]",11
W3,Sukkur,Cooked Beef at Average Hotel,"[200.0, 200.0, 200.0, 200.0, 200.0, 200.0, 200.0, 200.0, 200.0, 200.0, 200.0, 200.0]","[1, 2, 3, 4, 5, 6, 7, 8, 9, 10, 11, 12]","[0.0, 0.0, 0.0, 0.0, 0.0, 0.0, 0.0, 0.0, 0.0, 0.0, 0.0]","[0.0, 0.0, 0.0, 0.0, 0.0, 0.0, 0.0, 0.0, 0.0, 0.0, 0.0]",11
W3,Sukkur,Cooked Daal at Average Hotel,"[154.92, 154.92, 154.92, 154.92, 154.92, 154.92, 154.92, 154.92, 160.0, 160.0, 160.0, 160.0]","[1, 2, 3, 4, 5, 6, 7, 8, 9, 10, 11, 12]","[0.0, 0.0, 0.0, 0.0, 0.0, 0.0, 0.0, 5.08, 0.0, 0.0, 0.0]","[0.0, 0.0, 0.0, 0.0, 0.0, 0.0, 0.0, 0.032791, 0.0, 0.0, 0.0]",11
W3,Sukkur,"Cooking Oil DALDA or Other Similar Brand (SN), 5 Litre Tin","[2945.0, 2929.96, 2945.0, 2915.0, 2874.93, 2865.0, 2865.0, 2865.0, 2884.79, 2891.42, 2891.42, 2930.45]","[1, 2, 3, 4, 5, 6, 7, 8, 9, 10, 11, 12]","[-15.04, 15.04, -30.0, -40.07, -9.93, 0.0, 0.0, 19.79, 6.63, 0.0, 39.03]","[-0.005107, 0.005133, -0.010187, -0.013746, -0.003454, 0.0, 0.0, 0.006908, 0.002298, 0.0, 0.013499]",11
W3,Sukkur,Curd (Dahi) Loose,"[220.0, 220.0, 220.0, 220.0, 220.0, 220.0, 220.0, 220.0, 220.0, 226.47, 233.14, 234.84]","[1, 2, 3, 4, 5, 6, 7, 8, 9, 10, 11, 12]","[0.0, 0.0, 0.0, 0.0, 0.0, 0.0, 0.0, 0.0, 6.47, 6.67, 1.7]","[0.0, 0.0, 0.0, 0.0, 0.0, 0.0, 0.0, 0.0, 0.029409, 0.029452, 0.007292]",11
W3,Sukkur,Eggs Hen (Farm),"[276.91, 234.73, 299.4, 250.0, 275.24, 304.88, 320.0, 333.67, 352.4, 369.86, 365.97, 268.2]","[1, 2, 3, 4, 5, 6, 7, 8, 9, 10, 11, 12]","[-42.18, 64.67, -49.4, 25.24, 29.64, 15.12, 13.67, 18.73, 17.46, -3.89, -97.77]","[-0.152324, 0.275508, -0.164997, 0.10096, 0.107688, 0.049593, 0.042719, 0.056133, 0.049546, -0.010517, -0.267153]",11
W3,Sukkur,Electricity Charges upto 50 Units,"[6.0, 5.69, 4.72, 4.66, 5.04, 5.4, 4.99, 4.83, 5.24, 6.02, 6.1, 6.55]","[1, 2, 3, 4, 5, 6, 7, 8, 9, 10, 11, 12]","[-0.31, -0.97, -0.06, 0.38, 0.36, -0.41, -0.16, 0.41, 0.78, 0.08, 0.45]","[-0.051667, -0.170475, -0.012712, 0.081545, 0.071429, -0.075926, -0.032064, 0.084886, 0.148855, 0.013289, 0.07377]",11
W3,Sukkur,Energy Saver Philips 14 Watt,"[300.0, 300.0, 300.0, 300.0, 300.0, 300.0, 300.0, 300.0, 300.0, 300.0, 300.0, 300.0]","[1, 2, 3, 4, 5, 6, 7, 8, 9, 10, 11, 12]","[0.0, 0.0, 0.0, 0.0, 0.0, 0.0, 0.0, 0.0, 0.0, 0.0, 0.0]","[0.0, 0.0, 0.0, 0.0, 0.0, 0.0, 0.0, 0.0, 0.0, 0.0, 0.0]",11
W3,Sukkur,Firewood Whole,"[900.0, 900.0, 900.0, 900.0, 900.0, 900.0, 900.0, 900.0, 1100.0, 1100.0, 1125.82, 1132.37]","[1, 2, 3, 4, 5, 6, 7, 8, 9, 10, 11, 12]","[0.0, 0.0, 0.0, 0.0, 0.0, 0.0, 0.0, 200.0, 0.0, 25.82, 6.55]","[0.0, 0.0, 0.0, 0.0, 0.0, 0.0, 0.0, 0.222222, 0.0, 0.023473, 0.005818]",11
W3,Sukkur,Garlic (Lehsun),"[566.19, 436.3, 294.28, 300.0, 323.92, 354.81, 400.0, 443.9, 400.0, 422.95, 450.0, 500.0]","[1, 2, 3, 4, 5, 6, 7, 8, 9, 10, 11, 12]","[-129.89, -142.02, 5.72, 23.92, 30.89, 45.19, 43.9, -43.9, 22.95, 27.05, 50.0]","[-0.229411, -0.32551, 0.019437, 0.079733, 0.095363, 0.127364, 0.10975, -0.098896, 0.057375, 0.063956, 0.111111]",11
W3,Sukkur,Gas Charges upto 3.3719 MMBTU,"[1976.5, 1976.5, 1976.5, 1976.5, 2194.19, 2566.5, 2566.5, 2566.5, 2566.5, 2566.5, 2566.5, 2566.5]","[1, 2, 3, 4, 5, 6, 7, 8, 9, 10, 11, 12]","[0.0, 0.0, 0.0, 217.69, 372.31, 0.0, 0.0, 0.0, 0.0, 0.0, 0.0]","[0.0, 0.0, 0.0, 0.110139, 0.16968, 0.0, 0.0, 0.0, 0.0, 0.0, 0.0]",11
W3,Sukkur,Gents Sandal Bata,"[2499.0, 2499.0, 2499.0, 2499.0, 2499.0, 2499.0, 2499.0, 2499.0, 2499.0, 2499.0, 2499.0, 2499.0]","[1, 2, 3, 4, 5, 6, 7, 8, 9, 10, 11, 12]","[0.0, 0.0, 0.0, 0.0, 0.0, 0.0, 0.0, 0.0, 0.0, 0.0, 0.0]","[0.0, 0.0, 0.0, 0.0, 0.0, 0.0, 0.0, 0.0, 0.0, 0.0, 0.0]",11
W3,Sukkur,Gents Sponge Chappal Bata,"[599.0, 599.0, 599.0, 599.0, 599.0, 599.0, 599.0, 599.0, 599.0, 599.0, 599.0, 599.0]","[1, 2, 3, 4, 5, 6, 7, 8, 9, 10, 11, 12]","[0.0, 0.0, 0.0, 0.0, 0.0, 0.0, 0.0, 0.0, 0.0, 0.0, 0.0]","[0.0, 0.0, 0.0, 0.0, 0.0, 0.0, 0.0, 0.0, 0.0, 0.0, 0.0]",11
W3,Sukkur,Georgette (Average Quality),"[206.46, 206.46, 206.46, 206.46, 206.46, 206.46, 206.46, 206.46, 206.46, 206.46, 206.46, 206.46]","[1, 2, 3, 4, 5, 6, 7, 8, 9, 10, 11, 12]","[0.0, 0.0, 0.0, 0.0, 0.0, 0.0, 0.0, 0.0, 0.0, 0.0, 0.0]","[0.0, 0.0, 0.0, 0.0, 0.0, 0.0, 0.0, 0.0, 0.0, 0.0, 0.0]",11
W3,Sukkur,Gur (Average Quality),"[184.8, 180.0, 199.5, 240.0, 240.0, 240.0, 234.84, 207.77, 200.0, 200.0, 187.75, 178.74]","[1, 2, 3, 4, 5, 6, 7, 8, 9, 10, 11, 12]","[-4.8, 19.5, 40.5, 0.0, 0.0, -5.16, -27.07, -7.77, 0.0, -12.25, -9.01]","[-0.025974, 0.108333, 0.203008, 0.0, 0.0, -0.0215, -0.11527, -0.037397, 0.0, -0.06125, -0.047989]",11
W3,Sukkur,Hi-Speed Diesel,"[259.57, 259.57, 256.55, 273.9, 280.68, 280.3, 272.52, 277.02, 282.57, 273.61, 258.21, 273.22]","[1, 2, 3, 4, 5, 6, 7, 8, 9, 10, 11, 12]","[0.0, -3.02, 17.35, 6.78, -0.38, -7.78, 4.5, 5.55, -8.96, -15.4, 15.01]","[0.0, -0.011635, 0.067628, 0.024754, -0.001354, -0.027756, 0.016513, 0.020035, -0.031709, -0.056284, 0.058131]",11
W3,Sukkur,LPG 11.67 kg Cylinder,"[3267.69, 3413.39, 3239.58, 3385.0, 3148.72, 2920.0, 3040.0, 3040.0, 3095.94, 3385.0, 3475.42, 3524.74]","[1, 2, 3, 4, 5, 6, 7, 8, 9, 10, 11, 12]","[145.7, -173.81, 145.42, -236.28, -228.72, 120.0, 0.0, 55.94, 289.06, 90.42, 49.32]","[0.044588, -0.05092, 0.044889, -0.069802, -0.072639, 0.041096, 0.0, 0.018401, 0.093367, 0.026712, 0.014191]",11
W3,Sukkur,Ladies Sandal Bata,"[1399.0, 1399.0, 1399.0, 1399.0, 1399.0, 1399.0, 1399.0, 1399.0, 1399.0, 1399.0, 1399.0, 1399.0]","[1, 2, 3, 4, 5, 6, 7, 8, 9, 10, 11, 12]","[0.0, 0.0, 0.0, 0.0, 0.0, 0.0, 0.0, 0.0, 0.0, 0.0, 0.0]","[0.0, 0.0, 0.0, 0.0, 0.0, 0.0, 0.0, 0.0, 0.0, 0.0, 0.0]",11
W3,Sukkur,Lawn Printed Gul Ahmed/Al Karam,"[550.0, 550.0, 550.0, 550.0, 550.0, 550.0, 550.0, 550.0, 550.0, 550.0, 550.0, 550.0]","[1, 2, 3, 4, 5, 6, 7, 8, 9, 10, 11, 12]","[0.0, 0.0, 0.0, 0.0, 0.0, 0.0, 0.0, 0.0, 0.0, 0.0, 0.0]","[0.0, 0.0, 0.0, 0.0, 0.0, 0.0, 0.0, 0.0, 0.0, 0.0, 0.0]",11
W3,Sukkur,"Long Cloth 57"" Gul Ahmed/Al Karam","[500.0, 500.0, 500.0, 500.0, 500.0, 500.0, 500.0, 500.0, 500.0, 500.0, 500.0, 500.0]","[1, 2, 3, 4, 5, 6, 7, 8, 9, 10, 11, 12]","[0.0, 0.0, 0.0, 0.0, 0.0, 0.0, 0.0, 0.0, 0.0, 0.0, 0.0]","[0.0, 0.0, 0.0, 0.0, 0.0, 0.0, 0.0, 0.0, 0.0, 0.0, 0.0]",11
W3,Sukkur,Match Box,"[6.0, 6.0, 6.0, 6.0, 6.0, 6.0, 6.0, 6.0, 6.0, 6.0, 6.0, 6.0]","[1, 2, 3, 4, 5, 6, 7, 8, 9, 10, 11, 12]","[0.0, 0.0, 0.0, 0.0, 0.0, 0.0, 0.0, 0.0, 0.0, 0.0, 0.0]","[0.0, 0.0, 0.0, 0.0, 0.0, 0.0, 0.0, 0.0, 0.0, 0.0, 0.0]",11
W3,Sukkur,Milk fresh (Un-boiled),"[200.0, 200.0, 200.0, 200.0, 200.0, 200.0, 200.0, 200.0, 200.0, 200.0, 200.0, 200.0]","[1, 2, 3, 4, 5, 6, 7, 8, 9, 10, 11, 12]","[0.0, 0.0, 0.0, 0.0, 0.0, 0.0, 0.0, 0.0, 0.0, 0.0, 0.0]","[0.0, 0.0, 0.0, 0.0, 0.0, 0.0, 0.0, 0.0, 0.0, 0.0, 0.0]",11
W3,Sukkur,Mustard Oil (Average Quality),"[426.84, 397.48, 374.97, 400.0, 400.0, 424.74, 440.0, 440.0, 440.0, 449.48, 451.98, 468.71]","[1, 2, 3, 4, 5, 6, 7, 8, 9, 10, 11, 12]","[-29.36, -22.51, 25.03, 0.0, 24.74, 15.26, 0.0, 0.0, 9.48, 2.5, 16.73]","[-0.068785, -0.056632, 0.066752, 0.0, 0.06185, 0.035928, 0.0, 0.0, 0.021545, 0.005562, 0.037015]",11
W3,Sukkur,Mutton (Average Quality),"[1600.0, 1649.24, 1700.0, 1700.0, 1700.0, 1700.0, 1700.0, 1700.0, 1700.0, 1732.7, 1800.0, 1800.0]","[1, 2, 3, 4, 5, 6, 7, 8, 9, 10, 11, 12]","[49.24, 50.76, 0.0, 0.0, 0.0, 0.0, 0.0, 0.0, 32.7, 67.3, 0.0]","[0.030775, 0.030778, 0.0, 0.0, 0.0, 0.0, 0.0, 0.0, 0.019235, 0.038841, 0.0]",11
W3,Sukkur,Onions,"[53.82, 42.29, 36.34, 40.0, 40.0, 54.77, 72.0, 94.96, 129.61, 80.63, 52.06, 60.0]","[1, 2, 3, 4, 5, 6, 7, 8, 9, 10, 11, 12]","[-11.53, -5.95, 3.66, 0.0, 14.77, 17.23, 22.96, 34.65, -48.98, -28.57, 7.94]","[-0.214233, -0.140695, 0.100715, 0.0, 0.36925, 0.314588, 0.318889, 0.36489, -0.377903, -0.354335, 0.152516]",11
W3,Sukkur,Petrol Super,"[256.56, 255.56, 253.55, 267.71, 270.93, 265.57, 265.57, 266.42, 266.6, 264.62, 254.3, 256.87]","[1, 2, 3, 4, 5, 6, 7, 8, 9, 10, 11, 12]","[-1.0, -2.01, 14.16, 3.22, -5.36, 0.0, 0.85, 0.18, -1.98, -10.32, 2.57]","[-0.003898, -0.007865, 0.055847, 0.012028, -0.019784, 0.0, 0.003201, 0.000676, -0.007427, -0.038999, 0.010106]",11
W3,Sukkur,Potatoes,"[51.15, 56.46, 52.33, 60.0, 60.0, 60.0, 60.0, 60.0, 70.0, 58.68, 36.34, 30.0]","[1, 2, 3, 4, 5, 6, 7, 8, 9, 10, 11, 12]","[5.31, -4.13, 7.67, 0.0, 0.0, 0.0, 0.0, 10.0, -11.32, -22.34, -6.34]","[0.103812, -0.073149, 0.14657, 0.0, 0.0, 0.0, 0.0, 0.166667, -0.161714, -0.380709, -0.174463]",11
W3,Sukkur,Powdered Milk NIDO 390 gm Polybag,"[1030.0, 1030.0, 1030.0, 1034.99, 1054.8, 1080.0, 1080.0, 1080.0, 1080.0, 1080.0, 1095.97, 1100.0]","[1, 2, 3, 4, 5, 6, 7, 8, 9, 10, 11, 12]","[0.0, 0.0, 4.99, 19.81, 25.2, 0.0, 0.0, 0.0, 0.0, 15.97, 4.03]","[0.0, 0.0, 0.004845, 0.01914, 0.023891, 0.0, 0.0, 0.0, 0.0, 0.014787, 0.003677]",11
W3,Sukkur,Pulse Gram,"[296.35, 293.18, 306.52, 306.52, 306.52, 306.52, 306.52, 300.0, 280.0, 280.0, 280.0, 264.58]","[1, 2, 3, 4, 5, 6, 7, 8, 9, 10, 11, 12]","[-3.17, 13.34, 0.0, 0.0, 0.0, 0.0, -6.52, -20.0, 0.0, 0.0, -15.42]","[-0.010697, 0.045501, 0.0, 0.0, 0.0, 0.0, -0.021271, -0.066667, 0.0, 0.0, -0.055071]",11
W3,Sukkur,Pulse Mash (Washed),"[460.0, 454.92, 440.0, 440.0, 440.0, 437.45, 429.88, 429.88, 429.88, 429.88, 429.88, 437.45]","[1, 2, 3, 4, 5, 6, 7, 8, 9, 10, 11, 12]","[-5.08, -14.92, 0.0, 0.0, -2.55, -7.57, 0.0, 0.0, 0.0, 0.0, 7.57]","[-0.011043, -0.032797, 0.0, 0.0, -0.005795, -0.017305, 0.0, 0.0, 0.0, 0.0, 0.01761]",11
W3,Sukkur,Pulse Masoor (Washed),"[275.0, 275.0, 275.0, 300.0, 300.0, 300.0, 300.0, 300.0, 280.0, 280.0, 280.0, 264.58]","[1, 2, 3, 4, 5, 6, 7, 8, 9, 10, 11, 12]","[0.0, 0.0, 25.0, 0.0, 0.0, 0.0, 0.0, -20.0, 0.0, 0.0, -15.42]","[0.0, 0.0, 0.090909, 0.0, 0.0, 0.0, 0.0, -0.066667, 0.0, 0.0, -0.055071]",11
W3,Sukkur,Pulse Moong (Washed),"[400.0, 400.0, 414.91, 420.0, 420.0, 417.45, 409.88, 409.88, 409.88, 409.88, 409.88, 414.91]","[1, 2, 3, 4, 5, 6, 7, 8, 9, 10, 11, 12]","[0.0, 14.91, 5.09, 0.0, -2.55, -7.57, 0.0, 0.0, 0.0, 0.0, 5.03]","[0.0, 0.037275, 0.012268, 0.0, -0.006071, -0.018134, 0.0, 0.0, 0.0, 0.0, 0.012272]",11
W3,Sukkur,Rice Basmati Broken (Average Quality),"[200.0, 184.8, 180.0, 180.0, 180.0, 180.0, 200.0, 200.0, 200.0, 200.0, 200.0, 200.0]","[1, 2, 3, 4, 5, 6, 7, 8, 9, 10, 11, 12]","[-15.2, -4.8, 0.0, 0.0, 0.0, 20.0, 0.0, 0.0, 0.0, 0.0, 0.0]","[-0.076, -0.025974, 0.0, 0.0, 0.0, 0.111111, 0.0, 0.0, 0.0, 0.0, 0.0]",11
W3,Sukkur,Rice IRRI-6/9 (Sindh/Punjab),"[170.0, 154.77, 150.0, 150.0, 152.93, 154.92, 170.0, 154.46, 140.0, 140.0, 140.0, 140.0]","[1, 2, 3, 4, 5, 6, 7, 8, 9, 10, 11, 12]","[-15.23, -4.77, 0.0, 2.93, 1.99, 15.08, -15.54, -14.46, 0.0, 0.0, 0.0]","[-0.089588, -0.03082, 0.0, 0.019533, 0.013012, 0.097341, -0.091412, -0.093616, 0.0, 0.0, 0.0]",11
W3,Sukkur,Salt Powdered (NATIONAL/SHAN) 800 gm Packet,"[70.0, 70.0, 70.0, 70.0, 70.0, 70.0, 70.0, 70.0, 68.66, 64.81, 63.82, 60.0]","[1, 2, 3, 4, 5, 6, 7, 8, 9, 10, 11, 12]","[0.0, 0.0, 0.0, 0.0, 0.0, 0.0, 0.0, -1.34, -3.85, -0.99, -3.82]","[0.0, 0.0, 0.0, 0.0, 0.0, 0.0, 0.0, -0.019143, -0.056073, -0.015275, -0.059856]",11
W3,Sukkur,Shirting (Average Quality),"[229.58, 229.58, 229.58, 229.58, 229.58, 229.58, 229.58, 229.58, 234.52, 275.07, 342.88, 350.0]","[1, 2, 3, 4, 5, 6, 7, 8, 9, 10, 11, 12]","[0.0, 0.0, 0.0, 0.0, 0.0, 0.0, 0.0, 4.94, 40.55, 67.81, 7.12]","[0.0, 0.0, 0.0, 0.0, 0.0, 0.0, 0.0, 0.021518, 0.172906, 0.246519, 0.020765]",11
W3,Sukkur,Sufi Washing Soap 250 gm Cake,"[138.0, 138.0, 138.0, 138.0, 138.0, 138.0, 138.0, 138.0, 138.0, 138.0, 138.0, 138.0]","[1, 2, 3, 4, 5, 6, 7, 8, 9, 10, 11, 12]","[0.0, 0.0, 0.0, 0.0, 0.0, 0.0, 0.0, 0.0, 0.0, 0.0, 0.0]","[0.0, 0.0, 0.0, 0.0, 0.0, 0.0, 0.0, 0.0, 0.0, 0.0, 0.0]",11
W3,Sukkur,Sugar Refined,"[163.96, 165.0, 168.74, 180.0, 177.17, 176.75, 181.73, 181.59, 186.96, 162.14, 143.98, 144.5]","[1, 2, 3, 4, 5, 6, 7, 8, 9, 10, 11, 12]","[1.04, 3.74, 11.26, -2.83, -0.42, 4.98, -0.14, 5.37, -24.82, -18.16, 0.52]","[0.006343, 0.022667, 0.06673, -0.015722, -0.002371, 0.028175, -0.00077, 0.029572, -0.132756, -0.112002, 0.003612]",11
W3,Sukkur,Tea Lipton Yellow Label 190 gm Packet,"[499.82, 447.05, 447.05, 447.05, 447.05, 447.05, 447.05, 447.05, 447.05, 447.05, 447.05, 447.05]","[1, 2, 3, 4, 5, 6, 7, 8, 9, 10, 11, 12]","[-52.77, 0.0, 0.0, 0.0, 0.0, 0.0, 0.0, 0.0, 0.0, 0.0, 0.0]","[-0.105578, 0.0, 0.0, 0.0, 0.0, 0.0, 0.0, 0.0, 0.0, 0.0, 0.0]",11
W3,Sukkur,Tea Prepared Ordinary,"[60.0, 60.0, 60.0, 60.0, 60.0, 60.0, 60.0, 60.0, 70.0, 70.0, 70.0, 70.0]","[1, 2, 3, 4, 5, 6, 7, 8, 9, 10, 11, 12]","[0.0, 0.0, 0.0, 0.0, 0.0, 0.0, 0.0, 10.0, 0.0, 0.0, 0.0]","[0.0, 0.0, 0.0, 0.0, 0.0, 0.0, 0.0, 0.166667, 0.0, 0.0, 0.0]",11
W3,Sukkur,Telephone Call Charges,"[1.79, 1.79, 1.79, 1.79, 1.79, 1.79, 1.79, 1.79, 1.79, 1.79, 1.79, 1.79]","[1, 2, 3, 4, 5, 6, 7, 8, 9, 10, 11, 12]","[0.0, 0.0, 0.0, 0.0, 0.0, 0.0, 0.0, 0.0, 0.0, 0.0, 0.0]","[0.0, 0.0, 0.0, 0.0, 0.0, 0.0, 0.0, 0.0, 0.0, 0.0, 0.0]",11
W3,Sukkur,Toilet Soap LIFEBUOY 115 gm,"[110.0, 110.0, 110.0, 110.0, 110.0, 110.0, 110.0, 114.28, 116.17, 116.17, 116.17, 116.17]","[1, 2, 3, 4, 5, 6, 7, 8, 9, 10, 11, 12]","[0.0, 0.0, 0.0, 0.0, 0.0, 0.0, 4.28, 1.89, 0.0, 0.0, 0.0]","[0.0, 0.0, 0.0, 0.0, 0.0, 0.0, 0.038909, 0.016538, 0.0, 0.0, 0.0]",11
W3,Sukkur,Tomatoes,"[48.99, 38.34, 31.3, 70.0, 74.87, 115.7, 170.85, 230.11, 107.67, 46.81, 48.91, 69.28]","[1, 2, 3, 4, 5, 6, 7, 8, 9, 10, 11, 12]","[-10.65, -7.04, 38.7, 4.87, 40.83, 55.15, 59.26, -122.44, -60.86, 2.1, 20.37]","[-0.217391, -0.18362, 1.236422, 0.069571, 0.545345, 0.476664, 0.346854, -0.532093, -0.565246, 0.044862, 0.416479]",11
W3,Sukkur,Vegetable Ghee DALDA/HABIB 2.5 kg Tin,"[1506.21, 1525.0, 1514.9, 1485.0, 1464.97, 1460.0, 1460.0, 1483.87, 1494.97, 1480.0, 1483.98, 1512.45]","[1, 2, 3, 4, 5, 6, 7, 8, 9, 10, 11, 12]","[18.79, -10.1, -29.9, -20.03, -4.97, 0.0, 23.87, 11.1, -14.97, 3.98, 28.47]","[0.012475, -0.006623, -0.019737, -0.013488, -0.003393, 0.0, 0.016349, 0.00748, -0.010014, 0.002689, 0.019185]",11
W3,Sukkur,Vegetable Ghee DALDA/HABIB or Other Superior Quality 1 kg Pouch,"[590.0, 584.47, 579.0, 569.0, 569.0, 569.0, 569.0, 573.79, 577.48, 585.0, 586.39, 590.5]","[1, 2, 3, 4, 5, 6, 7, 8, 9, 10, 11, 12]","[-5.53, -5.47, -10.0, 0.0, 0.0, 0.0, 4.79, 3.69, 7.52, 1.39, 4.11]","[-0.009373, -0.009359, -0.017271, 0.0, 0.0, 0.0, 0.008418, 0.006431, 0.013022, 0.002376, 0.007009]",11
W3,Sukkur,Wheat Flour Bag,"[1719.94, 1510.97, 1424.9, 1400.0, 1379.88, 1528.98, 2138.93, 2156.57, 2159.86, 2229.35, 2490.26, 2388.76]","[1, 2, 3, 4, 5, 6, 7, 8, 9, 10, 11, 12]","[-208.97, -86.07, -24.9, -20.12, 149.1, 609.95, 17.64, 3.29, 69.49, 260.91, -101.5]","[-0.121498, -0.056963, -0.017475, -0.014371, 0.108053, 0.398926, 0.008247, 0.001526, 0.032173, 0.117034, -0.040759]",11
