Window,ItemA,ItemB,SupportCities,AverageSimilarity,MaxSimilarity,CityComparisons,SupportRatio,Tau
W1,Bananas (Kela) Local,Beef with Bone (Average Quality),0,-0.05096482352941176,0.593147,17,0.0,0.6
W1,Bananas (Kela) Local,Bread plain (Small Size),0,-0.05673423529411764,0.197637,17,0.0,0.6
W1,Bananas (Kela) Local,Chicken Farm Broiler (Live),0,0.076513,0.318694,17,0.0,0.6
W1,Bananas (Kela) Local,Chilies Powder NATIONAL 200 gm Packet,0,-0.2836237058823529,-0.113516,17,0.0,0.6
W1,Bananas (Kela) Local,Cigarettes Capstan 20'S Packet,0,-0.017793588235294117,0.068751,17,0.0,0.6
W1,Bananas (Kela) Local,Cooked Beef at Average Hotel,0,-0.06846288235294118,0.413612,17,0.0,0.6
W1,Bananas (Kela) Local,Cooked Daal at Average Hotel,0,-0.0025336470588235294,0.547477,17,0.0,0.6
W1,Bananas (Kela) Local,"Cooking Oil DALDA or Other Similar Brand (SN), 5 Litre Tin",2,0.3029620625,0.751275,16,0.125,0.6
W1,Bananas (Kela) Local,Curd (Dahi) Loose,0,-0.2136455294117647,0.272166,17,0.0,0.6
W1,Bananas (Kela) Local,Eggs Hen (Farm),0,-0.07316823529411765,0.111078,17,0.0,0.6
W1,Bananas (Kela) Local,Electricity Charges upto 50 Units,0,-0.28452311764705884,-0.024997,17,0.0,0.6
W1,Bananas (Kela) Local,Energy Saver Philips 14 Watt,0,-0.17883394117647058,0.204938,17,0.0,0.6
W1,Bananas (Kela) Local,Firewood Whole,0,0.06868011764705882,0.460574,17,0.0,0.6
W1,Bananas (Kela) Local,Garlic (Lehsun),0,-0.21304829411764706,0.039222,17,0.0,0.6
W1,Bananas (Kela) Local,Gas Charges upto 3.3719 MMBTU,0,0.04046293333333333,0.178997,15,0.0,0.6
W1,Bananas (Kela) Local,Gents Sandal Bata,0,-0.10649288235294116,0.233571,17,0.0,0.6
W1,Bananas (Kela) Local,Gents Sponge Chappal Bata,0,-0.0744984705882353,0.36232,17,0.0,0.6
W1,Bananas (Kela) Local,Georgette (Average Quality),1,0.1901640588235294,0.639514,17,0.0588,0.6
W1,Bananas (Kela) Local,Gur (Average Quality),0,-0.1703691176470588,0.176785,17,0.0,0.6
W1,Bananas (Kela) Local,Hi-Speed Diesel,0,0.08290576470588235,0.313553,17,0.0,0.6
W1,Bananas (Kela) Local,LPG 11.67 kg Cylinder,1,0.30971811764705887,0.688727,17,0.0588,0.6
W1,Bananas (Kela) Local,Ladies Sandal Bata,0,-0.0744984705882353,0.36232,17,0.0,0.6
W1,Bananas (Kela) Local,Lawn Printed Gul Ahmed/Al Karam,2,0.18560782352941177,0.651032,17,0.1176,0.6
W1,Bananas (Kela) Local,"Long Cloth 57"" Gul Ahmed/Al Karam",0,0.029196235294117648,0.376006,17,0.0,0.6
W1,Bananas (Kela) Local,Match Box,0,0.012670999999999997,0.520019,17,0.0,0.6
W1,Bananas (Kela) Local,Milk fresh (Un-boiled),0,-0.15489947058823528,0.547321,17,0.0,0.6
W1,Bananas (Kela) Local,Mustard Oil (Average Quality),0,0.12323600000000001,0.593644,17,0.0,0.6
W1,Bananas (Kela) Local,Mutton (Average Quality),0,-0.03824735294117647,0.405301,17,0.0,0.6
W1,Bananas (Kela) Local,Onions,0,-0.20930882352941177,0.055192,17,0.0,0.6
W1,Bananas (Kela) Local,Petrol Super,0,0.16728070588235294,0.415907,17,0.0,0.6
W1,Bananas (Kela) Local,Potatoes,0,-0.05160664705882353,0.175489,17,0.0,0.6
W1,Bananas (Kela) Local,Powdered Milk NIDO 390 gm Polybag,0,-0.20303023529411765,0.124541,17,0.0,0.6
W1,Bananas (Kela) Local,Pulse Gram,0,0.09260376470588234,0.42497,17,0.0,0.6
W1,Bananas (Kela) Local,Pulse Mash (Washed),0,-0.19420323529411765,0.179614,17,0.0,0.6
W1,Bananas (Kela) Local,Pulse Masoor (Washed),0,0.005367882352941174,0.273166,17,0.0,0.6
W1,Bananas (Kela) Local,Pulse Moong (Washed),0,0.2058375294117647,0.478577,17,0.0,0.6
W1,Bananas (Kela) Local,Rice Basmati Broken (Average Quality),1,-0.17793376470588232,0.69123,17,0.0588,0.6
W1,Bananas (Kela) Local,Rice IRRI-6/9 (Sindh/Punjab),0,-0.07211014285714287,0.334747,14,0.0,0.6
W1,Bananas (Kela) Local,Salt Powdered (NATIONAL/SHAN) 800 gm Packet,0,-0.14615494117647057,0.2867,17,0.0,0.6
W1,Bananas (Kela) Local,Shirting (Average Quality),0,-0.053386647058823525,0.479452,17,0.0,0.6
W1,Bananas (Kela) Local,Sufi Washing Soap 250 gm Cake,0,0.1300335294117647,0.551429,17,0.0,0.6
W1,Bananas (Kela) Local,Sugar Refined,0,-0.05872888235294117,0.213193,17,0.0,0.6
W1,Bananas (Kela) Local,Tea Lipton Yellow Label 190 gm Packet,0,0.15457052941176472,0.398605,17,0.0,0.6
W1,Bananas (Kela) Local,Tea Prepared Ordinary,0,-0.1918880588235294,0.19838,17,0.0,0.6
W1,Bananas (Kela) Local,Telephone Call Charges,0,0.0,0.0,17,0.0,0.6
W1,Bananas (Kela) Local,Toilet Soap LIFEBUOY 115 gm,0,-0.26928041176470585,0.343106,17,0.0,0.6
W1,Bananas (Kela) Local,Tomatoes,0,-0.3532308823529412,-0.040838,17,0.0,0.6
W1,Bananas (Kela) Local,Vegetable Ghee DALDA/HABIB 2.5 kg Tin,1,0.34048541176470587,0.750593,17,0.0588,0.6
W1,Bananas (Kela) Local,Vegetable Ghee DALDA/HABIB or Other Superior Quality 1 kg Pouch,0,0.3168434,0.55732,15,0.0,0.6
W1,Bananas (Kela) Local,Wheat Flour Bag,0,0.11439511764705881,0.58836,17,0.0,0.6
W1,Beef with Bone (Average Quality),Bread plain (Small Size),1,0.24228382352941177,0.720176,17,0.0588,0.6
W1,Beef with Bone (Average Quality),Chicken Farm Broiler (Live),0,0.14223882352941178,0.579406,17,0.0,0.6
W1,Beef with Bone (Average Quality),Chilies Powder NATIONAL 200 gm Packet,0,0.1069310588235294,0.598858,17,0.0,0.6
W1,Beef with Bone (Average Quality),Cigarettes Capstan 20'S Packet,0,-0.04823258823529412,0.16635,17,0.0,0.6
W1,Beef with Bone (Average Quality),Cooked Beef at Average Hotel,6,0.4170768235294118,0.838021,17,0.3529,0.6
W1,Beef with Bone (Average Quality),Cooked Daal at Average Hotel,4,0.3719107058823529,0.798623,17,0.2353,0.6
W1,Beef with Bone (Average Quality),"Cooking Oil DALDA or Other Similar Brand (SN), 5 Litre Tin",0,-0.3820200625,-0.014545,16,0.0,0.6
W1,Beef with Bone (Average Quality),Curd (Dahi) Loose,3,0.37024864705882354,0.896605,17,0.1765,0.6
W1,Beef with Bone (Average Quality),Eggs Hen (Farm),0,-0.026683588235294126,0.371202,17,0.0,0.6
W1,Beef with Bone (Average Quality),Electricity Charges upto 50 Units,0,0.04683764705882353,0.250536,17,0.0,0.6
W1,Beef with Bone (Average Quality),Energy Saver Philips 14 Watt,3,0.2515329411764706,0.814192,17,0.1765,0.6
W1,Beef with Bone (Average Quality),Firewood Whole,0,0.10096217647058824,0.555342,17,0.0,0.6
W1,Beef with Bone (Average Quality),Garlic (Lehsun),0,0.11210111764705882,0.535681,17,0.0,0.6
W1,Beef with Bone (Average Quality),Gas Charges upto 3.3719 MMBTU,1,0.16335666666666665,0.634994,15,0.0667,0.6
W1,Beef with Bone (Average Quality),Gents Sandal Bata,2,0.26820176470588236,0.683085,17,0.1176,0.6
W1,Beef with Bone (Average Quality),Gents Sponge Chappal Bata,3,0.2556675882352941,0.722343,17,0.1765,0.6
W1,Beef with Bone (Average Quality),Georgette (Average Quality),3,0.3123251764705883,0.902788,17,0.1765,0.6
W1,Beef with Bone (Average Quality),Gur (Average Quality),1,0.20839329411764704,0.67402,17,0.0588,0.6
W1,Beef with Bone (Average Quality),Hi-Speed Diesel,0,-0.12749376470588233,0.323897,17,0.0,0.6
W1,Beef with Bone (Average Quality),LPG 11.67 kg Cylinder,0,-0.2263668823529412,0.199432,17,0.0,0.6
W1,Beef with Bone (Average Quality),Ladies Sandal Bata,3,0.2556675882352941,0.722343,17,0.1765,0.6
W1,Beef with Bone (Average Quality),Lawn Printed Gul Ahmed/Al Karam,3,0.2494918235294118,0.905425,17,0.1765,0.6
W1,Beef with Bone (Average Quality),"Long Cloth 57"" Gul Ahmed/Al Karam",4,0.2916185294117647,0.765797,17,0.2353,0.6
W1,Beef with Bone (Average Quality),Match Box,2,0.19518270588235295,0.640487,17,0.1176,0.6
W1,Beef with Bone (Average Quality),Milk fresh (Un-boiled),2,0.2999997058823529,0.692577,17,0.1176,0.6
W1,Beef with Bone (Average Quality),Mustard Oil (Average Quality),0,-0.2918811176470588,0.102207,17,0.0,0.6
W1,Beef with Bone (Average Quality),Mutton (Average Quality),10,0.7027644705882353,0.953362,17,0.5882,0.6
W1,Beef with Bone (Average Quality),Onions,0,-0.002053000000000004,0.565867,17,0.0,0.6
W1,Beef with Bone (Average Quality),Petrol Super,0,-0.06257247058823528,0.395283,17,0.0,0.6
W1,Beef with Bone (Average Quality),Potatoes,0,0.184889,0.555233,17,0.0,0.6
W1,Beef with Bone (Average Quality),Powdered Milk NIDO 390 gm Polybag,2,0.25763429411764704,0.691223,17,0.1176,0.6
W1,Beef with Bone (Average Quality),Pulse Gram,0,-0.1375071176470588,0.499658,17,0.0,0.6
W1,Beef with Bone (Average Quality),Pulse Mash (Washed),2,0.23691399999999999,0.693001,17,0.1176,0.6
W1,Beef with Bone (Average Quality),Pulse Masoor (Washed),0,0.01988435294117647,0.355032,17,0.0,0.6
W1,Beef with Bone (Average Quality),Pulse Moong (Washed),0,-0.026562235294117647,0.284426,17,0.0,0.6
W1,Beef with Bone (Average Quality),Rice Basmati Broken (Average Quality),2,0.2369153529411765,0.721983,17,0.1176,0.6
W1,Beef with Bone (Average Quality),Rice IRRI-6/9 (Sindh/Punjab),0,0.17793864285714284,0.566143,14,0.0,0.6
W1,Beef with Bone (Average Quality),Salt Powdered (NATIONAL/SHAN) 800 gm Packet,2,0.2742335294117647,0.694343,17,0.1176,0.6
W1,Beef with Bone (Average Quality),Shirting (Average Quality),6,0.44365976470588236,0.788949,17,0.3529,0.6
W1,Beef with Bone (Average Quality),Sufi Washing Soap 250 gm Cake,4,0.30566000000000004,0.85682,17,0.2353,0.6
W1,Beef with Bone (Average Quality),Sugar Refined,0,0.1868270588235294,0.492838,17,0.0,0.6
W1,Beef with Bone (Average Quality),Tea Lipton Yellow Label 190 gm Packet,3,0.18100005882352943,0.84262,17,0.1765,0.6
W1,Beef with Bone (Average Quality),Tea Prepared Ordinary,3,0.34850964705882354,0.892194,17,0.1765,0.6
W1,Beef with Bone (Average Quality),Telephone Call Charges,0,0.0,0.0,17,0.0,0.6
W1,Beef with Bone (Average Quality),Toilet Soap LIFEBUOY 115 gm,2,0.31282111764705883,0.640559,17,0.1176,0.6
W1,Beef with Bone (Average Quality),Tomatoes,0,0.0970374705882353,0.467251,17,0.0,0.6
W1,Beef with Bone (Average Quality),Vegetable Ghee DALDA/HABIB 2.5 kg Tin,0,-0.3186107058823529,0.453572,17,0.0,0.6
W1,Beef with Bone (Average Quality),Vegetable Ghee DALDA/HABIB or Other Superior Quality 1 kg Pouch,0,-0.4555646666666667,-0.171366,15,0.0,0.6
W1,Beef with Bone (Average Quality),Wheat Flour Bag,3,0.20461694117647058,0.872634,17,0.1765,0.6
W1,Bread plain (Small Size),Chicken Farm Broiler (Live),0,-0.02136023529411764,0.376992,17,0.0,0.6
W1,Bread plain (Small Size),Chilies Powder NATIONAL 200 gm Packet,1,0.09607694117647059,0.684496,17,0.0588,0.6
W1,Bread plain (Small Size),Cigarettes Capstan 20'S Packet,1,0.08127494117647058,0.910129,17,0.0588,0.6
W1,Bread plain (Small Size),Cooked Beef at Average Hotel,2,0.2524795294117647,0.816722,17,0.1176,0.6
W1,Bread plain (Small Size),Cooked Daal at Average Hotel,4,0.3041423529411765,0.951192,17,0.2353,0.6
W1,Bread plain (Small Size),"Cooking Oil DALDA or Other Similar Brand (SN), 5 Litre Tin",0,-0.284603875,0.0,16,0.0,0.6
W1,Bread plain (Small Size),Curd (Dahi) Loose,3,0.2598821176470589,0.793232,17,0.1765,0.6
W1,Bread plain (Small Size),Eggs Hen (Farm),0,0.16028576470588235,0.429715,17,0.0,0.6
W1,Bread plain (Small Size),Electricity Charges upto 50 Units,1,0.0633650588235294,0.670643,17,0.0588,0.6
W1,Bread plain (Small Size),Energy Saver Philips 14 Watt,1,0.1970508823529412,0.98271,17,0.0588,0.6
W1,Bread plain (Small Size),Firewood Whole,0,0.06919941176470588,0.496714,17,0.0,0.6
W1,Bread plain (Small Size),Garlic (Lehsun),2,0.26236511764705883,0.612438,17,0.1176,0.6
W1,Bread plain (Small Size),Gas Charges upto 3.3719 MMBTU,0,0.050579799999999994,0.508884,15,0.0,0.6
W1,Bread plain (Small Size),Gents Sandal Bata,6,0.435193,0.957445,17,0.3529,0.6
W1,Bread plain (Small Size),Gents Sponge Chappal Bata,5,0.2862894117647059,0.786372,17,0.2941,0.6
W1,Bread plain (Small Size),Georgette (Average Quality),1,0.14623911764705882,0.623544,17,0.0588,0.6
W1,Bread plain (Small Size),Gur (Average Quality),2,0.20315476470588237,0.911132,17,0.1176,0.6
W1,Bread plain (Small Size),Hi-Speed Diesel,1,0.1073429411764706,0.692652,17,0.0588,0.6
W1,Bread plain (Small Size),LPG 11.67 kg Cylinder,0,0.0745574705882353,0.396522,17,0.0,0.6
W1,Bread plain (Small Size),Ladies Sandal Bata,5,0.2862894117647059,0.786372,17,0.2941,0.6
W1,Bread plain (Small Size),Lawn Printed Gul Ahmed/Al Karam,2,0.20797664705882354,0.993981,17,0.1176,0.6
W1,Bread plain (Small Size),"Long Cloth 57"" Gul Ahmed/Al Karam",2,0.17547982352941177,0.999888,17,0.1176,0.6
W1,Bread plain (Small Size),Match Box,1,0.10213982352941177,0.67995,17,0.0588,0.6
W1,Bread plain (Small Size),Milk fresh (Un-boiled),1,0.23525223529411765,0.820922,17,0.0588,0.6
W1,Bread plain (Small Size),Mustard Oil (Average Quality),0,-0.12593017647058824,0.201503,17,0.0,0.6
W1,Bread plain (Small Size),Mutton (Average Quality),6,0.3507525882352941,0.809009,17,0.3529,0.6
W1,Bread plain (Small Size),Onions,0,-0.01020223529411766,0.356413,17,0.0,0.6
W1,Bread plain (Small Size),Petrol Super,1,0.1801114705882353,0.721285,17,0.0588,0.6
W1,Bread plain (Small Size),Potatoes,0,0.14783817647058825,0.492704,17,0.0,0.6
W1,Bread plain (Small Size),Powdered Milk NIDO 390 gm Polybag,2,0.3447295294117647,0.701122,17,0.1176,0.6
W1,Bread plain (Small Size),Pulse Gram,0,-0.013588941176470588,0.374272,17,0.0,0.6
W1,Bread plain (Small Size),Pulse Mash (Washed),1,0.28057670588235295,0.742928,17,0.0588,0.6
W1,Bread plain (Small Size),Pulse Masoor (Washed),3,0.2475520588235294,0.884481,17,0.1765,0.6
W1,Bread plain (Small Size),Pulse Moong (Washed),1,0.11649476470588235,0.6927,17,0.0588,0.6
W1,Bread plain (Small Size),Rice Basmati Broken (Average Quality),4,0.2935270588235294,0.824028,17,0.2353,0.6
W1,Bread plain (Small Size),Rice IRRI-6/9 (Sindh/Punjab),2,0.19256628571428572,0.809061,14,0.1429,0.6
W1,Bread plain (Small Size),Salt Powdered (NATIONAL/SHAN) 800 gm Packet,2,0.2562832352941177,0.915239,17,0.1176,0.6
W1,Bread plain (Small Size),Shirting (Average Quality),1,0.16492494117647058,0.774262,17,0.0588,0.6
W1,Bread plain (Small Size),Sufi Washing Soap 250 gm Cake,1,0.27640035294117643,0.691241,17,0.0588,0.6
W1,Bread plain (Small Size),Sugar Refined,1,0.10284723529411766,0.616979,17,0.0588,0.6
W1,Bread plain (Small Size),Tea Lipton Yellow Label 190 gm Packet,0,0.04327741176470588,0.371965,17,0.0,0.6
W1,Bread plain (Small Size),Tea Prepared Ordinary,2,0.23870817647058823,0.684563,17,0.1176,0.6
W1,Bread plain (Small Size),Telephone Call Charges,0,0.0,0.0,17,0.0,0.6
W1,Bread plain (Small Size),Toilet Soap LIFEBUOY 115 gm,4,0.287935,0.938331,17,0.2353,0.6
W1,Bread plain (Small Size),Tomatoes,0,-0.010441588235294114,0.502541,17,0.0,0.6
W1,Bread plain (Small Size),Vegetable Ghee DALDA/HABIB 2.5 kg Tin,0,-0.29452811764705883,0.0,17,0.0,0.6
W1,Bread plain (Small Size),Vegetable Ghee DALDA/HABIB or Other Superior Quality 1 kg Pouch,0,-0.3104472,0.0,15,0.0,0.6
W1,Bread plain (Small Size),Wheat Flour Bag,2,0.10654294117647058,0.674188,17,0.1176,0.6
W1,Chicken Farm Broiler (Live),Chilies Powder NATIONAL 200 gm Packet,0,-0.1873839411764706,0.018824,17,0.0,0.6
W1,Chicken Farm Broiler (Live),Cigarettes Capstan 20'S Packet,0,-0.05313129411764706,0.276074,17,0.0,0.6
W1,Chicken Farm Broiler (Live),Cooked Beef at Average Hotel,0,0.052940117647058825,0.464989,17,0.0,0.6
W1,Chicken Farm Broiler (Live),Cooked Daal at Average Hotel,0,0.041009176470588236,0.42314,17,0.0,0.6
W1,Chicken Farm Broiler (Live),"Cooking Oil DALDA or Other Similar Brand (SN), 5 Litre Tin",0,0.020891874999999997,0.44432,16,0.0,0.6
W1,Chicken Farm Broiler (Live),Curd (Dahi) Loose,0,-0.025365588235294115,0.356501,17,0.0,0.6
W1,Chicken Farm Broiler (Live),Eggs Hen (Farm),0,0.23888770588235295,0.383639,17,0.0,0.6
W1,Chicken Farm Broiler (Live),Electricity Charges upto 50 Units,0,-0.12304876470588233,-0.022834,17,0.0,0.6
W1,Chicken Farm Broiler (Live),Energy Saver Philips 14 Watt,1,0.1661834705882353,0.623135,17,0.0588,0.6
W1,Chicken Farm Broiler (Live),Firewood Whole,2,0.13132382352941177,0.667019,17,0.1176,0.6
W1,Chicken Farm Broiler (Live),Garlic (Lehsun),0,-0.30109123529411763,0.168417,17,0.0,0.6
W1,Chicken Farm Broiler (Live),Gas Charges upto 3.3719 MMBTU,0,-0.02651466666666667,0.082901,15,0.0,0.6
W1,Chicken Farm Broiler (Live),Gents Sandal Bata,0,0.21207094117647057,0.434648,17,0.0,0.6
W1,Chicken Farm Broiler (Live),Gents Sponge Chappal Bata,0,0.3646125882352941,0.568743,17,0.0,0.6
W1,Chicken Farm Broiler (Live),Georgette (Average Quality),0,0.017551470588235293,0.393078,17,0.0,0.6
W1,Chicken Farm Broiler (Live),Gur (Average Quality),0,-0.024076647058823536,0.412525,17,0.0,0.6
W1,Chicken Farm Broiler (Live),Hi-Speed Diesel,0,-0.41776335294117645,-0.302504,17,0.0,0.6
W1,Chicken Farm Broiler (Live),LPG 11.67 kg Cylinder,0,-0.1214224705882353,0.112351,17,0.0,0.6
W1,Chicken Farm Broiler (Live),Ladies Sandal Bata,0,0.3646125882352941,0.568743,17,0.0,0.6
W1,Chicken Farm Broiler (Live),Lawn Printed Gul Ahmed/Al Karam,0,-0.1083,0.300337,17,0.0,0.6
W1,Chicken Farm Broiler (Live),"Long Cloth 57"" Gul Ahmed/Al Karam",0,-0.1445605882352941,0.250782,17,0.0,0.6
W1,Chicken Farm Broiler (Live),Match Box,1,0.033183882352941174,0.743746,17,0.0588,0.6
W1,Chicken Farm Broiler (Live),Milk fresh (Un-boiled),0,-0.029392999999999996,0.385953,17,0.0,0.6
W1,Chicken Farm Broiler (Live),Mustard Oil (Average Quality),0,-0.09922476470588236,0.330964,17,0.0,0.6
W1,Chicken Farm Broiler (Live),Mutton (Average Quality),3,0.23208988235294117,0.697132,17,0.1765,0.6
W1,Chicken Farm Broiler (Live),Onions,0,0.15364611764705882,0.324096,17,0.0,0.6
W1,Chicken Farm Broiler (Live),Petrol Super,0,-0.31975299999999995,-0.19904,17,0.0,0.6
W1,Chicken Farm Broiler (Live),Potatoes,0,-0.2960341764705883,-0.034546,17,0.0,0.6
W1,Chicken Farm Broiler (Live),Powdered Milk NIDO 390 gm Polybag,0,0.04274458823529411,0.308069,17,0.0,0.6
W1,Chicken Farm Broiler (Live),Pulse Gram,6,0.45034264705882354,0.823173,17,0.3529,0.6
W1,Chicken Farm Broiler (Live),Pulse Mash (Washed),0,-0.027173764705882352,0.424861,17,0.0,0.6
W1,Chicken Farm Broiler (Live),Pulse Masoor (Washed),0,-0.11777076470588235,0.064564,17,0.0,0.6
W1,Chicken Farm Broiler (Live),Pulse Moong (Washed),1,0.2472744705882353,0.661879,17,0.0588,0.6
W1,Chicken Farm Broiler (Live),Rice Basmati Broken (Average Quality),0,0.05789152941176471,0.481901,17,0.0,0.6
W1,Chicken Farm Broiler (Live),Rice IRRI-6/9 (Sindh/Punjab),0,0.0791562857142857,0.371749,14,0.0,0.6
W1,Chicken Farm Broiler (Live),Salt Powdered (NATIONAL/SHAN) 800 gm Packet,0,-0.2167204705882353,0.078112,17,0.0,0.6
W1,Chicken Farm Broiler (Live),Shirting (Average Quality),0,-0.13153158823529412,0.262412,17,0.0,0.6
W1,Chicken Farm Broiler (Live),Sufi Washing Soap 250 gm Cake,0,0.029227176470588236,0.475847,17,0.0,0.6
W1,Chicken Farm Broiler (Live),Sugar Refined,0,-0.05474911764705882,0.284968,17,0.0,0.6
W1,Chicken Farm Broiler (Live),Tea Lipton Yellow Label 190 gm Packet,0,0.05674152941176471,0.387819,17,0.0,0.6
W1,Chicken Farm Broiler (Live),Tea Prepared Ordinary,0,0.014616823529411758,0.541329,17,0.0,0.6
W1,Chicken Farm Broiler (Live),Telephone Call Charges,0,0.0,0.0,17,0.0,0.6
W1,Chicken Farm Broiler (Live),Toilet Soap LIFEBUOY 115 gm,0,0.16159,0.46423,17,0.0,0.6
W1,Chicken Farm Broiler (Live),Tomatoes,0,0.10465817647058823,0.343731,17,0.0,0.6
W1,Chicken Farm Broiler (Live),Vegetable Ghee DALDA/HABIB 2.5 kg Tin,0,0.038253176470588235,0.398361,17,0.0,0.6
W1,Chicken Farm Broiler (Live),Vegetable Ghee DALDA/HABIB or Other Superior Quality 1 kg Pouch,0,0.1008932,0.437902,15,0.0,0.6
W1,Chicken Farm Broiler (Live),Wheat Flour Bag,0,-0.08785770588235295,0.151005,17,0.0,0.6
W1,Chilies Powder NATIONAL 200 gm Packet,Cigarettes Capstan 20'S Packet,1,0.10511988235294119,0.780692,17,0.0588,0.6
W1,Chilies Powder NATIONAL 200 gm Packet,Cooked Beef at Average Hotel,1,0.12369982352941176,0.675083,17,0.0588,0.6
W1,Chilies Powder NATIONAL 200 gm Packet,Cooked Daal at Average Hotel,2,0.2554804117647059,0.735109,17,0.1176,0.6
W1,Chilies Powder NATIONAL 200 gm Packet,"Cooking Oil DALDA or Other Similar Brand (SN), 5 Litre Tin",0,-0.3133968125,-0.029289,16,0.0,0.6
W1,Chilies Powder NATIONAL 200 gm Packet,Curd (Dahi) Loose,4,0.2890345882352941,0.866083,17,0.2353,0.6
W1,Chilies Powder NATIONAL 200 gm Packet,Eggs Hen (Farm),0,0.29335670588235296,0.410153,17,0.0,0.6
W1,Chilies Powder NATIONAL 200 gm Packet,Electricity Charges upto 50 Units,15,0.7191735882352941,0.773872,17,0.8824,0.6
W1,Chilies Powder NATIONAL 200 gm Packet,Energy Saver Philips 14 Watt,2,0.16911558823529413,0.997173,17,0.1176,0.6
W1,Chilies Powder NATIONAL 200 gm Packet,Firewood Whole,2,0.0836994705882353,0.856009,17,0.1176,0.6
W1,Chilies Powder NATIONAL 200 gm Packet,Garlic (Lehsun),3,0.41926629411764704,0.799369,17,0.1765,0.6
W1,Chilies Powder NATIONAL 200 gm Packet,Gas Charges upto 3.3719 MMBTU,0,0.0,0.0,15,0.0,0.6
W1,Chilies Powder NATIONAL 200 gm Packet,Gents Sandal Bata,0,0.13355276470588234,0.367496,17,0.0,0.6
W1,Chilies Powder NATIONAL 200 gm Packet,Gents Sponge Chappal Bata,0,0.0,0.0,17,0.0,0.6
W1,Chilies Powder NATIONAL 200 gm Packet,Georgette (Average Quality),2,0.07545617647058822,0.623574,17,0.1176,0.6
W1,Chilies Powder NATIONAL 200 gm Packet,Gur (Average Quality),3,0.3972674705882353,0.793524,17,0.1765,0.6
W1,Chilies Powder NATIONAL 200 gm Packet,Hi-Speed Diesel,3,0.507549294117647,0.759566,17,0.1765,0.6
W1,Chilies Powder NATIONAL 200 gm Packet,LPG 11.67 kg Cylinder,1,0.32877423529411764,0.67211,17,0.0588,0.6
W1,Chilies Powder NATIONAL 200 gm Packet,Ladies Sandal Bata,0,0.0,0.0,17,0.0,0.6
W1,Chilies Powder NATIONAL 200 gm Packet,Lawn Printed Gul Ahmed/Al Karam,1,0.09997182352941177,0.671593,17,0.0588,0.6
W1,Chilies Powder NATIONAL 200 gm Packet,"Long Cloth 57"" Gul Ahmed/Al Karam",1,0.1115505294117647,0.73221,17,0.0588,0.6
W1,Chilies Powder NATIONAL 200 gm Packet,Match Box,2,0.16578235294117646,0.75196,17,0.1176,0.6
W1,Chilies Powder NATIONAL 200 gm Packet,Milk fresh (Un-boiled),2,0.25979394117647064,0.900197,17,0.1176,0.6
W1,Chilies Powder NATIONAL 200 gm Packet,Mustard Oil (Average Quality),0,-0.2330729411764706,0.090399,17,0.0,0.6
W1,Chilies Powder NATIONAL 200 gm Packet,Mutton (Average Quality),1,0.08236105882352941,0.669424,17,0.0588,0.6
W1,Chilies Powder NATIONAL 200 gm Packet,Onions,0,0.08965494117647059,0.211343,17,0.0,0.6
W1,Chilies Powder NATIONAL 200 gm Packet,Petrol Super,3,0.45721435294117646,0.769851,17,0.1765,0.6
W1,Chilies Powder NATIONAL 200 gm Packet,Potatoes,0,0.11125735294117647,0.325244,17,0.0,0.6
W1,Chilies Powder NATIONAL 200 gm Packet,Powdered Milk NIDO 390 gm Polybag,15,0.7361543529411765,0.93253,17,0.8824,0.6
W1,Chilies Powder NATIONAL 200 gm Packet,Pulse Gram,0,0.010870764705882354,0.255521,17,0.0,0.6
W1,Chilies Powder NATIONAL 200 gm Packet,Pulse Mash (Washed),4,0.47347529411764705,0.826237,17,0.2353,0.6
W1,Chilies Powder NATIONAL 200 gm Packet,Pulse Masoor (Washed),1,0.222004,0.828895,17,0.0588,0.6
W1,Chilies Powder NATIONAL 200 gm Packet,Pulse Moong (Washed),0,0.10795617647058824,0.453082,17,0.0,0.6
W1,Chilies Powder NATIONAL 200 gm Packet,Rice Basmati Broken (Average Quality),7,0.46159417647058826,0.901505,17,0.4118,0.6
W1,Chilies Powder NATIONAL 200 gm Packet,Rice IRRI-6/9 (Sindh/Punjab),2,0.27035735714285714,0.843241,14,0.1429,0.6
W1,Chilies Powder NATIONAL 200 gm Packet,Salt Powdered (NATIONAL/SHAN) 800 gm Packet,2,0.2175598823529412,0.864442,17,0.1176,0.6
W1,Chilies Powder NATIONAL 200 gm Packet,Shirting (Average Quality),2,0.19229464705882354,0.861802,17,0.1176,0.6
W1,Chilies Powder NATIONAL 200 gm Packet,Sufi Washing Soap 250 gm Cake,2,0.16355164705882352,0.93997,17,0.1176,0.6
W1,Chilies Powder NATIONAL 200 gm Packet,Sugar Refined,0,0.4916622352941176,0.589324,17,0.0,0.6
W1,Chilies Powder NATIONAL 200 gm Packet,Tea Lipton Yellow Label 190 gm Packet,0,-0.016732588235294117,0.0,17,0.0,0.6
W1,Chilies Powder NATIONAL 200 gm Packet,Tea Prepared Ordinary,2,0.2004855882352941,0.823588,17,0.1176,0.6
W1,Chilies Powder NATIONAL 200 gm Packet,Telephone Call Charges,0,0.0,0.0,17,0.0,0.6
W1,Chilies Powder NATIONAL 200 gm Packet,Toilet Soap LIFEBUOY 115 gm,2,0.18657276470588235,0.993645,17,0.1176,0.6
W1,Chilies Powder NATIONAL 200 gm Packet,Tomatoes,0,0.3192645294117647,0.528727,17,0.0,0.6
W1,Chilies Powder NATIONAL 200 gm Packet,Vegetable Ghee DALDA/HABIB 2.5 kg Tin,0,-0.39736829411764707,0.027031,17,0.0,0.6
W1,Chilies Powder NATIONAL 200 gm Packet,Vegetable Ghee DALDA/HABIB or Other Superior Quality 1 kg Pouch,0,-0.4124298666666667,-0.143084,15,0.0,0.6
W1,Chilies Powder NATIONAL 200 gm Packet,Wheat Flour Bag,0,0.13196052941176473,0.384605,17,0.0,0.6
W1,Cigarettes Capstan 20'S Packet,Cooked Beef at Average Hotel,1,-0.023796823529411766,0.930272,17,0.0588,0.6
W1,Cigarettes Capstan 20'S Packet,Cooked Daal at Average Hotel,1,0.004200294117647059,0.703731,17,0.0588,0.6
W1,Cigarettes Capstan 20'S Packet,"Cooking Oil DALDA or Other Similar Brand (SN), 5 Litre Tin",0,-0.08637012499999999,0.14195,16,0.0,0.6
W1,Cigarettes Capstan 20'S Packet,Curd (Dahi) Loose,0,-0.019161235294117646,0.121427,17,0.0,0.6
W1,Cigarettes Capstan 20'S Packet,Eggs Hen (Farm),0,0.04362376470588235,0.358785,17,0.0,0.6
W1,Cigarettes Capstan 20'S Packet,Electricity Charges upto 50 Units,1,0.09971358823529411,0.753649,17,0.0588,0.6
W1,Cigarettes Capstan 20'S Packet,Energy Saver Philips 14 Watt,1,0.04161852941176471,0.707515,17,0.0588,0.6
W1,Cigarettes Capstan 20'S Packet,Firewood Whole,0,0.006440823529411765,0.054134,17,0.0,0.6
W1,Cigarettes Capstan 20'S Packet,Garlic (Lehsun),0,0.051738352941176464,0.578365,17,0.0,0.6
W1,Cigarettes Capstan 20'S Packet,Gas Charges upto 3.3719 MMBTU,0,-0.015260666666666669,0.21894,15,0.0,0.6
W1,Cigarettes Capstan 20'S Packet,Gents Sandal Bata,0,0.017873588235294113,0.322419,17,0.0,0.6
W1,Cigarettes Capstan 20'S Packet,Gents Sponge Chappal Bata,0,-0.041092411764705884,0.0,17,0.0,0.6
W1,Cigarettes Capstan 20'S Packet,Georgette (Average Quality),0,0.018062411764705882,0.27676,17,0.0,0.6
W1,Cigarettes Capstan 20'S Packet,Gur (Average Quality),0,0.033713705882352944,0.52994,17,0.0,0.6
W1,Cigarettes Capstan 20'S Packet,Hi-Speed Diesel,2,0.1328319411764706,0.809532,17,0.1176,0.6
W1,Cigarettes Capstan 20'S Packet,LPG 11.67 kg Cylinder,1,0.08954741176470588,0.617298,17,0.0588,0.6
W1,Cigarettes Capstan 20'S Packet,Ladies Sandal Bata,0,-0.041092411764705884,0.0,17,0.0,0.6
W1,Cigarettes Capstan 20'S Packet,Lawn Printed Gul Ahmed/Al Karam,0,0.02505705882352941,0.262813,17,0.0,0.6
W1,Cigarettes Capstan 20'S Packet,"Long Cloth 57"" Gul Ahmed/Al Karam",0,0.013806,0.416316,17,0.0,0.6
W1,Cigarettes Capstan 20'S Packet,Match Box,1,0.017552,0.609477,17,0.0588,0.6
W1,Cigarettes Capstan 20'S Packet,Milk fresh (Un-boiled),0,-0.03349758823529412,0.085495,17,0.0,0.6
W1,Cigarettes Capstan 20'S Packet,Mustard Oil (Average Quality),1,0.01727058823529412,0.619453,17,0.0588,0.6
W1,Cigarettes Capstan 20'S Packet,Mutton (Average Quality),0,-0.025730352941176468,0.195328,17,0.0,0.6
W1,Cigarettes Capstan 20'S Packet,Onions,1,0.03581964705882353,0.694918,17,0.0588,0.6
W1,Cigarettes Capstan 20'S Packet,Petrol Super,3,0.11881070588235296,0.80971,17,0.1765,0.6
W1,Cigarettes Capstan 20'S Packet,Potatoes,0,-0.006941470588235292,0.200704,17,0.0,0.6
W1,Cigarettes Capstan 20'S Packet,Powdered Milk NIDO 390 gm Polybag,2,0.1157754705882353,0.818116,17,0.1176,0.6
W1,Cigarettes Capstan 20'S Packet,Pulse Gram,0,0.06629264705882354,0.550319,17,0.0,0.6
W1,Cigarettes Capstan 20'S Packet,Pulse Mash (Washed),1,0.06803929411764706,0.793292,17,0.0588,0.6
W1,Cigarettes Capstan 20'S Packet,Pulse Masoor (Washed),0,0.057416352941176474,0.560362,17,0.0,0.6
W1,Cigarettes Capstan 20'S Packet,Pulse Moong (Washed),0,0.06866917647058823,0.567333,17,0.0,0.6
W1,Cigarettes Capstan 20'S Packet,Rice Basmati Broken (Average Quality),0,0.05896135294117647,0.523778,17,0.0,0.6
W1,Cigarettes Capstan 20'S Packet,Rice IRRI-6/9 (Sindh/Punjab),3,0.11808628571428571,0.704681,14,0.2143,0.6
W1,Cigarettes Capstan 20'S Packet,Salt Powdered (NATIONAL/SHAN) 800 gm Packet,0,0.033164529411764704,0.405898,17,0.0,0.6
W1,Cigarettes Capstan 20'S Packet,Shirting (Average Quality),0,0.016409176470588233,0.267142,17,0.0,0.6
W1,Cigarettes Capstan 20'S Packet,Sufi Washing Soap 250 gm Cake,0,0.00019147058823529376,0.108543,17,0.0,0.6
W1,Cigarettes Capstan 20'S Packet,Sugar Refined,1,0.061445235294117655,0.604592,17,0.0588,0.6
W1,Cigarettes Capstan 20'S Packet,Tea Lipton Yellow Label 190 gm Packet,0,-0.01029535294117647,0.13855,17,0.0,0.6
W1,Cigarettes Capstan 20'S Packet,Tea Prepared Ordinary,1,0.10476594117647059,0.968689,17,0.0588,0.6
W1,Cigarettes Capstan 20'S Packet,Telephone Call Charges,0,0.0,0.0,17,0.0,0.6
W1,Cigarettes Capstan 20'S Packet,Toilet Soap LIFEBUOY 115 gm,0,0.028267588235294117,0.415662,17,0.0,0.6
W1,Cigarettes Capstan 20'S Packet,Tomatoes,0,0.05264729411764706,0.302201,17,0.0,0.6
W1,Cigarettes Capstan 20'S Packet,Vegetable Ghee DALDA/HABIB 2.5 kg Tin,0,-0.03268335294117647,0.17214,17,0.0,0.6
W1,Cigarettes Capstan 20'S Packet,Vegetable Ghee DALDA/HABIB or Other Superior Quality 1 kg Pouch,0,-0.044925533333333344,0.237252,15,0.0,0.6
W1,Cigarettes Capstan 20'S Packet,Wheat Flour Bag,0,-0.024217000000000002,0.372828,17,0.0,0.6
W1,Cooked Beef at Average Hotel,Cooked Daal at Average Hotel,9,0.525509588235294,1.0,17,0.5294,0.6
W1,Cooked Beef at Average Hotel,"Cooking Oil DALDA or Other Similar Brand (SN), 5 Litre Tin",0,-0.271655375,0.192629,16,0.0,0.6
W1,Cooked Beef at Average Hotel,Curd (Dahi) Loose,2,0.26932970588235294,0.818715,17,0.1176,0.6
W1,Cooked Beef at Average Hotel,Eggs Hen (Farm),0,0.15408923529411767,0.454552,17,0.0,0.6
W1,Cooked Beef at Average Hotel,Electricity Charges upto 50 Units,0,0.08474523529411765,0.47634,17,0.0,0.6
W1,Cooked Beef at Average Hotel,Energy Saver Philips 14 Watt,1,0.18925635294117646,0.786571,17,0.0588,0.6
W1,Cooked Beef at Average Hotel,Firewood Whole,2,0.06391458823529413,0.70848,17,0.1176,0.6
W1,Cooked Beef at Average Hotel,Garlic (Lehsun),0,0.14703611764705884,0.55793,17,0.0,0.6
W1,Cooked Beef at Average Hotel,Gas Charges upto 3.3719 MMBTU,1,0.12588453333333333,0.660567,15,0.0667,0.6
W1,Cooked Beef at Average Hotel,Gents Sandal Bata,5,0.3637901176470588,0.940678,17,0.2941,0.6
W1,Cooked Beef at Average Hotel,Gents Sponge Chappal Bata,5,0.3313225882352941,0.989743,17,0.2941,0.6
W1,Cooked Beef at Average Hotel,Georgette (Average Quality),2,0.19847405882352942,0.858446,17,0.1176,0.6
W1,Cooked Beef at Average Hotel,Gur (Average Quality),0,0.18959164705882353,0.571013,17,0.0,0.6
W1,Cooked Beef at Average Hotel,Hi-Speed Diesel,1,-0.10337341176470588,0.63707,17,0.0588,0.6
W1,Cooked Beef at Average Hotel,LPG 11.67 kg Cylinder,0,-0.02833923529411765,0.541363,17,0.0,0.6
W1,Cooked Beef at Average Hotel,Ladies Sandal Bata,5,0.3313225882352941,0.989743,17,0.2941,0.6
W1,Cooked Beef at Average Hotel,Lawn Printed Gul Ahmed/Al Karam,2,0.18106435294117648,0.810849,17,0.1176,0.6
W1,Cooked Beef at Average Hotel,"Long Cloth 57"" Gul Ahmed/Al Karam",3,0.24332417647058827,0.792673,17,0.1765,0.6
W1,Cooked Beef at Average Hotel,Match Box,3,0.2199634705882353,0.924808,17,0.1765,0.6
W1,Cooked Beef at Average Hotel,Milk fresh (Un-boiled),3,0.2912634117647059,0.851799,17,0.1765,0.6
W1,Cooked Beef at Average Hotel,Mustard Oil (Average Quality),0,-0.2521209411764706,0.0,17,0.0,0.6
W1,Cooked Beef at Average Hotel,Mutton (Average Quality),4,0.3504138235294118,0.83447,17,0.2353,0.6
W1,Cooked Beef at Average Hotel,Onions,0,0.012234176470588241,0.597508,17,0.0,0.6
W1,Cooked Beef at Average Hotel,Petrol Super,1,-0.019897999999999992,0.674587,17,0.0588,0.6
W1,Cooked Beef at Average Hotel,Potatoes,0,0.166269,0.594045,17,0.0,0.6
W1,Cooked Beef at Average Hotel,Powdered Milk NIDO 390 gm Polybag,3,0.30813464705882354,0.80519,17,0.1765,0.6
W1,Cooked Beef at Average Hotel,Pulse Gram,0,-0.05458858823529412,0.322323,17,0.0,0.6
W1,Cooked Beef at Average Hotel,Pulse Mash (Washed),2,0.24408988235294118,0.673282,17,0.1176,0.6
W1,Cooked Beef at Average Hotel,Pulse Masoor (Washed),1,0.1029774705882353,0.690853,17,0.0588,0.6
W1,Cooked Beef at Average Hotel,Pulse Moong (Washed),0,-0.003382411764705884,0.489247,17,0.0,0.6
W1,Cooked Beef at Average Hotel,Rice Basmati Broken (Average Quality),0,0.18348929411764706,0.532087,17,0.0,0.6
W1,Cooked Beef at Average Hotel,Rice IRRI-6/9 (Sindh/Punjab),2,0.13590307142857141,0.77623,14,0.1429,0.6
W1,Cooked Beef at Average Hotel,Salt Powdered (NATIONAL/SHAN) 800 gm Packet,2,0.2480326470588235,0.788918,17,0.1176,0.6
W1,Cooked Beef at Average Hotel,Shirting (Average Quality),2,0.2919164117647059,0.808748,17,0.1176,0.6
W1,Cooked Beef at Average Hotel,Sufi Washing Soap 250 gm Cake,3,0.24196341176470587,0.907443,17,0.1765,0.6
W1,Cooked Beef at Average Hotel,Sugar Refined,1,0.04952452941176472,0.627538,17,0.0588,0.6
W1,Cooked Beef at Average Hotel,Tea Lipton Yellow Label 190 gm Packet,2,0.158562,0.884849,17,0.1176,0.6
W1,Cooked Beef at Average Hotel,Tea Prepared Ordinary,4,0.24695217647058823,0.942906,17,0.2353,0.6
W1,Cooked Beef at Average Hotel,Telephone Call Charges,0,0.0,0.0,17,0.0,0.6
W1,Cooked Beef at Average Hotel,Toilet Soap LIFEBUOY 115 gm,4,0.2754984705882353,0.930259,17,0.2353,0.6
W1,Cooked Beef at Average Hotel,Tomatoes,0,0.023430176470588232,0.402338,17,0.0,0.6
W1,Cooked Beef at Average Hotel,Vegetable Ghee DALDA/HABIB 2.5 kg Tin,0,-0.2443566470588235,0.199945,17,0.0,0.6
W1,Cooked Beef at Average Hotel,Vegetable Ghee DALDA/HABIB or Other Superior Quality 1 kg Pouch,0,-0.3155560666666667,0.0,15,0.0,0.6
W1,Cooked Beef at Average Hotel,Wheat Flour Bag,1,0.06583176470588234,0.662393,17,0.0588,0.6
W1,Cooked Daal at Average Hotel,"Cooking Oil DALDA or Other Similar Brand (SN), 5 Litre Tin",0,-0.2783971875,0.313339,16,0.0,0.6
W1,Cooked Daal at Average Hotel,Curd (Dahi) Loose,2,0.3598205294117647,0.753104,17,0.1176,0.6
W1,Cooked Daal at Average Hotel,Eggs Hen (Farm),0,0.1463795882352941,0.411495,17,0.0,0.6
W1,Cooked Daal at Average Hotel,Electricity Charges upto 50 Units,0,0.16531276470588235,0.53579,17,0.0,0.6
W1,Cooked Daal at Average Hotel,Energy Saver Philips 14 Watt,3,0.2155731764705882,0.752514,17,0.1765,0.6
W1,Cooked Daal at Average Hotel,Firewood Whole,2,0.1173924117647059,0.810691,17,0.1176,0.6
W1,Cooked Daal at Average Hotel,Garlic (Lehsun),4,0.27480476470588233,0.774936,17,0.2353,0.6
W1,Cooked Daal at Average Hotel,Gas Charges upto 3.3719 MMBTU,1,0.12044813333333333,0.633812,15,0.0667,0.6
W1,Cooked Daal at Average Hotel,Gents Sandal Bata,5,0.42924,0.908287,17,0.2941,0.6
W1,Cooked Daal at Average Hotel,Gents Sponge Chappal Bata,5,0.31052870588235293,1.0,17,0.2941,0.6
W1,Cooked Daal at Average Hotel,Georgette (Average Quality),2,0.2565632352941177,0.999999,17,0.1176,0.6
W1,Cooked Daal at Average Hotel,Gur (Average Quality),2,0.2954464117647059,0.738285,17,0.1176,0.6
W1,Cooked Daal at Average Hotel,Hi-Speed Diesel,2,0.11300517647058825,0.760196,17,0.1176,0.6
W1,Cooked Daal at Average Hotel,LPG 11.67 kg Cylinder,0,0.084741,0.48459,17,0.0,0.6
W1,Cooked Daal at Average Hotel,Ladies Sandal Bata,5,0.31052870588235293,1.0,17,0.2941,0.6
W1,Cooked Daal at Average Hotel,Lawn Printed Gul Ahmed/Al Karam,3,0.1630605294117647,0.935705,17,0.1765,0.6
W1,Cooked Daal at Average Hotel,"Long Cloth 57"" Gul Ahmed/Al Karam",2,0.181385,0.946468,17,0.1176,0.6
W1,Cooked Daal at Average Hotel,Match Box,3,0.20582941176470587,0.918785,17,0.1765,0.6
W1,Cooked Daal at Average Hotel,Milk fresh (Un-boiled),7,0.4384701764705882,0.999999,17,0.4118,0.6
W1,Cooked Daal at Average Hotel,Mustard Oil (Average Quality),0,-0.2010310588235294,0.0,17,0.0,0.6
W1,Cooked Daal at Average Hotel,Mutton (Average Quality),7,0.3559104705882353,0.79323,17,0.4118,0.6
W1,Cooked Daal at Average Hotel,Onions,0,0.06449870588235294,0.466615,17,0.0,0.6
W1,Cooked Daal at Average Hotel,Petrol Super,3,0.20301011764705884,0.781527,17,0.1765,0.6
W1,Cooked Daal at Average Hotel,Potatoes,0,0.15006064705882352,0.529777,17,0.0,0.6
W1,Cooked Daal at Average Hotel,Powdered Milk NIDO 390 gm Polybag,6,0.4038884705882353,0.825941,17,0.3529,0.6
W1,Cooked Daal at Average Hotel,Pulse Gram,1,0.043045352941176465,0.668948,17,0.0588,0.6
W1,Cooked Daal at Average Hotel,Pulse Mash (Washed),4,0.40110599999999996,0.835696,17,0.2353,0.6
W1,Cooked Daal at Average Hotel,Pulse Masoor (Washed),2,0.2632711764705883,0.837043,17,0.1176,0.6
W1,Cooked Daal at Average Hotel,Pulse Moong (Washed),1,0.20593458823529412,0.647818,17,0.0588,0.6
W1,Cooked Daal at Average Hotel,Rice Basmati Broken (Average Quality),1,0.2510801764705882,0.799724,17,0.0588,0.6
W1,Cooked Daal at Average Hotel,Rice IRRI-6/9 (Sindh/Punjab),2,0.30251157142857144,0.719711,14,0.1429,0.6
W1,Cooked Daal at Average Hotel,Salt Powdered (NATIONAL/SHAN) 800 gm Packet,3,0.27414988235294113,0.803453,17,0.1765,0.6
W1,Cooked Daal at Average Hotel,Shirting (Average Quality),0,0.18780117647058822,0.580628,17,0.0,0.6
W1,Cooked Daal at Average Hotel,Sufi Washing Soap 250 gm Cake,4,0.2786337647058823,0.816442,17,0.2353,0.6
W1,Cooked Daal at Average Hotel,Sugar Refined,1,0.21183682352941177,0.611035,17,0.0588,0.6
W1,Cooked Daal at Average Hotel,Tea Lipton Yellow Label 190 gm Packet,1,0.15385470588235295,0.753557,17,0.0588,0.6
W1,Cooked Daal at Average Hotel,Tea Prepared Ordinary,3,0.32447911764705883,0.793117,17,0.1765,0.6
W1,Cooked Daal at Average Hotel,Telephone Call Charges,0,0.0,0.0,17,0.0,0.6
W1,Cooked Daal at Average Hotel,Toilet Soap LIFEBUOY 115 gm,2,0.26868970588235297,0.977439,17,0.1176,0.6
W1,Cooked Daal at Average Hotel,Tomatoes,0,0.02609411764705882,0.509902,17,0.0,0.6
W1,Cooked Daal at Average Hotel,Vegetable Ghee DALDA/HABIB 2.5 kg Tin,0,-0.28173417647058824,0.475795,17,0.0,0.6
W1,Cooked Daal at Average Hotel,Vegetable Ghee DALDA/HABIB or Other Superior Quality 1 kg Pouch,0,-0.23264213333333333,0.272576,15,0.0,0.6
W1,Cooked Daal at Average Hotel,Wheat Flour Bag,0,0.07652,0.396946,17,0.0,0.6
W1,"Cooking Oil DALDA or Other Similar Brand (SN), 5 Litre Tin",Curd (Dahi) Loose,0,-0.2599403125,0.169255,16,0.0,0.6
W1,"Cooking Oil DALDA or Other Similar Brand (SN), 5 Litre Tin",Eggs Hen (Farm),0,-0.09490137500000001,0.274124,16,0.0,0.6
W1,"Cooking Oil DALDA or Other Similar Brand (SN), 5 Litre Tin",Electricity Charges upto 50 Units,0,-0.1607343125,0.132419,16,0.0,0.6
W1,"Cooking Oil DALDA or Other Similar Brand (SN), 5 Litre Tin",Energy Saver Philips 14 Watt,0,-0.3448301875,0.039288,16,0.0,0.6
W1,"Cooking Oil DALDA or Other Similar Brand (SN), 5 Litre Tin",Firewood Whole,0,-0.2159066875,0.530756,16,0.0,0.6
W1,"Cooking Oil DALDA or Other Similar Brand (SN), 5 Litre Tin",Garlic (Lehsun),0,-0.3811028125,-0.059078,16,0.0,0.6
W1,"Cooking Oil DALDA or Other Similar Brand (SN), 5 Litre Tin",Gas Charges upto 3.3719 MMBTU,0,-0.3346185333333333,-0.118017,15,0.0,0.6
W1,"Cooking Oil DALDA or Other Similar Brand (SN), 5 Litre Tin",Gents Sandal Bata,0,-0.1910873125,0.022268,16,0.0,0.6
W1,"Cooking Oil DALDA or Other Similar Brand (SN), 5 Litre Tin",Gents Sponge Chappal Bata,0,-0.0602848125,0.0,16,0.0,0.6
W1,"Cooking Oil DALDA or Other Similar Brand (SN), 5 Litre Tin",Georgette (Average Quality),0,-0.1578985625,0.417653,16,0.0,0.6
W1,"Cooking Oil DALDA or Other Similar Brand (SN), 5 Litre Tin",Gur (Average Quality),0,-0.1282711875,0.304108,16,0.0,0.6
W1,"Cooking Oil DALDA or Other Similar Brand (SN), 5 Litre Tin",Hi-Speed Diesel,0,-0.0387769375,0.432353,16,0.0,0.6
W1,"Cooking Oil DALDA or Other Similar Brand (SN), 5 Litre Tin",LPG 11.67 kg Cylinder,0,0.017932437500000006,0.465942,16,0.0,0.6
W1,"Cooking Oil DALDA or Other Similar Brand (SN), 5 Litre Tin",Ladies Sandal Bata,0,-0.0602848125,0.0,16,0.0,0.6
W1,"Cooking Oil DALDA or Other Similar Brand (SN), 5 Litre Tin",Lawn Printed Gul Ahmed/Al Karam,0,-0.20066925,0.056626,16,0.0,0.6
W1,"Cooking Oil DALDA or Other Similar Brand (SN), 5 Litre Tin","Long Cloth 57"" Gul Ahmed/Al Karam",0,-0.2788964375,0.072791,16,0.0,0.6
W1,"Cooking Oil DALDA or Other Similar Brand (SN), 5 Litre Tin",Match Box,0,-0.217546125,0.372381,16,0.0,0.6
W1,"Cooking Oil DALDA or Other Similar Brand (SN), 5 Litre Tin",Milk fresh (Un-boiled),0,-0.1995716875,0.312978,16,0.0,0.6
W1,"Cooking Oil DALDA or Other Similar Brand (SN), 5 Litre Tin",Mustard Oil (Average Quality),1,0.2866001875,0.735223,16,0.0625,0.6
W1,"Cooking Oil DALDA or Other Similar Brand (SN), 5 Litre Tin",Mutton (Average Quality),0,-0.32018225,0.243225,16,0.0,0.6
W1,"Cooking Oil DALDA or Other Similar Brand (SN), 5 Litre Tin",Onions,0,-0.31055187500000003,0.023983,16,0.0,0.6
W1,"Cooking Oil DALDA or Other Similar Brand (SN), 5 Litre Tin",Petrol Super,0,0.003357624999999996,0.429116,16,0.0,0.6
W1,"Cooking Oil DALDA or Other Similar Brand (SN), 5 Litre Tin",Potatoes,1,-0.0667410625,0.690169,16,0.0625,0.6
W1,"Cooking Oil DALDA or Other Similar Brand (SN), 5 Litre Tin",Powdered Milk NIDO 390 gm Polybag,0,-0.3536455625,0.0,16,0.0,0.6
W1,"Cooking Oil DALDA or Other Similar Brand (SN), 5 Litre Tin",Pulse Gram,0,0.096430125,0.398004,16,0.0,0.6
W1,"Cooking Oil DALDA or Other Similar Brand (SN), 5 Litre Tin",Pulse Mash (Washed),0,-0.2921970625,0.101695,16,0.0,0.6
W1,"Cooking Oil DALDA or Other Similar Brand (SN), 5 Litre Tin",Pulse Masoor (Washed),0,-0.183548,0.187076,16,0.0,0.6
W1,"Cooking Oil DALDA or Other Similar Brand (SN), 5 Litre Tin",Pulse Moong (Washed),0,-0.0441538125,0.403055,16,0.0,0.6
W1,"Cooking Oil DALDA or Other Similar Brand (SN), 5 Litre Tin",Rice Basmati Broken (Average Quality),0,-0.2186660625,0.347114,16,0.0,0.6
W1,"Cooking Oil DALDA or Other Similar Brand (SN), 5 Litre Tin",Rice IRRI-6/9 (Sindh/Punjab),0,-0.18843053846153848,0.117742,13,0.0,0.6
W1,"Cooking Oil DALDA or Other Similar Brand (SN), 5 Litre Tin",Salt Powdered (NATIONAL/SHAN) 800 gm Packet,0,-0.483346375,-0.140042,16,0.0,0.6
W1,"Cooking Oil DALDA or Other Similar Brand (SN), 5 Litre Tin",Shirting (Average Quality),0,-0.3583554375,0.417653,16,0.0,0.6
W1,"Cooking Oil DALDA or Other Similar Brand (SN), 5 Litre Tin",Sufi Washing Soap 250 gm Cake,0,-0.21962418749999998,0.25761,16,0.0,0.6
W1,"Cooking Oil DALDA or Other Similar Brand (SN), 5 Litre Tin",Sugar Refined,0,-0.1675910625,0.3396,16,0.0,0.6
W1,"Cooking Oil DALDA or Other Similar Brand (SN), 5 Litre Tin",Tea Lipton Yellow Label 190 gm Packet,0,-0.133418375,0.484079,16,0.0,0.6
W1,"Cooking Oil DALDA or Other Similar Brand (SN), 5 Litre Tin",Tea Prepared Ordinary,0,-0.34493425,0.0,16,0.0,0.6
W1,"Cooking Oil DALDA or Other Similar Brand (SN), 5 Litre Tin",Telephone Call Charges,0,0.0,0.0,16,0.0,0.6
W1,"Cooking Oil DALDA or Other Similar Brand (SN), 5 Litre Tin",Toilet Soap LIFEBUOY 115 gm,0,-0.176291875,0.132802,16,0.0,0.6
W1,"Cooking Oil DALDA or Other Similar Brand (SN), 5 Litre Tin",Tomatoes,0,-0.2475556875,0.198073,16,0.0,0.6
W1,"Cooking Oil DALDA or Other Similar Brand (SN), 5 Litre Tin",Vegetable Ghee DALDA/HABIB 2.5 kg Tin,14,0.75143,0.995633,16,0.875,0.6
W1,"Cooking Oil DALDA or Other Similar Brand (SN), 5 Litre Tin",Vegetable Ghee DALDA/HABIB or Other Superior Quality 1 kg Pouch,12,0.7079378666666667,0.942203,15,0.8,0.6
W1,"Cooking Oil DALDA or Other Similar Brand (SN), 5 Litre Tin",Wheat Flour Bag,0,-0.03406818749999999,0.596791,16,0.0,0.6
W1,Curd (Dahi) Loose,Eggs Hen (Farm),0,0.03125188235294118,0.376075,17,0.0,0.6
W1,Curd (Dahi) Loose,Electricity Charges upto 50 Units,1,0.195242,0.609763,17,0.0588,0.6
W1,Curd (Dahi) Loose,Energy Saver Philips 14 Watt,0,0.1463975882352941,0.584021,17,0.0,0.6
W1,Curd (Dahi) Loose,Firewood Whole,1,0.028223176470588238,0.632978,17,0.0588,0.6
W1,Curd (Dahi) Loose,Garlic (Lehsun),0,0.1720139411764706,0.569943,17,0.0,0.6
W1,Curd (Dahi) Loose,Gas Charges upto 3.3719 MMBTU,0,-0.016808266666666665,0.122527,15,0.0,0.6
W1,Curd (Dahi) Loose,Gents Sandal Bata,2,0.2818594705882353,0.658177,17,0.1176,0.6
W1,Curd (Dahi) Loose,Gents Sponge Chappal Bata,1,0.2122535882352941,0.735763,17,0.0588,0.6
W1,Curd (Dahi) Loose,Georgette (Average Quality),2,0.24577741176470588,0.774873,17,0.1176,0.6
W1,Curd (Dahi) Loose,Gur (Average Quality),6,0.44176735294117647,0.841564,17,0.3529,0.6
W1,Curd (Dahi) Loose,Hi-Speed Diesel,0,0.07797488235294117,0.520045,17,0.0,0.6
W1,Curd (Dahi) Loose,LPG 11.67 kg Cylinder,0,-0.23691029411764705,0.319625,17,0.0,0.6
W1,Curd (Dahi) Loose,Ladies Sandal Bata,1,0.2122535882352941,0.735763,17,0.0588,0.6
W1,Curd (Dahi) Loose,Lawn Printed Gul Ahmed/Al Karam,2,0.24163135294117644,0.869406,17,0.1176,0.6
W1,Curd (Dahi) Loose,"Long Cloth 57"" Gul Ahmed/Al Karam",2,0.20843270588235296,1.0,17,0.1176,0.6
W1,Curd (Dahi) Loose,Match Box,5,0.32090370588235295,0.848923,17,0.2941,0.6
W1,Curd (Dahi) Loose,Milk fresh (Un-boiled),15,0.8148021764705883,1.0,17,0.8824,0.6
W1,Curd (Dahi) Loose,Mustard Oil (Average Quality),0,-0.24684941176470587,0.384953,17,0.0,0.6
W1,Curd (Dahi) Loose,Mutton (Average Quality),4,0.39331058823529413,0.813232,17,0.2353,0.6
W1,Curd (Dahi) Loose,Onions,0,-0.1436019411764706,0.123101,17,0.0,0.6
W1,Curd (Dahi) Loose,Petrol Super,0,0.12833776470588235,0.537737,17,0.0,0.6
W1,Curd (Dahi) Loose,Potatoes,0,0.27928923529411764,0.480023,17,0.0,0.6
W1,Curd (Dahi) Loose,Powdered Milk NIDO 390 gm Polybag,2,0.3549230588235294,0.874829,17,0.1176,0.6
W1,Curd (Dahi) Loose,Pulse Gram,0,-0.08770958823529411,0.18379,17,0.0,0.6
W1,Curd (Dahi) Loose,Pulse Mash (Washed),6,0.39299458823529415,0.743004,17,0.3529,0.6
W1,Curd (Dahi) Loose,Pulse Masoor (Washed),1,0.093452,0.764306,17,0.0588,0.6
W1,Curd (Dahi) Loose,Pulse Moong (Washed),0,-0.05992317647058824,0.34727,17,0.0,0.6
W1,Curd (Dahi) Loose,Rice Basmati Broken (Average Quality),4,0.3769056470588235,0.867184,17,0.2353,0.6
W1,Curd (Dahi) Loose,Rice IRRI-6/9 (Sindh/Punjab),3,0.3213331428571428,0.863258,14,0.2143,0.6
W1,Curd (Dahi) Loose,Salt Powdered (NATIONAL/SHAN) 800 gm Packet,1,0.1634655294117647,0.853326,17,0.0588,0.6
W1,Curd (Dahi) Loose,Shirting (Average Quality),2,0.24091764705882354,0.648559,17,0.1176,0.6
W1,Curd (Dahi) Loose,Sufi Washing Soap 250 gm Cake,3,0.30995541176470587,0.898526,17,0.1765,0.6
W1,Curd (Dahi) Loose,Sugar Refined,3,0.43474158823529413,0.708232,17,0.1765,0.6
W1,Curd (Dahi) Loose,Tea Lipton Yellow Label 190 gm Packet,2,0.1800350588235294,0.64829,17,0.1176,0.6
W1,Curd (Dahi) Loose,Tea Prepared Ordinary,2,0.2734813529411765,0.925204,17,0.1176,0.6
W1,Curd (Dahi) Loose,Telephone Call Charges,0,0.0,0.0,17,0.0,0.6
W1,Curd (Dahi) Loose,Toilet Soap LIFEBUOY 115 gm,3,0.36001370588235293,0.802691,17,0.1765,0.6
W1,Curd (Dahi) Loose,Tomatoes,0,0.1410085294117647,0.521727,17,0.0,0.6
W1,Curd (Dahi) Loose,Vegetable Ghee DALDA/HABIB 2.5 kg Tin,0,-0.29068017647058825,0.060147,17,0.0,0.6
W1,Curd (Dahi) Loose,Vegetable Ghee DALDA/HABIB or Other Superior Quality 1 kg Pouch,0,-0.3651184,-0.070383,15,0.0,0.6
W1,Curd (Dahi) Loose,Wheat Flour Bag,1,0.2514803529411765,0.633342,17,0.0588,0.6
W1,Eggs Hen (Farm),Electricity Charges upto 50 Units,0,0.15771029411764706,0.221766,17,0.0,0.6
W1,Eggs Hen (Farm),Energy Saver Philips 14 Watt,0,0.03194094117647058,0.418128,17,0.0,0.6
W1,Eggs Hen (Farm),Firewood Whole,0,0.15645705882352942,0.559272,17,0.0,0.6
W1,Eggs Hen (Farm),Garlic (Lehsun),2,0.23552776470588235,0.672644,17,0.1176,0.6
W1,Eggs Hen (Farm),Gas Charges upto 3.3719 MMBTU,0,0.2514096,0.365772,15,0.0,0.6
W1,Eggs Hen (Farm),Gents Sandal Bata,0,0.16669176470588234,0.314576,17,0.0,0.6
W1,Eggs Hen (Farm),Gents Sponge Chappal Bata,0,0.12482611764705881,0.24916,17,0.0,0.6
W1,Eggs Hen (Farm),Georgette (Average Quality),0,0.11995352941176472,0.361456,17,0.0,0.6
W1,Eggs Hen (Farm),Gur (Average Quality),0,0.11541611764705882,0.551369,17,0.0,0.6
W1,Eggs Hen (Farm),Hi-Speed Diesel,0,-0.021184117647058825,0.072003,17,0.0,0.6
W1,Eggs Hen (Farm),LPG 11.67 kg Cylinder,0,0.35054411764705884,0.519356,17,0.0,0.6
W1,Eggs Hen (Farm),Ladies Sandal Bata,0,0.12482611764705881,0.24916,17,0.0,0.6
W1,Eggs Hen (Farm),Lawn Printed Gul Ahmed/Al Karam,0,0.13084211764705883,0.305142,17,0.0,0.6
W1,Eggs Hen (Farm),"Long Cloth 57"" Gul Ahmed/Al Karam",0,0.05759141176470589,0.326911,17,0.0,0.6
W1,Eggs Hen (Farm),Match Box,0,0.13802364705882353,0.47118,17,0.0,0.6
W1,Eggs Hen (Farm),Milk fresh (Un-boiled),0,0.092759,0.372836,17,0.0,0.6
W1,Eggs Hen (Farm),Mustard Oil (Average Quality),0,-0.13364364705882353,0.265518,17,0.0,0.6
W1,Eggs Hen (Farm),Mutton (Average Quality),0,0.017738235294117645,0.38723,17,0.0,0.6
W1,Eggs Hen (Farm),Onions,0,0.2621237058823529,0.56435,17,0.0,0.6
W1,Eggs Hen (Farm),Petrol Super,0,-0.07409164705882353,0.024433,17,0.0,0.6
W1,Eggs Hen (Farm),Potatoes,0,-0.32825882352941177,-0.126591,17,0.0,0.6
W1,Eggs Hen (Farm),Powdered Milk NIDO 390 gm Polybag,0,0.3010833529411765,0.441133,17,0.0,0.6
W1,Eggs Hen (Farm),Pulse Gram,0,0.22920188235294117,0.409637,17,0.0,0.6
W1,Eggs Hen (Farm),Pulse Mash (Washed),0,0.2386059411764706,0.512275,17,0.0,0.6
W1,Eggs Hen (Farm),Pulse Masoor (Washed),0,0.2130260588235294,0.39972,17,0.0,0.6
W1,Eggs Hen (Farm),Pulse Moong (Washed),1,0.24405517647058825,0.603559,17,0.0588,0.6
W1,Eggs Hen (Farm),Rice Basmati Broken (Average Quality),0,0.1346615294117647,0.416346,17,0.0,0.6
W1,Eggs Hen (Farm),Rice IRRI-6/9 (Sindh/Punjab),0,0.12245271428571428,0.359416,14,0.0,0.6
W1,Eggs Hen (Farm),Salt Powdered (NATIONAL/SHAN) 800 gm Packet,0,0.19846323529411763,0.417741,17,0.0,0.6
W1,Eggs Hen (Farm),Shirting (Average Quality),0,0.14137958823529412,0.476496,17,0.0,0.6
W1,Eggs Hen (Farm),Sufi Washing Soap 250 gm Cake,0,0.12876588235294117,0.406958,17,0.0,0.6
W1,Eggs Hen (Farm),Sugar Refined,0,0.17601629411764708,0.325041,17,0.0,0.6
W1,Eggs Hen (Farm),Tea Lipton Yellow Label 190 gm Packet,2,0.13894852941176472,0.642817,17,0.1176,0.6
W1,Eggs Hen (Farm),Tea Prepared Ordinary,0,0.10795194117647057,0.598003,17,0.0,0.6
W1,Eggs Hen (Farm),Telephone Call Charges,0,0.0,0.0,17,0.0,0.6
W1,Eggs Hen (Farm),Toilet Soap LIFEBUOY 115 gm,0,0.051338176470588234,0.310118,17,0.0,0.6
W1,Eggs Hen (Farm),Tomatoes,0,0.1617969411764706,0.399209,17,0.0,0.6
W1,Eggs Hen (Farm),Vegetable Ghee DALDA/HABIB 2.5 kg Tin,0,-0.18754829411764704,0.196627,17,0.0,0.6
W1,Eggs Hen (Farm),Vegetable Ghee DALDA/HABIB or Other Superior Quality 1 kg Pouch,0,-0.25828473333333335,-0.063707,15,0.0,0.6
W1,Eggs Hen (Farm),Wheat Flour Bag,0,0.24424205882352942,0.384611,17,0.0,0.6
W1,Electricity Charges upto 50 Units,Energy Saver Philips 14 Watt,1,0.15886223529411767,0.613119,17,0.0588,0.6
W1,Electricity Charges upto 50 Units,Firewood Whole,1,0.045577,0.62821,17,0.0588,0.6
W1,Electricity Charges upto 50 Units,Garlic (Lehsun),1,0.30262782352941175,0.703265,17,0.0588,0.6
W1,Electricity Charges upto 50 Units,Gas Charges upto 3.3719 MMBTU,0,-0.432404,-0.432404,15,0.0,0.6
W1,Electricity Charges upto 50 Units,Gents Sandal Bata,0,0.035083,0.035083,17,0.0,0.6
W1,Electricity Charges upto 50 Units,Gents Sponge Chappal Bata,0,-0.053925,-0.053925,17,0.0,0.6
W1,Electricity Charges upto 50 Units,Georgette (Average Quality),0,-0.07070217647058824,0.440068,17,0.0,0.6
W1,Electricity Charges upto 50 Units,Gur (Average Quality),3,0.3711208235294117,0.715403,17,0.1765,0.6
W1,Electricity Charges upto 50 Units,Hi-Speed Diesel,0,0.46458129411764704,0.472573,17,0.0,0.6
W1,Electricity Charges upto 50 Units,LPG 11.67 kg Cylinder,0,0.3279012352941177,0.409723,17,0.0,0.6
W1,Electricity Charges upto 50 Units,Ladies Sandal Bata,0,-0.053925,-0.053925,17,0.0,0.6
W1,Electricity Charges upto 50 Units,Lawn Printed Gul Ahmed/Al Karam,0,-0.02138070588235294,0.415564,17,0.0,0.6
W1,Electricity Charges upto 50 Units,"Long Cloth 57"" Gul Ahmed/Al Karam",0,0.05599964705882353,0.520171,17,0.0,0.6
W1,Electricity Charges upto 50 Units,Match Box,0,0.09433217647058824,0.545235,17,0.0,0.6
W1,Electricity Charges upto 50 Units,Milk fresh (Un-boiled),1,0.12764411764705882,0.644013,17,0.0588,0.6
W1,Electricity Charges upto 50 Units,Mustard Oil (Average Quality),0,-0.13865241176470589,0.204282,17,0.0,0.6
W1,Electricity Charges upto 50 Units,Mutton (Average Quality),0,0.035438,0.30371,17,0.0,0.6
W1,Electricity Charges upto 50 Units,Onions,0,0.11923829411764707,0.245262,17,0.0,0.6
W1,Electricity Charges upto 50 Units,Petrol Super,0,0.3984393529411765,0.410022,17,0.0,0.6
W1,Electricity Charges upto 50 Units,Potatoes,0,-0.021366117647058824,0.130897,17,0.0,0.6
W1,Electricity Charges upto 50 Units,Powdered Milk NIDO 390 gm Polybag,6,0.5694891176470588,0.70194,17,0.3529,0.6
W1,Electricity Charges upto 50 Units,Pulse Gram,0,0.023278705882352944,0.353046,17,0.0,0.6
W1,Electricity Charges upto 50 Units,Pulse Mash (Washed),1,0.3311634705882353,0.609202,17,0.0588,0.6
W1,Electricity Charges upto 50 Units,Pulse Masoor (Washed),0,0.05341182352941176,0.32887,17,0.0,0.6
W1,Electricity Charges upto 50 Units,Pulse Moong (Washed),0,0.08380676470588234,0.309336,17,0.0,0.6
W1,Electricity Charges upto 50 Units,Rice Basmati Broken (Average Quality),2,0.3406944117647059,0.635371,17,0.1176,0.6
W1,Electricity Charges upto 50 Units,Rice IRRI-6/9 (Sindh/Punjab),0,0.24271635714285716,0.583177,14,0.0,0.6
W1,Electricity Charges upto 50 Units,Salt Powdered (NATIONAL/SHAN) 800 gm Packet,0,0.07303311764705882,0.495662,17,0.0,0.6
W1,Electricity Charges upto 50 Units,Shirting (Average Quality),1,0.09314423529411764,0.668299,17,0.0588,0.6
W1,Electricity Charges upto 50 Units,Sufi Washing Soap 250 gm Cake,2,0.07833882352941177,0.728965,17,0.1176,0.6
W1,Electricity Charges upto 50 Units,Sugar Refined,0,0.2951105882352941,0.360027,17,0.0,0.6
W1,Electricity Charges upto 50 Units,Tea Lipton Yellow Label 190 gm Packet,0,-0.22069652941176468,0.018159,17,0.0,0.6
W1,Electricity Charges upto 50 Units,Tea Prepared Ordinary,1,0.07723288235294119,0.616583,17,0.0588,0.6
W1,Electricity Charges upto 50 Units,Telephone Call Charges,0,0.0,0.0,17,0.0,0.6
W1,Electricity Charges upto 50 Units,Toilet Soap LIFEBUOY 115 gm,2,0.09930858823529412,0.744276,17,0.1176,0.6
W1,Electricity Charges upto 50 Units,Tomatoes,0,0.2798195294117647,0.522638,17,0.0,0.6
W1,Electricity Charges upto 50 Units,Vegetable Ghee DALDA/HABIB 2.5 kg Tin,0,-0.18965917647058825,0.023982,17,0.0,0.6
W1,Electricity Charges upto 50 Units,Vegetable Ghee DALDA/HABIB or Other Superior Quality 1 kg Pouch,0,-0.14844586666666668,0.107568,15,0.0,0.6
W1,Electricity Charges upto 50 Units,Wheat Flour Bag,0,-0.055309411764705885,0.307418,17,0.0,0.6
W1,Energy Saver Philips 14 Watt,Firewood Whole,2,0.14341258823529413,0.715165,17,0.1176,0.6
W1,Energy Saver Philips 14 Watt,Garlic (Lehsun),2,0.10450476470588237,0.785463,17,0.1176,0.6
W1,Energy Saver Philips 14 Watt,Gas Charges upto 3.3719 MMBTU,1,0.0715762,0.805011,15,0.0667,0.6
W1,Energy Saver Philips 14 Watt,Gents Sandal Bata,2,0.18580435294117648,0.620755,17,0.1176,0.6
W1,Energy Saver Philips 14 Watt,Gents Sponge Chappal Bata,2,0.14188217647058823,0.69393,17,0.1176,0.6
W1,Energy Saver Philips 14 Watt,Georgette (Average Quality),0,0.10357035294117647,0.57289,17,0.0,0.6
W1,Energy Saver Philips 14 Watt,Gur (Average Quality),1,0.2100095294117647,0.894311,17,0.0588,0.6
W1,Energy Saver Philips 14 Watt,Hi-Speed Diesel,2,-0.06707982352941176,0.75883,17,0.1176,0.6
W1,Energy Saver Philips 14 Watt,LPG 11.67 kg Cylinder,0,-0.11906141176470587,0.579102,17,0.0,0.6
W1,Energy Saver Philips 14 Watt,Ladies Sandal Bata,2,0.14188217647058823,0.69393,17,0.1176,0.6
W1,Energy Saver Philips 14 Watt,Lawn Printed Gul Ahmed/Al Karam,0,0.030836647058823528,0.368997,17,0.0,0.6
W1,Energy Saver Philips 14 Watt,"Long Cloth 57"" Gul Ahmed/Al Karam",0,0.06386894117647059,0.537153,17,0.0,0.6
W1,Energy Saver Philips 14 Watt,Match Box,1,0.16008770588235294,0.674858,17,0.0588,0.6
W1,Energy Saver Philips 14 Watt,Milk fresh (Un-boiled),1,0.12344558823529411,0.865198,17,0.0588,0.6
W1,Energy Saver Philips 14 Watt,Mustard Oil (Average Quality),0,-0.16242105882352942,0.0,17,0.0,0.6
W1,Energy Saver Philips 14 Watt,Mutton (Average Quality),6,0.325404,0.817758,17,0.3529,0.6
W1,Energy Saver Philips 14 Watt,Onions,1,0.1682114117647059,0.616148,17,0.0588,0.6
W1,Energy Saver Philips 14 Watt,Petrol Super,2,-0.013133176470588237,0.778919,17,0.1176,0.6
W1,Energy Saver Philips 14 Watt,Potatoes,0,-0.050313882352941174,0.293571,17,0.0,0.6
W1,Energy Saver Philips 14 Watt,Powdered Milk NIDO 390 gm Polybag,2,0.25690347058823526,0.772058,17,0.1176,0.6
W1,Energy Saver Philips 14 Watt,Pulse Gram,0,0.12075541176470589,0.51299,17,0.0,0.6
W1,Energy Saver Philips 14 Watt,Pulse Mash (Washed),3,0.29801352941176473,0.803519,17,0.1765,0.6
W1,Energy Saver Philips 14 Watt,Pulse Masoor (Washed),2,0.13249205882352943,0.85672,17,0.1176,0.6
W1,Energy Saver Philips 14 Watt,Pulse Moong (Washed),1,0.07495764705882353,0.635754,17,0.0588,0.6
W1,Energy Saver Philips 14 Watt,Rice Basmati Broken (Average Quality),5,0.2517305294117647,0.687575,17,0.2941,0.6
W1,Energy Saver Philips 14 Watt,Rice IRRI-6/9 (Sindh/Punjab),0,0.25354135714285714,0.534674,14,0.0,0.6
W1,Energy Saver Philips 14 Watt,Salt Powdered (NATIONAL/SHAN) 800 gm Packet,1,0.15149570588235295,0.838099,17,0.0588,0.6
W1,Energy Saver Philips 14 Watt,Shirting (Average Quality),1,0.15360723529411766,0.603005,17,0.0588,0.6
W1,Energy Saver Philips 14 Watt,Sufi Washing Soap 250 gm Cake,0,0.06809752941176471,0.465863,17,0.0,0.6
W1,Energy Saver Philips 14 Watt,Sugar Refined,0,0.1608845882352941,0.598449,17,0.0,0.6
W1,Energy Saver Philips 14 Watt,Tea Lipton Yellow Label 190 gm Packet,0,-0.03568394117647059,0.29418,17,0.0,0.6
W1,Energy Saver Philips 14 Watt,Tea Prepared Ordinary,4,0.2593813529411765,1.0,17,0.2353,0.6
W1,Energy Saver Philips 14 Watt,Telephone Call Charges,0,0.0,0.0,17,0.0,0.6
W1,Energy Saver Philips 14 Watt,Toilet Soap LIFEBUOY 115 gm,3,0.15603658823529412,0.77416,17,0.1765,0.6
W1,Energy Saver Philips 14 Watt,Tomatoes,0,0.11445364705882352,0.467236,17,0.0,0.6
W1,Energy Saver Philips 14 Watt,Vegetable Ghee DALDA/HABIB 2.5 kg Tin,0,-0.3130777058823529,0.066004,17,0.0,0.6
W1,Energy Saver Philips 14 Watt,Vegetable Ghee DALDA/HABIB or Other Superior Quality 1 kg Pouch,0,-0.27571513333333336,0.056069,15,0.0,0.6
W1,Energy Saver Philips 14 Watt,Wheat Flour Bag,0,-0.015897117647058825,0.467869,17,0.0,0.6
W1,Firewood Whole,Garlic (Lehsun),1,0.25327752941176473,0.675977,17,0.0588,0.6
W1,Firewood Whole,Gas Charges upto 3.3719 MMBTU,3,0.32287273333333333,0.98774,15,0.2,0.6
W1,Firewood Whole,Gents Sandal Bata,1,-0.014040176470588235,0.603196,17,0.0588,0.6
W1,Firewood Whole,Gents Sponge Chappal Bata,0,-0.04778958823529412,0.274056,17,0.0,0.6
W1,Firewood Whole,Georgette (Average Quality),0,0.031457647058823535,0.444586,17,0.0,0.6
W1,Firewood Whole,Gur (Average Quality),0,0.018571823529411762,0.543699,17,0.0,0.6
W1,Firewood Whole,Hi-Speed Diesel,0,-0.028905411764705877,0.456106,17,0.0,0.6
W1,Firewood Whole,LPG 11.67 kg Cylinder,0,0.1769064705882353,0.524282,17,0.0,0.6
W1,Firewood Whole,Ladies Sandal Bata,0,-0.04778958823529412,0.274056,17,0.0,0.6
W1,Firewood Whole,Lawn Printed Gul Ahmed/Al Karam,0,0.008334470588235294,0.141686,17,0.0,0.6
W1,Firewood Whole,"Long Cloth 57"" Gul Ahmed/Al Karam",1,0.07199205882352941,0.734316,17,0.0588,0.6
W1,Firewood Whole,Match Box,1,0.12361329411764706,0.960071,17,0.0588,0.6
W1,Firewood Whole,Milk fresh (Un-boiled),0,-0.007360000000000004,0.483195,17,0.0,0.6
W1,Firewood Whole,Mustard Oil (Average Quality),0,-0.21305588235294118,0.238377,17,0.0,0.6
W1,Firewood Whole,Mutton (Average Quality),0,0.1205415294117647,0.429039,17,0.0,0.6
W1,Firewood Whole,Onions,2,0.3457909411764706,0.674513,17,0.1176,0.6
W1,Firewood Whole,Petrol Super,0,-0.05863135294117647,0.503271,17,0.0,0.6
W1,Firewood Whole,Potatoes,0,-0.306713,0.168686,17,0.0,0.6
W1,Firewood Whole,Powdered Milk NIDO 390 gm Polybag,2,0.07462682352941176,0.82488,17,0.1176,0.6
W1,Firewood Whole,Pulse Gram,2,0.18634323529411767,0.671749,17,0.1176,0.6
W1,Firewood Whole,Pulse Mash (Washed),0,0.04317294117647059,0.496322,17,0.0,0.6
W1,Firewood Whole,Pulse Masoor (Washed),1,0.1236355294117647,0.672689,17,0.0588,0.6
W1,Firewood Whole,Pulse Moong (Washed),1,0.20757511764705883,0.626603,17,0.0588,0.6
W1,Firewood Whole,Rice Basmati Broken (Average Quality),0,-0.005150235294117652,0.58612,17,0.0,0.6
W1,Firewood Whole,Rice IRRI-6/9 (Sindh/Punjab),2,0.049908999999999995,0.860147,14,0.1429,0.6
W1,Firewood Whole,Salt Powdered (NATIONAL/SHAN) 800 gm Packet,0,0.10641988235294118,0.521996,17,0.0,0.6
W1,Firewood Whole,Shirting (Average Quality),0,0.035647705882352936,0.538449,17,0.0,0.6
W1,Firewood Whole,Sufi Washing Soap 250 gm Cake,0,-0.019250117647058827,0.530443,17,0.0,0.6
W1,Firewood Whole,Sugar Refined,0,0.030233,0.370901,17,0.0,0.6
W1,Firewood Whole,Tea Lipton Yellow Label 190 gm Packet,0,-0.11775147058823529,0.42587,17,0.0,0.6
W1,Firewood Whole,Tea Prepared Ordinary,0,0.10470370588235293,0.413987,17,0.0,0.6
W1,Firewood Whole,Telephone Call Charges,0,0.0,0.0,17,0.0,0.6
W1,Firewood Whole,Toilet Soap LIFEBUOY 115 gm,1,-0.013631470588235292,0.791438,17,0.0588,0.6
W1,Firewood Whole,Tomatoes,0,-0.00035952941176470787,0.311781,17,0.0,0.6
W1,Firewood Whole,Vegetable Ghee DALDA/HABIB 2.5 kg Tin,0,-0.223903,0.370821,17,0.0,0.6
W1,Firewood Whole,Vegetable Ghee DALDA/HABIB or Other Superior Quality 1 kg Pouch,0,-0.1559178,0.482972,15,0.0,0.6
W1,Firewood Whole,Wheat Flour Bag,0,-0.010260058823529409,0.275667,17,0.0,0.6
W1,Garlic (Lehsun),Gas Charges upto 3.3719 MMBTU,1,0.32537340000000003,0.634001,15,0.0667,0.6
W1,Garlic (Lehsun),Gents Sandal Bata,0,0.06457176470588236,0.449409,17,0.0,0.6
W1,Garlic (Lehsun),Gents Sponge Chappal Bata,0,-0.17717435294117648,0.235703,17,0.0,0.6
W1,Garlic (Lehsun),Georgette (Average Quality),0,-0.00286588235294117,0.430394,17,0.0,0.6
W1,Garlic (Lehsun),Gur (Average Quality),0,0.08797158823529412,0.534,17,0.0,0.6
W1,Garlic (Lehsun),Hi-Speed Diesel,1,0.35194447058823525,0.626797,17,0.0588,0.6
W1,Garlic (Lehsun),LPG 11.67 kg Cylinder,2,0.3417228823529412,0.728825,17,0.1176,0.6
W1,Garlic (Lehsun),Ladies Sandal Bata,0,-0.17717435294117648,0.235703,17,0.0,0.6
W1,Garlic (Lehsun),Lawn Printed Gul Ahmed/Al Karam,2,-0.028489058823529412,0.696409,17,0.1176,0.6
W1,Garlic (Lehsun),"Long Cloth 57"" Gul Ahmed/Al Karam",2,0.09867817647058826,0.699716,17,0.1176,0.6
W1,Garlic (Lehsun),Match Box,0,0.05556376470588235,0.572297,17,0.0,0.6
W1,Garlic (Lehsun),Milk fresh (Un-boiled),0,0.11291229411764706,0.530557,17,0.0,0.6
W1,Garlic (Lehsun),Mustard Oil (Average Quality),0,-0.19535588235294118,0.353624,17,0.0,0.6
W1,Garlic (Lehsun),Mutton (Average Quality),0,0.12108223529411764,0.480415,17,0.0,0.6
W1,Garlic (Lehsun),Onions,2,0.486545294117647,0.763067,17,0.1176,0.6
W1,Garlic (Lehsun),Petrol Super,0,0.23581517647058825,0.524494,17,0.0,0.6
W1,Garlic (Lehsun),Potatoes,0,-0.144788,0.127516,17,0.0,0.6
W1,Garlic (Lehsun),Powdered Milk NIDO 390 gm Polybag,2,0.31793482352941177,0.756341,17,0.1176,0.6
W1,Garlic (Lehsun),Pulse Gram,1,0.10849311764705882,0.67266,17,0.0588,0.6
W1,Garlic (Lehsun),Pulse Mash (Washed),2,0.39571917647058824,0.654185,17,0.1176,0.6
W1,Garlic (Lehsun),Pulse Masoor (Washed),2,0.39063664705882356,0.790671,17,0.1176,0.6
W1,Garlic (Lehsun),Pulse Moong (Washed),0,0.2452624705882353,0.558829,17,0.0,0.6
W1,Garlic (Lehsun),Rice Basmati Broken (Average Quality),0,0.13751717647058823,0.586955,17,0.0,0.6
W1,Garlic (Lehsun),Rice IRRI-6/9 (Sindh/Punjab),0,0.1656075714285714,0.593438,14,0.0,0.6
W1,Garlic (Lehsun),Salt Powdered (NATIONAL/SHAN) 800 gm Packet,2,0.34122411764705884,0.6947,17,0.1176,0.6
W1,Garlic (Lehsun),Shirting (Average Quality),3,0.12033052941176473,0.737261,17,0.1765,0.6
W1,Garlic (Lehsun),Sufi Washing Soap 250 gm Cake,0,-0.016979411764705882,0.451879,17,0.0,0.6
W1,Garlic (Lehsun),Sugar Refined,0,0.09253770588235295,0.3933,17,0.0,0.6
W1,Garlic (Lehsun),Tea Lipton Yellow Label 190 gm Packet,0,-0.08858629411764707,0.439459,17,0.0,0.6
W1,Garlic (Lehsun),Tea Prepared Ordinary,2,0.25295682352941173,0.710218,17,0.1176,0.6
W1,Garlic (Lehsun),Telephone Call Charges,0,0.0,0.0,17,0.0,0.6
W1,Garlic (Lehsun),Toilet Soap LIFEBUOY 115 gm,0,0.012552294117647059,0.58448,17,0.0,0.6
W1,Garlic (Lehsun),Tomatoes,0,0.13004570588235295,0.545154,17,0.0,0.6
W1,Garlic (Lehsun),Vegetable Ghee DALDA/HABIB 2.5 kg Tin,0,-0.39508629411764706,0.144113,17,0.0,0.6
W1,Garlic (Lehsun),Vegetable Ghee DALDA/HABIB or Other Superior Quality 1 kg Pouch,0,-0.3712352666666667,-0.109804,15,0.0,0.6
W1,Garlic (Lehsun),Wheat Flour Bag,0,-0.013396588235294118,0.222473,17,0.0,0.6
W1,Gas Charges upto 3.3719 MMBTU,Gents Sandal Bata,0,0.0,0.0,15,0.0,0.6
W1,Gas Charges upto 3.3719 MMBTU,Gents Sponge Chappal Bata,0,0.0,0.0,15,0.0,0.6
W1,Gas Charges upto 3.3719 MMBTU,Georgette (Average Quality),1,0.12470513333333333,0.731864,15,0.0667,0.6
W1,Gas Charges upto 3.3719 MMBTU,Gur (Average Quality),0,-0.19785606666666666,0.098217,15,0.0,0.6
W1,Gas Charges upto 3.3719 MMBTU,Hi-Speed Diesel,0,-0.3244134666666667,-0.319635,15,0.0,0.6
W1,Gas Charges upto 3.3719 MMBTU,LPG 11.67 kg Cylinder,0,0.03836546666666667,0.254442,15,0.0,0.6
W1,Gas Charges upto 3.3719 MMBTU,Ladies Sandal Bata,0,0.0,0.0,15,0.0,0.6
W1,Gas Charges upto 3.3719 MMBTU,Lawn Printed Gul Ahmed/Al Karam,0,0.013292666666666668,0.097593,15,0.0,0.6
W1,Gas Charges upto 3.3719 MMBTU,"Long Cloth 57"" Gul Ahmed/Al Karam",1,0.07955586666666667,0.720396,15,0.0667,0.6
W1,Gas Charges upto 3.3719 MMBTU,Match Box,2,0.1101806,0.718671,15,0.1333,0.6
W1,Gas Charges upto 3.3719 MMBTU,Milk fresh (Un-boiled),0,0.00022846666666666472,0.186133,15,0.0,0.6
W1,Gas Charges upto 3.3719 MMBTU,Mustard Oil (Average Quality),0,-0.09355053333333332,0.35109,15,0.0,0.6
W1,Gas Charges upto 3.3719 MMBTU,Mutton (Average Quality),0,0.12044153333333334,0.455999,15,0.0,0.6
W1,Gas Charges upto 3.3719 MMBTU,Onions,2,0.47263166666666667,0.628633,15,0.1333,0.6
W1,Gas Charges upto 3.3719 MMBTU,Petrol Super,0,-0.2993979333333333,-0.298029,15,0.0,0.6
W1,Gas Charges upto 3.3719 MMBTU,Potatoes,0,-0.31838266666666665,-0.189503,15,0.0,0.6
W1,Gas Charges upto 3.3719 MMBTU,Powdered Milk NIDO 390 gm Polybag,0,-0.007536333333333334,0.07024,15,0.0,0.6
W1,Gas Charges upto 3.3719 MMBTU,Pulse Gram,0,0.15736,0.386412,15,0.0,0.6
W1,Gas Charges upto 3.3719 MMBTU,Pulse Mash (Washed),0,0.045952066666666666,0.193792,15,0.0,0.6
W1,Gas Charges upto 3.3719 MMBTU,Pulse Masoor (Washed),0,0.16964053333333332,0.469387,15,0.0,0.6
W1,Gas Charges upto 3.3719 MMBTU,Pulse Moong (Washed),1,0.17828073333333333,0.716282,15,0.0667,0.6
W1,Gas Charges upto 3.3719 MMBTU,Rice Basmati Broken (Average Quality),0,-0.17120846666666667,0.059415,15,0.0,0.6
W1,Gas Charges upto 3.3719 MMBTU,Rice IRRI-6/9 (Sindh/Punjab),1,-0.05122158333333333,0.632746,12,0.0833,0.6
W1,Gas Charges upto 3.3719 MMBTU,Salt Powdered (NATIONAL/SHAN) 800 gm Packet,3,0.27461373333333333,0.81359,15,0.2,0.6
W1,Gas Charges upto 3.3719 MMBTU,Shirting (Average Quality),1,0.14945746666666665,0.861726,15,0.0667,0.6
W1,Gas Charges upto 3.3719 MMBTU,Sufi Washing Soap 250 gm Cake,0,-0.03622040000000001,0.222317,15,0.0,0.6
W1,Gas Charges upto 3.3719 MMBTU,Sugar Refined,0,-0.0861152,0.033761,15,0.0,0.6
W1,Gas Charges upto 3.3719 MMBTU,Tea Lipton Yellow Label 190 gm Packet,1,0.06923146666666667,0.600077,15,0.0667,0.6
W1,Gas Charges upto 3.3719 MMBTU,Tea Prepared Ordinary,2,0.24430493333333334,0.927497,15,0.1333,0.6
W1,Gas Charges upto 3.3719 MMBTU,Telephone Call Charges,0,0.0,0.0,15,0.0,0.6
W1,Gas Charges upto 3.3719 MMBTU,Toilet Soap LIFEBUOY 115 gm,0,0.005678066666666666,0.046711,15,0.0,0.6
W1,Gas Charges upto 3.3719 MMBTU,Tomatoes,0,-0.18665746666666666,0.068802,15,0.0,0.6
W1,Gas Charges upto 3.3719 MMBTU,Vegetable Ghee DALDA/HABIB 2.5 kg Tin,0,-0.36080206666666664,-0.044112,15,0.0,0.6
W1,Gas Charges upto 3.3719 MMBTU,Vegetable Ghee DALDA/HABIB or Other Superior Quality 1 kg Pouch,0,-0.39185928571428574,-0.081353,14,0.0,0.6
W1,Gas Charges upto 3.3719 MMBTU,Wheat Flour Bag,0,0.05408,0.261758,15,0.0,0.6
W1,Gents Sandal Bata,Gents Sponge Chappal Bata,17,0.894551,0.894551,17,1.0,0.6
W1,Gents Sandal Bata,Georgette (Average Quality),2,0.15096347058823528,0.642162,17,0.1176,0.6
W1,Gents Sandal Bata,Gur (Average Quality),2,0.4141398823529412,0.638001,17,0.1176,0.6
W1,Gents Sandal Bata,Hi-Speed Diesel,0,-0.0010817058823529412,0.002079,17,0.0,0.6
W1,Gents Sandal Bata,LPG 11.67 kg Cylinder,0,0.1112984117647059,0.442306,17,0.0,0.6
W1,Gents Sandal Bata,Ladies Sandal Bata,17,0.894551,0.894551,17,1.0,0.6
W1,Gents Sandal Bata,Lawn Printed Gul Ahmed/Al Karam,1,0.1941599411764706,0.645334,17,0.0588,0.6
W1,Gents Sandal Bata,"Long Cloth 57"" Gul Ahmed/Al Karam",0,0.1343144117647059,0.446941,17,0.0,0.6
W1,Gents Sandal Bata,Match Box,3,0.21867141176470586,0.941889,17,0.1765,0.6
W1,Gents Sandal Bata,Milk fresh (Un-boiled),4,0.3505271176470588,0.826662,17,0.2353,0.6
W1,Gents Sandal Bata,Mustard Oil (Average Quality),0,-0.17935376470588235,0.18978,17,0.0,0.6
W1,Gents Sandal Bata,Mutton (Average Quality),6,0.35953252941176467,0.841894,17,0.3529,0.6
W1,Gents Sandal Bata,Onions,0,-0.1578840588235294,-0.002344,17,0.0,0.6
W1,Gents Sandal Bata,Petrol Super,0,0.30539476470588234,0.306083,17,0.0,0.6
W1,Gents Sandal Bata,Potatoes,0,0.24760076470588235,0.371806,17,0.0,0.6
W1,Gents Sandal Bata,Powdered Milk NIDO 390 gm Polybag,10,0.5694279411764706,0.823252,17,0.5882,0.6
W1,Gents Sandal Bata,Pulse Gram,0,0.16692382352941176,0.41288,17,0.0,0.6
W1,Gents Sandal Bata,Pulse Mash (Washed),3,0.46621682352941174,0.775466,17,0.1765,0.6
W1,Gents Sandal Bata,Pulse Masoor (Washed),1,0.4276947058823529,0.681957,17,0.0588,0.6
W1,Gents Sandal Bata,Pulse Moong (Washed),0,0.231904,0.421642,17,0.0,0.6
W1,Gents Sandal Bata,Rice Basmati Broken (Average Quality),3,0.35724223529411764,0.931327,17,0.1765,0.6
W1,Gents Sandal Bata,Rice IRRI-6/9 (Sindh/Punjab),1,0.3042038571428571,0.702667,14,0.0714,0.6
W1,Gents Sandal Bata,Salt Powdered (NATIONAL/SHAN) 800 gm Packet,0,0.163771,0.409503,17,0.0,0.6
W1,Gents Sandal Bata,Shirting (Average Quality),0,0.19583358823529412,0.422058,17,0.0,0.6
W1,Gents Sandal Bata,Sufi Washing Soap 250 gm Cake,3,0.34225594117647057,0.844931,17,0.1765,0.6
W1,Gents Sandal Bata,Sugar Refined,0,0.11623811764705883,0.355184,17,0.0,0.6
W1,Gents Sandal Bata,Tea Lipton Yellow Label 190 gm Packet,3,0.1717444117647059,0.72559,17,0.1765,0.6
W1,Gents Sandal Bata,Tea Prepared Ordinary,3,0.27885776470588236,0.941282,17,0.1765,0.6
W1,Gents Sandal Bata,Telephone Call Charges,0,0.0,0.0,17,0.0,0.6
W1,Gents Sandal Bata,Toilet Soap LIFEBUOY 115 gm,9,0.5231978235294118,0.860625,17,0.5294,0.6
W1,Gents Sandal Bata,Tomatoes,0,-0.15537458823529413,0.004208,17,0.0,0.6
W1,Gents Sandal Bata,Vegetable Ghee DALDA/HABIB 2.5 kg Tin,0,-0.17013358823529412,-0.011242,17,0.0,0.6
W1,Gents Sandal Bata,Vegetable Ghee DALDA/HABIB or Other Superior Quality 1 kg Pouch,0,-0.12658966666666668,-0.019587,15,0.0,0.6
W1,Gents Sandal Bata,Wheat Flour Bag,0,0.049465764705882355,0.348918,17,0.0,0.6
W1,Gents Sponge Chappal Bata,Georgette (Average Quality),2,0.12093623529411764,0.717859,17,0.1176,0.6
W1,Gents Sponge Chappal Bata,Gur (Average Quality),1,0.26902847058823526,0.66142,17,0.0588,0.6
W1,Gents Sponge Chappal Bata,Hi-Speed Diesel,0,-0.34762829411764706,-0.34496,17,0.0,0.6
W1,Gents Sponge Chappal Bata,LPG 11.67 kg Cylinder,0,-0.08601105882352941,0.293143,17,0.0,0.6
W1,Gents Sponge Chappal Bata,Ladies Sandal Bata,17,1.0,1.0,17,1.0,0.6
W1,Gents Sponge Chappal Bata,Lawn Printed Gul Ahmed/Al Karam,1,0.07927882352941176,0.721406,17,0.0588,0.6
W1,Gents Sponge Chappal Bata,"Long Cloth 57"" Gul Ahmed/Al Karam",0,0.022606823529411763,0.259979,17,0.0,0.6
W1,Gents Sponge Chappal Bata,Match Box,3,0.16190829411764707,0.911051,17,0.1765,0.6
W1,Gents Sponge Chappal Bata,Milk fresh (Un-boiled),4,0.26142329411764703,0.920256,17,0.2353,0.6
W1,Gents Sponge Chappal Bata,Mustard Oil (Average Quality),0,-0.14064388235294117,0.212151,17,0.0,0.6
W1,Gents Sponge Chappal Bata,Mutton (Average Quality),5,0.3521324117647059,0.894427,17,0.2941,0.6
W1,Gents Sponge Chappal Bata,Onions,0,-0.2833424705882353,-0.135602,17,0.0,0.6
W1,Gents Sponge Chappal Bata,Petrol Super,0,-0.018336411764705882,-0.017899,17,0.0,0.6
W1,Gents Sponge Chappal Bata,Potatoes,0,0.26737582352941175,0.40525,17,0.0,0.6
W1,Gents Sponge Chappal Bata,Powdered Milk NIDO 390 gm Polybag,6,0.4624344117647059,0.67967,17,0.3529,0.6
W1,Gents Sponge Chappal Bata,Pulse Gram,0,0.08949141176470589,0.440043,17,0.0,0.6
W1,Gents Sponge Chappal Bata,Pulse Mash (Washed),1,0.205611,0.720243,17,0.0588,0.6
W1,Gents Sponge Chappal Bata,Pulse Masoor (Washed),0,0.08509935294117646,0.342495,17,0.0,0.6
W1,Gents Sponge Chappal Bata,Pulse Moong (Washed),0,0.057601529411764704,0.360246,17,0.0,0.6
W1,Gents Sponge Chappal Bata,Rice Basmati Broken (Average Quality),3,0.2505344705882353,0.990341,17,0.1765,0.6
W1,Gents Sponge Chappal Bata,Rice IRRI-6/9 (Sindh/Punjab),0,0.15621385714285713,0.508793,14,0.0,0.6
W1,Gents Sponge Chappal Bata,Salt Powdered (NATIONAL/SHAN) 800 gm Packet,0,0.024869058823529414,0.258886,17,0.0,0.6
W1,Gents Sponge Chappal Bata,Shirting (Average Quality),0,0.09138864705882353,0.388179,17,0.0,0.6
W1,Gents Sponge Chappal Bata,Sufi Washing Soap 250 gm Cake,3,0.3122077058823529,0.944531,17,0.1765,0.6
W1,Gents Sponge Chappal Bata,Sugar Refined,0,-0.052912647058823536,0.198752,17,0.0,0.6
W1,Gents Sponge Chappal Bata,Tea Lipton Yellow Label 190 gm Packet,5,0.21284917647058824,0.811122,17,0.2941,0.6
W1,Gents Sponge Chappal Bata,Tea Prepared Ordinary,3,0.17827164705882353,0.935407,17,0.1765,0.6
W1,Gents Sponge Chappal Bata,Telephone Call Charges,0,0.0,0.0,17,0.0,0.6
W1,Gents Sponge Chappal Bata,Toilet Soap LIFEBUOY 115 gm,10,0.5404517058823529,0.962075,17,0.5882,0.6
W1,Gents Sponge Chappal Bata,Tomatoes,0,-0.1368519411764706,0.015734,17,0.0,0.6
W1,Gents Sponge Chappal Bata,Vegetable Ghee DALDA/HABIB 2.5 kg Tin,0,-0.04792494117647059,0.0,17,0.0,0.6
W1,Gents Sponge Chappal Bata,Vegetable Ghee DALDA/HABIB or Other Superior Quality 1 kg Pouch,0,-0.031090200000000002,0.0,15,0.0,0.6
W1,Gents Sponge Chappal Bata,Wheat Flour Bag,0,0.06440829411764705,0.398119,17,0.0,0.6
W1,Georgette (Average Quality),Gur (Average Quality),2,0.20954011764705882,0.657165,17,0.1176,0.6
W1,Georgette (Average Quality),Hi-Speed Diesel,0,0.010420941176470591,0.440477,17,0.0,0.6
W1,Georgette (Average Quality),LPG 11.67 kg Cylinder,0,-0.017875411764705886,0.415182,17,0.0,0.6
W1,Georgette (Average Quality),Ladies Sandal Bata,2,0.12093623529411764,0.717859,17,0.1176,0.6
W1,Georgette (Average Quality),Lawn Printed Gul Ahmed/Al Karam,5,0.3683754705882353,1.0,17,0.2941,0.6
W1,Georgette (Average Quality),"Long Cloth 57"" Gul Ahmed/Al Karam",4,0.29672511764705883,1.0,17,0.2353,0.6
W1,Georgette (Average Quality),Match Box,1,0.16805870588235294,0.663487,17,0.0588,0.6
W1,Georgette (Average Quality),Milk fresh (Un-boiled),5,0.2903471764705883,1.0,17,0.2941,0.6
W1,Georgette (Average Quality),Mustard Oil (Average Quality),0,-0.17682617647058824,0.087572,17,0.0,0.6
W1,Georgette (Average Quality),Mutton (Average Quality),3,0.35785535294117643,0.693525,17,0.1765,0.6
W1,Georgette (Average Quality),Onions,0,-0.13853982352941177,0.393301,17,0.0,0.6
W1,Georgette (Average Quality),Petrol Super,0,0.05577329411764706,0.414224,17,0.0,0.6
W1,Georgette (Average Quality),Potatoes,0,0.12664435294117649,0.532829,17,0.0,0.6
W1,Georgette (Average Quality),Powdered Milk NIDO 390 gm Polybag,0,0.15348699999999998,0.533437,17,0.0,0.6
W1,Georgette (Average Quality),Pulse Gram,0,-0.07263423529411765,0.421996,17,0.0,0.6
W1,Georgette (Average Quality),Pulse Mash (Washed),1,0.15441882352941175,0.641027,17,0.0588,0.6
W1,Georgette (Average Quality),Pulse Masoor (Washed),1,0.08636470588235294,0.758932,17,0.0588,0.6
W1,Georgette (Average Quality),Pulse Moong (Washed),0,0.03957270588235294,0.280694,17,0.0,0.6
W1,Georgette (Average Quality),Rice Basmati Broken (Average Quality),1,0.17934605882352941,0.636065,17,0.0588,0.6
W1,Georgette (Average Quality),Rice IRRI-6/9 (Sindh/Punjab),2,0.24755485714285716,0.757188,14,0.1429,0.6
W1,Georgette (Average Quality),Salt Powdered (NATIONAL/SHAN) 800 gm Packet,0,0.13648388235294118,0.586164,17,0.0,0.6
W1,Georgette (Average Quality),Shirting (Average Quality),9,0.5065702352941176,1.0,17,0.5294,0.6
W1,Georgette (Average Quality),Sufi Washing Soap 250 gm Cake,5,0.2883839411764706,0.999488,17,0.2941,0.6
W1,Georgette (Average Quality),Sugar Refined,2,0.22541882352941178,0.633722,17,0.1176,0.6
W1,Georgette (Average Quality),Tea Lipton Yellow Label 190 gm Packet,2,0.23507388235294116,0.980847,17,0.1176,0.6
W1,Georgette (Average Quality),Tea Prepared Ordinary,1,0.1749025294117647,0.722416,17,0.0588,0.6
W1,Georgette (Average Quality),Telephone Call Charges,0,0.0,0.0,17,0.0,0.6
W1,Georgette (Average Quality),Toilet Soap LIFEBUOY 115 gm,1,0.15611376470588234,0.733646,17,0.0588,0.6
W1,Georgette (Average Quality),Tomatoes,0,-0.04537529411764706,0.373699,17,0.0,0.6
W1,Georgette (Average Quality),Vegetable Ghee DALDA/HABIB 2.5 kg Tin,1,-0.09616588235294117,0.691796,17,0.0588,0.6
W1,Georgette (Average Quality),Vegetable Ghee DALDA/HABIB or Other Superior Quality 1 kg Pouch,0,-0.3031416666666667,0.272239,15,0.0,0.6
W1,Georgette (Average Quality),Wheat Flour Bag,5,0.3133289411764706,0.916067,17,0.2941,0.6
W1,Gur (Average Quality),Hi-Speed Diesel,3,0.345176,0.802568,17,0.1765,0.6
W1,Gur (Average Quality),LPG 11.67 kg Cylinder,0,0.04378452941176471,0.430649,17,0.0,0.6
W1,Gur (Average Quality),Ladies Sandal Bata,1,0.26902847058823526,0.66142,17,0.0588,0.6
W1,Gur (Average Quality),Lawn Printed Gul Ahmed/Al Karam,2,0.2957995882352941,0.821802,17,0.1176,0.6
W1,Gur (Average Quality),"Long Cloth 57"" Gul Ahmed/Al Karam",2,0.18378176470588234,0.818604,17,0.1176,0.6
W1,Gur (Average Quality),Match Box,2,0.25270282352941176,0.725129,17,0.1176,0.6
W1,Gur (Average Quality),Milk fresh (Un-boiled),3,0.4518925294117647,0.881696,17,0.1765,0.6
W1,Gur (Average Quality),Mustard Oil (Average Quality),0,-0.134436,0.474014,17,0.0,0.6
W1,Gur (Average Quality),Mutton (Average Quality),1,0.2507082352941176,0.776846,17,0.0588,0.6
W1,Gur (Average Quality),Onions,0,-0.17788111764705883,0.13025,17,0.0,0.6
W1,Gur (Average Quality),Petrol Super,3,0.4739897058823529,0.844585,17,0.1765,0.6
W1,Gur (Average Quality),Potatoes,0,0.1433071176470588,0.521415,17,0.0,0.6
W1,Gur (Average Quality),Powdered Milk NIDO 390 gm Polybag,5,0.48635935294117644,0.685862,17,0.2941,0.6
W1,Gur (Average Quality),Pulse Gram,0,0.21041041176470587,0.49413,17,0.0,0.6
W1,Gur (Average Quality),Pulse Mash (Washed),8,0.5492685294117647,0.858486,17,0.4706,0.6
W1,Gur (Average Quality),Pulse Masoor (Washed),3,0.3669300588235294,0.837992,17,0.1765,0.6
W1,Gur (Average Quality),Pulse Moong (Washed),0,0.17495129411764704,0.549161,17,0.0,0.6
W1,Gur (Average Quality),Rice Basmati Broken (Average Quality),5,0.4866031176470589,0.852153,17,0.2941,0.6
W1,Gur (Average Quality),Rice IRRI-6/9 (Sindh/Punjab),6,0.5303776428571428,0.878454,14,0.4286,0.6
W1,Gur (Average Quality),Salt Powdered (NATIONAL/SHAN) 800 gm Packet,0,0.13283423529411764,0.470009,17,0.0,0.6
W1,Gur (Average Quality),Shirting (Average Quality),3,0.28317547058823533,0.774824,17,0.1765,0.6
W1,Gur (Average Quality),Sufi Washing Soap 250 gm Cake,2,0.35895823529411763,0.714011,17,0.1176,0.6
W1,Gur (Average Quality),Sugar Refined,10,0.6507605882352941,0.892611,17,0.5882,0.6
W1,Gur (Average Quality),Tea Lipton Yellow Label 190 gm Packet,1,0.0582074705882353,0.633599,17,0.0588,0.6
W1,Gur (Average Quality),Tea Prepared Ordinary,3,0.22436370588235294,0.807875,17,0.1765,0.6
W1,Gur (Average Quality),Telephone Call Charges,0,0.0,0.0,17,0.0,0.6
W1,Gur (Average Quality),Toilet Soap LIFEBUOY 115 gm,1,0.3070733529411765,0.755343,17,0.0588,0.6
W1,Gur (Average Quality),Tomatoes,0,0.008589294117647054,0.474413,17,0.0,0.6
W1,Gur (Average Quality),Vegetable Ghee DALDA/HABIB 2.5 kg Tin,0,-0.2112378823529412,0.43297,17,0.0,0.6
W1,Gur (Average Quality),Vegetable Ghee DALDA/HABIB or Other Superior Quality 1 kg Pouch,0,-0.20823280000000002,0.048343,15,0.0,0.6
W1,Gur (Average Quality),Wheat Flour Bag,2,0.29611217647058824,0.890145,17,0.1176,0.6
W1,Hi-Speed Diesel,LPG 11.67 kg Cylinder,12,0.5782690588235294,0.74188,17,0.7059,0.6
W1,Hi-Speed Diesel,Ladies Sandal Bata,0,-0.34762829411764706,-0.34496,17,0.0,0.6
W1,Hi-Speed Diesel,Lawn Printed Gul Ahmed/Al Karam,3,0.19024252941176473,0.765252,17,0.1765,0.6
W1,Hi-Speed Diesel,"Long Cloth 57"" Gul Ahmed/Al Karam",2,0.15058176470588236,0.761159,17,0.1176,0.6
W1,Hi-Speed Diesel,Match Box,1,0.045624823529411766,0.694655,17,0.0588,0.6
W1,Hi-Speed Diesel,Milk fresh (Un-boiled),1,0.09248194117647059,0.603408,17,0.0588,0.6
W1,Hi-Speed Diesel,Mustard Oil (Average Quality),0,0.06112394117647059,0.567634,17,0.0,0.6
W1,Hi-Speed Diesel,Mutton (Average Quality),0,-0.1351383529411765,0.304363,17,0.0,0.6
W1,Hi-Speed Diesel,Onions,0,-0.05566311764705883,0.141508,17,0.0,0.6
W1,Hi-Speed Diesel,Petrol Super,17,0.8932134117647059,0.894864,17,1.0,0.6
W1,Hi-Speed Diesel,Potatoes,0,0.11654635294117646,0.268885,17,0.0,0.6
W1,Hi-Speed Diesel,Powdered Milk NIDO 390 gm Polybag,1,0.27071917647058824,0.607413,17,0.0588,0.6
W1,Hi-Speed Diesel,Pulse Gram,0,0.09948747058823529,0.433929,17,0.0,0.6
W1,Hi-Speed Diesel,Pulse Mash (Washed),4,0.43717176470588237,0.700206,17,0.2353,0.6
W1,Hi-Speed Diesel,Pulse Masoor (Washed),7,0.5084988235294118,0.757901,17,0.4118,0.6
W1,Hi-Speed Diesel,Pulse Moong (Washed),1,0.30826752941176466,0.625016,17,0.0588,0.6
W1,Hi-Speed Diesel,Rice Basmati Broken (Average Quality),3,0.27293829411764703,0.789229,17,0.1765,0.6
W1,Hi-Speed Diesel,Rice IRRI-6/9 (Sindh/Punjab),1,0.25295692857142854,0.661739,14,0.0714,0.6
W1,Hi-Speed Diesel,Salt Powdered (NATIONAL/SHAN) 800 gm Packet,1,0.10529735294117648,0.722168,17,0.0588,0.6
W1,Hi-Speed Diesel,Shirting (Average Quality),1,0.1198595882352941,0.764504,17,0.0588,0.6
W1,Hi-Speed Diesel,Sufi Washing Soap 250 gm Cake,2,0.06936041176470588,0.618191,17,0.1176,0.6
W1,Hi-Speed Diesel,Sugar Refined,0,0.5216726470588235,0.582166,17,0.0,0.6
W1,Hi-Speed Diesel,Tea Lipton Yellow Label 190 gm Packet,0,-0.11603182352941177,0.08679,17,0.0,0.6
W1,Hi-Speed Diesel,Tea Prepared Ordinary,3,0.01001411764705882,0.741018,17,0.1765,0.6
W1,Hi-Speed Diesel,Telephone Call Charges,0,0.0,0.0,17,0.0,0.6
W1,Hi-Speed Diesel,Toilet Soap LIFEBUOY 115 gm,1,-0.1644411764705882,0.741032,17,0.0588,0.6
W1,Hi-Speed Diesel,Tomatoes,0,0.06820805882352941,0.156289,17,0.0,0.6
W1,Hi-Speed Diesel,Vegetable Ghee DALDA/HABIB 2.5 kg Tin,0,-0.049555,0.395888,17,0.0,0.6
W1,Hi-Speed Diesel,Vegetable Ghee DALDA/HABIB or Other Superior Quality 1 kg Pouch,0,0.0041340000000000005,0.257597,15,0.0,0.6
W1,Hi-Speed Diesel,Wheat Flour Bag,0,0.13404229411764707,0.37655,17,0.0,0.6
W1,LPG 11.67 kg Cylinder,Ladies Sandal Bata,0,-0.08601105882352941,0.293143,17,0.0,0.6
W1,LPG 11.67 kg Cylinder,Lawn Printed Gul Ahmed/Al Karam,1,0.04548923529411765,0.625158,17,0.0588,0.6
W1,LPG 11.67 kg Cylinder,"Long Cloth 57"" Gul Ahmed/Al Karam",1,0.043139529411764715,0.615793,17,0.0588,0.6
W1,LPG 11.67 kg Cylinder,Match Box,0,0.07931576470588235,0.403295,17,0.0,0.6
W1,LPG 11.67 kg Cylinder,Milk fresh (Un-boiled),0,-0.16388123529411766,0.368807,17,0.0,0.6
W1,LPG 11.67 kg Cylinder,Mustard Oil (Average Quality),2,0.014906294117647052,0.637802,17,0.1176,0.6
W1,LPG 11.67 kg Cylinder,Mutton (Average Quality),0,-0.18808235294117648,0.248217,17,0.0,0.6
W1,LPG 11.67 kg Cylinder,Onions,1,0.23312611764705882,0.672455,17,0.0588,0.6
W1,LPG 11.67 kg Cylinder,Petrol Super,5,0.5399896470588236,0.758288,17,0.2941,0.6
W1,LPG 11.67 kg Cylinder,Potatoes,0,-0.26402294117647057,-0.011754,17,0.0,0.6
W1,LPG 11.67 kg Cylinder,Powdered Milk NIDO 390 gm Polybag,0,0.2368971176470588,0.476754,17,0.0,0.6
W1,LPG 11.67 kg Cylinder,Pulse Gram,1,0.29485929411764705,0.937437,17,0.0588,0.6
W1,LPG 11.67 kg Cylinder,Pulse Mash (Washed),0,0.18319788235294118,0.385243,17,0.0,0.6
W1,LPG 11.67 kg Cylinder,Pulse Masoor (Washed),2,0.4064491764705882,0.649518,17,0.1176,0.6
W1,LPG 11.67 kg Cylinder,Pulse Moong (Washed),6,0.4448704705882353,0.739256,17,0.3529,0.6
W1,LPG 11.67 kg Cylinder,Rice Basmati Broken (Average Quality),0,0.019245941176470577,0.569083,17,0.0,0.6
W1,LPG 11.67 kg Cylinder,Rice IRRI-6/9 (Sindh/Punjab),0,0.04408521428571429,0.456746,14,0.0,0.6
W1,LPG 11.67 kg Cylinder,Salt Powdered (NATIONAL/SHAN) 800 gm Packet,0,0.08310035294117647,0.438382,17,0.0,0.6
W1,LPG 11.67 kg Cylinder,Shirting (Average Quality),1,0.012548764705882356,0.623274,17,0.0588,0.6
W1,LPG 11.67 kg Cylinder,Sufi Washing Soap 250 gm Cake,0,-0.03350570588235293,0.599809,17,0.0,0.6
W1,LPG 11.67 kg Cylinder,Sugar Refined,0,0.038378823529411764,0.34003,17,0.0,0.6
W1,LPG 11.67 kg Cylinder,Tea Lipton Yellow Label 190 gm Packet,0,-0.1870839411764706,0.09463,17,0.0,0.6
W1,LPG 11.67 kg Cylinder,Tea Prepared Ordinary,0,-0.060672411764705884,0.547773,17,0.0,0.6
W1,LPG 11.67 kg Cylinder,Telephone Call Charges,0,0.0,0.0,17,0.0,0.6
W1,LPG 11.67 kg Cylinder,Toilet Soap LIFEBUOY 115 gm,1,-0.27840876470588233,0.661138,17,0.0588,0.6
W1,LPG 11.67 kg Cylinder,Tomatoes,0,-0.09534011764705883,0.051127,17,0.0,0.6
W1,LPG 11.67 kg Cylinder,Vegetable Ghee DALDA/HABIB 2.5 kg Tin,0,0.013151647058823532,0.523356,17,0.0,0.6
W1,LPG 11.67 kg Cylinder,Vegetable Ghee DALDA/HABIB or Other Superior Quality 1 kg Pouch,0,0.11599486666666667,0.425631,15,0.0,0.6
W1,LPG 11.67 kg Cylinder,Wheat Flour Bag,0,-0.021507529411764703,0.342286,17,0.0,0.6
W1,Ladies Sandal Bata,Lawn Printed Gul Ahmed/Al Karam,1,0.07927882352941176,0.721406,17,0.0588,0.6
W1,Ladies Sandal Bata,"Long Cloth 57"" Gul Ahmed/Al Karam",0,0.022606823529411763,0.259979,17,0.0,0.6
W1,Ladies Sandal Bata,Match Box,3,0.16190829411764707,0.911051,17,0.1765,0.6
W1,Ladies Sandal Bata,Milk fresh (Un-boiled),4,0.26142329411764703,0.920256,17,0.2353,0.6
W1,Ladies Sandal Bata,Mustard Oil (Average Quality),0,-0.14064388235294117,0.212151,17,0.0,0.6
W1,Ladies Sandal Bata,Mutton (Average Quality),5,0.3521324117647059,0.894427,17,0.2941,0.6
W1,Ladies Sandal Bata,Onions,0,-0.2833424705882353,-0.135602,17,0.0,0.6
W1,Ladies Sandal Bata,Petrol Super,0,-0.018336411764705882,-0.017899,17,0.0,0.6
W1,Ladies Sandal Bata,Potatoes,0,0.26737582352941175,0.40525,17,0.0,0.6
W1,Ladies Sandal Bata,Powdered Milk NIDO 390 gm Polybag,6,0.4624344117647059,0.67967,17,0.3529,0.6
W1,Ladies Sandal Bata,Pulse Gram,0,0.08949141176470589,0.440043,17,0.0,0.6
W1,Ladies Sandal Bata,Pulse Mash (Washed),1,0.205611,0.720243,17,0.0588,0.6
W1,Ladies Sandal Bata,Pulse Masoor (Washed),0,0.08509935294117646,0.342495,17,0.0,0.6
W1,Ladies Sandal Bata,Pulse Moong (Washed),0,0.057601529411764704,0.360246,17,0.0,0.6
W1,Ladies Sandal Bata,Rice Basmati Broken (Average Quality),3,0.2505344705882353,0.990341,17,0.1765,0.6
W1,Ladies Sandal Bata,Rice IRRI-6/9 (Sindh/Punjab),0,0.15621385714285713,0.508793,14,0.0,0.6
W1,Ladies Sandal Bata,Salt Powdered (NATIONAL/SHAN) 800 gm Packet,0,0.024869058823529414,0.258886,17,0.0,0.6
W1,Ladies Sandal Bata,Shirting (Average Quality),0,0.09138864705882353,0.388179,17,0.0,0.6
W1,Ladies Sandal Bata,Sufi Washing Soap 250 gm Cake,3,0.3122077058823529,0.944531,17,0.1765,0.6
W1,Ladies Sandal Bata,Sugar Refined,0,-0.052912647058823536,0.198752,17,0.0,0.6
W1,Ladies Sandal Bata,Tea Lipton Yellow Label 190 gm Packet,5,0.21284917647058824,0.811122,17,0.2941,0.6
W1,Ladies Sandal Bata,Tea Prepared Ordinary,3,0.17827164705882353,0.935407,17,0.1765,0.6
W1,Ladies Sandal Bata,Telephone Call Charges,0,0.0,0.0,17,0.0,0.6
W1,Ladies Sandal Bata,Toilet Soap LIFEBUOY 115 gm,10,0.5404517058823529,0.962075,17,0.5882,0.6
W1,Ladies Sandal Bata,Tomatoes,0,-0.1368519411764706,0.015734,17,0.0,0.6
W1,Ladies Sandal Bata,Vegetable Ghee DALDA/HABIB 2.5 kg Tin,0,-0.04792494117647059,0.0,17,0.0,0.6
W1,Ladies Sandal Bata,Vegetable Ghee DALDA/HABIB or Other Superior Quality 1 kg Pouch,0,-0.031090200000000002,0.0,15,0.0,0.6
W1,Ladies Sandal Bata,Wheat Flour Bag,0,0.06440829411764705,0.398119,17,0.0,0.6
W1,Lawn Printed Gul Ahmed/Al Karam,"Long Cloth 57"" Gul Ahmed/Al Karam",10,0.5584794117647058,1.0,17,0.5882,0.6
W1,Lawn Printed Gul Ahmed/Al Karam,Match Box,1,0.22120870588235295,0.682559,17,0.0588,0.6
W1,Lawn Printed Gul Ahmed/Al Karam,Milk fresh (Un-boiled),2,0.23560323529411764,0.878081,17,0.1176,0.6
W1,Lawn Printed Gul Ahmed/Al Karam,Mustard Oil (Average Quality),0,-0.1087750588235294,0.33468,17,0.0,0.6
W1,Lawn Printed Gul Ahmed/Al Karam,Mutton (Average Quality),2,0.22579329411764706,0.655958,17,0.1176,0.6
W1,Lawn Printed Gul Ahmed/Al Karam,Onions,0,-0.2323764117647059,0.300159,17,0.0,0.6
W1,Lawn Printed Gul Ahmed/Al Karam,Petrol Super,3,0.24338576470588236,0.783272,17,0.1765,0.6
W1,Lawn Printed Gul Ahmed/Al Karam,Potatoes,0,0.231177,0.546462,17,0.0,0.6
W1,Lawn Printed Gul Ahmed/Al Karam,Powdered Milk NIDO 390 gm Polybag,0,0.13745188235294115,0.598409,17,0.0,0.6
W1,Lawn Printed Gul Ahmed/Al Karam,Pulse Gram,0,-0.18516817647058822,0.117146,17,0.0,0.6
W1,Lawn Printed Gul Ahmed/Al Karam,Pulse Mash (Washed),0,0.242885,0.576173,17,0.0,0.6
W1,Lawn Printed Gul Ahmed/Al Karam,Pulse Masoor (Washed),4,0.2546918235294117,0.886266,17,0.2353,0.6
W1,Lawn Printed Gul Ahmed/Al Karam,Pulse Moong (Washed),1,0.03974876470588235,0.689378,17,0.0588,0.6
W1,Lawn Printed Gul Ahmed/Al Karam,Rice Basmati Broken (Average Quality),4,0.2798011764705882,0.898268,17,0.2353,0.6
W1,Lawn Printed Gul Ahmed/Al Karam,Rice IRRI-6/9 (Sindh/Punjab),1,0.24496478571428573,0.637169,14,0.0714,0.6
W1,Lawn Printed Gul Ahmed/Al Karam,Salt Powdered (NATIONAL/SHAN) 800 gm Packet,2,0.23429635294117648,0.91661,17,0.1176,0.6
W1,Lawn Printed Gul Ahmed/Al Karam,Shirting (Average Quality),8,0.47957129411764704,0.999984,17,0.4706,0.6
W1,Lawn Printed Gul Ahmed/Al Karam,Sufi Washing Soap 250 gm Cake,8,0.40412988235294117,0.97576,17,0.4706,0.6
W1,Lawn Printed Gul Ahmed/Al Karam,Sugar Refined,1,0.3394038235294118,0.765339,17,0.0588,0.6
W1,Lawn Printed Gul Ahmed/Al Karam,Tea Lipton Yellow Label 190 gm Packet,3,0.31228982352941176,0.95106,17,0.1765,0.6
W1,Lawn Printed Gul Ahmed/Al Karam,Tea Prepared Ordinary,2,0.1829235294117647,0.757534,17,0.1176,0.6
W1,Lawn Printed Gul Ahmed/Al Karam,Telephone Call Charges,0,0.0,0.0,17,0.0,0.6
W1,Lawn Printed Gul Ahmed/Al Karam,Toilet Soap LIFEBUOY 115 gm,2,0.1819195294117647,0.767069,17,0.1176,0.6
W1,Lawn Printed Gul Ahmed/Al Karam,Tomatoes,0,-0.060061529411764715,0.131027,17,0.0,0.6
W1,Lawn Printed Gul Ahmed/Al Karam,Vegetable Ghee DALDA/HABIB 2.5 kg Tin,0,-0.20333700000000002,0.051019,17,0.0,0.6
W1,Lawn Printed Gul Ahmed/Al Karam,Vegetable Ghee DALDA/HABIB or Other Superior Quality 1 kg Pouch,0,-0.3380187333333333,0.0,15,0.0,0.6
W1,Lawn Printed Gul Ahmed/Al Karam,Wheat Flour Bag,6,0.33485547058823534,0.936165,17,0.3529,0.6
W1,"Long Cloth 57"" Gul Ahmed/Al Karam",Match Box,1,0.1666373529411765,0.633398,17,0.0588,0.6
W1,"Long Cloth 57"" Gul Ahmed/Al Karam",Milk fresh (Un-boiled),2,0.20789041176470588,1.0,17,0.1176,0.6
W1,"Long Cloth 57"" Gul Ahmed/Al Karam",Mustard Oil (Average Quality),0,-0.16856270588235292,0.384953,17,0.0,0.6
W1,"Long Cloth 57"" Gul Ahmed/Al Karam",Mutton (Average Quality),2,0.20920335294117648,0.74314,17,0.1176,0.6
W1,"Long Cloth 57"" Gul Ahmed/Al Karam",Onions,0,-0.03140629411764706,0.523318,17,0.0,0.6
W1,"Long Cloth 57"" Gul Ahmed/Al Karam",Petrol Super,2,0.159534,0.780375,17,0.1176,0.6
W1,"Long Cloth 57"" Gul Ahmed/Al Karam",Potatoes,0,0.12338788235294118,0.434771,17,0.0,0.6
W1,"Long Cloth 57"" Gul Ahmed/Al Karam",Powdered Milk NIDO 390 gm Polybag,0,0.13542029411764706,0.574431,17,0.0,0.6
W1,"Long Cloth 57"" Gul Ahmed/Al Karam",Pulse Gram,0,-0.1635370588235294,0.160543,17,0.0,0.6
W1,"Long Cloth 57"" Gul Ahmed/Al Karam",Pulse Mash (Washed),0,0.2056090588235294,0.563178,17,0.0,0.6
W1,"Long Cloth 57"" Gul Ahmed/Al Karam",Pulse Masoor (Washed),3,0.2031434705882353,0.866324,17,0.1765,0.6
W1,"Long Cloth 57"" Gul Ahmed/Al Karam",Pulse Moong (Washed),1,0.03734,0.693159,17,0.0588,0.6
W1,"Long Cloth 57"" Gul Ahmed/Al Karam",Rice Basmati Broken (Average Quality),2,0.15986582352941178,0.855045,17,0.1176,0.6
W1,"Long Cloth 57"" Gul Ahmed/Al Karam",Rice IRRI-6/9 (Sindh/Punjab),1,0.20412371428571427,0.729961,14,0.0714,0.6
W1,"Long Cloth 57"" Gul Ahmed/Al Karam",Salt Powdered (NATIONAL/SHAN) 800 gm Packet,2,0.25830629411764705,0.962708,17,0.1176,0.6
W1,"Long Cloth 57"" Gul Ahmed/Al Karam",Shirting (Average Quality),8,0.4484554705882353,0.999428,17,0.4706,0.6
W1,"Long Cloth 57"" Gul Ahmed/Al Karam",Sufi Washing Soap 250 gm Cake,5,0.23650200000000002,0.919976,17,0.2941,0.6
W1,"Long Cloth 57"" Gul Ahmed/Al Karam",Sugar Refined,1,0.19685135294117648,0.672324,17,0.0588,0.6
W1,"Long Cloth 57"" Gul Ahmed/Al Karam",Tea Lipton Yellow Label 190 gm Packet,2,0.15635182352941177,0.896215,17,0.1176,0.6
W1,"Long Cloth 57"" Gul Ahmed/Al Karam",Tea Prepared Ordinary,1,0.20370064705882354,0.695358,17,0.0588,0.6
W1,"Long Cloth 57"" Gul Ahmed/Al Karam",Telephone Call Charges,0,0.0,0.0,17,0.0,0.6
W1,"Long Cloth 57"" Gul Ahmed/Al Karam",Toilet Soap LIFEBUOY 115 gm,1,0.07384376470588236,0.777761,17,0.0588,0.6
W1,"Long Cloth 57"" Gul Ahmed/Al Karam",Tomatoes,0,-0.019903588235294117,0.296197,17,0.0,0.6
W1,"Long Cloth 57"" Gul Ahmed/Al Karam",Vegetable Ghee DALDA/HABIB 2.5 kg Tin,0,-0.27870511764705885,0.060147,17,0.0,0.6
W1,"Long Cloth 57"" Gul Ahmed/Al Karam",Vegetable Ghee DALDA/HABIB or Other Superior Quality 1 kg Pouch,0,-0.3549498,0.0,15,0.0,0.6
W1,"Long Cloth 57"" Gul Ahmed/Al Karam",Wheat Flour Bag,3,0.1657415294117647,0.968065,17,0.1765,0.6
W1,Match Box,Milk fresh (Un-boiled),5,0.283906,0.760026,17,0.2941,0.6
W1,Match Box,Mustard Oil (Average Quality),0,-0.2048765882352941,0.136598,17,0.0,0.6
W1,Match Box,Mutton (Average Quality),1,0.21176999999999999,0.7825,17,0.0588,0.6
W1,Match Box,Onions,1,0.04504288235294118,0.726094,17,0.0588,0.6
W1,Match Box,Petrol Super,1,0.054838647058823534,0.720562,17,0.0588,0.6
W1,Match Box,Potatoes,0,0.06568323529411764,0.546335,17,0.0,0.6
W1,Match Box,Powdered Milk NIDO 390 gm Polybag,1,0.14546229411764708,0.709921,17,0.0588,0.6
W1,Match Box,Pulse Gram,0,-0.02570529411764706,0.435334,17,0.0,0.6
W1,Match Box,Pulse Mash (Washed),0,0.2099235882352941,0.586234,17,0.0,0.6
W1,Match Box,Pulse Masoor (Washed),1,0.1600894705882353,0.70406,17,0.0588,0.6
W1,Match Box,Pulse Moong (Washed),0,0.010314705882352941,0.286022,17,0.0,0.6
W1,Match Box,Rice Basmati Broken (Average Quality),1,0.2470575294117647,0.611049,17,0.0588,0.6
W1,Match Box,Rice IRRI-6/9 (Sindh/Punjab),0,0.09401471428571428,0.42761,14,0.0,0.6
W1,Match Box,Salt Powdered (NATIONAL/SHAN) 800 gm Packet,1,0.21261023529411763,0.834232,17,0.0588,0.6
W1,Match Box,Shirting (Average Quality),2,0.18072141176470588,0.694798,17,0.1176,0.6
W1,Match Box,Sufi Washing Soap 250 gm Cake,3,0.2604679411764706,0.671369,17,0.1765,0.6
W1,Match Box,Sugar Refined,1,0.22694841176470587,0.712377,17,0.0588,0.6
W1,Match Box,Tea Lipton Yellow Label 190 gm Packet,1,0.1082175294117647,0.650779,17,0.0588,0.6
W1,Match Box,Tea Prepared Ordinary,1,0.1421641176470588,0.680788,17,0.0588,0.6
W1,Match Box,Telephone Call Charges,0,0.0,0.0,17,0.0,0.6
W1,Match Box,Toilet Soap LIFEBUOY 115 gm,2,0.21236111764705884,0.864039,17,0.1176,0.6
W1,Match Box,Tomatoes,0,0.09620617647058824,0.493546,17,0.0,0.6
W1,Match Box,Vegetable Ghee DALDA/HABIB 2.5 kg Tin,0,-0.25884317647058824,0.458998,17,0.0,0.6
W1,Match Box,Vegetable Ghee DALDA/HABIB or Other Superior Quality 1 kg Pouch,0,-0.25444266666666665,0.0,15,0.0,0.6
W1,Match Box,Wheat Flour Bag,3,0.2650177058823529,0.687812,17,0.1765,0.6
W1,Milk fresh (Un-boiled),Mustard Oil (Average Quality),0,-0.21054988235294117,0.384953,17,0.0,0.6
W1,Milk fresh (Un-boiled),Mutton (Average Quality),4,0.36438688235294114,0.74314,17,0.2353,0.6
W1,Milk fresh (Un-boiled),Onions,0,-0.1643530588235294,0.209807,17,0.0,0.6
W1,Milk fresh (Un-boiled),Petrol Super,1,0.17292229411764706,0.676659,17,0.0588,0.6
W1,Milk fresh (Un-boiled),Potatoes,0,0.28988211764705885,0.537558,17,0.0,0.6
W1,Milk fresh (Un-boiled),Powdered Milk NIDO 390 gm Polybag,1,0.33020576470588237,0.698725,17,0.0588,0.6
W1,Milk fresh (Un-boiled),Pulse Gram,1,-0.02976323529411765,0.688187,17,0.0588,0.6
W1,Milk fresh (Un-boiled),Pulse Mash (Washed),2,0.41600758823529416,0.718889,17,0.1176,0.6
W1,Milk fresh (Un-boiled),Pulse Masoor (Washed),3,0.1700400588235294,0.851778,17,0.1765,0.6
W1,Milk fresh (Un-boiled),Pulse Moong (Washed),0,-0.03142241176470588,0.396132,17,0.0,0.6
W1,Milk fresh (Un-boiled),Rice Basmati Broken (Average Quality),1,0.31562317647058824,0.790527,17,0.0588,0.6
W1,Milk fresh (Un-boiled),Rice IRRI-6/9 (Sindh/Punjab),2,0.260106,0.777074,14,0.1429,0.6
W1,Milk fresh (Un-boiled),Salt Powdered (NATIONAL/SHAN) 800 gm Packet,0,0.12040658823529411,0.552541,17,0.0,0.6
W1,Milk fresh (Un-boiled),Shirting (Average Quality),3,0.23122076470588238,0.774509,17,0.1765,0.6
W1,Milk fresh (Un-boiled),Sufi Washing Soap 250 gm Cake,1,0.2975875294117647,0.935201,17,0.0588,0.6
W1,Milk fresh (Un-boiled),Sugar Refined,6,0.43419476470588236,0.717003,17,0.3529,0.6
W1,Milk fresh (Un-boiled),Tea Lipton Yellow Label 190 gm Packet,4,0.29997947058823526,0.789957,17,0.2353,0.6
W1,Milk fresh (Un-boiled),Tea Prepared Ordinary,2,0.30478723529411766,0.959633,17,0.1176,0.6
W1,Milk fresh (Un-boiled),Telephone Call Charges,0,0.0,0.0,17,0.0,0.6
W1,Milk fresh (Un-boiled),Toilet Soap LIFEBUOY 115 gm,3,0.2976531176470588,0.960431,17,0.1765,0.6
W1,Milk fresh (Un-boiled),Tomatoes,0,0.08205641176470589,0.442687,17,0.0,0.6
W1,Milk fresh (Un-boiled),Vegetable Ghee DALDA/HABIB 2.5 kg Tin,0,-0.1975854705882353,0.475246,17,0.0,0.6
W1,Milk fresh (Un-boiled),Vegetable Ghee DALDA/HABIB or Other Superior Quality 1 kg Pouch,0,-0.32587273333333333,0.272262,15,0.0,0.6
W1,Milk fresh (Un-boiled),Wheat Flour Bag,0,0.2674777058823529,0.599466,17,0.0,0.6
W1,Mustard Oil (Average Quality),Mutton (Average Quality),0,-0.23527582352941176,0.269939,17,0.0,0.6
W1,Mustard Oil (Average Quality),Onions,0,-0.10254423529411764,0.418067,17,0.0,0.6
W1,Mustard Oil (Average Quality),Petrol Super,0,0.059582058823529405,0.566437,17,0.0,0.6
W1,Mustard Oil (Average Quality),Potatoes,0,-0.11657864705882354,0.445394,17,0.0,0.6
W1,Mustard Oil (Average Quality),Powdered Milk NIDO 390 gm Polybag,0,-0.3225787647058823,0.0,17,0.0,0.6
W1,Mustard Oil (Average Quality),Pulse Gram,3,0.10460770588235294,0.72541,17,0.1765,0.6
W1,Mustard Oil (Average Quality),Pulse Mash (Washed),0,-0.20370876470588234,0.228561,17,0.0,0.6
W1,Mustard Oil (Average Quality),Pulse Masoor (Washed),0,0.0022535882352941183,0.460167,17,0.0,0.6
W1,Mustard Oil (Average Quality),Pulse Moong (Washed),2,0.07769452941176469,0.669313,17,0.1176,0.6
W1,Mustard Oil (Average Quality),Rice Basmati Broken (Average Quality),0,-0.1437025294117647,0.427855,17,0.0,0.6
W1,Mustard Oil (Average Quality),Rice IRRI-6/9 (Sindh/Punjab),0,-0.11108828571428571,0.338926,14,0.0,0.6
W1,Mustard Oil (Average Quality),Salt Powdered (NATIONAL/SHAN) 800 gm Packet,0,-0.20573417647058823,0.261532,17,0.0,0.6
W1,Mustard Oil (Average Quality),Shirting (Average Quality),0,-0.22418188235294118,0.267039,17,0.0,0.6
W1,Mustard Oil (Average Quality),Sufi Washing Soap 250 gm Cake,0,-0.13769976470588235,0.370137,17,0.0,0.6
W1,Mustard Oil (Average Quality),Sugar Refined,0,-0.10232758823529411,0.270894,17,0.0,0.6
W1,Mustard Oil (Average Quality),Tea Lipton Yellow Label 190 gm Packet,0,-0.06697358823529412,0.291339,17,0.0,0.6
W1,Mustard Oil (Average Quality),Tea Prepared Ordinary,0,-0.2035026470588235,0.285682,17,0.0,0.6
W1,Mustard Oil (Average Quality),Telephone Call Charges,0,0.0,0.0,17,0.0,0.6
W1,Mustard Oil (Average Quality),Toilet Soap LIFEBUOY 115 gm,0,-0.18695305882352942,0.378795,17,0.0,0.6
W1,Mustard Oil (Average Quality),Tomatoes,0,-0.2326098823529412,0.083447,17,0.0,0.6
W1,Mustard Oil (Average Quality),Vegetable Ghee DALDA/HABIB 2.5 kg Tin,3,0.32195,0.717303,17,0.1765,0.6
W1,Mustard Oil (Average Quality),Vegetable Ghee DALDA/HABIB or Other Superior Quality 1 kg Pouch,6,0.41186126666666667,0.761212,15,0.4,0.6
W1,Mustard Oil (Average Quality),Wheat Flour Bag,0,-0.05634711764705883,0.548099,17,0.0,0.6
W1,Mutton (Average Quality),Onions,0,-0.07497970588235295,0.556899,17,0.0,0.6
W1,Mutton (Average Quality),Petrol Super,0,-0.030326117647058823,0.394453,17,0.0,0.6
W1,Mutton (Average Quality),Potatoes,0,0.1930366470588235,0.487395,17,0.0,0.6
W1,Mutton (Average Quality),Powdered Milk NIDO 390 gm Polybag,2,0.27478123529411763,0.876443,17,0.1176,0.6
W1,Mutton (Average Quality),Pulse Gram,1,-0.008028235294117643,0.632887,17,0.0588,0.6
W1,Mutton (Average Quality),Pulse Mash (Washed),2,0.2633738235294118,0.723631,17,0.1176,0.6
W1,Mutton (Average Quality),Pulse Masoor (Washed),0,0.045856117647058825,0.494718,17,0.0,0.6
W1,Mutton (Average Quality),Pulse Moong (Washed),1,0.10989105882352941,0.610988,17,0.0588,0.6
W1,Mutton (Average Quality),Rice Basmati Broken (Average Quality),4,0.2971612941176471,0.739797,17,0.2353,0.6
W1,Mutton (Average Quality),Rice IRRI-6/9 (Sindh/Punjab),1,0.28946414285714284,0.683319,14,0.0714,0.6
W1,Mutton (Average Quality),Salt Powdered (NATIONAL/SHAN) 800 gm Packet,2,0.25400729411764705,0.765701,17,0.1176,0.6
W1,Mutton (Average Quality),Shirting (Average Quality),0,0.32436929411764703,0.599109,17,0.0,0.6
W1,Mutton (Average Quality),Sufi Washing Soap 250 gm Cake,2,0.3467115294117647,0.844814,17,0.1176,0.6
W1,Mutton (Average Quality),Sugar Refined,1,0.20470176470588236,0.603186,17,0.0588,0.6
W1,Mutton (Average Quality),Tea Lipton Yellow Label 190 gm Packet,0,0.20851929411764705,0.587634,17,0.0,0.6
W1,Mutton (Average Quality),Tea Prepared Ordinary,7,0.42846988235294114,0.836654,17,0.4118,0.6
W1,Mutton (Average Quality),Telephone Call Charges,0,0.0,0.0,17,0.0,0.6
W1,Mutton (Average Quality),Toilet Soap LIFEBUOY 115 gm,8,0.4072072352941176,0.806369,17,0.4706,0.6
W1,Mutton (Average Quality),Tomatoes,0,0.059283235294117644,0.348576,17,0.0,0.6
W1,Mutton (Average Quality),Vegetable Ghee DALDA/HABIB 2.5 kg Tin,0,-0.21664799999999998,0.288161,17,0.0,0.6
W1,Mutton (Average Quality),Vegetable Ghee DALDA/HABIB or Other Superior Quality 1 kg Pouch,0,-0.3416912,0.091888,15,0.0,0.6
W1,Mutton (Average Quality),Wheat Flour Bag,1,0.21336423529411763,0.644128,17,0.0588,0.6
W1,Onions,Petrol Super,0,-0.20293758823529412,-0.007682,17,0.0,0.6
W1,Onions,Potatoes,0,-0.6834151176470589,-0.516304,17,0.0,0.6
W1,Onions,Powdered Milk NIDO 390 gm Polybag,0,-0.02596735294117647,0.138867,17,0.0,0.6
W1,Onions,Pulse Gram,1,0.3960295294117647,0.628944,17,0.0588,0.6
W1,Onions,Pulse Mash (Washed),0,0.055696941176470595,0.502048,17,0.0,0.6
W1,Onions,Pulse Masoor (Washed),0,0.24594217647058822,0.501857,17,0.0,0.6
W1,Onions,Pulse Moong (Washed),1,0.3384890588235294,0.612096,17,0.0588,0.6
W1,Onions,Rice Basmati Broken (Average Quality),0,-0.22244029411764707,0.21861,17,0.0,0.6
W1,Onions,Rice IRRI-6/9 (Sindh/Punjab),0,-0.027690142857142854,0.594616,14,0.0,0.6
W1,Onions,Salt Powdered (NATIONAL/SHAN) 800 gm Packet,0,0.15969582352941175,0.501133,17,0.0,0.6
W1,Onions,Shirting (Average Quality),0,-0.01869005882352941,0.417251,17,0.0,0.6
W1,Onions,Sufi Washing Soap 250 gm Cake,0,-0.34912417647058824,0.079753,17,0.0,0.6
W1,Onions,Sugar Refined,0,-0.22951017647058825,-0.09324,17,0.0,0.6
W1,Onions,Tea Lipton Yellow Label 190 gm Packet,0,-0.34163888235294115,-0.011357,17,0.0,0.6
W1,Onions,Tea Prepared Ordinary,0,0.11381429411764706,0.527386,17,0.0,0.6
W1,Onions,Telephone Call Charges,0,0.0,0.0,17,0.0,0.6
W1,Onions,Toilet Soap LIFEBUOY 115 gm,0,-0.16564388235294117,0.326357,17,0.0,0.6
W1,Onions,Tomatoes,0,0.12682911764705884,0.375797,17,0.0,0.6
W1,Onions,Vegetable Ghee DALDA/HABIB 2.5 kg Tin,0,-0.32090947058823527,-0.075576,17,0.0,0.6
W1,Onions,Vegetable Ghee DALDA/HABIB or Other Superior Quality 1 kg Pouch,0,-0.16122413333333335,0.136196,15,0.0,0.6
W1,Onions,Wheat Flour Bag,0,-0.3826368823529412,0.060738,17,0.0,0.6
W1,Petrol Super,Potatoes,0,0.1434221176470588,0.413996,17,0.0,0.6
W1,Petrol Super,Powdered Milk NIDO 390 gm Polybag,2,0.42405699999999996,0.700338,17,0.1176,0.6
W1,Petrol Super,Pulse Gram,0,0.1974993529411765,0.553848,17,0.0,0.6
W1,Petrol Super,Pulse Mash (Washed),7,0.5417961764705882,0.763244,17,0.4118,0.6
W1,Petrol Super,Pulse Masoor (Washed),11,0.6019377647058823,0.805427,17,0.6471,0.6
W1,Petrol Super,Pulse Moong (Washed),3,0.3758457647058823,0.781065,17,0.1765,0.6
W1,Petrol Super,Rice Basmati Broken (Average Quality),4,0.358761,0.826544,17,0.2353,0.6
W1,Petrol Super,Rice IRRI-6/9 (Sindh/Punjab),5,0.37336028571428576,0.746467,14,0.3571,0.6
W1,Petrol Super,Salt Powdered (NATIONAL/SHAN) 800 gm Packet,1,0.023122529411764715,0.682388,17,0.0588,0.6
W1,Petrol Super,Shirting (Average Quality),1,0.11546105882352942,0.78278,17,0.0588,0.6
W1,Petrol Super,Sufi Washing Soap 250 gm Cake,2,0.20662382352941175,0.756003,17,0.1176,0.6
W1,Petrol Super,Sugar Refined,4,0.5554185294117646,0.625177,17,0.2353,0.6
W1,Petrol Super,Tea Lipton Yellow Label 190 gm Packet,0,-0.0800584705882353,0.13565,17,0.0,0.6
W1,Petrol Super,Tea Prepared Ordinary,2,0.04766188235294117,0.751383,17,0.1176,0.6
W1,Petrol Super,Telephone Call Charges,0,0.0,0.0,17,0.0,0.6
W1,Petrol Super,Toilet Soap LIFEBUOY 115 gm,1,0.012243117647058828,0.74775,17,0.0588,0.6
W1,Petrol Super,Tomatoes,0,-0.236352,-0.046377,17,0.0,0.6
W1,Petrol Super,Vegetable Ghee DALDA/HABIB 2.5 kg Tin,0,-0.008187529411764712,0.380101,17,0.0,0.6
W1,Petrol Super,Vegetable Ghee DALDA/HABIB or Other Superior Quality 1 kg Pouch,0,0.08026146666666668,0.227113,15,0.0,0.6
W1,Petrol Super,Wheat Flour Bag,0,0.10479017647058823,0.26809,17,0.0,0.6
W1,Potatoes,Powdered Milk NIDO 390 gm Polybag,0,0.20617299999999997,0.32235,17,0.0,0.6
W1,Potatoes,Pulse Gram,0,-0.5527626470588235,-0.128431,17,0.0,0.6
W1,Potatoes,Pulse Mash (Washed),0,0.0414035294117647,0.312561,17,0.0,0.6
W1,Potatoes,Pulse Masoor (Washed),0,-0.16911817647058824,0.167447,17,0.0,0.6
W1,Potatoes,Pulse Moong (Washed),0,-0.4083920588235294,0.12435,17,0.0,0.6
W1,Potatoes,Rice Basmati Broken (Average Quality),2,0.2916461764705882,0.709301,17,0.1176,0.6
W1,Potatoes,Rice IRRI-6/9 (Sindh/Punjab),0,0.03060457142857143,0.31287,14,0.0,0.6
W1,Potatoes,Salt Powdered (NATIONAL/SHAN) 800 gm Packet,0,0.12911776470588235,0.521267,17,0.0,0.6
W1,Potatoes,Shirting (Average Quality),0,0.1593274705882353,0.510939,17,0.0,0.6
W1,Potatoes,Sufi Washing Soap 250 gm Cake,0,0.2948337058823529,0.584111,17,0.0,0.6
W1,Potatoes,Sugar Refined,0,0.09846505882352942,0.467897,17,0.0,0.6
W1,Potatoes,Tea Lipton Yellow Label 190 gm Packet,6,0.4052112352941176,0.850402,17,0.3529,0.6
W1,Potatoes,Tea Prepared Ordinary,0,0.07982158823529412,0.562399,17,0.0,0.6
W1,Potatoes,Telephone Call Charges,0,0.0,0.0,17,0.0,0.6
W1,Potatoes,Toilet Soap LIFEBUOY 115 gm,0,0.27864964705882356,0.56213,17,0.0,0.6
W1,Potatoes,Tomatoes,1,0.23105723529411762,0.630366,17,0.0588,0.6
W1,Potatoes,Vegetable Ghee DALDA/HABIB 2.5 kg Tin,0,0.016560294117647062,0.348094,17,0.0,0.6
W1,Potatoes,Vegetable Ghee DALDA/HABIB or Other Superior Quality 1 kg Pouch,0,-0.19841066666666668,0.110238,15,0.0,0.6
W1,Potatoes,Wheat Flour Bag,0,0.2568451764705882,0.43831,17,0.0,0.6
W1,Powdered Milk NIDO 390 gm Polybag,Pulse Gram,0,0.08883670588235294,0.322279,17,0.0,0.6
W1,Powdered Milk NIDO 390 gm Polybag,Pulse Mash (Washed),8,0.5674865882352941,0.795474,17,0.4706,0.6
W1,Powdered Milk NIDO 390 gm Polybag,Pulse Masoor (Washed),1,0.2811515882352941,0.614498,17,0.0588,0.6
W1,Powdered Milk NIDO 390 gm Polybag,Pulse Moong (Washed),0,0.16037523529411765,0.459568,17,0.0,0.6
W1,Powdered Milk NIDO 390 gm Polybag,Rice Basmati Broken (Average Quality),8,0.5276368823529412,0.89089,17,0.4706,0.6
W1,Powdered Milk NIDO 390 gm Polybag,Rice IRRI-6/9 (Sindh/Punjab),2,0.38230657142857144,0.634089,14,0.1429,0.6
W1,Powdered Milk NIDO 390 gm Polybag,Salt Powdered (NATIONAL/SHAN) 800 gm Packet,1,0.24827170588235295,0.632524,17,0.0588,0.6
W1,Powdered Milk NIDO 390 gm Polybag,Shirting (Average Quality),1,0.23013288235294116,0.657355,17,0.0588,0.6
W1,Powdered Milk NIDO 390 gm Polybag,Sufi Washing Soap 250 gm Cake,5,0.3450126470588235,0.810492,17,0.2941,0.6
W1,Powdered Milk NIDO 390 gm Polybag,Sugar Refined,0,0.3618448235294118,0.567319,17,0.0,0.6
W1,Powdered Milk NIDO 390 gm Polybag,Tea Lipton Yellow Label 190 gm Packet,0,0.09526211764705883,0.498874,17,0.0,0.6
W1,Powdered Milk NIDO 390 gm Polybag,Tea Prepared Ordinary,4,0.3103298823529412,0.862999,17,0.2353,0.6
W1,Powdered Milk NIDO 390 gm Polybag,Telephone Call Charges,0,0.0,0.0,17,0.0,0.6
W1,Powdered Milk NIDO 390 gm Polybag,Toilet Soap LIFEBUOY 115 gm,2,0.4118752352941176,0.68735,17,0.1176,0.6
W1,Powdered Milk NIDO 390 gm Polybag,Tomatoes,0,0.123087,0.46715,17,0.0,0.6
W1,Powdered Milk NIDO 390 gm Polybag,Vegetable Ghee DALDA/HABIB 2.5 kg Tin,0,-0.3765632941176471,-0.077258,17,0.0,0.6
W1,Powdered Milk NIDO 390 gm Polybag,Vegetable Ghee DALDA/HABIB or Other Superior Quality 1 kg Pouch,0,-0.4144520666666667,-0.140003,15,0.0,0.6
W1,Powdered Milk NIDO 390 gm Polybag,Wheat Flour Bag,0,0.03005805882352941,0.269642,17,0.0,0.6
W1,Pulse Gram,Pulse Mash (Washed),0,0.22255229411764707,0.555023,17,0.0,0.6
W1,Pulse Gram,Pulse Masoor (Washed),4,0.4050370588235294,0.818011,17,0.2353,0.6
W1,Pulse Gram,Pulse Moong (Washed),11,0.627260294117647,0.854628,17,0.6471,0.6
W1,Pulse Gram,Rice Basmati Broken (Average Quality),0,-0.012560764705882346,0.546212,17,0.0,0.6
W1,Pulse Gram,Rice IRRI-6/9 (Sindh/Punjab),4,0.26675707142857147,0.669421,14,0.2857,0.6
W1,Pulse Gram,Salt Powdered (NATIONAL/SHAN) 800 gm Packet,0,-0.24153976470588234,0.453596,17,0.0,0.6
W1,Pulse Gram,Shirting (Average Quality),0,-0.16091829411764705,0.299557,17,0.0,0.6
W1,Pulse Gram,Sufi Washing Soap 250 gm Cake,0,-0.100934,0.347481,17,0.0,0.6
W1,Pulse Gram,Sugar Refined,0,0.20020641176470588,0.431733,17,0.0,0.6
W1,Pulse Gram,Tea Lipton Yellow Label 190 gm Packet,0,-0.27593929411764706,0.061073,17,0.0,0.6
W1,Pulse Gram,Tea Prepared Ordinary,0,-0.023573411764705888,0.53023,17,0.0,0.6
W1,Pulse Gram,Telephone Call Charges,0,0.0,0.0,17,0.0,0.6
W1,Pulse Gram,Toilet Soap LIFEBUOY 115 gm,0,-0.045588882352941174,0.210125,17,0.0,0.6
W1,Pulse Gram,Tomatoes,0,-0.178905,0.049845,17,0.0,0.6
W1,Pulse Gram,Vegetable Ghee DALDA/HABIB 2.5 kg Tin,0,-0.00830829411764706,0.473497,17,0.0,0.6
W1,Pulse Gram,Vegetable Ghee DALDA/HABIB or Other Superior Quality 1 kg Pouch,0,0.21078453333333333,0.41824,15,0.0,0.6
W1,Pulse Gram,Wheat Flour Bag,0,-0.082991,0.360046,17,0.0,0.6
W1,Pulse Mash (Washed),Pulse Masoor (Washed),13,0.6287714117647059,0.864566,17,0.7647,0.6
W1,Pulse Mash (Washed),Pulse Moong (Washed),1,0.398953,0.61632,17,0.0588,0.6
W1,Pulse Mash (Washed),Rice Basmati Broken (Average Quality),4,0.4923046470588236,0.911285,17,0.2353,0.6
W1,Pulse Mash (Washed),Rice IRRI-6/9 (Sindh/Punjab),5,0.4813542857142857,0.821004,14,0.3571,0.6
W1,Pulse Mash (Washed),Salt Powdered (NATIONAL/SHAN) 800 gm Packet,1,0.2045589411764706,0.826215,17,0.0588,0.6
W1,Pulse Mash (Washed),Shirting (Average Quality),0,0.24834670588235294,0.490793,17,0.0,0.6
W1,Pulse Mash (Washed),Sufi Washing Soap 250 gm Cake,0,0.27453511764705885,0.491768,17,0.0,0.6
W1,Pulse Mash (Washed),Sugar Refined,8,0.5846157058823529,0.839777,17,0.4706,0.6
W1,Pulse Mash (Washed),Tea Lipton Yellow Label 190 gm Packet,0,0.0687329411764706,0.390189,17,0.0,0.6
W1,Pulse Mash (Washed),Tea Prepared Ordinary,3,0.2949641176470588,0.793838,17,0.1765,0.6
W1,Pulse Mash (Washed),Telephone Call Charges,0,0.0,0.0,17,0.0,0.6
W1,Pulse Mash (Washed),Toilet Soap LIFEBUOY 115 gm,0,0.2803131176470588,0.57168,17,0.0,0.6
W1,Pulse Mash (Washed),Tomatoes,0,-0.015613294117647062,0.343835,17,0.0,0.6
W1,Pulse Mash (Washed),Vegetable Ghee DALDA/HABIB 2.5 kg Tin,0,-0.33778570588235296,0.052904,17,0.0,0.6
W1,Pulse Mash (Washed),Vegetable Ghee DALDA/HABIB or Other Superior Quality 1 kg Pouch,0,-0.3478854666666667,-0.094618,15,0.0,0.6
W1,Pulse Mash (Washed),Wheat Flour Bag,0,0.18934711764705883,0.554648,17,0.0,0.6
W1,Pulse Masoor (Washed),Pulse Moong (Washed),9,0.5765367647058824,0.888591,17,0.5294,0.6
W1,Pulse Masoor (Washed),Rice Basmati Broken (Average Quality),1,0.2329766470588235,0.68097,17,0.0588,0.6
W1,Pulse Masoor (Washed),Rice IRRI-6/9 (Sindh/Punjab),3,0.3677876428571429,0.778046,14,0.2143,0.6
W1,Pulse Masoor (Washed),Salt Powdered (NATIONAL/SHAN) 800 gm Packet,3,0.19393376470588236,0.855509,17,0.1765,0.6
W1,Pulse Masoor (Washed),Shirting (Average Quality),2,0.1721578823529412,0.675917,17,0.1176,0.6
W1,Pulse Masoor (Washed),Sufi Washing Soap 250 gm Cake,0,0.1636482941176471,0.473237,17,0.0,0.6
W1,Pulse Masoor (Washed),Sugar Refined,0,0.3780513529411765,0.555185,17,0.0,0.6
W1,Pulse Masoor (Washed),Tea Lipton Yellow Label 190 gm Packet,0,-0.037038999999999996,0.330808,17,0.0,0.6
W1,Pulse Masoor (Washed),Tea Prepared Ordinary,2,0.1927105294117647,0.827758,17,0.1176,0.6
W1,Pulse Masoor (Washed),Telephone Call Charges,0,0.0,0.0,17,0.0,0.6
W1,Pulse Masoor (Washed),Toilet Soap LIFEBUOY 115 gm,1,0.03948194117647058,0.682855,17,0.0588,0.6
W1,Pulse Masoor (Washed),Tomatoes,0,-0.2087569411764706,0.467054,17,0.0,0.6
W1,Pulse Masoor (Washed),Vegetable Ghee DALDA/HABIB 2.5 kg Tin,0,-0.220184,0.147634,17,0.0,0.6
W1,Pulse Masoor (Washed),Vegetable Ghee DALDA/HABIB or Other Superior Quality 1 kg Pouch,0,-0.1122262,0.092351,15,0.0,0.6
W1,Pulse Masoor (Washed),Wheat Flour Bag,0,0.10062382352941177,0.483857,17,0.0,0.6
W1,Pulse Moong (Washed),Rice Basmati Broken (Average Quality),0,0.05332917647058824,0.578987,17,0.0,0.6
W1,Pulse Moong (Washed),Rice IRRI-6/9 (Sindh/Punjab),2,0.28763428571428573,0.750837,14,0.1429,0.6
W1,Pulse Moong (Washed),Salt Powdered (NATIONAL/SHAN) 800 gm Packet,1,0.02739188235294118,0.600576,17,0.0588,0.6
W1,Pulse Moong (Washed),Shirting (Average Quality),0,0.008255705882352945,0.488056,17,0.0,0.6
W1,Pulse Moong (Washed),Sufi Washing Soap 250 gm Cake,0,-0.00011170588235294024,0.213459,17,0.0,0.6
W1,Pulse Moong (Washed),Sugar Refined,0,0.2187268823529412,0.504546,17,0.0,0.6
W1,Pulse Moong (Washed),Tea Lipton Yellow Label 190 gm Packet,0,-0.109064,0.39291,17,0.0,0.6
W1,Pulse Moong (Washed),Tea Prepared Ordinary,1,0.09754023529411765,0.794782,17,0.0588,0.6
W1,Pulse Moong (Washed),Telephone Call Charges,0,0.0,0.0,17,0.0,0.6
W1,Pulse Moong (Washed),Toilet Soap LIFEBUOY 115 gm,0,-0.06635223529411764,0.428113,17,0.0,0.6
W1,Pulse Moong (Washed),Tomatoes,0,-0.16817817647058825,0.181488,17,0.0,0.6
W1,Pulse Moong (Washed),Vegetable Ghee DALDA/HABIB 2.5 kg Tin,0,-0.07076652941176471,0.393419,17,0.0,0.6
W1,Pulse Moong (Washed),Vegetable Ghee DALDA/HABIB or Other Superior Quality 1 kg Pouch,0,0.08928866666666666,0.333663,15,0.0,0.6
W1,Pulse Moong (Washed),Wheat Flour Bag,0,0.04908811764705883,0.503657,17,0.0,0.6
W1,Rice Basmati Broken (Average Quality),Rice IRRI-6/9 (Sindh/Punjab),5,0.4598265,0.918494,14,0.3571,0.6
W1,Rice Basmati Broken (Average Quality),Salt Powdered (NATIONAL/SHAN) 800 gm Packet,1,0.183358,0.665144,17,0.0588,0.6
W1,Rice Basmati Broken (Average Quality),Shirting (Average Quality),2,0.2246624705882353,0.757248,17,0.1176,0.6
W1,Rice Basmati Broken (Average Quality),Sufi Washing Soap 250 gm Cake,3,0.39748276470588234,0.92942,17,0.1765,0.6
W1,Rice Basmati Broken (Average Quality),Sugar Refined,5,0.4869767647058824,0.847884,17,0.2941,0.6
W1,Rice Basmati Broken (Average Quality),Tea Lipton Yellow Label 190 gm Packet,1,0.13366470588235294,0.825355,17,0.0588,0.6
W1,Rice Basmati Broken (Average Quality),Tea Prepared Ordinary,4,0.26498088235294115,0.781943,17,0.2353,0.6
W1,Rice Basmati Broken (Average Quality),Telephone Call Charges,0,0.0,0.0,17,0.0,0.6
W1,Rice Basmati Broken (Average Quality),Toilet Soap LIFEBUOY 115 gm,5,0.3709779411764706,0.930821,17,0.2941,0.6
W1,Rice Basmati Broken (Average Quality),Tomatoes,1,0.13118211764705884,0.635113,17,0.0588,0.6
W1,Rice Basmati Broken (Average Quality),Vegetable Ghee DALDA/HABIB 2.5 kg Tin,0,-0.2847864705882353,0.355285,17,0.0,0.6
W1,Rice Basmati Broken (Average Quality),Vegetable Ghee DALDA/HABIB or Other Superior Quality 1 kg Pouch,0,-0.317314,-0.048891,15,0.0,0.6
W1,Rice Basmati Broken (Average Quality),Wheat Flour Bag,1,0.22174523529411763,0.843507,17,0.0588,0.6
W1,Rice IRRI-6/9 (Sindh/Punjab),Salt Powdered (NATIONAL/SHAN) 800 gm Packet,2,0.08542521428571427,0.806775,14,0.1429,0.6
W1,Rice IRRI-6/9 (Sindh/Punjab),Shirting (Average Quality),1,0.23079342857142857,0.610602,14,0.0714,0.6
W1,Rice IRRI-6/9 (Sindh/Punjab),Sufi Washing Soap 250 gm Cake,1,0.31901907142857144,0.649966,14,0.0714,0.6
W1,Rice IRRI-6/9 (Sindh/Punjab),Sugar Refined,8,0.5235112857142857,0.793431,14,0.5714,0.6
W1,Rice IRRI-6/9 (Sindh/Punjab),Tea Lipton Yellow Label 190 gm Packet,1,0.04180450000000001,0.750422,14,0.0714,0.6
W1,Rice IRRI-6/9 (Sindh/Punjab),Tea Prepared Ordinary,1,0.1581545,0.709425,14,0.0714,0.6
W1,Rice IRRI-6/9 (Sindh/Punjab),Telephone Call Charges,0,0.0,0.0,14,0.0,0.6
W1,Rice IRRI-6/9 (Sindh/Punjab),Toilet Soap LIFEBUOY 115 gm,0,0.2175457142857143,0.496948,14,0.0,0.6
W1,Rice IRRI-6/9 (Sindh/Punjab),Tomatoes,0,-0.05563192857142857,0.474237,14,0.0,0.6
W1,Rice IRRI-6/9 (Sindh/Punjab),Vegetable Ghee DALDA/HABIB 2.5 kg Tin,0,-0.22006657142857142,0.259078,14,0.0,0.6
W1,Rice IRRI-6/9 (Sindh/Punjab),Vegetable Ghee DALDA/HABIB or Other Superior Quality 1 kg Pouch,0,-0.1730635833333333,0.166328,12,0.0,0.6
W1,Rice IRRI-6/9 (Sindh/Punjab),Wheat Flour Bag,1,0.193591,0.600871,14,0.0714,0.6
W1,Salt Powdered (NATIONAL/SHAN) 800 gm Packet,Shirting (Average Quality),4,0.3568674117647059,0.821509,17,0.2353,0.6
W1,Salt Powdered (NATIONAL/SHAN) 800 gm Packet,Sufi Washing Soap 250 gm Cake,2,0.1475834705882353,0.613986,17,0.1176,0.6
W1,Salt Powdered (NATIONAL/SHAN) 800 gm Packet,Sugar Refined,1,0.10433841176470589,0.609391,17,0.0588,0.6
W1,Salt Powdered (NATIONAL/SHAN) 800 gm Packet,Tea Lipton Yellow Label 190 gm Packet,2,0.2043344117647059,0.720685,17,0.1176,0.6
W1,Salt Powdered (NATIONAL/SHAN) 800 gm Packet,Tea Prepared Ordinary,1,0.2174234705882353,0.823426,17,0.0588,0.6
W1,Salt Powdered (NATIONAL/SHAN) 800 gm Packet,Telephone Call Charges,0,0.0,0.0,17,0.0,0.6
W1,Salt Powdered (NATIONAL/SHAN) 800 gm Packet,Toilet Soap LIFEBUOY 115 gm,0,0.1503041176470588,0.556861,17,0.0,0.6
W1,Salt Powdered (NATIONAL/SHAN) 800 gm Packet,Tomatoes,2,0.2190380588235294,0.639626,17,0.1176,0.6
W1,Salt Powdered (NATIONAL/SHAN) 800 gm Packet,Vegetable Ghee DALDA/HABIB 2.5 kg Tin,0,-0.39380576470588236,-0.107228,17,0.0,0.6
W1,Salt Powdered (NATIONAL/SHAN) 800 gm Packet,Vegetable Ghee DALDA/HABIB or Other Superior Quality 1 kg Pouch,0,-0.5014556,-0.125866,15,0.0,0.6
W1,Salt Powdered (NATIONAL/SHAN) 800 gm Packet,Wheat Flour Bag,2,0.11294547058823529,0.635317,17,0.1176,0.6
W1,Shirting (Average Quality),Sufi Washing Soap 250 gm Cake,4,0.251191,0.907937,17,0.2353,0.6
W1,Shirting (Average Quality),Sugar Refined,2,0.2459831764705882,0.673474,17,0.1176,0.6
W1,Shirting (Average Quality),Tea Lipton Yellow Label 190 gm Packet,2,0.2348701176470588,0.980847,17,0.1176,0.6
W1,Shirting (Average Quality),Tea Prepared Ordinary,4,0.29313688235294116,0.957948,17,0.2353,0.6
W1,Shirting (Average Quality),Telephone Call Charges,0,0.0,0.0,17,0.0,0.6
W1,Shirting (Average Quality),Toilet Soap LIFEBUOY 115 gm,3,0.2053298235294118,0.85065,17,0.1765,0.6
W1,Shirting (Average Quality),Tomatoes,0,0.10546682352941177,0.565692,17,0.0,0.6
W1,Shirting (Average Quality),Vegetable Ghee DALDA/HABIB 2.5 kg Tin,1,-0.32303070588235294,0.691796,17,0.0588,0.6
W1,Shirting (Average Quality),Vegetable Ghee DALDA/HABIB or Other Superior Quality 1 kg Pouch,0,-0.5378049333333333,-0.187074,15,0.0,0.6
W1,Shirting (Average Quality),Wheat Flour Bag,3,0.2651138235294117,0.86535,17,0.1765,0.6
W1,Sufi Washing Soap 250 gm Cake,Sugar Refined,2,0.38938752941176474,0.698839,17,0.1176,0.6
W1,Sufi Washing Soap 250 gm Cake,Tea Lipton Yellow Label 190 gm Packet,3,0.24530117647058822,0.721609,17,0.1765,0.6
W1,Sufi Washing Soap 250 gm Cake,Tea Prepared Ordinary,2,0.22289976470588235,0.995424,17,0.1176,0.6
W1,Sufi Washing Soap 250 gm Cake,Telephone Call Charges,0,0.0,0.0,17,0.0,0.6
W1,Sufi Washing Soap 250 gm Cake,Toilet Soap LIFEBUOY 115 gm,2,0.2958914117647059,0.921587,17,0.1176,0.6
W1,Sufi Washing Soap 250 gm Cake,Tomatoes,0,-0.1278614705882353,0.292513,17,0.0,0.6
W1,Sufi Washing Soap 250 gm Cake,Vegetable Ghee DALDA/HABIB 2.5 kg Tin,0,-0.23054670588235293,0.213645,17,0.0,0.6
W1,Sufi Washing Soap 250 gm Cake,Vegetable Ghee DALDA/HABIB or Other Superior Quality 1 kg Pouch,0,-0.37356846666666665,-0.035774,15,0.0,0.6
W1,Sufi Washing Soap 250 gm Cake,Wheat Flour Bag,5,0.3655898823529412,0.87087,17,0.2941,0.6
W1,Sugar Refined,Tea Lipton Yellow Label 190 gm Packet,0,0.12691235294117645,0.553683,17,0.0,0.6
W1,Sugar Refined,Tea Prepared Ordinary,1,0.16796476470588237,0.710868,17,0.0588,0.6
W1,Sugar Refined,Telephone Call Charges,0,0.0,0.0,17,0.0,0.6
W1,Sugar Refined,Toilet Soap LIFEBUOY 115 gm,1,0.20480652941176472,0.618909,17,0.0588,0.6
W1,Sugar Refined,Tomatoes,0,0.06329335294117647,0.306351,17,0.0,0.6
W1,Sugar Refined,Vegetable Ghee DALDA/HABIB 2.5 kg Tin,0,-0.2805725882352941,0.297758,17,0.0,0.6
W1,Sugar Refined,Vegetable Ghee DALDA/HABIB or Other Superior Quality 1 kg Pouch,0,-0.31307646666666666,-0.066173,15,0.0,0.6
W1,Sugar Refined,Wheat Flour Bag,4,0.5470236470588236,0.790732,17,0.2353,0.6
W1,Tea Lipton Yellow Label 190 gm Packet,Tea Prepared Ordinary,2,0.15745388235294117,0.675833,17,0.1176,0.6
W1,Tea Lipton Yellow Label 190 gm Packet,Telephone Call Charges,0,0.0,0.0,17,0.0,0.6
W1,Tea Lipton Yellow Label 190 gm Packet,Toilet Soap LIFEBUOY 115 gm,3,0.19995494117647059,0.760258,17,0.1765,0.6
W1,Tea Lipton Yellow Label 190 gm Packet,Tomatoes,2,0.15601041176470587,0.728951,17,0.1176,0.6
W1,Tea Lipton Yellow Label 190 gm Packet,Vegetable Ghee DALDA/HABIB 2.5 kg Tin,1,0.024639529411764706,0.699437,17,0.0588,0.6
W1,Tea Lipton Yellow Label 190 gm Packet,Vegetable Ghee DALDA/HABIB or Other Superior Quality 1 kg Pouch,0,-0.23727993333333333,0.096702,15,0.0,0.6
W1,Tea Lipton Yellow Label 190 gm Packet,Wheat Flour Bag,2,0.27975311764705885,0.845241,17,0.1176,0.6
W1,Tea Prepared Ordinary,Telephone Call Charges,0,0.0,0.0,17,0.0,0.6
W1,Tea Prepared Ordinary,Toilet Soap LIFEBUOY 115 gm,3,0.20940647058823528,0.783113,17,0.1765,0.6
W1,Tea Prepared Ordinary,Tomatoes,0,0.07090588235294118,0.50073,17,0.0,0.6
W1,Tea Prepared Ordinary,Vegetable Ghee DALDA/HABIB 2.5 kg Tin,0,-0.2358341176470588,0.086366,17,0.0,0.6
W1,Tea Prepared Ordinary,Vegetable Ghee DALDA/HABIB or Other Superior Quality 1 kg Pouch,0,-0.40412946666666666,0.0,15,0.0,0.6
W1,Tea Prepared Ordinary,Wheat Flour Bag,1,0.054415882352941175,0.654906,17,0.0588,0.6
W1,Telephone Call Charges,Toilet Soap LIFEBUOY 115 gm,0,0.0,0.0,17,0.0,0.6
W1,Telephone Call Charges,Tomatoes,0,0.0,0.0,17,0.0,0.6
W1,Telephone Call Charges,Vegetable Ghee DALDA/HABIB 2.5 kg Tin,0,0.0,0.0,17,0.0,0.6
W1,Telephone Call Charges,Vegetable Ghee DALDA/HABIB or Other Superior Quality 1 kg Pouch,0,0.0,0.0,15,0.0,0.6
W1,Telephone Call Charges,Wheat Flour Bag,0,0.0,0.0,17,0.0,0.6
W1,Toilet Soap LIFEBUOY 115 gm,Tomatoes,0,0.07402570588235294,0.358972,17,0.0,0.6
W1,Toilet Soap LIFEBUOY 115 gm,Vegetable Ghee DALDA/HABIB 2.5 kg Tin,0,-0.1932543529411765,0.007931,17,0.0,0.6
W1,Toilet Soap LIFEBUOY 115 gm,Vegetable Ghee DALDA/HABIB or Other Superior Quality 1 kg Pouch,0,-0.3119622,-0.064676,15,0.0,0.6
W1,Toilet Soap LIFEBUOY 115 gm,Wheat Flour Bag,2,0.1435625294117647,0.82423,17,0.1176,0.6
W1,Tomatoes,Vegetable Ghee DALDA/HABIB 2.5 kg Tin,0,-0.22578241176470587,-0.007445,17,0.0,0.6
W1,Tomatoes,Vegetable Ghee DALDA/HABIB or Other Superior Quality 1 kg Pouch,0,-0.3429456666666667,-0.049968,15,0.0,0.6
W1,Tomatoes,Wheat Flour Bag,0,0.10575164705882353,0.2439,17,0.0,0.6
W1,Vegetable Ghee DALDA/HABIB 2.5 kg Tin,Vegetable Ghee DALDA/HABIB or Other Superior Quality 1 kg Pouch,11,0.677272,0.946921,15,0.7333,0.6
W1,Vegetable Ghee DALDA/HABIB 2.5 kg Tin,Wheat Flour Bag,0,-0.0695789411764706,0.573112,17,0.0,0.6
W1,Vegetable Ghee DALDA/HABIB or Other Superior Quality 1 kg Pouch,Wheat Flour Bag,0,-0.2541251333333333,0.346727,15,0.0,0.6
W2,Bananas (Kela) Local,Beef with Bone (Average Quality),1,-0.18309435294117649,0.632269,17,0.0588,0.6
W2,Bananas (Kela) Local,Bread plain (Small Size),0,-0.08976576470588236,0.182008,17,0.0,0.6
W2,Bananas (Kela) Local,Chicken Farm Broiler (Live),0,0.21053329411764707,0.471021,17,0.0,0.6
W2,Bananas (Kela) Local,Chilies Powder NATIONAL 200 gm Packet,1,0.16045641176470588,0.687059,17,0.0588,0.6
W2,Bananas (Kela) Local,Cigarettes Capstan 20'S Packet,2,0.11776976470588234,0.719563,17,0.1176,0.6
W2,Bananas (Kela) Local,Cooked Beef at Average Hotel,0,-0.13457270588235293,0.070965,17,0.0,0.6
W2,Bananas (Kela) Local,Cooked Daal at Average Hotel,1,-0.065212,0.605932,17,0.0588,0.6
W2,Bananas (Kela) Local,"Cooking Oil DALDA or Other Similar Brand (SN), 5 Litre Tin",0,0.0979231875,0.377451,16,0.0,0.6
W2,Bananas (Kela) Local,Curd (Dahi) Loose,0,-0.10330470588235295,0.15173,17,0.0,0.6
W2,Bananas (Kela) Local,Eggs Hen (Farm),0,-0.3667128235294118,-0.095084,17,0.0,0.6
W2,Bananas (Kela) Local,Electricity Charges upto 50 Units,0,0.25647923529411765,0.570578,17,0.0,0.6
W2,Bananas (Kela) Local,Energy Saver Philips 14 Watt,0,0.02449829411764706,0.185668,17,0.0,0.6
W2,Bananas (Kela) Local,Firewood Whole,0,-0.05272417647058823,0.432868,17,0.0,0.6
W2,Bananas (Kela) Local,Garlic (Lehsun),0,-0.06573547058823528,0.388625,17,0.0,0.6
W2,Bananas (Kela) Local,Gas Charges upto 3.3719 MMBTU,0,0.0,0.0,15,0.0,0.6
W2,Bananas (Kela) Local,Gents Sandal Bata,1,-0.10348829411764705,0.625281,17,0.0588,0.6
W2,Bananas (Kela) Local,Gents Sponge Chappal Bata,0,0.0,0.0,17,0.0,0.6
W2,Bananas (Kela) Local,Georgette (Average Quality),0,-0.08429758823529411,0.352474,17,0.0,0.6
W2,Bananas (Kela) Local,Gur (Average Quality),2,0.03412070588235295,0.808267,17,0.1176,0.6
W2,Bananas (Kela) Local,Hi-Speed Diesel,1,0.40229017647058823,0.642487,17,0.0588,0.6
W2,Bananas (Kela) Local,LPG 11.67 kg Cylinder,0,0.008784647058823529,0.272872,17,0.0,0.6
W2,Bananas (Kela) Local,Ladies Sandal Bata,0,-0.05241058823529412,0.108269,17,0.0,0.6
W2,Bananas (Kela) Local,Lawn Printed Gul Ahmed/Al Karam,0,-0.14019717647058827,0.247018,17,0.0,0.6
W2,Bananas (Kela) Local,"Long Cloth 57"" Gul Ahmed/Al Karam",0,-0.12729682352941177,0.286298,17,0.0,0.6
W2,Bananas (Kela) Local,Match Box,0,-0.011749352941176471,0.0,17,0.0,0.6
W2,Bananas (Kela) Local,Milk fresh (Un-boiled),0,-0.11999388235294116,0.252798,17,0.0,0.6
W2,Bananas (Kela) Local,Mustard Oil (Average Quality),0,-0.055895117647058824,0.440388,17,0.0,0.6
W2,Bananas (Kela) Local,Mutton (Average Quality),0,-0.16912376470588236,0.138436,17,0.0,0.6
W2,Bananas (Kela) Local,Onions,0,0.04525735294117646,0.532114,17,0.0,0.6
W2,Bananas (Kela) Local,Petrol Super,1,0.2008888235294118,0.671946,17,0.0588,0.6
W2,Bananas (Kela) Local,Potatoes,0,-0.3822864117647059,0.166707,17,0.0,0.6
W2,Bananas (Kela) Local,Powdered Milk NIDO 390 gm Polybag,0,-0.12010705882352941,0.246161,17,0.0,0.6
W2,Bananas (Kela) Local,Pulse Gram,0,-0.31983729411764705,0.088058,17,0.0,0.6
W2,Bananas (Kela) Local,Pulse Mash (Washed),0,-0.0659444705882353,0.561686,17,0.0,0.6
W2,Bananas (Kela) Local,Pulse Masoor (Washed),0,0.10176376470588235,0.561772,17,0.0,0.6
W2,Bananas (Kela) Local,Pulse Moong (Washed),0,-0.038135176470588235,0.310918,17,0.0,0.6
W2,Bananas (Kela) Local,Rice Basmati Broken (Average Quality),1,-0.01991505882352941,0.608981,17,0.0588,0.6
W2,Bananas (Kela) Local,Rice IRRI-6/9 (Sindh/Punjab),0,-0.0556125,0.322531,14,0.0,0.6
W2,Bananas (Kela) Local,Salt Powdered (NATIONAL/SHAN) 800 gm Packet,0,-0.04104370588235293,0.512843,17,0.0,0.6
W2,Bananas (Kela) Local,Shirting (Average Quality),1,-0.050085882352941175,0.643415,17,0.0588,0.6
W2,Bananas (Kela) Local,Sufi Washing Soap 250 gm Cake,0,0.022052705882352943,0.309382,17,0.0,0.6
W2,Bananas (Kela) Local,Sugar Refined,6,0.519887,0.759074,17,0.3529,0.6
W2,Bananas (Kela) Local,Tea Lipton Yellow Label 190 gm Packet,0,-0.2652935294117647,0.192346,17,0.0,0.6
W2,Bananas (Kela) Local,Tea Prepared Ordinary,1,0.026230705882352944,0.605753,17,0.0588,0.6
W2,Bananas (Kela) Local,Telephone Call Charges,0,0.0,0.0,17,0.0,0.6
W2,Bananas (Kela) Local,Toilet Soap LIFEBUOY 115 gm,2,0.0965395882352941,0.66924,17,0.1176,0.6
W2,Bananas (Kela) Local,Tomatoes,0,-0.06870176470588236,0.189776,17,0.0,0.6
W2,Bananas (Kela) Local,Vegetable Ghee DALDA/HABIB 2.5 kg Tin,0,-0.022559470588235292,0.237345,17,0.0,0.6
W2,Bananas (Kela) Local,Vegetable Ghee DALDA/HABIB or Other Superior Quality 1 kg Pouch,0,-0.072769,0.162408,15,0.0,0.6
W2,Bananas (Kela) Local,Wheat Flour Bag,1,0.2572295882352941,0.719239,17,0.0588,0.6
W2,Beef with Bone (Average Quality),Bread plain (Small Size),0,-0.07003058823529412,0.362143,17,0.0,0.6
W2,Beef with Bone (Average Quality),Chicken Farm Broiler (Live),0,-0.08333688235294116,0.563326,17,0.0,0.6
W2,Beef with Bone (Average Quality),Chilies Powder NATIONAL 200 gm Packet,0,-0.3426518823529412,0.0,17,0.0,0.6
W2,Beef with Bone (Average Quality),Cigarettes Capstan 20'S Packet,1,0.16776276470588236,0.712476,17,0.0588,0.6
W2,Beef with Bone (Average Quality),Cooked Beef at Average Hotel,3,0.19380947058823528,0.810651,17,0.1765,0.6
W2,Beef with Bone (Average Quality),Cooked Daal at Average Hotel,1,0.24109835294117646,0.79387,17,0.0588,0.6
W2,Beef with Bone (Average Quality),"Cooking Oil DALDA or Other Similar Brand (SN), 5 Litre Tin",1,0.2079415625,0.735566,16,0.0625,0.6
W2,Beef with Bone (Average Quality),Curd (Dahi) Loose,2,0.24654141176470587,0.911791,17,0.1176,0.6
W2,Beef with Bone (Average Quality),Eggs Hen (Farm),0,-0.051519,0.334041,17,0.0,0.6
W2,Beef with Bone (Average Quality),Electricity Charges upto 50 Units,0,-0.2114879411764706,0.074705,17,0.0,0.6
W2,Beef with Bone (Average Quality),Energy Saver Philips 14 Watt,0,0.037078,0.341078,17,0.0,0.6
W2,Beef with Bone (Average Quality),Firewood Whole,2,0.1539930588235294,0.913545,17,0.1176,0.6
W2,Beef with Bone (Average Quality),Garlic (Lehsun),0,-0.02346370588235293,0.534271,17,0.0,0.6
W2,Beef with Bone (Average Quality),Gas Charges upto 3.3719 MMBTU,0,0.0,0.0,15,0.0,0.6
W2,Beef with Bone (Average Quality),Gents Sandal Bata,3,0.3252351764705882,0.779877,17,0.1765,0.6
W2,Beef with Bone (Average Quality),Gents Sponge Chappal Bata,0,0.0,0.0,17,0.0,0.6
W2,Beef with Bone (Average Quality),Georgette (Average Quality),1,0.2311425294117647,0.825484,17,0.0588,0.6
W2,Beef with Bone (Average Quality),Gur (Average Quality),2,0.1911774705882353,0.911791,17,0.1176,0.6
W2,Beef with Bone (Average Quality),Hi-Speed Diesel,0,-0.2252375882352941,0.32489,17,0.0,0.6
W2,Beef with Bone (Average Quality),LPG 11.67 kg Cylinder,0,-0.2753177647058824,0.220029,17,0.0,0.6
W2,Beef with Bone (Average Quality),Ladies Sandal Bata,2,0.22466517647058823,0.761507,17,0.1176,0.6
W2,Beef with Bone (Average Quality),Lawn Printed Gul Ahmed/Al Karam,3,0.2044425294117647,0.797173,17,0.1765,0.6
W2,Beef with Bone (Average Quality),"Long Cloth 57"" Gul Ahmed/Al Karam",3,0.16623435294117647,0.779877,17,0.1765,0.6
W2,Beef with Bone (Average Quality),Match Box,0,0.0,0.0,17,0.0,0.6
W2,Beef with Bone (Average Quality),Milk fresh (Un-boiled),2,0.2955678823529412,0.965116,17,0.1176,0.6
W2,Beef with Bone (Average Quality),Mustard Oil (Average Quality),0,0.08402458823529411,0.563402,17,0.0,0.6
W2,Beef with Bone (Average Quality),Mutton (Average Quality),13,0.7145228235294118,0.994753,17,0.7647,0.6
W2,Beef with Bone (Average Quality),Onions,0,-0.3953434117647059,0.001616,17,0.0,0.6
W2,Beef with Bone (Average Quality),Petrol Super,0,-0.19123652941176472,0.304486,17,0.0,0.6
W2,Beef with Bone (Average Quality),Potatoes,0,0.08964335294117648,0.387941,17,0.0,0.6
W2,Beef with Bone (Average Quality),Powdered Milk NIDO 390 gm Polybag,2,0.2997011176470588,0.823266,17,0.1176,0.6
W2,Beef with Bone (Average Quality),Pulse Gram,1,0.19556164705882353,0.712613,17,0.0588,0.6
W2,Beef with Bone (Average Quality),Pulse Mash (Washed),0,-0.06961711764705883,0.555155,17,0.0,0.6
W2,Beef with Bone (Average Quality),Pulse Masoor (Washed),0,-0.23066923529411765,0.154842,17,0.0,0.6
W2,Beef with Bone (Average Quality),Pulse Moong (Washed),0,0.18509205882352942,0.586249,17,0.0,0.6
W2,Beef with Bone (Average Quality),Rice Basmati Broken (Average Quality),0,-0.18849852941176473,0.316918,17,0.0,0.6
W2,Beef with Bone (Average Quality),Rice IRRI-6/9 (Sindh/Punjab),0,-0.18064307142857142,0.09466,14,0.0,0.6
W2,Beef with Bone (Average Quality),Salt Powdered (NATIONAL/SHAN) 800 gm Packet,1,0.09560876470588235,0.816087,17,0.0588,0.6
W2,Beef with Bone (Average Quality),Shirting (Average Quality),4,0.3268711176470588,0.933898,17,0.2353,0.6
W2,Beef with Bone (Average Quality),Sufi Washing Soap 250 gm Cake,0,0.03170270588235294,0.477792,17,0.0,0.6
W2,Beef with Bone (Average Quality),Sugar Refined,1,0.0848040588235294,0.679191,17,0.0588,0.6
W2,Beef with Bone (Average Quality),Tea Lipton Yellow Label 190 gm Packet,0,-0.12420835294117648,0.0,17,0.0,0.6
W2,Beef with Bone (Average Quality),Tea Prepared Ordinary,1,0.09705676470588234,0.850819,17,0.0588,0.6
W2,Beef with Bone (Average Quality),Telephone Call Charges,0,0.0,0.0,17,0.0,0.6
W2,Beef with Bone (Average Quality),Toilet Soap LIFEBUOY 115 gm,0,-0.017997823529411764,0.369758,17,0.0,0.6
W2,Beef with Bone (Average Quality),Tomatoes,0,-0.13453394117647058,0.29885,17,0.0,0.6
W2,Beef with Bone (Average Quality),Vegetable Ghee DALDA/HABIB 2.5 kg Tin,2,0.21711876470588234,0.637182,17,0.1176,0.6
W2,Beef with Bone (Average Quality),Vegetable Ghee DALDA/HABIB or Other Superior Quality 1 kg Pouch,3,0.30627213333333336,0.746494,15,0.2,0.6
W2,Beef with Bone (Average Quality),Wheat Flour Bag,0,-0.5068281764705883,0.047908,17,0.0,0.6
W2,Bread plain (Small Size),Chicken Farm Broiler (Live),0,0.0204884705882353,0.301831,17,0.0,0.6
W2,Bread plain (Small Size),Chilies Powder NATIONAL 200 gm Packet,4,0.22531164705882353,0.977881,17,0.2353,0.6
W2,Bread plain (Small Size),Cigarettes Capstan 20'S Packet,0,-0.12153729411764705,0.302201,17,0.0,0.6
W2,Bread plain (Small Size),Cooked Beef at Average Hotel,0,0.027595588235294115,0.472586,17,0.0,0.6
W2,Bread plain (Small Size),Cooked Daal at Average Hotel,0,-0.10467941176470588,0.238294,17,0.0,0.6
W2,Bread plain (Small Size),"Cooking Oil DALDA or Other Similar Brand (SN), 5 Litre Tin",0,-0.012207750000000003,0.292757,16,0.0,0.6
W2,Bread plain (Small Size),Curd (Dahi) Loose,0,-0.15692858823529413,0.0,17,0.0,0.6
W2,Bread plain (Small Size),Eggs Hen (Farm),0,-0.031797882352941176,0.136796,17,0.0,0.6
W2,Bread plain (Small Size),Electricity Charges upto 50 Units,0,-0.14868529411764705,0.0,17,0.0,0.6
W2,Bread plain (Small Size),Energy Saver Philips 14 Watt,0,-0.05532029411764706,0.0,17,0.0,0.6
W2,Bread plain (Small Size),Firewood Whole,0,-0.0022851176470588216,0.342886,17,0.0,0.6
W2,Bread plain (Small Size),Garlic (Lehsun),5,0.2281575882352941,0.751779,17,0.2941,0.6
W2,Bread plain (Small Size),Gas Charges upto 3.3719 MMBTU,0,0.0,0.0,15,0.0,0.6
W2,Bread plain (Small Size),Gents Sandal Bata,2,0.09746188235294118,0.695539,17,0.1176,0.6
W2,Bread plain (Small Size),Gents Sponge Chappal Bata,0,0.0,0.0,17,0.0,0.6
W2,Bread plain (Small Size),Georgette (Average Quality),0,-0.13066076470588234,0.451585,17,0.0,0.6
W2,Bread plain (Small Size),Gur (Average Quality),0,-0.07501105882352942,0.30939,17,0.0,0.6
W2,Bread plain (Small Size),Hi-Speed Diesel,0,0.13556594117647058,0.557827,17,0.0,0.6
W2,Bread plain (Small Size),LPG 11.67 kg Cylinder,0,-0.04591182352941176,0.239174,17,0.0,0.6
W2,Bread plain (Small Size),Ladies Sandal Bata,0,0.02508964705882353,0.188248,17,0.0,0.6
W2,Bread plain (Small Size),Lawn Printed Gul Ahmed/Al Karam,0,-0.0699235294117647,0.470851,17,0.0,0.6
W2,Bread plain (Small Size),"Long Cloth 57"" Gul Ahmed/Al Karam",0,-0.014927058823529408,0.473469,17,0.0,0.6
W2,Bread plain (Small Size),Match Box,0,0.010318588235294118,0.175416,17,0.0,0.6
W2,Bread plain (Small Size),Milk fresh (Un-boiled),0,-0.14221935294117646,0.0,17,0.0,0.6
W2,Bread plain (Small Size),Mustard Oil (Average Quality),0,-0.027211882352941173,0.219071,17,0.0,0.6
W2,Bread plain (Small Size),Mutton (Average Quality),0,-0.07979488235294119,0.401191,17,0.0,0.6
W2,Bread plain (Small Size),Onions,0,-0.10868523529411765,0.184309,17,0.0,0.6
W2,Bread plain (Small Size),Petrol Super,3,0.2969468823529412,0.692188,17,0.1765,0.6
W2,Bread plain (Small Size),Potatoes,0,-0.06728111764705881,0.087685,17,0.0,0.6
W2,Bread plain (Small Size),Powdered Milk NIDO 390 gm Polybag,0,-0.11887500000000001,0.064848,17,0.0,0.6
W2,Bread plain (Small Size),Pulse Gram,0,-0.2782839411764706,0.0,17,0.0,0.6
W2,Bread plain (Small Size),Pulse Mash (Washed),0,-0.1300380588235294,0.029682,17,0.0,0.6
W2,Bread plain (Small Size),Pulse Masoor (Washed),0,0.017182705882352944,0.37178,17,0.0,0.6
W2,Bread plain (Small Size),Pulse Moong (Washed),0,-0.12226376470588235,0.0,17,0.0,0.6
W2,Bread plain (Small Size),Rice Basmati Broken (Average Quality),4,0.2069440588235294,0.969097,17,0.2353,0.6
W2,Bread plain (Small Size),Rice IRRI-6/9 (Sindh/Punjab),1,0.09210007142857143,0.939441,14,0.0714,0.6
W2,Bread plain (Small Size),Salt Powdered (NATIONAL/SHAN) 800 gm Packet,0,-0.10010805882352941,0.0,17,0.0,0.6
W2,Bread plain (Small Size),Shirting (Average Quality),0,0.002980000000000002,0.46716,17,0.0,0.6
W2,Bread plain (Small Size),Sufi Washing Soap 250 gm Cake,0,-0.03257317647058824,0.0,17,0.0,0.6
W2,Bread plain (Small Size),Sugar Refined,0,-0.02952676470588235,0.457278,17,0.0,0.6
W2,Bread plain (Small Size),Tea Lipton Yellow Label 190 gm Packet,0,0.039333941176470585,0.313116,17,0.0,0.6
W2,Bread plain (Small Size),Tea Prepared Ordinary,0,-0.0009040588235294118,0.0,17,0.0,0.6
W2,Bread plain (Small Size),Telephone Call Charges,0,0.0,0.0,17,0.0,0.6
W2,Bread plain (Small Size),Toilet Soap LIFEBUOY 115 gm,0,-0.002987058823529413,0.259856,17,0.0,0.6
W2,Bread plain (Small Size),Tomatoes,0,-0.15287858823529413,0.0,17,0.0,0.6
W2,Bread plain (Small Size),Vegetable Ghee DALDA/HABIB 2.5 kg Tin,0,-0.014446588235294117,0.035169,17,0.0,0.6
W2,Bread plain (Small Size),Vegetable Ghee DALDA/HABIB or Other Superior Quality 1 kg Pouch,0,-0.0027541333333333333,0.061478,15,0.0,0.6
W2,Bread plain (Small Size),Wheat Flour Bag,0,0.027117411764705886,0.488115,17,0.0,0.6
W2,Chicken Farm Broiler (Live),Chilies Powder NATIONAL 200 gm Packet,2,0.24027299999999996,0.668555,17,0.1176,0.6
W2,Chicken Farm Broiler (Live),Cigarettes Capstan 20'S Packet,0,0.026725529411764707,0.411778,17,0.0,0.6
W2,Chicken Farm Broiler (Live),Cooked Beef at Average Hotel,0,-0.1002629411764706,0.270601,17,0.0,0.6
W2,Chicken Farm Broiler (Live),Cooked Daal at Average Hotel,0,-0.0011088823529411735,0.280573,17,0.0,0.6
W2,Chicken Farm Broiler (Live),"Cooking Oil DALDA or Other Similar Brand (SN), 5 Litre Tin",0,0.0547561875,0.362244,16,0.0,0.6
W2,Chicken Farm Broiler (Live),Curd (Dahi) Loose,0,0.06527329411764705,0.448847,17,0.0,0.6
W2,Chicken Farm Broiler (Live),Eggs Hen (Farm),0,-0.29497564705882356,0.136928,17,0.0,0.6
W2,Chicken Farm Broiler (Live),Electricity Charges upto 50 Units,0,-0.3648939411764706,-0.18301,17,0.0,0.6
W2,Chicken Farm Broiler (Live),Energy Saver Philips 14 Watt,0,-0.029081529411764704,0.0,17,0.0,0.6
W2,Chicken Farm Broiler (Live),Firewood Whole,0,0.058040529411764706,0.468206,17,0.0,0.6
W2,Chicken Farm Broiler (Live),Garlic (Lehsun),0,0.05431464705882353,0.446845,17,0.0,0.6
W2,Chicken Farm Broiler (Live),Gas Charges upto 3.3719 MMBTU,0,0.0,0.0,15,0.0,0.6
W2,Chicken Farm Broiler (Live),Gents Sandal Bata,0,0.2056591176470588,0.32902,17,0.0,0.6
W2,Chicken Farm Broiler (Live),Gents Sponge Chappal Bata,0,0.0,0.0,17,0.0,0.6
W2,Chicken Farm Broiler (Live),Georgette (Average Quality),0,-0.005623941176470591,0.33784,17,0.0,0.6
W2,Chicken Farm Broiler (Live),Gur (Average Quality),0,0.15182070588235294,0.559263,17,0.0,0.6
W2,Chicken Farm Broiler (Live),Hi-Speed Diesel,0,0.15423782352941176,0.221284,17,0.0,0.6
W2,Chicken Farm Broiler (Live),LPG 11.67 kg Cylinder,0,0.20155770588235294,0.450727,17,0.0,0.6
W2,Chicken Farm Broiler (Live),Ladies Sandal Bata,0,-0.244607,-0.14584,17,0.0,0.6
W2,Chicken Farm Broiler (Live),Lawn Printed Gul Ahmed/Al Karam,0,0.023275235294117645,0.37001,17,0.0,0.6
W2,Chicken Farm Broiler (Live),"Long Cloth 57"" Gul Ahmed/Al Karam",0,0.038612999999999995,0.35923,17,0.0,0.6
W2,Chicken Farm Broiler (Live),Match Box,0,0.005260411764705882,0.089427,17,0.0,0.6
W2,Chicken Farm Broiler (Live),Milk fresh (Un-boiled),0,0.06992523529411765,0.54961,17,0.0,0.6
W2,Chicken Farm Broiler (Live),Mustard Oil (Average Quality),1,-0.0776104705882353,0.673962,17,0.0588,0.6
W2,Chicken Farm Broiler (Live),Mutton (Average Quality),0,-0.19331752941176472,0.206872,17,0.0,0.6
W2,Chicken Farm Broiler (Live),Onions,1,0.3413280588235294,0.616289,17,0.0588,0.6
W2,Chicken Farm Broiler (Live),Petrol Super,0,0.3763474705882353,0.422795,17,0.0,0.6
W2,Chicken Farm Broiler (Live),Potatoes,0,-0.5721790588235294,-0.314116,17,0.0,0.6
W2,Chicken Farm Broiler (Live),Powdered Milk NIDO 390 gm Polybag,0,0.20324311764705882,0.407282,17,0.0,0.6
W2,Chicken Farm Broiler (Live),Pulse Gram,0,0.08650241176470587,0.358396,17,0.0,0.6
W2,Chicken Farm Broiler (Live),Pulse Mash (Washed),2,0.02283476470588235,0.630935,17,0.1176,0.6
W2,Chicken Farm Broiler (Live),Pulse Masoor (Washed),1,0.19608582352941176,0.646322,17,0.0588,0.6
W2,Chicken Farm Broiler (Live),Pulse Moong (Washed),0,0.09938658823529412,0.451266,17,0.0,0.6
W2,Chicken Farm Broiler (Live),Rice Basmati Broken (Average Quality),2,0.26566617647058827,0.811716,17,0.1176,0.6
W2,Chicken Farm Broiler (Live),Rice IRRI-6/9 (Sindh/Punjab),1,0.16179707142857144,0.612222,14,0.0714,0.6
W2,Chicken Farm Broiler (Live),Salt Powdered (NATIONAL/SHAN) 800 gm Packet,0,-0.03535541176470588,0.155527,17,0.0,0.6
W2,Chicken Farm Broiler (Live),Shirting (Average Quality),0,-0.004959647058823523,0.450346,17,0.0,0.6
W2,Chicken Farm Broiler (Live),Sufi Washing Soap 250 gm Cake,0,-0.028892823529411762,0.434402,17,0.0,0.6
W2,Chicken Farm Broiler (Live),Sugar Refined,0,0.28007011764705886,0.487078,17,0.0,0.6
W2,Chicken Farm Broiler (Live),Tea Lipton Yellow Label 190 gm Packet,0,0.0010187058823529424,0.095937,17,0.0,0.6
W2,Chicken Farm Broiler (Live),Tea Prepared Ordinary,0,0.04316823529411765,0.41051,17,0.0,0.6
W2,Chicken Farm Broiler (Live),Telephone Call Charges,0,0.0,0.0,17,0.0,0.6
W2,Chicken Farm Broiler (Live),Toilet Soap LIFEBUOY 115 gm,0,0.01682070588235294,0.53529,17,0.0,0.6
W2,Chicken Farm Broiler (Live),Tomatoes,0,-0.1729241176470588,0.04188,17,0.0,0.6
W2,Chicken Farm Broiler (Live),Vegetable Ghee DALDA/HABIB 2.5 kg Tin,0,-0.03235788235294118,0.218152,17,0.0,0.6
W2,Chicken Farm Broiler (Live),Vegetable Ghee DALDA/HABIB or Other Superior Quality 1 kg Pouch,0,-0.14220273333333333,0.183355,15,0.0,0.6
W2,Chicken Farm Broiler (Live),Wheat Flour Bag,0,0.38652964705882353,0.521551,17,0.0,0.6
W2,Chilies Powder NATIONAL 200 gm Packet,Cigarettes Capstan 20'S Packet,0,-0.12795905882352943,0.0,17,0.0,0.6
W2,Chilies Powder NATIONAL 200 gm Packet,Cooked Beef at Average Hotel,0,-0.1201084705882353,0.0,17,0.0,0.6
W2,Chilies Powder NATIONAL 200 gm Packet,Cooked Daal at Average Hotel,0,-0.16450499999999998,0.0,17,0.0,0.6
W2,Chilies Powder NATIONAL 200 gm Packet,"Cooking Oil DALDA or Other Similar Brand (SN), 5 Litre Tin",0,-0.0395143125,0.157287,16,0.0,0.6
W2,Chilies Powder NATIONAL 200 gm Packet,Curd (Dahi) Loose,0,-0.23265276470588234,0.0,17,0.0,0.6
W2,Chilies Powder NATIONAL 200 gm Packet,Eggs Hen (Farm),0,0.0062844117647058865,0.134141,17,0.0,0.6
W2,Chilies Powder NATIONAL 200 gm Packet,Electricity Charges upto 50 Units,1,0.006977352941176471,0.775171,17,0.0588,0.6
W2,Chilies Powder NATIONAL 200 gm Packet,Energy Saver Philips 14 Watt,0,-0.09046776470588236,0.0,17,0.0,0.6
W2,Chilies Powder NATIONAL 200 gm Packet,Firewood Whole,0,-0.007455823529411768,0.312293,17,0.0,0.6
W2,Chilies Powder NATIONAL 200 gm Packet,Garlic (Lehsun),1,0.23559611764705882,0.707014,17,0.0588,0.6
W2,Chilies Powder NATIONAL 200 gm Packet,Gas Charges upto 3.3719 MMBTU,0,0.0,0.0,15,0.0,0.6
W2,Chilies Powder NATIONAL 200 gm Packet,Gents Sandal Bata,0,-0.10540394117647058,0.0,17,0.0,0.6
W2,Chilies Powder NATIONAL 200 gm Packet,Gents Sponge Chappal Bata,0,0.0,0.0,17,0.0,0.6
W2,Chilies Powder NATIONAL 200 gm Packet,Georgette (Average Quality),0,-0.125927,0.0,17,0.0,0.6
W2,Chilies Powder NATIONAL 200 gm Packet,Gur (Average Quality),0,-0.06745517647058824,0.225233,17,0.0,0.6
W2,Chilies Powder NATIONAL 200 gm Packet,Hi-Speed Diesel,1,0.3693101764705883,0.622637,17,0.0588,0.6
W2,Chilies Powder NATIONAL 200 gm Packet,LPG 11.67 kg Cylinder,4,0.3174181176470588,0.720096,17,0.2353,0.6
W2,Chilies Powder NATIONAL 200 gm Packet,Ladies Sandal Bata,0,-0.02852770588235294,0.0,17,0.0,0.6
W2,Chilies Powder NATIONAL 200 gm Packet,Lawn Printed Gul Ahmed/Al Karam,0,-0.15042676470588234,0.0,17,0.0,0.6
W2,Chilies Powder NATIONAL 200 gm Packet,"Long Cloth 57"" Gul Ahmed/Al Karam",0,-0.18666170588235295,0.0,17,0.0,0.6
W2,Chilies Powder NATIONAL 200 gm Packet,Match Box,0,0.0,0.0,17,0.0,0.6
W2,Chilies Powder NATIONAL 200 gm Packet,Milk fresh (Un-boiled),0,-0.16971817647058823,0.0,17,0.0,0.6
W2,Chilies Powder NATIONAL 200 gm Packet,Mustard Oil (Average Quality),0,0.037512000000000004,0.41021,17,0.0,0.6
W2,Chilies Powder NATIONAL 200 gm Packet,Mutton (Average Quality),0,-0.33957858823529413,0.0,17,0.0,0.6
W2,Chilies Powder NATIONAL 200 gm Packet,Onions,7,0.2655254117647059,0.906591,17,0.4118,0.6
W2,Chilies Powder NATIONAL 200 gm Packet,Petrol Super,5,0.44351088235294117,0.655673,17,0.2941,0.6
W2,Chilies Powder NATIONAL 200 gm Packet,Potatoes,0,-0.24280647058823532,-0.005139,17,0.0,0.6
W2,Chilies Powder NATIONAL 200 gm Packet,Powdered Milk NIDO 390 gm Polybag,0,-0.12829864705882355,0.03106,17,0.0,0.6
W2,Chilies Powder NATIONAL 200 gm Packet,Pulse Gram,0,-0.21743729411764706,0.062719,17,0.0,0.6
W2,Chilies Powder NATIONAL 200 gm Packet,Pulse Mash (Washed),0,-0.2286005294117647,0.295185,17,0.0,0.6
W2,Chilies Powder NATIONAL 200 gm Packet,Pulse Masoor (Washed),0,0.20092052941176472,0.571413,17,0.0,0.6
W2,Chilies Powder NATIONAL 200 gm Packet,Pulse Moong (Washed),0,-0.04479888235294118,0.061852,17,0.0,0.6
W2,Chilies Powder NATIONAL 200 gm Packet,Rice Basmati Broken (Average Quality),4,0.2885142352941177,0.844743,17,0.2353,0.6
W2,Chilies Powder NATIONAL 200 gm Packet,Rice IRRI-6/9 (Sindh/Punjab),1,0.1817027142857143,0.648316,14,0.0714,0.6
W2,Chilies Powder NATIONAL 200 gm Packet,Salt Powdered (NATIONAL/SHAN) 800 gm Packet,0,-0.035124823529411764,0.0,17,0.0,0.6
W2,Chilies Powder NATIONAL 200 gm Packet,Shirting (Average Quality),0,-0.27261041176470585,0.0,17,0.0,0.6
W2,Chilies Powder NATIONAL 200 gm Packet,Sufi Washing Soap 250 gm Cake,0,-0.053256705882352935,0.0,17,0.0,0.6
W2,Chilies Powder NATIONAL 200 gm Packet,Sugar Refined,0,0.016337,0.195767,17,0.0,0.6
W2,Chilies Powder NATIONAL 200 gm Packet,Tea Lipton Yellow Label 190 gm Packet,0,0.0,0.0,17,0.0,0.6
W2,Chilies Powder NATIONAL 200 gm Packet,Tea Prepared Ordinary,0,-0.031017,0.0,17,0.0,0.6
W2,Chilies Powder NATIONAL 200 gm Packet,Telephone Call Charges,0,0.0,0.0,17,0.0,0.6
W2,Chilies Powder NATIONAL 200 gm Packet,Toilet Soap LIFEBUOY 115 gm,0,0.0,0.0,17,0.0,0.6
W2,Chilies Powder NATIONAL 200 gm Packet,Tomatoes,0,0.0484629411764706,0.392114,17,0.0,0.6
W2,Chilies Powder NATIONAL 200 gm Packet,Vegetable Ghee DALDA/HABIB 2.5 kg Tin,0,-0.07049417647058824,0.195042,17,0.0,0.6
W2,Chilies Powder NATIONAL 200 gm Packet,Vegetable Ghee DALDA/HABIB or Other Superior Quality 1 kg Pouch,0,-0.0815524,0.085751,15,0.0,0.6
W2,Chilies Powder NATIONAL 200 gm Packet,Wheat Flour Bag,7,0.5016172352941176,0.89891,17,0.4118,0.6
W2,Cigarettes Capstan 20'S Packet,Cooked Beef at Average Hotel,1,0.07430994117647059,0.711166,17,0.0588,0.6
W2,Cigarettes Capstan 20'S Packet,Cooked Daal at Average Hotel,4,0.2745351764705882,0.954477,17,0.2353,0.6
W2,Cigarettes Capstan 20'S Packet,"Cooking Oil DALDA or Other Similar Brand (SN), 5 Litre Tin",2,0.1957675625,0.971047,16,0.125,0.6
W2,Cigarettes Capstan 20'S Packet,Curd (Dahi) Loose,4,0.1922199411764706,0.774097,17,0.2353,0.6
W2,Cigarettes Capstan 20'S Packet,Eggs Hen (Farm),0,-0.08473058823529411,0.339758,17,0.0,0.6
W2,Cigarettes Capstan 20'S Packet,Electricity Charges upto 50 Units,1,0.04023741176470589,0.758861,17,0.0588,0.6
W2,Cigarettes Capstan 20'S Packet,Energy Saver Philips 14 Watt,0,0.0,0.0,17,0.0,0.6
W2,Cigarettes Capstan 20'S Packet,Firewood Whole,0,0.025781176470588238,0.317065,17,0.0,0.6
W2,Cigarettes Capstan 20'S Packet,Garlic (Lehsun),0,-0.018912352941176474,0.255362,17,0.0,0.6
W2,Cigarettes Capstan 20'S Packet,Gas Charges upto 3.3719 MMBTU,0,0.0,0.0,15,0.0,0.6
W2,Cigarettes Capstan 20'S Packet,Gents Sandal Bata,0,0.0,0.0,17,0.0,0.6
W2,Cigarettes Capstan 20'S Packet,Gents Sponge Chappal Bata,0,0.0,0.0,17,0.0,0.6
W2,Cigarettes Capstan 20'S Packet,Georgette (Average Quality),0,0.05034852941176471,0.39582,17,0.0,0.6
W2,Cigarettes Capstan 20'S Packet,Gur (Average Quality),0,-0.014647294117647059,0.231294,17,0.0,0.6
W2,Cigarettes Capstan 20'S Packet,Hi-Speed Diesel,0,0.06104364705882353,0.435215,17,0.0,0.6
W2,Cigarettes Capstan 20'S Packet,LPG 11.67 kg Cylinder,0,-0.05633594117647059,0.355306,17,0.0,0.6
W2,Cigarettes Capstan 20'S Packet,Ladies Sandal Bata,1,0.08011276470588234,0.71105,17,0.0588,0.6
W2,Cigarettes Capstan 20'S Packet,Lawn Printed Gul Ahmed/Al Karam,2,0.0897175882352941,0.70492,17,0.1176,0.6
W2,Cigarettes Capstan 20'S Packet,"Long Cloth 57"" Gul Ahmed/Al Karam",2,0.09647358823529413,0.73884,17,0.1176,0.6
W2,Cigarettes Capstan 20'S Packet,Match Box,0,0.0,0.0,17,0.0,0.6
W2,Cigarettes Capstan 20'S Packet,Milk fresh (Un-boiled),4,0.1920504117647059,0.770179,17,0.2353,0.6
W2,Cigarettes Capstan 20'S Packet,Mustard Oil (Average Quality),0,-0.02197270588235294,0.204799,17,0.0,0.6
W2,Cigarettes Capstan 20'S Packet,Mutton (Average Quality),1,0.10921670588235294,0.760516,17,0.0588,0.6
W2,Cigarettes Capstan 20'S Packet,Onions,0,-0.13941723529411765,0.130759,17,0.0,0.6
W2,Cigarettes Capstan 20'S Packet,Petrol Super,0,-0.08540164705882354,0.260138,17,0.0,0.6
W2,Cigarettes Capstan 20'S Packet,Potatoes,0,-0.030464470588235287,0.458666,17,0.0,0.6
W2,Cigarettes Capstan 20'S Packet,Powdered Milk NIDO 390 gm Polybag,4,0.30352570588235295,0.95448,17,0.2353,0.6
W2,Cigarettes Capstan 20'S Packet,Pulse Gram,0,0.10572582352941176,0.586071,17,0.0,0.6
W2,Cigarettes Capstan 20'S Packet,Pulse Mash (Washed),1,0.0071885294117647065,0.645468,17,0.0588,0.6
W2,Cigarettes Capstan 20'S Packet,Pulse Masoor (Washed),0,-0.00799423529411765,0.293053,17,0.0,0.6
W2,Cigarettes Capstan 20'S Packet,Pulse Moong (Washed),1,0.16443229411764704,0.61777,17,0.0588,0.6
W2,Cigarettes Capstan 20'S Packet,Rice Basmati Broken (Average Quality),1,-0.08396600000000001,0.78893,17,0.0588,0.6
W2,Cigarettes Capstan 20'S Packet,Rice IRRI-6/9 (Sindh/Punjab),0,-0.05804435714285715,0.431713,14,0.0,0.6
W2,Cigarettes Capstan 20'S Packet,Salt Powdered (NATIONAL/SHAN) 800 gm Packet,3,0.15390535294117647,0.983345,17,0.1765,0.6
W2,Cigarettes Capstan 20'S Packet,Shirting (Average Quality),0,0.042135058823529414,0.434226,17,0.0,0.6
W2,Cigarettes Capstan 20'S Packet,Sufi Washing Soap 250 gm Cake,1,0.10320358823529412,0.942804,17,0.0588,0.6
W2,Cigarettes Capstan 20'S Packet,Sugar Refined,3,0.21555464705882355,0.762072,17,0.1765,0.6
W2,Cigarettes Capstan 20'S Packet,Tea Lipton Yellow Label 190 gm Packet,0,-0.058823529411764705,0.0,17,0.0,0.6
W2,Cigarettes Capstan 20'S Packet,Tea Prepared Ordinary,0,0.07116952941176471,0.572315,17,0.0,0.6
W2,Cigarettes Capstan 20'S Packet,Telephone Call Charges,0,0.0,0.0,17,0.0,0.6
W2,Cigarettes Capstan 20'S Packet,Toilet Soap LIFEBUOY 115 gm,1,0.07969182352941177,0.832945,17,0.0588,0.6
W2,Cigarettes Capstan 20'S Packet,Tomatoes,0,0.06986335294117646,0.548989,17,0.0,0.6
W2,Cigarettes Capstan 20'S Packet,Vegetable Ghee DALDA/HABIB 2.5 kg Tin,2,0.14127941176470588,0.873119,17,0.1176,0.6
W2,Cigarettes Capstan 20'S Packet,Vegetable Ghee DALDA/HABIB or Other Superior Quality 1 kg Pouch,0,0.12442953333333333,0.545785,15,0.0,0.6
W2,Cigarettes Capstan 20'S Packet,Wheat Flour Bag,0,-0.06457317647058824,0.32737,17,0.0,0.6
W2,Cooked Beef at Average Hotel,Cooked Daal at Average Hotel,4,0.27409176470588237,0.999954,17,0.2353,0.6
W2,Cooked Beef at Average Hotel,"Cooking Oil DALDA or Other Similar Brand (SN), 5 Litre Tin",1,0.1120736875,0.77836,16,0.0625,0.6
W2,Cooked Beef at Average Hotel,Curd (Dahi) Loose,0,0.056780823529411766,0.498934,17,0.0,0.6
W2,Cooked Beef at Average Hotel,Eggs Hen (Farm),0,0.0777184705882353,0.429551,17,0.0,0.6
W2,Cooked Beef at Average Hotel,Electricity Charges upto 50 Units,0,-0.05321205882352941,0.293927,17,0.0,0.6
W2,Cooked Beef at Average Hotel,Energy Saver Philips 14 Watt,0,0.005231117647058824,0.088929,17,0.0,0.6
W2,Cooked Beef at Average Hotel,Firewood Whole,2,0.1941885882352941,0.916304,17,0.1176,0.6
W2,Cooked Beef at Average Hotel,Garlic (Lehsun),0,0.10263241176470587,0.43107,17,0.0,0.6
W2,Cooked Beef at Average Hotel,Gas Charges upto 3.3719 MMBTU,0,0.0,0.0,15,0.0,0.6
W2,Cooked Beef at Average Hotel,Gents Sandal Bata,1,0.059399529411764705,0.679453,17,0.0588,0.6
W2,Cooked Beef at Average Hotel,Gents Sponge Chappal Bata,0,0.0,0.0,17,0.0,0.6
W2,Cooked Beef at Average Hotel,Georgette (Average Quality),3,0.1688301176470588,0.953781,17,0.1765,0.6
W2,Cooked Beef at Average Hotel,Gur (Average Quality),0,0.05872823529411765,0.467728,17,0.0,0.6
W2,Cooked Beef at Average Hotel,Hi-Speed Diesel,0,-0.12917782352941176,0.23,17,0.0,0.6
W2,Cooked Beef at Average Hotel,LPG 11.67 kg Cylinder,0,-0.032924176470588234,0.416292,17,0.0,0.6
W2,Cooked Beef at Average Hotel,Ladies Sandal Bata,2,0.16393488235294118,0.817401,17,0.1176,0.6
W2,Cooked Beef at Average Hotel,Lawn Printed Gul Ahmed/Al Karam,1,0.0999044705882353,0.999994,17,0.0588,0.6
W2,Cooked Beef at Average Hotel,"Long Cloth 57"" Gul Ahmed/Al Karam",1,0.08550317647058824,0.999999,17,0.0588,0.6
W2,Cooked Beef at Average Hotel,Match Box,0,0.0,0.0,17,0.0,0.6
W2,Cooked Beef at Average Hotel,Milk fresh (Un-boiled),0,0.06031770588235294,0.387245,17,0.0,0.6
W2,Cooked Beef at Average Hotel,Mustard Oil (Average Quality),0,0.0037307647058823536,0.224273,17,0.0,0.6
W2,Cooked Beef at Average Hotel,Mutton (Average Quality),2,0.11994252941176473,0.831931,17,0.1176,0.6
W2,Cooked Beef at Average Hotel,Onions,0,-0.0693785294117647,0.28365,17,0.0,0.6
W2,Cooked Beef at Average Hotel,Petrol Super,0,-0.13346829411764705,0.107282,17,0.0,0.6
W2,Cooked Beef at Average Hotel,Potatoes,0,0.07138523529411765,0.349354,17,0.0,0.6
W2,Cooked Beef at Average Hotel,Powdered Milk NIDO 390 gm Polybag,0,0.09797299999999999,0.466785,17,0.0,0.6
W2,Cooked Beef at Average Hotel,Pulse Gram,3,0.15491276470588236,0.628328,17,0.1765,0.6
W2,Cooked Beef at Average Hotel,Pulse Mash (Washed),0,-0.056488000000000003,0.470691,17,0.0,0.6
W2,Cooked Beef at Average Hotel,Pulse Masoor (Washed),0,-0.17489182352941177,0.491992,17,0.0,0.6
W2,Cooked Beef at Average Hotel,Pulse Moong (Washed),0,0.12758729411764705,0.549243,17,0.0,0.6
W2,Cooked Beef at Average Hotel,Rice Basmati Broken (Average Quality),0,-0.0808484705882353,0.138546,17,0.0,0.6
W2,Cooked Beef at Average Hotel,Rice IRRI-6/9 (Sindh/Punjab),0,-0.10520642857142858,0.020925,14,0.0,0.6
W2,Cooked Beef at Average Hotel,Salt Powdered (NATIONAL/SHAN) 800 gm Packet,1,0.06050282352941177,0.999993,17,0.0588,0.6
W2,Cooked Beef at Average Hotel,Shirting (Average Quality),2,0.14227482352941176,0.999944,17,0.1176,0.6
W2,Cooked Beef at Average Hotel,Sufi Washing Soap 250 gm Cake,0,-0.010261529411764706,0.303724,17,0.0,0.6
W2,Cooked Beef at Average Hotel,Sugar Refined,0,-0.05631488235294118,0.568838,17,0.0,0.6
W2,Cooked Beef at Average Hotel,Tea Lipton Yellow Label 190 gm Packet,0,0.0,0.0,17,0.0,0.6
W2,Cooked Beef at Average Hotel,Tea Prepared Ordinary,0,0.024382764705882354,0.286752,17,0.0,0.6
W2,Cooked Beef at Average Hotel,Telephone Call Charges,0,0.0,0.0,17,0.0,0.6
W2,Cooked Beef at Average Hotel,Toilet Soap LIFEBUOY 115 gm,1,-0.07586823529411765,1.0,17,0.0588,0.6
W2,Cooked Beef at Average Hotel,Tomatoes,1,0.06579076470588235,0.620516,17,0.0588,0.6
W2,Cooked Beef at Average Hotel,Vegetable Ghee DALDA/HABIB 2.5 kg Tin,3,0.16700241176470587,0.702967,17,0.1765,0.6
W2,Cooked Beef at Average Hotel,Vegetable Ghee DALDA/HABIB or Other Superior Quality 1 kg Pouch,0,0.13249406666666666,0.56267,15,0.0,0.6
W2,Cooked Beef at Average Hotel,Wheat Flour Bag,0,-0.13308082352941175,0.111924,17,0.0,0.6
W2,Cooked Daal at Average Hotel,"Cooking Oil DALDA or Other Similar Brand (SN), 5 Litre Tin",1,0.14943875,0.899797,16,0.0625,0.6
W2,Cooked Daal at Average Hotel,Curd (Dahi) Loose,3,0.21735247058823529,0.901867,17,0.1765,0.6
W2,Cooked Daal at Average Hotel,Eggs Hen (Farm),0,0.006373176470588235,0.443196,17,0.0,0.6
W2,Cooked Daal at Average Hotel,Electricity Charges upto 50 Units,0,-0.038685235294117645,0.299999,17,0.0,0.6
W2,Cooked Daal at Average Hotel,Energy Saver Philips 14 Watt,1,0.05478529411764706,0.93135,17,0.0588,0.6
W2,Cooked Daal at Average Hotel,Firewood Whole,1,0.14794700000000002,0.681628,17,0.0588,0.6
W2,Cooked Daal at Average Hotel,Garlic (Lehsun),0,0.034292823529411764,0.426762,17,0.0,0.6
W2,Cooked Daal at Average Hotel,Gas Charges upto 3.3719 MMBTU,0,0.0,0.0,15,0.0,0.6
W2,Cooked Daal at Average Hotel,Gents Sandal Bata,0,0.01720735294117647,0.270059,17,0.0,0.6
W2,Cooked Daal at Average Hotel,Gents Sponge Chappal Bata,0,0.0,0.0,17,0.0,0.6
W2,Cooked Daal at Average Hotel,Georgette (Average Quality),1,0.09174182352941175,0.926909,17,0.0588,0.6
W2,Cooked Daal at Average Hotel,Gur (Average Quality),2,0.06635811764705882,0.615813,17,0.1176,0.6
W2,Cooked Daal at Average Hotel,Hi-Speed Diesel,0,-0.12166588235294118,0.320848,17,0.0,0.6
W2,Cooked Daal at Average Hotel,LPG 11.67 kg Cylinder,0,-0.039526000000000006,0.398404,17,0.0,0.6
W2,Cooked Daal at Average Hotel,Ladies Sandal Bata,1,0.09431958823529413,0.636167,17,0.0588,0.6
W2,Cooked Daal at Average Hotel,Lawn Printed Gul Ahmed/Al Karam,2,0.1379005294117647,0.821272,17,0.1176,0.6
W2,Cooked Daal at Average Hotel,"Long Cloth 57"" Gul Ahmed/Al Karam",3,0.16405770588235294,0.864112,17,0.1765,0.6
W2,Cooked Daal at Average Hotel,Match Box,0,0.0,0.0,17,0.0,0.6
W2,Cooked Daal at Average Hotel,Milk fresh (Un-boiled),3,0.208809,0.87788,17,0.1765,0.6
W2,Cooked Daal at Average Hotel,Mustard Oil (Average Quality),2,0.16522041176470587,0.795838,17,0.1176,0.6
W2,Cooked Daal at Average Hotel,Mutton (Average Quality),2,0.15961164705882352,0.712863,17,0.1176,0.6
W2,Cooked Daal at Average Hotel,Onions,0,-0.07749670588235293,0.253736,17,0.0,0.6
W2,Cooked Daal at Average Hotel,Petrol Super,0,-0.18296341176470587,0.169881,17,0.0,0.6
W2,Cooked Daal at Average Hotel,Potatoes,0,0.021378235294117642,0.446799,17,0.0,0.6
W2,Cooked Daal at Average Hotel,Powdered Milk NIDO 390 gm Polybag,3,0.2096690588235294,0.921214,17,0.1765,0.6
W2,Cooked Daal at Average Hotel,Pulse Gram,1,0.2067334705882353,0.627075,17,0.0588,0.6
W2,Cooked Daal at Average Hotel,Pulse Mash (Washed),0,-0.126603,0.353695,17,0.0,0.6
W2,Cooked Daal at Average Hotel,Pulse Masoor (Washed),0,-0.2317575882352941,0.349812,17,0.0,0.6
W2,Cooked Daal at Average Hotel,Pulse Moong (Washed),4,0.22431641176470588,0.800931,17,0.2353,0.6
W2,Cooked Daal at Average Hotel,Rice Basmati Broken (Average Quality),0,-0.08761541176470587,0.142247,17,0.0,0.6
W2,Cooked Daal at Average Hotel,Rice IRRI-6/9 (Sindh/Punjab),0,-0.14100585714285715,0.071342,14,0.0,0.6
W2,Cooked Daal at Average Hotel,Salt Powdered (NATIONAL/SHAN) 800 gm Packet,3,0.17768582352941178,0.999913,17,0.1765,0.6
W2,Cooked Daal at Average Hotel,Shirting (Average Quality),0,0.04211658823529412,0.350941,17,0.0,0.6
W2,Cooked Daal at Average Hotel,Sufi Washing Soap 250 gm Cake,0,-0.008909882352941172,0.525167,17,0.0,0.6
W2,Cooked Daal at Average Hotel,Sugar Refined,1,0.023308882352941176,0.823376,17,0.0588,0.6
W2,Cooked Daal at Average Hotel,Tea Lipton Yellow Label 190 gm Packet,0,-0.057527294117647065,0.275561,17,0.0,0.6
W2,Cooked Daal at Average Hotel,Tea Prepared Ordinary,0,0.056580294117647055,0.449413,17,0.0,0.6
W2,Cooked Daal at Average Hotel,Telephone Call Charges,0,0.0,0.0,17,0.0,0.6
W2,Cooked Daal at Average Hotel,Toilet Soap LIFEBUOY 115 gm,1,-0.06800523529411764,0.999947,17,0.0588,0.6
W2,Cooked Daal at Average Hotel,Tomatoes,0,0.01853352941176471,0.502229,17,0.0,0.6
W2,Cooked Daal at Average Hotel,Vegetable Ghee DALDA/HABIB 2.5 kg Tin,1,0.175124,0.746848,17,0.0588,0.6
W2,Cooked Daal at Average Hotel,Vegetable Ghee DALDA/HABIB or Other Superior Quality 1 kg Pouch,1,0.2522062,0.895911,15,0.0667,0.6
W2,Cooked Daal at Average Hotel,Wheat Flour Bag,0,-0.07994558823529412,0.291308,17,0.0,0.6
W2,"Cooking Oil DALDA or Other Similar Brand (SN), 5 Litre Tin",Curd (Dahi) Loose,0,0.058193625,0.373162,16,0.0,0.6
W2,"Cooking Oil DALDA or Other Similar Brand (SN), 5 Litre Tin",Eggs Hen (Farm),0,-0.24688656250000002,0.254143,16,0.0,0.6
W2,"Cooking Oil DALDA or Other Similar Brand (SN), 5 Litre Tin",Electricity Charges upto 50 Units,0,-0.21556775,0.019382,16,0.0,0.6
W2,"Cooking Oil DALDA or Other Similar Brand (SN), 5 Litre Tin",Energy Saver Philips 14 Watt,1,0.049424125000000006,0.89648,16,0.0625,0.6
W2,"Cooking Oil DALDA or Other Similar Brand (SN), 5 Litre Tin",Firewood Whole,5,0.352589,0.899024,16,0.3125,0.6
W2,"Cooking Oil DALDA or Other Similar Brand (SN), 5 Litre Tin",Garlic (Lehsun),1,0.2131828125,0.703491,16,0.0625,0.6
W2,"Cooking Oil DALDA or Other Similar Brand (SN), 5 Litre Tin",Gas Charges upto 3.3719 MMBTU,0,0.0,0.0,15,0.0,0.6
W2,"Cooking Oil DALDA or Other Similar Brand (SN), 5 Litre Tin",Gents Sandal Bata,0,-0.1120735625,0.0,16,0.0,0.6
W2,"Cooking Oil DALDA or Other Similar Brand (SN), 5 Litre Tin",Gents Sponge Chappal Bata,0,0.0,0.0,16,0.0,0.6
W2,"Cooking Oil DALDA or Other Similar Brand (SN), 5 Litre Tin",Georgette (Average Quality),1,0.059291875,0.786809,16,0.0625,0.6
W2,"Cooking Oil DALDA or Other Similar Brand (SN), 5 Litre Tin",Gur (Average Quality),1,-0.08834974999999999,0.731188,16,0.0625,0.6
W2,"Cooking Oil DALDA or Other Similar Brand (SN), 5 Litre Tin",Hi-Speed Diesel,0,0.2452414375,0.410239,16,0.0,0.6
W2,"Cooking Oil DALDA or Other Similar Brand (SN), 5 Litre Tin",LPG 11.67 kg Cylinder,0,0.013023874999999996,0.28312,16,0.0,0.6
W2,"Cooking Oil DALDA or Other Similar Brand (SN), 5 Litre Tin",Ladies Sandal Bata,7,0.52073225,0.829062,16,0.4375,0.6
W2,"Cooking Oil DALDA or Other Similar Brand (SN), 5 Litre Tin",Lawn Printed Gul Ahmed/Al Karam,0,-0.0043509375,0.112488,16,0.0,0.6
W2,"Cooking Oil DALDA or Other Similar Brand (SN), 5 Litre Tin","Long Cloth 57"" Gul Ahmed/Al Karam",1,0.04182275,0.841066,16,0.0625,0.6
W2,"Cooking Oil DALDA or Other Similar Brand (SN), 5 Litre Tin",Match Box,0,-0.0123496875,0.0,16,0.0,0.6
W2,"Cooking Oil DALDA or Other Similar Brand (SN), 5 Litre Tin",Milk fresh (Un-boiled),0,0.1138199375,0.533371,16,0.0,0.6
W2,"Cooking Oil DALDA or Other Similar Brand (SN), 5 Litre Tin",Mustard Oil (Average Quality),6,0.387420125,0.878109,16,0.375,0.6
W2,"Cooking Oil DALDA or Other Similar Brand (SN), 5 Litre Tin",Mutton (Average Quality),1,0.21945106250000002,0.70957,16,0.0625,0.6
W2,"Cooking Oil DALDA or Other Similar Brand (SN), 5 Litre Tin",Onions,0,-0.2654375625,0.072784,16,0.0,0.6
W2,"Cooking Oil DALDA or Other Similar Brand (SN), 5 Litre Tin",Petrol Super,0,0.0981430625,0.270154,16,0.0,0.6
W2,"Cooking Oil DALDA or Other Similar Brand (SN), 5 Litre Tin",Potatoes,0,-0.2809500625,0.285276,16,0.0,0.6
W2,"Cooking Oil DALDA or Other Similar Brand (SN), 5 Litre Tin",Powdered Milk NIDO 390 gm Polybag,0,0.087242625,0.345322,16,0.0,0.6
W2,"Cooking Oil DALDA or Other Similar Brand (SN), 5 Litre Tin",Pulse Gram,0,-0.3290960625,0.00931,16,0.0,0.6
W2,"Cooking Oil DALDA or Other Similar Brand (SN), 5 Litre Tin",Pulse Mash (Washed),0,-0.20846575,0.314241,16,0.0,0.6
W2,"Cooking Oil DALDA or Other Similar Brand (SN), 5 Litre Tin",Pulse Masoor (Washed),0,-0.0166371875,0.369375,16,0.0,0.6
W2,"Cooking Oil DALDA or Other Similar Brand (SN), 5 Litre Tin",Pulse Moong (Washed),1,0.3152373125,0.912631,16,0.0625,0.6
W2,"Cooking Oil DALDA or Other Similar Brand (SN), 5 Litre Tin",Rice Basmati Broken (Average Quality),0,-0.10165756249999999,0.109992,16,0.0,0.6
W2,"Cooking Oil DALDA or Other Similar Brand (SN), 5 Litre Tin",Rice IRRI-6/9 (Sindh/Punjab),0,-0.08603284615384615,0.0,13,0.0,0.6
W2,"Cooking Oil DALDA or Other Similar Brand (SN), 5 Litre Tin",Salt Powdered (NATIONAL/SHAN) 800 gm Packet,0,0.0526594375,0.484138,16,0.0,0.6
W2,"Cooking Oil DALDA or Other Similar Brand (SN), 5 Litre Tin",Shirting (Average Quality),0,0.0025307500000000017,0.251742,16,0.0,0.6
W2,"Cooking Oil DALDA or Other Similar Brand (SN), 5 Litre Tin",Sufi Washing Soap 250 gm Cake,2,0.2064815625,0.715984,16,0.125,0.6
W2,"Cooking Oil DALDA or Other Similar Brand (SN), 5 Litre Tin",Sugar Refined,3,0.4477970625,0.766534,16,0.1875,0.6
W2,"Cooking Oil DALDA or Other Similar Brand (SN), 5 Litre Tin",Tea Lipton Yellow Label 190 gm Packet,0,-0.0982488125,0.091187,16,0.0,0.6
W2,"Cooking Oil DALDA or Other Similar Brand (SN), 5 Litre Tin",Tea Prepared Ordinary,1,0.0847341875,0.72426,16,0.0625,0.6
W2,"Cooking Oil DALDA or Other Similar Brand (SN), 5 Litre Tin",Telephone Call Charges,0,0.0,0.0,16,0.0,0.6
W2,"Cooking Oil DALDA or Other Similar Brand (SN), 5 Litre Tin",Toilet Soap LIFEBUOY 115 gm,1,-0.0617838125,0.637112,16,0.0625,0.6
W2,"Cooking Oil DALDA or Other Similar Brand (SN), 5 Litre Tin",Tomatoes,0,-0.16918943749999998,0.262533,16,0.0,0.6
W2,"Cooking Oil DALDA or Other Similar Brand (SN), 5 Litre Tin",Vegetable Ghee DALDA/HABIB 2.5 kg Tin,14,0.7995963125,0.953784,16,0.875,0.6
W2,"Cooking Oil DALDA or Other Similar Brand (SN), 5 Litre Tin",Vegetable Ghee DALDA/HABIB or Other Superior Quality 1 kg Pouch,12,0.7110498,0.904659,15,0.8,0.6
W2,"Cooking Oil DALDA or Other Similar Brand (SN), 5 Litre Tin",Wheat Flour Bag,0,-0.023165250000000002,0.256426,16,0.0,0.6
W2,Curd (Dahi) Loose,Eggs Hen (Farm),0,0.10369094117647058,0.491148,17,0.0,0.6
W2,Curd (Dahi) Loose,Electricity Charges upto 50 Units,0,-0.04357017647058823,0.295099,17,0.0,0.6
W2,Curd (Dahi) Loose,Energy Saver Philips 14 Watt,0,0.048662823529411765,0.421509,17,0.0,0.6
W2,Curd (Dahi) Loose,Firewood Whole,1,0.12614829411764705,0.710494,17,0.0588,0.6
W2,Curd (Dahi) Loose,Garlic (Lehsun),0,0.002375411764705884,0.383123,17,0.0,0.6
W2,Curd (Dahi) Loose,Gas Charges upto 3.3719 MMBTU,0,0.0,0.0,15,0.0,0.6
W2,Curd (Dahi) Loose,Gents Sandal Bata,0,0.0,0.0,17,0.0,0.6
W2,Curd (Dahi) Loose,Gents Sponge Chappal Bata,0,0.0,0.0,17,0.0,0.6
W2,Curd (Dahi) Loose,Georgette (Average Quality),1,0.11908288235294118,0.66346,17,0.0588,0.6
W2,Curd (Dahi) Loose,Gur (Average Quality),1,0.12642235294117646,1.0,17,0.0588,0.6
W2,Curd (Dahi) Loose,Hi-Speed Diesel,0,-0.06040594117647058,0.431588,17,0.0,0.6
W2,Curd (Dahi) Loose,LPG 11.67 kg Cylinder,0,0.10387152941176471,0.563087,17,0.0,0.6
W2,Curd (Dahi) Loose,Ladies Sandal Bata,0,0.02170270588235294,0.204077,17,0.0,0.6
W2,Curd (Dahi) Loose,Lawn Printed Gul Ahmed/Al Karam,2,0.1462595294117647,0.911513,17,0.1176,0.6
W2,Curd (Dahi) Loose,"Long Cloth 57"" Gul Ahmed/Al Karam",2,0.12284099999999999,0.957134,17,0.1176,0.6
W2,Curd (Dahi) Loose,Match Box,0,0.0,0.0,17,0.0,0.6
W2,Curd (Dahi) Loose,Milk fresh (Un-boiled),10,0.5608908823529412,0.999946,17,0.5882,0.6
W2,Curd (Dahi) Loose,Mustard Oil (Average Quality),0,0.028282647058823523,0.36926,17,0.0,0.6
W2,Curd (Dahi) Loose,Mutton (Average Quality),3,0.24039300000000002,0.80323,17,0.1765,0.6
W2,Curd (Dahi) Loose,Onions,0,-0.04130864705882353,0.297765,17,0.0,0.6
W2,Curd (Dahi) Loose,Petrol Super,0,-0.1595224705882353,0.259368,17,0.0,0.6
W2,Curd (Dahi) Loose,Potatoes,0,0.11286576470588235,0.444525,17,0.0,0.6
W2,Curd (Dahi) Loose,Powdered Milk NIDO 390 gm Polybag,7,0.43947970588235297,0.94166,17,0.4118,0.6
W2,Curd (Dahi) Loose,Pulse Gram,1,0.34005252941176467,0.622484,17,0.0588,0.6
W2,Curd (Dahi) Loose,Pulse Mash (Washed),0,0.0473964705882353,0.364531,17,0.0,0.6
W2,Curd (Dahi) Loose,Pulse Masoor (Washed),0,-0.050253588235294105,0.579134,17,0.0,0.6
W2,Curd (Dahi) Loose,Pulse Moong (Washed),3,0.26558082352941176,0.696656,17,0.1765,0.6
W2,Curd (Dahi) Loose,Rice Basmati Broken (Average Quality),0,-0.10679323529411765,0.351209,17,0.0,0.6
W2,Curd (Dahi) Loose,Rice IRRI-6/9 (Sindh/Punjab),0,-0.11368214285714286,0.205815,14,0.0,0.6
W2,Curd (Dahi) Loose,Salt Powdered (NATIONAL/SHAN) 800 gm Packet,2,0.09369429411764706,0.746385,17,0.1176,0.6
W2,Curd (Dahi) Loose,Shirting (Average Quality),0,0.08318570588235295,0.491307,17,0.0,0.6
W2,Curd (Dahi) Loose,Sufi Washing Soap 250 gm Cake,0,0.03642041176470588,0.483297,17,0.0,0.6
W2,Curd (Dahi) Loose,Sugar Refined,0,0.00849229411764706,0.165097,17,0.0,0.6
W2,Curd (Dahi) Loose,Tea Lipton Yellow Label 190 gm Packet,0,0.0,0.0,17,0.0,0.6
W2,Curd (Dahi) Loose,Tea Prepared Ordinary,2,0.11802123529411765,0.922505,17,0.1176,0.6
W2,Curd (Dahi) Loose,Telephone Call Charges,0,0.0,0.0,17,0.0,0.6
W2,Curd (Dahi) Loose,Toilet Soap LIFEBUOY 115 gm,0,-0.025415352941176472,0.045174,17,0.0,0.6
W2,Curd (Dahi) Loose,Tomatoes,0,0.1619094705882353,0.557715,17,0.0,0.6
W2,Curd (Dahi) Loose,Vegetable Ghee DALDA/HABIB 2.5 kg Tin,0,0.082469,0.373815,17,0.0,0.6
W2,Curd (Dahi) Loose,Vegetable Ghee DALDA/HABIB or Other Superior Quality 1 kg Pouch,0,0.1093768,0.422267,15,0.0,0.6
W2,Curd (Dahi) Loose,Wheat Flour Bag,0,-0.06955517647058825,0.266666,17,0.0,0.6
W2,Eggs Hen (Farm),Electricity Charges upto 50 Units,0,-0.021323411764705882,0.099528,17,0.0,0.6
W2,Eggs Hen (Farm),Energy Saver Philips 14 Watt,0,-0.055521117647058825,0.0,17,0.0,0.6
W2,Eggs Hen (Farm),Firewood Whole,0,-0.05384358823529413,0.577232,17,0.0,0.6
W2,Eggs Hen (Farm),Garlic (Lehsun),2,0.33644011764705883,0.68815,17,0.1176,0.6
W2,Eggs Hen (Farm),Gas Charges upto 3.3719 MMBTU,0,0.0,0.0,15,0.0,0.6
W2,Eggs Hen (Farm),Gents Sandal Bata,0,-0.11274464705882353,0.064417,17,0.0,0.6
W2,Eggs Hen (Farm),Gents Sponge Chappal Bata,0,0.0,0.0,17,0.0,0.6
W2,Eggs Hen (Farm),Georgette (Average Quality),0,0.025296235294117647,0.310129,17,0.0,0.6
W2,Eggs Hen (Farm),Gur (Average Quality),1,-0.08552164705882351,0.675436,17,0.0588,0.6
W2,Eggs Hen (Farm),Hi-Speed Diesel,0,-0.22974188235294118,-0.080983,17,0.0,0.6
W2,Eggs Hen (Farm),LPG 11.67 kg Cylinder,1,0.4503352352941177,0.646707,17,0.0588,0.6
W2,Eggs Hen (Farm),Ladies Sandal Bata,0,0.2363611176470588,0.420487,17,0.0,0.6
W2,Eggs Hen (Farm),Lawn Printed Gul Ahmed/Al Karam,0,0.0066056470588235295,0.180485,17,0.0,0.6
W2,Eggs Hen (Farm),"Long Cloth 57"" Gul Ahmed/Al Karam",0,-0.029761470588235292,0.175875,17,0.0,0.6
W2,Eggs Hen (Farm),Match Box,0,0.0025114117647058827,0.042694,17,0.0,0.6
W2,Eggs Hen (Farm),Milk fresh (Un-boiled),0,0.06398529411764706,0.479399,17,0.0,0.6
W2,Eggs Hen (Farm),Mustard Oil (Average Quality),2,0.19386852941176472,0.732859,17,0.1176,0.6
W2,Eggs Hen (Farm),Mutton (Average Quality),0,-0.051859823529411764,0.413924,17,0.0,0.6
W2,Eggs Hen (Farm),Onions,1,0.4235858823529412,0.722536,17,0.0588,0.6
W2,Eggs Hen (Farm),Petrol Super,0,-0.16594741176470587,0.050882,17,0.0,0.6
W2,Eggs Hen (Farm),Potatoes,10,0.5995479411764706,0.827233,17,0.5882,0.6
W2,Eggs Hen (Farm),Powdered Milk NIDO 390 gm Polybag,0,0.14053147058823529,0.331491,17,0.0,0.6
W2,Eggs Hen (Farm),Pulse Gram,0,0.3574212352941176,0.583117,17,0.0,0.6
W2,Eggs Hen (Farm),Pulse Mash (Washed),1,0.030770647058823524,0.717645,17,0.0588,0.6
W2,Eggs Hen (Farm),Pulse Masoor (Washed),0,-0.092568,0.499585,17,0.0,0.6
W2,Eggs Hen (Farm),Pulse Moong (Washed),0,0.07114288235294117,0.515311,17,0.0,0.6
W2,Eggs Hen (Farm),Rice Basmati Broken (Average Quality),0,0.06526417647058823,0.500307,17,0.0,0.6
W2,Eggs Hen (Farm),Rice IRRI-6/9 (Sindh/Punjab),0,0.050757642857142855,0.491129,14,0.0,0.6
W2,Eggs Hen (Farm),Salt Powdered (NATIONAL/SHAN) 800 gm Packet,0,0.01803876470588236,0.383426,17,0.0,0.6
W2,Eggs Hen (Farm),Shirting (Average Quality),0,-0.1060305294117647,0.390938,17,0.0,0.6
W2,Eggs Hen (Farm),Sufi Washing Soap 250 gm Cake,0,-0.07066870588235294,0.520376,17,0.0,0.6
W2,Eggs Hen (Farm),Sugar Refined,0,-0.6281684705882353,-0.504523,17,0.0,0.6
W2,Eggs Hen (Farm),Tea Lipton Yellow Label 190 gm Packet,0,0.12212770588235294,0.319081,17,0.0,0.6
W2,Eggs Hen (Farm),Tea Prepared Ordinary,0,-0.028670647058823526,0.385444,17,0.0,0.6
W2,Eggs Hen (Farm),Telephone Call Charges,0,0.0,0.0,17,0.0,0.6
W2,Eggs Hen (Farm),Toilet Soap LIFEBUOY 115 gm,2,-0.08557370588235295,0.686823,17,0.1176,0.6
W2,Eggs Hen (Farm),Tomatoes,1,0.42891988235294115,0.660895,17,0.0588,0.6
W2,Eggs Hen (Farm),Vegetable Ghee DALDA/HABIB 2.5 kg Tin,0,-0.11114094117647058,0.569463,17,0.0,0.6
W2,Eggs Hen (Farm),Vegetable Ghee DALDA/HABIB or Other Superior Quality 1 kg Pouch,0,0.10471946666666666,0.489089,15,0.0,0.6
W2,Eggs Hen (Farm),Wheat Flour Bag,0,0.11241800000000002,0.59771,17,0.0,0.6
W2,Electricity Charges upto 50 Units,Energy Saver Philips 14 Watt,0,0.012489352941176472,0.291825,17,0.0,0.6
W2,Electricity Charges upto 50 Units,Firewood Whole,0,-0.17975176470588236,0.066696,17,0.0,0.6
W2,Electricity Charges upto 50 Units,Garlic (Lehsun),0,-0.179759,0.178446,17,0.0,0.6
W2,Electricity Charges upto 50 Units,Gas Charges upto 3.3719 MMBTU,0,0.0,0.0,15,0.0,0.6
W2,Electricity Charges upto 50 Units,Gents Sandal Bata,0,-0.188512,-0.188512,17,0.0,0.6
W2,Electricity Charges upto 50 Units,Gents Sponge Chappal Bata,0,0.0,0.0,17,0.0,0.6
W2,Electricity Charges upto 50 Units,Georgette (Average Quality),0,-0.09258705882352943,0.314186,17,0.0,0.6
W2,Electricity Charges upto 50 Units,Gur (Average Quality),0,-0.05650158823529411,0.297276,17,0.0,0.6
W2,Electricity Charges upto 50 Units,Hi-Speed Diesel,0,0.2519721764705882,0.260644,17,0.0,0.6
W2,Electricity Charges upto 50 Units,LPG 11.67 kg Cylinder,0,0.177984,0.426527,17,0.0,0.6
W2,Electricity Charges upto 50 Units,Ladies Sandal Bata,0,-0.051021,-0.051021,17,0.0,0.6
W2,Electricity Charges upto 50 Units,Lawn Printed Gul Ahmed/Al Karam,0,-0.11023117647058822,0.314186,17,0.0,0.6
W2,Electricity Charges upto 50 Units,"Long Cloth 57"" Gul Ahmed/Al Karam",0,-0.1121724117647059,0.033649,17,0.0,0.6
W2,Electricity Charges upto 50 Units,Match Box,0,0.0028748823529411763,0.048873,17,0.0,0.6
W2,Electricity Charges upto 50 Units,Milk fresh (Un-boiled),0,-0.13077658823529412,0.305391,17,0.0,0.6
W2,Electricity Charges upto 50 Units,Mustard Oil (Average Quality),0,-0.06186417647058823,0.223706,17,0.0,0.6
W2,Electricity Charges upto 50 Units,Mutton (Average Quality),0,-0.16318970588235293,0.221928,17,0.0,0.6
W2,Electricity Charges upto 50 Units,Onions,0,0.16073547058823529,0.388227,17,0.0,0.6
W2,Electricity Charges upto 50 Units,Petrol Super,0,-0.06177082352941176,-0.046594,17,0.0,0.6
W2,Electricity Charges upto 50 Units,Potatoes,0,0.17275517647058822,0.424098,17,0.0,0.6
W2,Electricity Charges upto 50 Units,Powdered Milk NIDO 390 gm Polybag,0,-0.1715325882352941,0.11828,17,0.0,0.6
W2,Electricity Charges upto 50 Units,Pulse Gram,0,0.07630164705882353,0.246921,17,0.0,0.6
W2,Electricity Charges upto 50 Units,Pulse Mash (Washed),0,-0.001459705882352943,0.278783,17,0.0,0.6
W2,Electricity Charges upto 50 Units,Pulse Masoor (Washed),0,0.10979282352941176,0.524264,17,0.0,0.6
W2,Electricity Charges upto 50 Units,Pulse Moong (Washed),0,-0.04384958823529411,0.32046,17,0.0,0.6
W2,Electricity Charges upto 50 Units,Rice Basmati Broken (Average Quality),0,-0.17940329411764708,0.452203,17,0.0,0.6
W2,Electricity Charges upto 50 Units,Rice IRRI-6/9 (Sindh/Punjab),0,-0.12158592857142857,0.115221,14,0.0,0.6
W2,Electricity Charges upto 50 Units,Salt Powdered (NATIONAL/SHAN) 800 gm Packet,0,0.006429176470588237,0.315962,17,0.0,0.6
W2,Electricity Charges upto 50 Units,Shirting (Average Quality),0,-0.11480652941176471,0.314186,17,0.0,0.6
W2,Electricity Charges upto 50 Units,Sufi Washing Soap 250 gm Cake,0,-0.04669464705882353,0.151288,17,0.0,0.6
W2,Electricity Charges upto 50 Units,Sugar Refined,0,-0.17111500000000002,-0.053537,17,0.0,0.6
W2,Electricity Charges upto 50 Units,Tea Lipton Yellow Label 190 gm Packet,0,0.02022635294117647,0.03491,17,0.0,0.6
W2,Electricity Charges upto 50 Units,Tea Prepared Ordinary,0,-0.06640811764705883,0.104729,17,0.0,0.6
W2,Electricity Charges upto 50 Units,Telephone Call Charges,0,0.0,0.0,17,0.0,0.6
W2,Electricity Charges upto 50 Units,Toilet Soap LIFEBUOY 115 gm,0,0.015526117647058824,0.349096,17,0.0,0.6
W2,Electricity Charges upto 50 Units,Tomatoes,7,0.5698435882352941,0.748263,17,0.4118,0.6
W2,Electricity Charges upto 50 Units,Vegetable Ghee DALDA/HABIB 2.5 kg Tin,0,-0.18466117647058825,-0.073757,17,0.0,0.6
W2,Electricity Charges upto 50 Units,Vegetable Ghee DALDA/HABIB or Other Superior Quality 1 kg Pouch,0,-0.19982246666666667,-0.134665,15,0.0,0.6
W2,Electricity Charges upto 50 Units,Wheat Flour Bag,0,0.2901921764705882,0.420917,17,0.0,0.6
W2,Energy Saver Philips 14 Watt,Firewood Whole,0,-0.009193176470588238,0.088845,17,0.0,0.6
W2,Energy Saver Philips 14 Watt,Garlic (Lehsun),0,-0.062473882352941185,0.0,17,0.0,0.6
W2,Energy Saver Philips 14 Watt,Gas Charges upto 3.3719 MMBTU,0,0.0,0.0,15,0.0,0.6
W2,Energy Saver Philips 14 Watt,Gents Sandal Bata,0,0.0,0.0,17,0.0,0.6
W2,Energy Saver Philips 14 Watt,Gents Sponge Chappal Bata,0,0.0,0.0,17,0.0,0.6
W2,Energy Saver Philips 14 Watt,Georgette (Average Quality),1,0.058027764705882355,0.986472,17,0.0588,0.6
W2,Energy Saver Philips 14 Watt,Gur (Average Quality),1,0.030571882352941178,0.788808,17,0.0588,0.6
W2,Energy Saver Philips 14 Watt,Hi-Speed Diesel,0,-0.03781335294117647,0.097978,17,0.0,0.6
W2,Energy Saver Philips 14 Watt,LPG 11.67 kg Cylinder,0,-0.026768764705882353,0.230135,17,0.0,0.6
W2,Energy Saver Philips 14 Watt,Ladies Sandal Bata,1,0.041803470588235296,0.710659,17,0.0588,0.6
W2,Energy Saver Philips 14 Watt,Lawn Printed Gul Ahmed/Al Karam,0,0.0,0.0,17,0.0,0.6
W2,Energy Saver Philips 14 Watt,"Long Cloth 57"" Gul Ahmed/Al Karam",0,0.0,0.0,17,0.0,0.6
W2,Energy Saver Philips 14 Watt,Match Box,0,0.0,0.0,17,0.0,0.6
W2,Energy Saver Philips 14 Watt,Milk fresh (Un-boiled),0,0.0337945294117647,0.574507,17,0.0,0.6
W2,Energy Saver Philips 14 Watt,Mustard Oil (Average Quality),2,0.09268358823529411,0.940962,17,0.1176,0.6
W2,Energy Saver Philips 14 Watt,Mutton (Average Quality),0,0.057423,0.463431,17,0.0,0.6
W2,Energy Saver Philips 14 Watt,Onions,0,-0.04035805882352942,0.072934,17,0.0,0.6
W2,Energy Saver Philips 14 Watt,Petrol Super,0,-0.06448905882352941,0.152003,17,0.0,0.6
W2,Energy Saver Philips 14 Watt,Potatoes,0,0.03450658823529412,0.500151,17,0.0,0.6
W2,Energy Saver Philips 14 Watt,Powdered Milk NIDO 390 gm Polybag,0,0.013280235294117647,0.118432,17,0.0,0.6
W2,Energy Saver Philips 14 Watt,Pulse Gram,0,0.0057808823529411765,0.434087,17,0.0,0.6
W2,Energy Saver Philips 14 Watt,Pulse Mash (Washed),0,0.0005816470588235298,0.184548,17,0.0,0.6
W2,Energy Saver Philips 14 Watt,Pulse Masoor (Washed),0,-0.079334,0.0,17,0.0,0.6
W2,Energy Saver Philips 14 Watt,Pulse Moong (Washed),0,-0.012401235294117647,0.081717,17,0.0,0.6
W2,Energy Saver Philips 14 Watt,Rice Basmati Broken (Average Quality),0,-0.049460352941176476,0.0,17,0.0,0.6
W2,Energy Saver Philips 14 Watt,Rice IRRI-6/9 (Sindh/Punjab),0,-0.06326614285714285,0.026752,14,0.0,0.6
W2,Energy Saver Philips 14 Watt,Salt Powdered (NATIONAL/SHAN) 800 gm Packet,0,0.018704823529411763,0.317982,17,0.0,0.6
W2,Energy Saver Philips 14 Watt,Shirting (Average Quality),1,0.061490588235294116,0.999766,17,0.0588,0.6
W2,Energy Saver Philips 14 Watt,Sufi Washing Soap 250 gm Cake,0,0.0,0.0,17,0.0,0.6
W2,Energy Saver Philips 14 Watt,Sugar Refined,0,0.02411258823529412,0.251077,17,0.0,0.6
W2,Energy Saver Philips 14 Watt,Tea Lipton Yellow Label 190 gm Packet,0,0.0,0.0,17,0.0,0.6
W2,Energy Saver Philips 14 Watt,Tea Prepared Ordinary,0,0.0029155882352941177,0.049565,17,0.0,0.6
W2,Energy Saver Philips 14 Watt,Telephone Call Charges,0,0.0,0.0,17,0.0,0.6
W2,Energy Saver Philips 14 Watt,Toilet Soap LIFEBUOY 115 gm,0,0.0,0.0,17,0.0,0.6
W2,Energy Saver Philips 14 Watt,Tomatoes,0,0.007719823529411764,0.190941,17,0.0,0.6
W2,Energy Saver Philips 14 Watt,Vegetable Ghee DALDA/HABIB 2.5 kg Tin,1,0.05998770588235295,0.946326,17,0.0588,0.6
W2,Energy Saver Philips 14 Watt,Vegetable Ghee DALDA/HABIB or Other Superior Quality 1 kg Pouch,1,0.0522092,0.64151,15,0.0667,0.6
W2,Energy Saver Philips 14 Watt,Wheat Flour Bag,0,-0.05905982352941176,0.0936,17,0.0,0.6
W2,Firewood Whole,Garlic (Lehsun),0,0.16370611764705884,0.588472,17,0.0,0.6
W2,Firewood Whole,Gas Charges upto 3.3719 MMBTU,0,0.0,0.0,15,0.0,0.6
W2,Firewood Whole,Gents Sandal Bata,1,0.04139429411764706,0.703703,17,0.0588,0.6
W2,Firewood Whole,Gents Sponge Chappal Bata,0,0.0,0.0,17,0.0,0.6
W2,Firewood Whole,Georgette (Average Quality),2,0.11153435294117647,0.921219,17,0.1176,0.6
W2,Firewood Whole,Gur (Average Quality),0,-0.007090588235294117,0.504786,17,0.0,0.6
W2,Firewood Whole,Hi-Speed Diesel,0,0.06075252941176471,0.329235,17,0.0,0.6
W2,Firewood Whole,LPG 11.67 kg Cylinder,2,0.10111723529411765,0.618522,17,0.1176,0.6
W2,Firewood Whole,Ladies Sandal Bata,4,0.29543576470588234,0.887793,17,0.2353,0.6
W2,Firewood Whole,Lawn Printed Gul Ahmed/Al Karam,0,-0.0003742941176470588,0.0,17,0.0,0.6
W2,Firewood Whole,"Long Cloth 57"" Gul Ahmed/Al Karam",0,0.006072705882352941,0.103236,17,0.0,0.6
W2,Firewood Whole,Match Box,0,0.0,0.0,17,0.0,0.6
W2,Firewood Whole,Milk fresh (Un-boiled),1,0.11125082352941176,0.63558,17,0.0588,0.6
W2,Firewood Whole,Mustard Oil (Average Quality),3,0.11207317647058823,0.837321,17,0.1765,0.6
W2,Firewood Whole,Mutton (Average Quality),2,0.17055011764705882,0.732391,17,0.1176,0.6
W2,Firewood Whole,Onions,0,-0.12105158823529412,0.147047,17,0.0,0.6
W2,Firewood Whole,Petrol Super,0,0.03345376470588235,0.474776,17,0.0,0.6
W2,Firewood Whole,Potatoes,1,-0.10838923529411765,0.64439,17,0.0588,0.6
W2,Firewood Whole,Powdered Milk NIDO 390 gm Polybag,1,0.10076658823529411,0.608911,17,0.0588,0.6
W2,Firewood Whole,Pulse Gram,0,-0.10616858823529413,0.323866,17,0.0,0.6
W2,Firewood Whole,Pulse Mash (Washed),0,-0.25081229411764705,0.287038,17,0.0,0.6
W2,Firewood Whole,Pulse Masoor (Washed),0,-0.10302252941176471,0.458498,17,0.0,0.6
W2,Firewood Whole,Pulse Moong (Washed),4,0.2845758823529412,0.742341,17,0.2353,0.6
W2,Firewood Whole,Rice Basmati Broken (Average Quality),0,0.017262176470588232,0.541072,17,0.0,0.6
W2,Firewood Whole,Rice IRRI-6/9 (Sindh/Punjab),0,-0.12459592857142857,0.008867,14,0.0,0.6
W2,Firewood Whole,Salt Powdered (NATIONAL/SHAN) 800 gm Packet,0,0.006263647058823531,0.291592,17,0.0,0.6
W2,Firewood Whole,Shirting (Average Quality),0,0.06650811764705883,0.421158,17,0.0,0.6
W2,Firewood Whole,Sufi Washing Soap 250 gm Cake,2,0.16101852941176473,0.790258,17,0.1176,0.6
W2,Firewood Whole,Sugar Refined,3,0.125056,0.656956,17,0.1765,0.6
W2,Firewood Whole,Tea Lipton Yellow Label 190 gm Packet,0,-0.026201352941176467,0.347162,17,0.0,0.6
W2,Firewood Whole,Tea Prepared Ordinary,3,0.19637423529411765,0.906293,17,0.1765,0.6
W2,Firewood Whole,Telephone Call Charges,0,0.0,0.0,17,0.0,0.6
W2,Firewood Whole,Toilet Soap LIFEBUOY 115 gm,0,-0.10889164705882352,0.198151,17,0.0,0.6
W2,Firewood Whole,Tomatoes,0,-0.06968570588235294,0.499292,17,0.0,0.6
W2,Firewood Whole,Vegetable Ghee DALDA/HABIB 2.5 kg Tin,5,0.3382326470588235,0.719843,17,0.2941,0.6
W2,Firewood Whole,Vegetable Ghee DALDA/HABIB or Other Superior Quality 1 kg Pouch,2,0.3543284666666667,0.958374,15,0.1333,0.6
W2,Firewood Whole,Wheat Flour Bag,0,-0.038745764705882355,0.382657,17,0.0,0.6
W2,Garlic (Lehsun),Gas Charges upto 3.3719 MMBTU,0,0.0,0.0,15,0.0,0.6
W2,Garlic (Lehsun),Gents Sandal Bata,0,-0.04185611764705882,0.328594,17,0.0,0.6
W2,Garlic (Lehsun),Gents Sponge Chappal Bata,0,0.0,0.0,17,0.0,0.6
W2,Garlic (Lehsun),Georgette (Average Quality),0,-0.04624976470588236,0.416917,17,0.0,0.6
W2,Garlic (Lehsun),Gur (Average Quality),1,-0.10785052941176472,0.690483,17,0.0588,0.6
W2,Garlic (Lehsun),Hi-Speed Diesel,0,0.14059158823529413,0.445802,17,0.0,0.6
W2,Garlic (Lehsun),LPG 11.67 kg Cylinder,3,0.41308176470588237,0.715882,17,0.1765,0.6
W2,Garlic (Lehsun),Ladies Sandal Bata,2,0.39919358823529416,0.723185,17,0.1176,0.6
W2,Garlic (Lehsun),Lawn Printed Gul Ahmed/Al Karam,0,-0.0655859411764706,0.337875,17,0.0,0.6
W2,Garlic (Lehsun),"Long Cloth 57"" Gul Ahmed/Al Karam",0,-0.03752776470588235,0.493799,17,0.0,0.6
W2,Garlic (Lehsun),Match Box,0,0.015892,0.270164,17,0.0,0.6
W2,Garlic (Lehsun),Milk fresh (Un-boiled),0,0.08372076470588236,0.465046,17,0.0,0.6
W2,Garlic (Lehsun),Mustard Oil (Average Quality),3,0.2548340588235294,0.849291,17,0.1765,0.6
W2,Garlic (Lehsun),Mutton (Average Quality),0,-0.07185917647058823,0.438951,17,0.0,0.6
W2,Garlic (Lehsun),Onions,0,0.14574441176470587,0.442386,17,0.0,0.6
W2,Garlic (Lehsun),Petrol Super,0,0.23954164705882353,0.507425,17,0.0,0.6
W2,Garlic (Lehsun),Potatoes,0,-0.10658047058823529,0.218281,17,0.0,0.6
W2,Garlic (Lehsun),Powdered Milk NIDO 390 gm Polybag,0,0.06213658823529412,0.385907,17,0.0,0.6
W2,Garlic (Lehsun),Pulse Gram,0,-0.1281830588235294,0.259212,17,0.0,0.6
W2,Garlic (Lehsun),Pulse Mash (Washed),0,-0.3834548823529412,0.196449,17,0.0,0.6
W2,Garlic (Lehsun),Pulse Masoor (Washed),0,-0.024617764705882356,0.296822,17,0.0,0.6
W2,Garlic (Lehsun),Pulse Moong (Washed),0,0.29042300000000004,0.559134,17,0.0,0.6
W2,Garlic (Lehsun),Rice Basmati Broken (Average Quality),4,0.25257994117647053,0.674016,17,0.2353,0.6
W2,Garlic (Lehsun),Rice IRRI-6/9 (Sindh/Punjab),2,0.10709635714285715,0.751777,14,0.1429,0.6
W2,Garlic (Lehsun),Salt Powdered (NATIONAL/SHAN) 800 gm Packet,0,0.027640941176470587,0.55342,17,0.0,0.6
W2,Garlic (Lehsun),Shirting (Average Quality),0,-0.07225670588235295,0.216487,17,0.0,0.6
W2,Garlic (Lehsun),Sufi Washing Soap 250 gm Cake,0,0.09187982352941176,0.444037,17,0.0,0.6
W2,Garlic (Lehsun),Sugar Refined,0,-0.09452311764705881,0.164398,17,0.0,0.6
W2,Garlic (Lehsun),Tea Lipton Yellow Label 190 gm Packet,0,-0.04896970588235294,0.080497,17,0.0,0.6
W2,Garlic (Lehsun),Tea Prepared Ordinary,0,0.028636941176470584,0.491644,17,0.0,0.6
W2,Garlic (Lehsun),Telephone Call Charges,0,0.0,0.0,17,0.0,0.6
W2,Garlic (Lehsun),Toilet Soap LIFEBUOY 115 gm,0,-0.11195729411764706,0.431388,17,0.0,0.6
W2,Garlic (Lehsun),Tomatoes,0,0.007949352941176472,0.523945,17,0.0,0.6
W2,Garlic (Lehsun),Vegetable Ghee DALDA/HABIB 2.5 kg Tin,2,0.2974885294117647,0.834864,17,0.1176,0.6
W2,Garlic (Lehsun),Vegetable Ghee DALDA/HABIB or Other Superior Quality 1 kg Pouch,4,0.42345853333333333,0.826146,15,0.2667,0.6
W2,Garlic (Lehsun),Wheat Flour Bag,0,0.2676874705882353,0.588019,17,0.0,0.6
W2,Gas Charges upto 3.3719 MMBTU,Gents Sandal Bata,0,0.0,0.0,15,0.0,0.6
W2,Gas Charges upto 3.3719 MMBTU,Gents Sponge Chappal Bata,0,0.0,0.0,15,0.0,0.6
W2,Gas Charges upto 3.3719 MMBTU,Georgette (Average Quality),0,0.0,0.0,15,0.0,0.6
W2,Gas Charges upto 3.3719 MMBTU,Gur (Average Quality),0,0.0,0.0,15,0.0,0.6
W2,Gas Charges upto 3.3719 MMBTU,Hi-Speed Diesel,0,0.0,0.0,15,0.0,0.6
W2,Gas Charges upto 3.3719 MMBTU,LPG 11.67 kg Cylinder,0,0.0,0.0,15,0.0,0.6
W2,Gas Charges upto 3.3719 MMBTU,Ladies Sandal Bata,0,0.0,0.0,15,0.0,0.6
W2,Gas Charges upto 3.3719 MMBTU,Lawn Printed Gul Ahmed/Al Karam,0,0.0,0.0,15,0.0,0.6
W2,Gas Charges upto 3.3719 MMBTU,"Long Cloth 57"" Gul Ahmed/Al Karam",0,0.0,0.0,15,0.0,0.6
W2,Gas Charges upto 3.3719 MMBTU,Match Box,0,0.0,0.0,15,0.0,0.6
W2,Gas Charges upto 3.3719 MMBTU,Milk fresh (Un-boiled),0,0.0,0.0,15,0.0,0.6
W2,Gas Charges upto 3.3719 MMBTU,Mustard Oil (Average Quality),0,0.0,0.0,15,0.0,0.6
W2,Gas Charges upto 3.3719 MMBTU,Mutton (Average Quality),0,0.0,0.0,15,0.0,0.6
W2,Gas Charges upto 3.3719 MMBTU,Onions,0,0.0,0.0,15,0.0,0.6
W2,Gas Charges upto 3.3719 MMBTU,Petrol Super,0,0.0,0.0,15,0.0,0.6
W2,Gas Charges upto 3.3719 MMBTU,Potatoes,0,0.0,0.0,15,0.0,0.6
W2,Gas Charges upto 3.3719 MMBTU,Powdered Milk NIDO 390 gm Polybag,0,0.0,0.0,15,0.0,0.6
W2,Gas Charges upto 3.3719 MMBTU,Pulse Gram,0,0.0,0.0,15,0.0,0.6
W2,Gas Charges upto 3.3719 MMBTU,Pulse Mash (Washed),0,0.0,0.0,15,0.0,0.6
W2,Gas Charges upto 3.3719 MMBTU,Pulse Masoor (Washed),0,0.0,0.0,15,0.0,0.6
W2,Gas Charges upto 3.3719 MMBTU,Pulse Moong (Washed),0,0.0,0.0,15,0.0,0.6
W2,Gas Charges upto 3.3719 MMBTU,Rice Basmati Broken (Average Quality),0,0.0,0.0,15,0.0,0.6
W2,Gas Charges upto 3.3719 MMBTU,Rice IRRI-6/9 (Sindh/Punjab),0,0.0,0.0,12,0.0,0.6
W2,Gas Charges upto 3.3719 MMBTU,Salt Powdered (NATIONAL/SHAN) 800 gm Packet,0,0.0,0.0,15,0.0,0.6
W2,Gas Charges upto 3.3719 MMBTU,Shirting (Average Quality),0,0.0,0.0,15,0.0,0.6
W2,Gas Charges upto 3.3719 MMBTU,Sufi Washing Soap 250 gm Cake,0,0.0,0.0,15,0.0,0.6
W2,Gas Charges upto 3.3719 MMBTU,Sugar Refined,0,0.0,0.0,15,0.0,0.6
W2,Gas Charges upto 3.3719 MMBTU,Tea Lipton Yellow Label 190 gm Packet,0,0.0,0.0,15,0.0,0.6
W2,Gas Charges upto 3.3719 MMBTU,Tea Prepared Ordinary,0,0.0,0.0,15,0.0,0.6
W2,Gas Charges upto 3.3719 MMBTU,Telephone Call Charges,0,0.0,0.0,15,0.0,0.6
W2,Gas Charges upto 3.3719 MMBTU,Toilet Soap LIFEBUOY 115 gm,0,0.0,0.0,15,0.0,0.6
W2,Gas Charges upto 3.3719 MMBTU,Tomatoes,0,0.0,0.0,15,0.0,0.6
W2,Gas Charges upto 3.3719 MMBTU,Vegetable Ghee DALDA/HABIB 2.5 kg Tin,0,0.0,0.0,15,0.0,0.6
W2,Gas Charges upto 3.3719 MMBTU,Vegetable Ghee DALDA/HABIB or Other Superior Quality 1 kg Pouch,0,0.0,0.0,14,0.0,0.6
W2,Gas Charges upto 3.3719 MMBTU,Wheat Flour Bag,0,0.0,0.0,15,0.0,0.6
W2,Gents Sandal Bata,Gents Sponge Chappal Bata,0,0.0,0.0,17,0.0,0.6
W2,Gents Sandal Bata,Georgette (Average Quality),3,0.16403429411764706,1.0,17,0.1765,0.6
W2,Gents Sandal Bata,Gur (Average Quality),0,-0.03675117647058824,0.165341,17,0.0,0.6
W2,Gents Sandal Bata,Hi-Speed Diesel,0,-0.0074183529411764705,-0.00301,17,0.0,0.6
W2,Gents Sandal Bata,LPG 11.67 kg Cylinder,0,-0.17420370588235295,0.101458,17,0.0,0.6
W2,Gents Sandal Bata,Ladies Sandal Bata,0,0.27065,0.27065,17,0.0,0.6
W2,Gents Sandal Bata,Lawn Printed Gul Ahmed/Al Karam,5,0.2634730588235294,1.0,17,0.2941,0.6
W2,Gents Sandal Bata,"Long Cloth 57"" Gul Ahmed/Al Karam",5,0.2896656470588235,1.0,17,0.2941,0.6
W2,Gents Sandal Bata,Match Box,0,0.0,0.0,17,0.0,0.6
W2,Gents Sandal Bata,Milk fresh (Un-boiled),0,0.0,0.0,17,0.0,0.6
W2,Gents Sandal Bata,Mustard Oil (Average Quality),0,-0.010573529411764707,0.154423,17,0.0,0.6
W2,Gents Sandal Bata,Mutton (Average Quality),3,0.3200582941176471,0.953208,17,0.1765,0.6
W2,Gents Sandal Bata,Onions,0,-0.2894332352941177,0.099721,17,0.0,0.6
W2,Gents Sandal Bata,Petrol Super,0,0.4145975294117647,0.420907,17,0.0,0.6
W2,Gents Sandal Bata,Potatoes,0,0.08984282352941177,0.210789,17,0.0,0.6
W2,Gents Sandal Bata,Powdered Milk NIDO 390 gm Polybag,0,0.04664188235294118,0.18973,17,0.0,0.6
W2,Gents Sandal Bata,Pulse Gram,0,-0.02078064705882353,0.028334,17,0.0,0.6
W2,Gents Sandal Bata,Pulse Mash (Washed),0,0.011462823529411761,0.201235,17,0.0,0.6
W2,Gents Sandal Bata,Pulse Masoor (Washed),0,-0.11830229411764706,0.220721,17,0.0,0.6
W2,Gents Sandal Bata,Pulse Moong (Washed),0,-0.0036249411764705873,0.063424,17,0.0,0.6
W2,Gents Sandal Bata,Rice Basmati Broken (Average Quality),0,-0.006122823529411767,0.299716,17,0.0,0.6
W2,Gents Sandal Bata,Rice IRRI-6/9 (Sindh/Punjab),0,0.021423142857142856,0.333613,14,0.0,0.6
W2,Gents Sandal Bata,Salt Powdered (NATIONAL/SHAN) 800 gm Packet,0,0.0,0.0,17,0.0,0.6
W2,Gents Sandal Bata,Shirting (Average Quality),4,0.28179,1.0,17,0.2353,0.6
W2,Gents Sandal Bata,Sufi Washing Soap 250 gm Cake,0,0.0,0.0,17,0.0,0.6
W2,Gents Sandal Bata,Sugar Refined,0,-0.05947205882352941,0.065085,17,0.0,0.6
W2,Gents Sandal Bata,Tea Lipton Yellow Label 190 gm Packet,0,0.0,0.0,17,0.0,0.6
W2,Gents Sandal Bata,Tea Prepared Ordinary,0,0.013415764705882353,0.228068,17,0.0,0.6
W2,Gents Sandal Bata,Telephone Call Charges,0,0.0,0.0,17,0.0,0.6
W2,Gents Sandal Bata,Toilet Soap LIFEBUOY 115 gm,0,0.0,0.0,17,0.0,0.6
W2,Gents Sandal Bata,Tomatoes,0,-0.130961,0.039336,17,0.0,0.6
W2,Gents Sandal Bata,Vegetable Ghee DALDA/HABIB 2.5 kg Tin,0,-0.05902358823529412,0.055161,17,0.0,0.6
W2,Gents Sandal Bata,Vegetable Ghee DALDA/HABIB or Other Superior Quality 1 kg Pouch,0,0.004798266666666665,0.211021,15,0.0,0.6
W2,Gents Sandal Bata,Wheat Flour Bag,0,-0.4730729411764706,-0.290095,17,0.0,0.6
W2,Gents Sponge Chappal Bata,Georgette (Average Quality),0,0.0,0.0,17,0.0,0.6
W2,Gents Sponge Chappal Bata,Gur (Average Quality),0,0.0,0.0,17,0.0,0.6
W2,Gents Sponge Chappal Bata,Hi-Speed Diesel,0,0.0,0.0,17,0.0,0.6
W2,Gents Sponge Chappal Bata,LPG 11.67 kg Cylinder,0,0.0,0.0,17,0.0,0.6
W2,Gents Sponge Chappal Bata,Ladies Sandal Bata,0,0.0,0.0,17,0.0,0.6
W2,Gents Sponge Chappal Bata,Lawn Printed Gul Ahmed/Al Karam,0,0.0,0.0,17,0.0,0.6
W2,Gents Sponge Chappal Bata,"Long Cloth 57"" Gul Ahmed/Al Karam",0,0.0,0.0,17,0.0,0.6
W2,Gents Sponge Chappal Bata,Match Box,0,0.0,0.0,17,0.0,0.6
W2,Gents Sponge Chappal Bata,Milk fresh (Un-boiled),0,0.0,0.0,17,0.0,0.6
W2,Gents Sponge Chappal Bata,Mustard Oil (Average Quality),0,0.0,0.0,17,0.0,0.6
W2,Gents Sponge Chappal Bata,Mutton (Average Quality),0,0.0,0.0,17,0.0,0.6
W2,Gents Sponge Chappal Bata,Onions,0,0.0,0.0,17,0.0,0.6
W2,Gents Sponge Chappal Bata,Petrol Super,0,0.0,0.0,17,0.0,0.6
W2,Gents Sponge Chappal Bata,Potatoes,0,0.0,0.0,17,0.0,0.6
W2,Gents Sponge Chappal Bata,Powdered Milk NIDO 390 gm Polybag,0,0.0,0.0,17,0.0,0.6
W2,Gents Sponge Chappal Bata,Pulse Gram,0,0.0,0.0,17,0.0,0.6
W2,Gents Sponge Chappal Bata,Pulse Mash (Washed),0,0.0,0.0,17,0.0,0.6
W2,Gents Sponge Chappal Bata,Pulse Masoor (Washed),0,0.0,0.0,17,0.0,0.6
W2,Gents Sponge Chappal Bata,Pulse Moong (Washed),0,0.0,0.0,17,0.0,0.6
W2,Gents Sponge Chappal Bata,Rice Basmati Broken (Average Quality),0,0.0,0.0,17,0.0,0.6
W2,Gents Sponge Chappal Bata,Rice IRRI-6/9 (Sindh/Punjab),0,0.0,0.0,14,0.0,0.6
W2,Gents Sponge Chappal Bata,Salt Powdered (NATIONAL/SHAN) 800 gm Packet,0,0.0,0.0,17,0.0,0.6
W2,Gents Sponge Chappal Bata,Shirting (Average Quality),0,0.0,0.0,17,0.0,0.6
W2,Gents Sponge Chappal Bata,Sufi Washing Soap 250 gm Cake,0,0.0,0.0,17,0.0,0.6
W2,Gents Sponge Chappal Bata,Sugar Refined,0,0.0,0.0,17,0.0,0.6
W2,Gents Sponge Chappal Bata,Tea Lipton Yellow Label 190 gm Packet,0,0.0,0.0,17,0.0,0.6
W2,Gents Sponge Chappal Bata,Tea Prepared Ordinary,0,0.0,0.0,17,0.0,0.6
W2,Gents Sponge Chappal Bata,Telephone Call Charges,0,0.0,0.0,17,0.0,0.6
W2,Gents Sponge Chappal Bata,Toilet Soap LIFEBUOY 115 gm,0,0.0,0.0,17,0.0,0.6
W2,Gents Sponge Chappal Bata,Tomatoes,0,0.0,0.0,17,0.0,0.6
W2,Gents Sponge Chappal Bata,Vegetable Ghee DALDA/HABIB 2.5 kg Tin,0,0.0,0.0,17,0.0,0.6
W2,Gents Sponge Chappal Bata,Vegetable Ghee DALDA/HABIB or Other Superior Quality 1 kg Pouch,0,0.0,0.0,15,0.0,0.6
W2,Gents Sponge Chappal Bata,Wheat Flour Bag,0,0.0,0.0,17,0.0,0.6
W2,Georgette (Average Quality),Gur (Average Quality),2,0.18328829411764705,0.741512,17,0.1176,0.6
W2,Georgette (Average Quality),Hi-Speed Diesel,0,-0.11335170588235294,0.302329,17,0.0,0.6
W2,Georgette (Average Quality),LPG 11.67 kg Cylinder,0,-0.03208694117647058,0.260948,17,0.0,0.6
W2,Georgette (Average Quality),Ladies Sandal Bata,2,0.13592352941176472,0.838059,17,0.1176,0.6
W2,Georgette (Average Quality),Lawn Printed Gul Ahmed/Al Karam,4,0.23638688235294114,1.0,17,0.2353,0.6
W2,Georgette (Average Quality),"Long Cloth 57"" Gul Ahmed/Al Karam",3,0.22078129411764705,1.0,17,0.1765,0.6
W2,Georgette (Average Quality),Match Box,0,0.0,0.0,17,0.0,0.6
W2,Georgette (Average Quality),Milk fresh (Un-boiled),1,0.12297800000000002,0.678138,17,0.0588,0.6
W2,Georgette (Average Quality),Mustard Oil (Average Quality),0,0.05643717647058824,0.578869,17,0.0,0.6
W2,Georgette (Average Quality),Mutton (Average Quality),2,0.21849341176470588,0.828733,17,0.1176,0.6
W2,Georgette (Average Quality),Onions,0,-0.09338323529411764,0.295938,17,0.0,0.6
W2,Georgette (Average Quality),Petrol Super,0,-0.08610194117647059,0.41356,17,0.0,0.6
W2,Georgette (Average Quality),Potatoes,0,0.04497488235294117,0.391724,17,0.0,0.6
W2,Georgette (Average Quality),Powdered Milk NIDO 390 gm Polybag,2,0.16126988235294118,0.823997,17,0.1176,0.6
W2,Georgette (Average Quality),Pulse Gram,2,0.15543382352941176,0.631793,17,0.1176,0.6
W2,Georgette (Average Quality),Pulse Mash (Washed),0,-0.017667352941176474,0.456875,17,0.0,0.6
W2,Georgette (Average Quality),Pulse Masoor (Washed),0,-0.08267794117647058,0.21754,17,0.0,0.6
W2,Georgette (Average Quality),Pulse Moong (Washed),0,0.10755258823529412,0.572419,17,0.0,0.6
W2,Georgette (Average Quality),Rice Basmati Broken (Average Quality),0,-0.04812352941176471,0.224289,17,0.0,0.6
W2,Georgette (Average Quality),Rice IRRI-6/9 (Sindh/Punjab),0,-0.08563335714285714,0.176135,14,0.0,0.6
W2,Georgette (Average Quality),Salt Powdered (NATIONAL/SHAN) 800 gm Packet,1,0.04252770588235294,0.74114,17,0.0588,0.6
W2,Georgette (Average Quality),Shirting (Average Quality),5,0.30370052941176473,1.0,17,0.2941,0.6
W2,Georgette (Average Quality),Sufi Washing Soap 250 gm Cake,0,0.05592347058823529,0.430451,17,0.0,0.6
W2,Georgette (Average Quality),Sugar Refined,0,0.007829529411764706,0.417225,17,0.0,0.6
W2,Georgette (Average Quality),Tea Lipton Yellow Label 190 gm Packet,0,-0.02788223529411765,0.0,17,0.0,0.6
W2,Georgette (Average Quality),Tea Prepared Ordinary,0,0.027148823529411763,0.46153,17,0.0,0.6
W2,Georgette (Average Quality),Telephone Call Charges,0,0.0,0.0,17,0.0,0.6
W2,Georgette (Average Quality),Toilet Soap LIFEBUOY 115 gm,0,-0.07173235294117648,0.0,17,0.0,0.6
W2,Georgette (Average Quality),Tomatoes,0,-0.006997000000000002,0.36138,17,0.0,0.6
W2,Georgette (Average Quality),Vegetable Ghee DALDA/HABIB 2.5 kg Tin,2,0.12617711764705883,0.703234,17,0.1176,0.6
W2,Georgette (Average Quality),Vegetable Ghee DALDA/HABIB or Other Superior Quality 1 kg Pouch,0,0.06976786666666666,0.414052,15,0.0,0.6
W2,Georgette (Average Quality),Wheat Flour Bag,0,-0.19590417647058822,0.138573,17,0.0,0.6
W2,Gur (Average Quality),Hi-Speed Diesel,0,-0.10389341176470589,0.339075,17,0.0,0.6
W2,Gur (Average Quality),LPG 11.67 kg Cylinder,0,-0.09108894117647058,0.436449,17,0.0,0.6
W2,Gur (Average Quality),Ladies Sandal Bata,1,-0.14149535294117646,0.715208,17,0.0588,0.6
W2,Gur (Average Quality),Lawn Printed Gul Ahmed/Al Karam,0,0.032013647058823536,0.25771,17,0.0,0.6
W2,Gur (Average Quality),"Long Cloth 57"" Gul Ahmed/Al Karam",0,-0.031002352941176467,0.152049,17,0.0,0.6
W2,Gur (Average Quality),Match Box,0,-0.04778594117647059,0.0,17,0.0,0.6
W2,Gur (Average Quality),Milk fresh (Un-boiled),2,0.1538579411764706,0.999941,17,0.1176,0.6
W2,Gur (Average Quality),Mustard Oil (Average Quality),1,-0.02019770588235294,0.639006,17,0.0588,0.6
W2,Gur (Average Quality),Mutton (Average Quality),0,0.11672558823529411,0.571501,17,0.0,0.6
W2,Gur (Average Quality),Onions,0,0.03696905882352941,0.299596,17,0.0,0.6
W2,Gur (Average Quality),Petrol Super,0,-0.11268994117647059,0.265376,17,0.0,0.6
W2,Gur (Average Quality),Potatoes,1,-0.060601176470588256,0.768195,17,0.0588,0.6
W2,Gur (Average Quality),Powdered Milk NIDO 390 gm Polybag,2,0.22163664705882352,0.938599,17,0.1176,0.6
W2,Gur (Average Quality),Pulse Gram,2,0.20975035294117647,0.668636,17,0.1176,0.6
W2,Gur (Average Quality),Pulse Mash (Washed),0,0.1171660588235294,0.582219,17,0.0,0.6
W2,Gur (Average Quality),Pulse Masoor (Washed),1,-0.026162235294117646,0.631293,17,0.0588,0.6
W2,Gur (Average Quality),Pulse Moong (Washed),0,-0.020011235294117656,0.46992,17,0.0,0.6
W2,Gur (Average Quality),Rice Basmati Broken (Average Quality),0,-0.04927064705882353,0.247837,17,0.0,0.6
W2,Gur (Average Quality),Rice IRRI-6/9 (Sindh/Punjab),0,-0.0208295,0.317411,14,0.0,0.6
W2,Gur (Average Quality),Salt Powdered (NATIONAL/SHAN) 800 gm Packet,0,-0.08267817647058824,0.332324,17,0.0,0.6
W2,Gur (Average Quality),Shirting (Average Quality),2,0.167875,0.80492,17,0.1176,0.6
W2,Gur (Average Quality),Sufi Washing Soap 250 gm Cake,1,0.012745352941176468,0.69036,17,0.0588,0.6
W2,Gur (Average Quality),Sugar Refined,3,0.12692435294117646,0.79665,17,0.1765,0.6
W2,Gur (Average Quality),Tea Lipton Yellow Label 190 gm Packet,1,-0.000520058823529411,1.0,17,0.0588,0.6
W2,Gur (Average Quality),Tea Prepared Ordinary,0,-0.044663,0.388371,17,0.0,0.6
W2,Gur (Average Quality),Telephone Call Charges,0,0.0,0.0,17,0.0,0.6
W2,Gur (Average Quality),Toilet Soap LIFEBUOY 115 gm,0,-0.0008606470588235264,0.569909,17,0.0,0.6
W2,Gur (Average Quality),Tomatoes,1,0.003465823529411761,0.737485,17,0.0588,0.6
W2,Gur (Average Quality),Vegetable Ghee DALDA/HABIB 2.5 kg Tin,1,-0.08519282352941178,0.865342,17,0.0588,0.6
W2,Gur (Average Quality),Vegetable Ghee DALDA/HABIB or Other Superior Quality 1 kg Pouch,1,-0.17126273333333333,0.851729,15,0.0667,0.6
W2,Gur (Average Quality),Wheat Flour Bag,0,-0.043934117647058825,0.19845,17,0.0,0.6
W2,Hi-Speed Diesel,LPG 11.67 kg Cylinder,1,0.34455135294117645,0.719253,17,0.0588,0.6
W2,Hi-Speed Diesel,Ladies Sandal Bata,0,0.17957970588235295,0.183871,17,0.0,0.6
W2,Hi-Speed Diesel,Lawn Printed Gul Ahmed/Al Karam,0,-0.02783576470588235,0.245051,17,0.0,0.6
W2,Hi-Speed Diesel,"Long Cloth 57"" Gul Ahmed/Al Karam",0,-0.00035394117647059116,0.340292,17,0.0,0.6
W2,Hi-Speed Diesel,Match Box,0,-0.015169352941176472,0.0,17,0.0,0.6
W2,Hi-Speed Diesel,Milk fresh (Un-boiled),0,-0.08549652941176472,0.308869,17,0.0,0.6
W2,Hi-Speed Diesel,Mustard Oil (Average Quality),0,0.1182775882352941,0.259766,17,0.0,0.6
W2,Hi-Speed Diesel,Mutton (Average Quality),0,-0.19871729411764705,0.048681,17,0.0,0.6
W2,Hi-Speed Diesel,Onions,0,-0.14712876470588235,0.024532,17,0.0,0.6
W2,Hi-Speed Diesel,Petrol Super,17,0.7985511176470589,0.807408,17,1.0,0.6
W2,Hi-Speed Diesel,Potatoes,0,-0.2965811176470588,-0.090248,17,0.0,0.6
W2,Hi-Speed Diesel,Powdered Milk NIDO 390 gm Polybag,0,0.2094314117647059,0.430925,17,0.0,0.6
W2,Hi-Speed Diesel,Pulse Gram,0,-0.45755182352941176,-0.227297,17,0.0,0.6
W2,Hi-Speed Diesel,Pulse Mash (Washed),0,-0.06187870588235295,0.305207,17,0.0,0.6
W2,Hi-Speed Diesel,Pulse Masoor (Washed),6,0.48252982352941176,0.831151,17,0.3529,0.6
W2,Hi-Speed Diesel,Pulse Moong (Washed),0,0.22398917647058822,0.486083,17,0.0,0.6
W2,Hi-Speed Diesel,Rice Basmati Broken (Average Quality),0,0.1755289411764706,0.435642,17,0.0,0.6
W2,Hi-Speed Diesel,Rice IRRI-6/9 (Sindh/Punjab),0,0.12271107142857142,0.474639,14,0.0,0.6
W2,Hi-Speed Diesel,Salt Powdered (NATIONAL/SHAN) 800 gm Packet,0,-0.056659176470588234,0.2281,17,0.0,0.6
W2,Hi-Speed Diesel,Shirting (Average Quality),0,-0.10552594117647059,0.434177,17,0.0,0.6
W2,Hi-Speed Diesel,Sufi Washing Soap 250 gm Cake,0,0.05355076470588235,0.536066,17,0.0,0.6
W2,Hi-Speed Diesel,Sugar Refined,1,0.46118088235294113,0.690663,17,0.0588,0.6
W2,Hi-Speed Diesel,Tea Lipton Yellow Label 190 gm Packet,0,-0.13751735294117645,0.0,17,0.0,0.6
W2,Hi-Speed Diesel,Tea Prepared Ordinary,0,0.028345411764705883,0.434177,17,0.0,0.6
W2,Hi-Speed Diesel,Telephone Call Charges,0,0.0,0.0,17,0.0,0.6
W2,Hi-Speed Diesel,Toilet Soap LIFEBUOY 115 gm,0,0.05240794117647058,0.53664,17,0.0,0.6
W2,Hi-Speed Diesel,Tomatoes,0,0.19719382352941175,0.385892,17,0.0,0.6
W2,Hi-Speed Diesel,Vegetable Ghee DALDA/HABIB 2.5 kg Tin,0,0.09542352941176471,0.362032,17,0.0,0.6
W2,Hi-Speed Diesel,Vegetable Ghee DALDA/HABIB or Other Superior Quality 1 kg Pouch,0,0.11865286666666666,0.299555,15,0.0,0.6
W2,Hi-Speed Diesel,Wheat Flour Bag,1,0.5085715882352941,0.603728,17,0.0588,0.6
W2,LPG 11.67 kg Cylinder,Ladies Sandal Bata,0,0.23401535294117645,0.432683,17,0.0,0.6
W2,LPG 11.67 kg Cylinder,Lawn Printed Gul Ahmed/Al Karam,0,-0.04693882352941176,0.409766,17,0.0,0.6
W2,LPG 11.67 kg Cylinder,"Long Cloth 57"" Gul Ahmed/Al Karam",0,-0.06035729411764706,0.445313,17,0.0,0.6
W2,LPG 11.67 kg Cylinder,Match Box,0,0.006725117647058823,0.114327,17,0.0,0.6
W2,LPG 11.67 kg Cylinder,Milk fresh (Un-boiled),0,0.030745235294117643,0.538634,17,0.0,0.6
W2,LPG 11.67 kg Cylinder,Mustard Oil (Average Quality),0,0.2502770588235294,0.592692,17,0.0,0.6
W2,LPG 11.67 kg Cylinder,Mutton (Average Quality),0,-0.2805007647058823,0.470462,17,0.0,0.6
W2,LPG 11.67 kg Cylinder,Onions,5,0.5219660588235294,0.781169,17,0.2941,0.6
W2,LPG 11.67 kg Cylinder,Petrol Super,2,0.28071517647058825,0.793982,17,0.1176,0.6
W2,LPG 11.67 kg Cylinder,Potatoes,0,0.06555511764705882,0.325358,17,0.0,0.6
W2,LPG 11.67 kg Cylinder,Powdered Milk NIDO 390 gm Polybag,0,0.22835911764705882,0.501044,17,0.0,0.6
W2,LPG 11.67 kg Cylinder,Pulse Gram,0,0.18679735294117647,0.398151,17,0.0,0.6
W2,LPG 11.67 kg Cylinder,Pulse Mash (Washed),0,-0.14727447058823528,0.42937,17,0.0,0.6
W2,LPG 11.67 kg Cylinder,Pulse Masoor (Washed),0,0.19201217647058821,0.590251,17,0.0,0.6
W2,LPG 11.67 kg Cylinder,Pulse Moong (Washed),2,0.34227323529411763,0.662192,17,0.1176,0.6
W2,LPG 11.67 kg Cylinder,Rice Basmati Broken (Average Quality),3,0.16828141176470587,0.752276,17,0.1765,0.6
W2,LPG 11.67 kg Cylinder,Rice IRRI-6/9 (Sindh/Punjab),1,0.08001500000000002,0.639672,14,0.0714,0.6
W2,LPG 11.67 kg Cylinder,Salt Powdered (NATIONAL/SHAN) 800 gm Packet,0,-0.011935764705882352,0.499121,17,0.0,0.6
W2,LPG 11.67 kg Cylinder,Shirting (Average Quality),0,-0.22174911764705882,0.173263,17,0.0,0.6
W2,LPG 11.67 kg Cylinder,Sufi Washing Soap 250 gm Cake,0,0.022454941176470594,0.520785,17,0.0,0.6
W2,LPG 11.67 kg Cylinder,Sugar Refined,0,-0.3009879411764706,0.114768,17,0.0,0.6
W2,LPG 11.67 kg Cylinder,Tea Lipton Yellow Label 190 gm Packet,0,0.16775441176470587,0.461871,17,0.0,0.6
W2,LPG 11.67 kg Cylinder,Tea Prepared Ordinary,0,-0.007823411764705883,0.487054,17,0.0,0.6
W2,LPG 11.67 kg Cylinder,Telephone Call Charges,0,0.0,0.0,17,0.0,0.6
W2,LPG 11.67 kg Cylinder,Toilet Soap LIFEBUOY 115 gm,0,-0.06382682352941177,0.461871,17,0.0,0.6
W2,LPG 11.67 kg Cylinder,Tomatoes,12,0.5738042352941176,0.881054,17,0.7059,0.6
W2,LPG 11.67 kg Cylinder,Vegetable Ghee DALDA/HABIB 2.5 kg Tin,1,0.08636370588235294,0.698244,17,0.0588,0.6
W2,LPG 11.67 kg Cylinder,Vegetable Ghee DALDA/HABIB or Other Superior Quality 1 kg Pouch,0,0.20873213333333332,0.456457,15,0.0,0.6
W2,LPG 11.67 kg Cylinder,Wheat Flour Bag,11,0.6396989411764705,0.774183,17,0.6471,0.6
W2,Ladies Sandal Bata,Lawn Printed Gul Ahmed/Al Karam,0,0.071309,0.27065,17,0.0,0.6
W2,Ladies Sandal Bata,"Long Cloth 57"" Gul Ahmed/Al Karam",0,0.10949135294117647,0.528586,17,0.0,0.6
W2,Ladies Sandal Bata,Match Box,0,0.0,0.0,17,0.0,0.6
W2,Ladies Sandal Bata,Milk fresh (Un-boiled),0,0.03175411764705882,0.323995,17,0.0,0.6
W2,Ladies Sandal Bata,Mustard Oil (Average Quality),10,0.4901675882352941,0.886546,17,0.5882,0.6
W2,Ladies Sandal Bata,Mutton (Average Quality),4,0.27746188235294117,0.840562,17,0.2353,0.6
W2,Ladies Sandal Bata,Onions,0,-0.17008770588235292,-0.031076,17,0.0,0.6
W2,Ladies Sandal Bata,Petrol Super,0,0.23754988235294117,0.241608,17,0.0,0.6
W2,Ladies Sandal Bata,Potatoes,0,0.22964505882352942,0.581394,17,0.0,0.6
W2,Ladies Sandal Bata,Powdered Milk NIDO 390 gm Polybag,0,0.023044529411764703,0.120914,17,0.0,0.6
W2,Ladies Sandal Bata,Pulse Gram,0,-0.25127417647058825,0.0,17,0.0,0.6
W2,Ladies Sandal Bata,Pulse Mash (Washed),0,-0.33624594117647055,0.079288,17,0.0,0.6
W2,Ladies Sandal Bata,Pulse Masoor (Washed),0,-0.21567523529411764,0.066857,17,0.0,0.6
W2,Ladies Sandal Bata,Pulse Moong (Washed),0,0.3102710588235294,0.512115,17,0.0,0.6
W2,Ladies Sandal Bata,Rice Basmati Broken (Average Quality),0,-0.12946094117647058,0.401587,17,0.0,0.6
W2,Ladies Sandal Bata,Rice IRRI-6/9 (Sindh/Punjab),0,-0.1598817142857143,0.090292,14,0.0,0.6
W2,Ladies Sandal Bata,Salt Powdered (NATIONAL/SHAN) 800 gm Packet,1,0.05112435294117647,0.819542,17,0.0588,0.6
W2,Ladies Sandal Bata,Shirting (Average Quality),0,0.0882405294117647,0.27065,17,0.0,0.6
W2,Ladies Sandal Bata,Sufi Washing Soap 250 gm Cake,4,0.2286064705882353,0.899631,17,0.2353,0.6
W2,Ladies Sandal Bata,Sugar Refined,0,0.009139411764705882,0.211101,17,0.0,0.6
W2,Ladies Sandal Bata,Tea Lipton Yellow Label 190 gm Packet,0,-0.018683411764705882,0.0,17,0.0,0.6
W2,Ladies Sandal Bata,Tea Prepared Ordinary,1,0.051485588235294116,0.813528,17,0.0588,0.6
W2,Ladies Sandal Bata,Telephone Call Charges,0,0.0,0.0,17,0.0,0.6
W2,Ladies Sandal Bata,Toilet Soap LIFEBUOY 115 gm,0,-0.12601682352941176,0.157674,17,0.0,0.6
W2,Ladies Sandal Bata,Tomatoes,0,0.1604934705882353,0.366982,17,0.0,0.6
W2,Ladies Sandal Bata,Vegetable Ghee DALDA/HABIB 2.5 kg Tin,12,0.7072647647058823,0.885281,17,0.7059,0.6
W2,Ladies Sandal Bata,Vegetable Ghee DALDA/HABIB or Other Superior Quality 1 kg Pouch,13,0.7886168,0.898519,15,0.8667,0.6
W2,Ladies Sandal Bata,Wheat Flour Bag,0,-0.15621670588235292,-0.045828,17,0.0,0.6
W2,Lawn Printed Gul Ahmed/Al Karam,"Long Cloth 57"" Gul Ahmed/Al Karam",8,0.45494588235294114,1.0,17,0.4706,0.6
W2,Lawn Printed Gul Ahmed/Al Karam,Match Box,0,0.0,0.0,17,0.0,0.6
W2,Lawn Printed Gul Ahmed/Al Karam,Milk fresh (Un-boiled),3,0.1669124117647059,0.89121,17,0.1765,0.6
W2,Lawn Printed Gul Ahmed/Al Karam,Mustard Oil (Average Quality),0,-0.024180705882352944,0.120222,17,0.0,0.6
W2,Lawn Printed Gul Ahmed/Al Karam,Mutton (Average Quality),4,0.22140288235294117,0.831873,17,0.2353,0.6
W2,Lawn Printed Gul Ahmed/Al Karam,Onions,0,-0.1748380588235294,0.23975,17,0.0,0.6
W2,Lawn Printed Gul Ahmed/Al Karam,Petrol Super,0,0.04108123529411765,0.41356,17,0.0,0.6
W2,Lawn Printed Gul Ahmed/Al Karam,Potatoes,0,0.10071541176470589,0.396367,17,0.0,0.6
W2,Lawn Printed Gul Ahmed/Al Karam,Powdered Milk NIDO 390 gm Polybag,3,0.24254911764705883,0.999909,17,0.1765,0.6
W2,Lawn Printed Gul Ahmed/Al Karam,Pulse Gram,1,0.149602,0.625835,17,0.0588,0.6
W2,Lawn Printed Gul Ahmed/Al Karam,Pulse Mash (Washed),0,0.1372718823529412,0.471245,17,0.0,0.6
W2,Lawn Printed Gul Ahmed/Al Karam,Pulse Masoor (Washed),0,0.037462823529411764,0.377617,17,0.0,0.6
W2,Lawn Printed Gul Ahmed/Al Karam,Pulse Moong (Washed),1,0.1284361176470588,0.614915,17,0.0588,0.6
W2,Lawn Printed Gul Ahmed/Al Karam,Rice Basmati Broken (Average Quality),0,-0.05176988235294117,0.322331,17,0.0,0.6
W2,Lawn Printed Gul Ahmed/Al Karam,Rice IRRI-6/9 (Sindh/Punjab),0,-0.04660107142857143,0.287026,14,0.0,0.6
W2,Lawn Printed Gul Ahmed/Al Karam,Salt Powdered (NATIONAL/SHAN) 800 gm Packet,2,0.08787823529411765,0.684685,17,0.1176,0.6
W2,Lawn Printed Gul Ahmed/Al Karam,Shirting (Average Quality),4,0.27821182352941176,1.0,17,0.2353,0.6
W2,Lawn Printed Gul Ahmed/Al Karam,Sufi Washing Soap 250 gm Cake,0,0.012222470588235293,0.207782,17,0.0,0.6
W2,Lawn Printed Gul Ahmed/Al Karam,Sugar Refined,0,0.013853764705882354,0.20205,17,0.0,0.6
W2,Lawn Printed Gul Ahmed/Al Karam,Tea Lipton Yellow Label 190 gm Packet,0,0.0,0.0,17,0.0,0.6
W2,Lawn Printed Gul Ahmed/Al Karam,Tea Prepared Ordinary,0,0.0,0.0,17,0.0,0.6
W2,Lawn Printed Gul Ahmed/Al Karam,Telephone Call Charges,0,0.0,0.0,17,0.0,0.6
W2,Lawn Printed Gul Ahmed/Al Karam,Toilet Soap LIFEBUOY 115 gm,0,0.0,0.0,17,0.0,0.6
W2,Lawn Printed Gul Ahmed/Al Karam,Tomatoes,0,0.01651635294117647,0.450326,17,0.0,0.6
W2,Lawn Printed Gul Ahmed/Al Karam,Vegetable Ghee DALDA/HABIB 2.5 kg Tin,0,0.02603764705882353,0.155139,17,0.0,0.6
W2,Lawn Printed Gul Ahmed/Al Karam,Vegetable Ghee DALDA/HABIB or Other Superior Quality 1 kg Pouch,0,0.03195286666666666,0.175561,15,0.0,0.6
W2,Lawn Printed Gul Ahmed/Al Karam,Wheat Flour Bag,0,-0.20552199999999998,0.321254,17,0.0,0.6
W2,"Long Cloth 57"" Gul Ahmed/Al Karam",Match Box,0,0.0,0.0,17,0.0,0.6
W2,"Long Cloth 57"" Gul Ahmed/Al Karam",Milk fresh (Un-boiled),2,0.1284204705882353,0.953288,17,0.1176,0.6
W2,"Long Cloth 57"" Gul Ahmed/Al Karam",Mustard Oil (Average Quality),0,0.017918058823529412,0.154423,17,0.0,0.6
W2,"Long Cloth 57"" Gul Ahmed/Al Karam",Mutton (Average Quality),2,0.16532141176470588,0.831957,17,0.1176,0.6
W2,"Long Cloth 57"" Gul Ahmed/Al Karam",Onions,0,-0.18491011764705884,0.0,17,0.0,0.6
W2,"Long Cloth 57"" Gul Ahmed/Al Karam",Petrol Super,0,0.08222482352941177,0.415685,17,0.0,0.6
W2,"Long Cloth 57"" Gul Ahmed/Al Karam",Potatoes,0,0.08062270588235293,0.387896,17,0.0,0.6
W2,"Long Cloth 57"" Gul Ahmed/Al Karam",Powdered Milk NIDO 390 gm Polybag,3,0.21373947058823528,0.927124,17,0.1765,0.6
W2,"Long Cloth 57"" Gul Ahmed/Al Karam",Pulse Gram,0,0.07588382352941177,0.577937,17,0.0,0.6
W2,"Long Cloth 57"" Gul Ahmed/Al Karam",Pulse Mash (Washed),0,0.10808617647058823,0.470407,17,0.0,0.6
W2,"Long Cloth 57"" Gul Ahmed/Al Karam",Pulse Masoor (Washed),0,0.01107770588235294,0.372575,17,0.0,0.6
W2,"Long Cloth 57"" Gul Ahmed/Al Karam",Pulse Moong (Washed),2,0.09956811764705882,0.644924,17,0.1176,0.6
W2,"Long Cloth 57"" Gul Ahmed/Al Karam",Rice Basmati Broken (Average Quality),0,-0.030963058823529416,0.224289,17,0.0,0.6
W2,"Long Cloth 57"" Gul Ahmed/Al Karam",Rice IRRI-6/9 (Sindh/Punjab),0,-0.05293357142857143,0.0,14,0.0,0.6
W2,"Long Cloth 57"" Gul Ahmed/Al Karam",Salt Powdered (NATIONAL/SHAN) 800 gm Packet,2,0.08097717647058825,0.731423,17,0.1176,0.6
W2,"Long Cloth 57"" Gul Ahmed/Al Karam",Shirting (Average Quality),3,0.2196360588235294,1.0,17,0.1765,0.6
W2,"Long Cloth 57"" Gul Ahmed/Al Karam",Sufi Washing Soap 250 gm Cake,0,0.01085664705882353,0.184563,17,0.0,0.6
W2,"Long Cloth 57"" Gul Ahmed/Al Karam",Sugar Refined,0,0.04771535294117647,0.468457,17,0.0,0.6
W2,"Long Cloth 57"" Gul Ahmed/Al Karam",Tea Lipton Yellow Label 190 gm Packet,0,-0.028211411764705884,0.0,17,0.0,0.6
W2,"Long Cloth 57"" Gul Ahmed/Al Karam",Tea Prepared Ordinary,0,0.0,0.0,17,0.0,0.6
W2,"Long Cloth 57"" Gul Ahmed/Al Karam",Telephone Call Charges,0,0.0,0.0,17,0.0,0.6
W2,"Long Cloth 57"" Gul Ahmed/Al Karam",Toilet Soap LIFEBUOY 115 gm,0,-0.004326999999999999,0.4103,17,0.0,0.6
W2,"Long Cloth 57"" Gul Ahmed/Al Karam",Tomatoes,0,-0.03430152941176471,0.30474,17,0.0,0.6
W2,"Long Cloth 57"" Gul Ahmed/Al Karam",Vegetable Ghee DALDA/HABIB 2.5 kg Tin,1,0.08588182352941176,0.949857,17,0.0588,0.6
W2,"Long Cloth 57"" Gul Ahmed/Al Karam",Vegetable Ghee DALDA/HABIB or Other Superior Quality 1 kg Pouch,1,0.09261953333333332,0.796396,15,0.0667,0.6
W2,"Long Cloth 57"" Gul Ahmed/Al Karam",Wheat Flour Bag,0,-0.21358970588235293,0.304076,17,0.0,0.6
W2,Match Box,Milk fresh (Un-boiled),0,0.0,0.0,17,0.0,0.6
W2,Match Box,Mustard Oil (Average Quality),0,0.014755823529411764,0.250849,17,0.0,0.6
W2,Match Box,Mutton (Average Quality),0,0.0,0.0,17,0.0,0.6
W2,Match Box,Onions,0,-0.0009403529411764706,0.0,17,0.0,0.6
W2,Match Box,Petrol Super,0,-0.014384117647058823,0.0,17,0.0,0.6
W2,Match Box,Potatoes,0,0.009276470588235294,0.1577,17,0.0,0.6
W2,Match Box,Powdered Milk NIDO 390 gm Polybag,0,0.0,0.0,17,0.0,0.6
W2,Match Box,Pulse Gram,0,0.0069300588235294116,0.117811,17,0.0,0.6
W2,Match Box,Pulse Mash (Washed),0,-0.03521511764705882,0.0,17,0.0,0.6
W2,Match Box,Pulse Masoor (Washed),0,0.0,0.0,17,0.0,0.6
W2,Match Box,Pulse Moong (Washed),1,0.03661058823529412,0.62238,17,0.0588,0.6
W2,Match Box,Rice Basmati Broken (Average Quality),0,0.0,0.0,17,0.0,0.6
W2,Match Box,Rice IRRI-6/9 (Sindh/Punjab),0,0.0,0.0,14,0.0,0.6
W2,Match Box,Salt Powdered (NATIONAL/SHAN) 800 gm Packet,0,0.0,0.0,17,0.0,0.6
W2,Match Box,Shirting (Average Quality),0,0.0,0.0,17,0.0,0.6
W2,Match Box,Sufi Washing Soap 250 gm Cake,0,0.0,0.0,17,0.0,0.6
W2,Match Box,Sugar Refined,0,-0.02057464705882353,0.0,17,0.0,0.6
W2,Match Box,Tea Lipton Yellow Label 190 gm Packet,0,0.0,0.0,17,0.0,0.6
W2,Match Box,Tea Prepared Ordinary,0,0.0,0.0,17,0.0,0.6
W2,Match Box,Telephone Call Charges,0,0.0,0.0,17,0.0,0.6
W2,Match Box,Toilet Soap LIFEBUOY 115 gm,0,0.0,0.0,17,0.0,0.6
W2,Match Box,Tomatoes,0,0.0037889411764705882,0.064412,17,0.0,0.6
W2,Match Box,Vegetable Ghee DALDA/HABIB 2.5 kg Tin,0,0.0034664117647058824,0.058929,17,0.0,0.6
W2,Match Box,Vegetable Ghee DALDA/HABIB or Other Superior Quality 1 kg Pouch,0,0.006046933333333334,0.090704,15,0.0,0.6
W2,Match Box,Wheat Flour Bag,0,0.010853117647058824,0.184503,17,0.0,0.6
W2,Milk fresh (Un-boiled),Mustard Oil (Average Quality),0,0.012690470588235293,0.491775,17,0.0,0.6
W2,Milk fresh (Un-boiled),Mutton (Average Quality),3,0.27209552941176474,0.99164,17,0.1765,0.6
W2,Milk fresh (Un-boiled),Onions,0,-0.07539770588235294,0.304651,17,0.0,0.6
W2,Milk fresh (Un-boiled),Petrol Super,0,-0.15896864705882355,0.199452,17,0.0,0.6
W2,Milk fresh (Un-boiled),Potatoes,0,0.030132882352941173,0.376669,17,0.0,0.6
W2,Milk fresh (Un-boiled),Powdered Milk NIDO 390 gm Polybag,6,0.4097347647058824,0.942759,17,0.3529,0.6
W2,Milk fresh (Un-boiled),Pulse Gram,2,0.2721381764705882,0.671685,17,0.1176,0.6
W2,Milk fresh (Un-boiled),Pulse Mash (Washed),0,0.012683411764705887,0.339264,17,0.0,0.6
W2,Milk fresh (Un-boiled),Pulse Masoor (Washed),0,-0.1037425294117647,0.453606,17,0.0,0.6
W2,Milk fresh (Un-boiled),Pulse Moong (Washed),2,0.23175235294117646,0.778775,17,0.1176,0.6
W2,Milk fresh (Un-boiled),Rice Basmati Broken (Average Quality),0,-0.07423805882352941,0.398428,17,0.0,0.6
W2,Milk fresh (Un-boiled),Rice IRRI-6/9 (Sindh/Punjab),0,-0.06827107142857143,0.251739,14,0.0,0.6
W2,Milk fresh (Un-boiled),Salt Powdered (NATIONAL/SHAN) 800 gm Packet,2,0.08291529411764706,0.741036,17,0.1176,0.6
W2,Milk fresh (Un-boiled),Shirting (Average Quality),2,0.14330870588235295,0.932606,17,0.1176,0.6
W2,Milk fresh (Un-boiled),Sufi Washing Soap 250 gm Cake,0,0.024285470588235297,0.186566,17,0.0,0.6
W2,Milk fresh (Un-boiled),Sugar Refined,1,0.0799734705882353,0.69314,17,0.0588,0.6
W2,Milk fresh (Un-boiled),Tea Lipton Yellow Label 190 gm Packet,0,-0.08644735294117648,0.0,17,0.0,0.6
W2,Milk fresh (Un-boiled),Tea Prepared Ordinary,1,0.11562788235294118,0.825237,17,0.0588,0.6
W2,Milk fresh (Un-boiled),Telephone Call Charges,0,0.0,0.0,17,0.0,0.6
W2,Milk fresh (Un-boiled),Toilet Soap LIFEBUOY 115 gm,0,0.019428823529411766,0.238701,17,0.0,0.6
W2,Milk fresh (Un-boiled),Tomatoes,0,0.0002438235294117653,0.539645,17,0.0,0.6
W2,Milk fresh (Un-boiled),Vegetable Ghee DALDA/HABIB 2.5 kg Tin,0,0.12746288235294118,0.394415,17,0.0,0.6
W2,Milk fresh (Un-boiled),Vegetable Ghee DALDA/HABIB or Other Superior Quality 1 kg Pouch,0,0.11757093333333332,0.436815,15,0.0,0.6
W2,Milk fresh (Un-boiled),Wheat Flour Bag,0,-0.10488811764705883,0.254055,17,0.0,0.6
W2,Mustard Oil (Average Quality),Mutton (Average Quality),1,0.12698576470588235,0.628192,17,0.0588,0.6
W2,Mustard Oil (Average Quality),Onions,1,0.038489941176470595,0.768228,17,0.0588,0.6
W2,Mustard Oil (Average Quality),Petrol Super,0,0.08148058823529412,0.362629,17,0.0,0.6
W2,Mustard Oil (Average Quality),Potatoes,0,0.11037229411764705,0.515437,17,0.0,0.6
W2,Mustard Oil (Average Quality),Powdered Milk NIDO 390 gm Polybag,0,0.04562982352941176,0.423383,17,0.0,0.6
W2,Mustard Oil (Average Quality),Pulse Gram,0,-0.12217,0.319415,17,0.0,0.6
W2,Mustard Oil (Average Quality),Pulse Mash (Washed),0,-0.22433176470588234,0.26296,17,0.0,0.6
W2,Mustard Oil (Average Quality),Pulse Masoor (Washed),0,-0.018372882352941173,0.518516,17,0.0,0.6
W2,Mustard Oil (Average Quality),Pulse Moong (Washed),3,0.2652714705882353,0.784447,17,0.1765,0.6
W2,Mustard Oil (Average Quality),Rice Basmati Broken (Average Quality),2,-0.002991882352941181,0.681779,17,0.1176,0.6
W2,Mustard Oil (Average Quality),Rice IRRI-6/9 (Sindh/Punjab),0,-0.08932642857142857,0.286612,14,0.0,0.6
W2,Mustard Oil (Average Quality),Salt Powdered (NATIONAL/SHAN) 800 gm Packet,1,0.05108888235294117,0.617257,17,0.0588,0.6
W2,Mustard Oil (Average Quality),Shirting (Average Quality),0,-0.05947005882352941,0.229441,17,0.0,0.6
W2,Mustard Oil (Average Quality),Sufi Washing Soap 250 gm Cake,1,0.08002382352941177,0.995767,17,0.0588,0.6
W2,Mustard Oil (Average Quality),Sugar Refined,0,-0.040514529411764706,0.512119,17,0.0,0.6
W2,Mustard Oil (Average Quality),Tea Lipton Yellow Label 190 gm Packet,0,0.03722052941176471,0.494229,17,0.0,0.6
W2,Mustard Oil (Average Quality),Tea Prepared Ordinary,1,0.05588041176470588,0.836235,17,0.0588,0.6
W2,Mustard Oil (Average Quality),Telephone Call Charges,0,0.0,0.0,17,0.0,0.6
W2,Mustard Oil (Average Quality),Toilet Soap LIFEBUOY 115 gm,2,-0.020464823529411768,0.771556,17,0.1176,0.6
W2,Mustard Oil (Average Quality),Tomatoes,0,0.12139764705882354,0.39413,17,0.0,0.6
W2,Mustard Oil (Average Quality),Vegetable Ghee DALDA/HABIB 2.5 kg Tin,7,0.379733294117647,0.952239,17,0.4118,0.6
W2,Mustard Oil (Average Quality),Vegetable Ghee DALDA/HABIB or Other Superior Quality 1 kg Pouch,10,0.6158476666666667,0.928118,15,0.6667,0.6
W2,Mustard Oil (Average Quality),Wheat Flour Bag,1,0.042339117647058826,0.722363,17,0.0588,0.6
W2,Mutton (Average Quality),Onions,0,-0.454556705882353,0.062803,17,0.0,0.6
W2,Mutton (Average Quality),Petrol Super,0,-0.176046,0.414189,17,0.0,0.6
W2,Mutton (Average Quality),Potatoes,0,0.11475352941176471,0.386678,17,0.0,0.6
W2,Mutton (Average Quality),Powdered Milk NIDO 390 gm Polybag,1,0.19194558823529412,0.885347,17,0.0588,0.6
W2,Mutton (Average Quality),Pulse Gram,0,0.07134923529411764,0.437254,17,0.0,0.6
W2,Mutton (Average Quality),Pulse Mash (Washed),0,-0.050364235294117654,0.384593,17,0.0,0.6
W2,Mutton (Average Quality),Pulse Masoor (Washed),0,-0.19107064705882354,0.210393,17,0.0,0.6
W2,Mutton (Average Quality),Pulse Moong (Washed),0,0.1419735294117647,0.53222,17,0.0,0.6
W2,Mutton (Average Quality),Rice Basmati Broken (Average Quality),0,-0.19985935294117646,0.526437,17,0.0,0.6
W2,Mutton (Average Quality),Rice IRRI-6/9 (Sindh/Punjab),0,-0.1741845,0.101042,14,0.0,0.6
W2,Mutton (Average Quality),Salt Powdered (NATIONAL/SHAN) 800 gm Packet,1,0.0950905294117647,0.702723,17,0.0588,0.6
W2,Mutton (Average Quality),Shirting (Average Quality),4,0.31433205882352944,0.940118,17,0.2353,0.6
W2,Mutton (Average Quality),Sufi Washing Soap 250 gm Cake,1,0.06847876470588235,0.666359,17,0.0588,0.6
W2,Mutton (Average Quality),Sugar Refined,0,0.056571235294117644,0.394469,17,0.0,0.6
W2,Mutton (Average Quality),Tea Lipton Yellow Label 190 gm Packet,0,-0.072104,0.0,17,0.0,0.6
W2,Mutton (Average Quality),Tea Prepared Ordinary,1,0.08117194117647059,0.761348,17,0.0588,0.6
W2,Mutton (Average Quality),Telephone Call Charges,0,0.0,0.0,17,0.0,0.6
W2,Mutton (Average Quality),Toilet Soap LIFEBUOY 115 gm,0,0.01355529411764706,0.232104,17,0.0,0.6
W2,Mutton (Average Quality),Tomatoes,0,-0.1545030588235294,0.231908,17,0.0,0.6
W2,Mutton (Average Quality),Vegetable Ghee DALDA/HABIB 2.5 kg Tin,1,0.23259005882352943,0.633759,17,0.0588,0.6
W2,Mutton (Average Quality),Vegetable Ghee DALDA/HABIB or Other Superior Quality 1 kg Pouch,4,0.3426151333333333,0.85529,15,0.2667,0.6
W2,Mutton (Average Quality),Wheat Flour Bag,0,-0.532952294117647,0.0,17,0.0,0.6
W2,Onions,Petrol Super,0,-0.08986082352941176,0.192404,17,0.0,0.6
W2,Onions,Potatoes,0,-0.0002757647058823544,0.262299,17,0.0,0.6
W2,Onions,Powdered Milk NIDO 390 gm Polybag,0,-0.20560658823529412,-0.042715,17,0.0,0.6
W2,Onions,Pulse Gram,0,0.2736441176470588,0.403968,17,0.0,0.6
W2,Onions,Pulse Mash (Washed),0,0.05879411764705883,0.454955,17,0.0,0.6
W2,Onions,Pulse Masoor (Washed),1,0.10271270588235294,0.661299,17,0.0588,0.6
W2,Onions,Pulse Moong (Washed),0,-0.0728945294117647,0.272554,17,0.0,0.6
W2,Onions,Rice Basmati Broken (Average Quality),1,0.14753711764705882,0.682329,17,0.0588,0.6
W2,Onions,Rice IRRI-6/9 (Sindh/Punjab),1,0.07635885714285714,0.664859,14,0.0714,0.6
W2,Onions,Salt Powdered (NATIONAL/SHAN) 800 gm Packet,0,-0.037859000000000004,0.24683,17,0.0,0.6
W2,Onions,Shirting (Average Quality),0,-0.28900470588235294,0.163445,17,0.0,0.6
W2,Onions,Sufi Washing Soap 250 gm Cake,0,-0.07637776470588235,0.039506,17,0.0,0.6
W2,Onions,Sugar Refined,0,-0.3921568823529412,-0.143818,17,0.0,0.6
W2,Onions,Tea Lipton Yellow Label 190 gm Packet,0,0.1739895294117647,0.409698,17,0.0,0.6
W2,Onions,Tea Prepared Ordinary,0,-0.09629100000000002,0.052474,17,0.0,0.6
W2,Onions,Telephone Call Charges,0,0.0,0.0,17,0.0,0.6
W2,Onions,Toilet Soap LIFEBUOY 115 gm,0,-0.012794000000000002,0.302297,17,0.0,0.6
W2,Onions,Tomatoes,0,0.38514135294117646,0.540703,17,0.0,0.6
W2,Onions,Vegetable Ghee DALDA/HABIB 2.5 kg Tin,0,-0.21367623529411764,0.10562,17,0.0,0.6
W2,Onions,Vegetable Ghee DALDA/HABIB or Other Superior Quality 1 kg Pouch,0,-0.2388398,-0.013223,15,0.0,0.6
W2,Onions,Wheat Flour Bag,10,0.6042070588235294,0.857631,17,0.5882,0.6
W2,Petrol Super,Potatoes,0,-0.27373158823529414,-0.078773,17,0.0,0.6
W2,Petrol Super,Powdered Milk NIDO 390 gm Polybag,0,0.11560235294117646,0.269218,17,0.0,0.6
W2,Petrol Super,Pulse Gram,0,-0.4590327058823529,-0.221706,17,0.0,0.6
W2,Petrol Super,Pulse Mash (Washed),0,-0.08208205882352942,0.350979,17,0.0,0.6
W2,Petrol Super,Pulse Masoor (Washed),4,0.39965605882352945,0.755822,17,0.2353,0.6
W2,Petrol Super,Pulse Moong (Washed),0,0.06297311764705882,0.473846,17,0.0,0.6
W2,Petrol Super,Rice Basmati Broken (Average Quality),3,0.34537388235294114,0.717097,17,0.1765,0.6
W2,Petrol Super,Rice IRRI-6/9 (Sindh/Punjab),2,0.23654899999999998,0.688319,14,0.1429,0.6
W2,Petrol Super,Salt Powdered (NATIONAL/SHAN) 800 gm Packet,0,-0.09656629411764706,0.087552,17,0.0,0.6
W2,Petrol Super,Shirting (Average Quality),0,-0.05632182352941177,0.41356,17,0.0,0.6
W2,Petrol Super,Sufi Washing Soap 250 gm Cake,0,0.02366794117647059,0.423568,17,0.0,0.6
W2,Petrol Super,Sugar Refined,0,0.2975629411764706,0.53589,17,0.0,0.6
W2,Petrol Super,Tea Lipton Yellow Label 190 gm Packet,0,-0.03980335294117647,0.0,17,0.0,0.6
W2,Petrol Super,Tea Prepared Ordinary,0,-0.006046882352941178,0.260393,17,0.0,0.6
W2,Petrol Super,Telephone Call Charges,0,0.0,0.0,17,0.0,0.6
W2,Petrol Super,Toilet Soap LIFEBUOY 115 gm,0,0.047843823529411765,0.455559,17,0.0,0.6
W2,Petrol Super,Tomatoes,0,0.008882176470588235,0.2095,17,0.0,0.6
W2,Petrol Super,Vegetable Ghee DALDA/HABIB 2.5 kg Tin,0,0.041696000000000004,0.264093,17,0.0,0.6
W2,Petrol Super,Vegetable Ghee DALDA/HABIB or Other Superior Quality 1 kg Pouch,0,0.030754266666666665,0.209114,15,0.0,0.6
W2,Petrol Super,Wheat Flour Bag,0,0.3461398823529412,0.481742,17,0.0,0.6
W2,Potatoes,Powdered Milk NIDO 390 gm Polybag,0,0.12218805882352941,0.387584,17,0.0,0.6
W2,Potatoes,Pulse Gram,0,0.3256605294117647,0.593599,17,0.0,0.6
W2,Potatoes,Pulse Mash (Washed),2,0.1502315294117647,0.749525,17,0.1176,0.6
W2,Potatoes,Pulse Masoor (Washed),0,-0.12555964705882355,0.405143,17,0.0,0.6
W2,Potatoes,Pulse Moong (Washed),0,-0.04450282352941176,0.334922,17,0.0,0.6
W2,Potatoes,Rice Basmati Broken (Average Quality),0,-0.22143441176470588,0.317549,17,0.0,0.6
W2,Potatoes,Rice IRRI-6/9 (Sindh/Punjab),0,-0.15496864285714285,0.128347,14,0.0,0.6
W2,Potatoes,Salt Powdered (NATIONAL/SHAN) 800 gm Packet,0,0.037437470588235294,0.452674,17,0.0,0.6
W2,Potatoes,Shirting (Average Quality),0,0.07075823529411765,0.493991,17,0.0,0.6
W2,Potatoes,Sufi Washing Soap 250 gm Cake,0,-0.03982635294117647,0.452674,17,0.0,0.6
W2,Potatoes,Sugar Refined,0,-0.583193705882353,-0.286077,17,0.0,0.6
W2,Potatoes,Tea Lipton Yellow Label 190 gm Packet,1,0.2563101176470588,0.606686,17,0.0588,0.6
W2,Potatoes,Tea Prepared Ordinary,0,-0.018630235294117652,0.426385,17,0.0,0.6
W2,Potatoes,Telephone Call Charges,0,0.0,0.0,17,0.0,0.6
W2,Potatoes,Toilet Soap LIFEBUOY 115 gm,0,-0.08333317647058824,0.580082,17,0.0,0.6
W2,Potatoes,Tomatoes,3,0.48499958823529415,0.688517,17,0.1765,0.6
W2,Potatoes,Vegetable Ghee DALDA/HABIB 2.5 kg Tin,0,-0.10944129411764705,0.284798,17,0.0,0.6
W2,Potatoes,Vegetable Ghee DALDA/HABIB or Other Superior Quality 1 kg Pouch,0,0.0170142,0.402793,15,0.0,0.6
W2,Potatoes,Wheat Flour Bag,0,-0.31149464705882357,-0.129903,17,0.0,0.6
W2,Powdered Milk NIDO 390 gm Polybag,Pulse Gram,1,0.4549001764705882,0.674752,17,0.0588,0.6
W2,Powdered Milk NIDO 390 gm Polybag,Pulse Mash (Washed),0,0.16493852941176468,0.492753,17,0.0,0.6
W2,Powdered Milk NIDO 390 gm Polybag,Pulse Masoor (Washed),1,0.1749580588235294,0.6114,17,0.0588,0.6
W2,Powdered Milk NIDO 390 gm Polybag,Pulse Moong (Washed),2,0.39228229411764703,0.759849,17,0.1176,0.6
W2,Powdered Milk NIDO 390 gm Polybag,Rice Basmati Broken (Average Quality),0,0.028410764705882354,0.542551,17,0.0,0.6
W2,Powdered Milk NIDO 390 gm Polybag,Rice IRRI-6/9 (Sindh/Punjab),0,0.06205957142857143,0.295383,14,0.0,0.6
W2,Powdered Milk NIDO 390 gm Polybag,Salt Powdered (NATIONAL/SHAN) 800 gm Packet,2,0.08748835294117648,0.805814,17,0.1176,0.6
W2,Powdered Milk NIDO 390 gm Polybag,Shirting (Average Quality),2,0.20001835294117648,0.935136,17,0.1176,0.6
W2,Powdered Milk NIDO 390 gm Polybag,Sufi Washing Soap 250 gm Cake,0,0.015681470588235297,0.208853,17,0.0,0.6
W2,Powdered Milk NIDO 390 gm Polybag,Sugar Refined,0,0.14948723529411764,0.374493,17,0.0,0.6
W2,Powdered Milk NIDO 390 gm Polybag,Tea Lipton Yellow Label 190 gm Packet,0,-0.004316352941176471,0.0,17,0.0,0.6
W2,Powdered Milk NIDO 390 gm Polybag,Tea Prepared Ordinary,2,0.13314670588235292,0.935136,17,0.1176,0.6
W2,Powdered Milk NIDO 390 gm Polybag,Telephone Call Charges,0,0.0,0.0,17,0.0,0.6
W2,Powdered Milk NIDO 390 gm Polybag,Toilet Soap LIFEBUOY 115 gm,0,-0.005458882352941176,0.0,17,0.0,0.6
W2,Powdered Milk NIDO 390 gm Polybag,Tomatoes,0,0.25960176470588237,0.457138,17,0.0,0.6
W2,Powdered Milk NIDO 390 gm Polybag,Vegetable Ghee DALDA/HABIB 2.5 kg Tin,0,0.07041994117647059,0.339864,17,0.0,0.6
W2,Powdered Milk NIDO 390 gm Polybag,Vegetable Ghee DALDA/HABIB or Other Superior Quality 1 kg Pouch,0,0.08156166666666667,0.451466,15,0.0,0.6
W2,Powdered Milk NIDO 390 gm Polybag,Wheat Flour Bag,0,0.056663,0.325704,17,0.0,0.6
W2,Pulse Gram,Pulse Mash (Washed),1,0.2470310588235294,0.642262,17,0.0588,0.6
W2,Pulse Gram,Pulse Masoor (Washed),0,-0.08527952941176471,0.409034,17,0.0,0.6
W2,Pulse Gram,Pulse Moong (Washed),0,0.18364,0.579693,17,0.0,0.6
W2,Pulse Gram,Rice Basmati Broken (Average Quality),0,-0.1529554117647059,0.230026,17,0.0,0.6
W2,Pulse Gram,Rice IRRI-6/9 (Sindh/Punjab),0,-0.03843507142857143,0.291833,14,0.0,0.6
W2,Pulse Gram,Salt Powdered (NATIONAL/SHAN) 800 gm Packet,1,0.08937423529411766,0.626333,17,0.0588,0.6
W2,Pulse Gram,Shirting (Average Quality),1,0.07625888235294118,0.672943,17,0.0588,0.6
W2,Pulse Gram,Sufi Washing Soap 250 gm Cake,0,-0.12193776470588234,0.048939,17,0.0,0.6
W2,Pulse Gram,Sugar Refined,0,-0.4484175882352941,-0.252997,17,0.0,0.6
W2,Pulse Gram,Tea Lipton Yellow Label 190 gm Packet,0,0.1383846470588235,0.517708,17,0.0,0.6
W2,Pulse Gram,Tea Prepared Ordinary,0,0.03895129411764706,0.599503,17,0.0,0.6
W2,Pulse Gram,Telephone Call Charges,0,0.0,0.0,17,0.0,0.6
W2,Pulse Gram,Toilet Soap LIFEBUOY 115 gm,1,-0.07528776470588235,0.626505,17,0.0588,0.6
W2,Pulse Gram,Tomatoes,1,0.37823088235294117,0.645583,17,0.0588,0.6
W2,Pulse Gram,Vegetable Ghee DALDA/HABIB 2.5 kg Tin,0,-0.2222933529411765,-0.038936,17,0.0,0.6
W2,Pulse Gram,Vegetable Ghee DALDA/HABIB or Other Superior Quality 1 kg Pouch,0,-0.2281152,0.023394,15,0.0,0.6
W2,Pulse Gram,Wheat Flour Bag,0,-0.02524776470588235,0.12617,17,0.0,0.6
W2,Pulse Mash (Washed),Pulse Masoor (Washed),4,0.3406075294117647,0.806187,17,0.2353,0.6
W2,Pulse Mash (Washed),Pulse Moong (Washed),0,-0.15739882352941176,0.372409,17,0.0,0.6
W2,Pulse Mash (Washed),Rice Basmati Broken (Average Quality),0,-0.13132582352941177,0.418094,17,0.0,0.6
W2,Pulse Mash (Washed),Rice IRRI-6/9 (Sindh/Punjab),0,-0.008365500000000007,0.422311,14,0.0,0.6
W2,Pulse Mash (Washed),Salt Powdered (NATIONAL/SHAN) 800 gm Packet,0,-0.029834,0.350742,17,0.0,0.6
W2,Pulse Mash (Washed),Shirting (Average Quality),0,0.09329847058823529,0.513748,17,0.0,0.6
W2,Pulse Mash (Washed),Sufi Washing Soap 250 gm Cake,0,-0.101158,0.231804,17,0.0,0.6
W2,Pulse Mash (Washed),Sugar Refined,0,0.013569294117647061,0.299732,17,0.0,0.6
W2,Pulse Mash (Washed),Tea Lipton Yellow Label 190 gm Packet,0,0.060044705882352944,0.520129,17,0.0,0.6
W2,Pulse Mash (Washed),Tea Prepared Ordinary,0,-0.06753700000000001,0.576175,17,0.0,0.6
W2,Pulse Mash (Washed),Telephone Call Charges,0,0.0,0.0,17,0.0,0.6
W2,Pulse Mash (Washed),Toilet Soap LIFEBUOY 115 gm,0,0.11374876470588235,0.520129,17,0.0,0.6
W2,Pulse Mash (Washed),Tomatoes,0,0.13416117647058823,0.441112,17,0.0,0.6
W2,Pulse Mash (Washed),Vegetable Ghee DALDA/HABIB 2.5 kg Tin,0,-0.33383176470588233,0.015315,17,0.0,0.6
W2,Pulse Mash (Washed),Vegetable Ghee DALDA/HABIB or Other Superior Quality 1 kg Pouch,0,-0.3711779333333334,0.001971,15,0.0,0.6
W2,Pulse Mash (Washed),Wheat Flour Bag,0,-0.100551,0.317871,17,0.0,0.6
W2,Pulse Masoor (Washed),Pulse Moong (Washed),2,0.13527829411764705,0.746168,17,0.1176,0.6
W2,Pulse Masoor (Washed),Rice Basmati Broken (Average Quality),1,0.1647075882352941,0.734179,17,0.0588,0.6
W2,Pulse Masoor (Washed),Rice IRRI-6/9 (Sindh/Punjab),2,0.2229815,0.733784,14,0.1429,0.6
W2,Pulse Masoor (Washed),Salt Powdered (NATIONAL/SHAN) 800 gm Packet,0,-0.048828411764705884,0.295284,17,0.0,0.6
W2,Pulse Masoor (Washed),Shirting (Average Quality),0,-0.07829411764705882,0.540297,17,0.0,0.6
W2,Pulse Masoor (Washed),Sufi Washing Soap 250 gm Cake,1,-0.016202588235294118,0.679877,17,0.0588,0.6
W2,Pulse Masoor (Washed),Sugar Refined,1,0.18634688235294117,0.630202,17,0.0588,0.6
W2,Pulse Masoor (Washed),Tea Lipton Yellow Label 190 gm Packet,1,0.05417417647058824,0.920899,17,0.0588,0.6
W2,Pulse Masoor (Washed),Tea Prepared Ordinary,0,0.02690723529411765,0.540297,17,0.0,0.6
W2,Pulse Masoor (Washed),Telephone Call Charges,0,0.0,0.0,17,0.0,0.6
W2,Pulse Masoor (Washed),Toilet Soap LIFEBUOY 115 gm,4,0.15874705882352938,0.920899,17,0.2353,0.6
W2,Pulse Masoor (Washed),Tomatoes,1,0.14660741176470587,0.702153,17,0.0588,0.6
W2,Pulse Masoor (Washed),Vegetable Ghee DALDA/HABIB 2.5 kg Tin,0,-0.1793925882352941,0.098853,17,0.0,0.6
W2,Pulse Masoor (Washed),Vegetable Ghee DALDA/HABIB or Other Superior Quality 1 kg Pouch,0,-0.1810318,0.061304,15,0.0,0.6
W2,Pulse Masoor (Washed),Wheat Flour Bag,4,0.4010142941176471,0.779774,17,0.2353,0.6
W2,Pulse Moong (Washed),Rice Basmati Broken (Average Quality),1,-0.024862647058823534,0.663849,17,0.0588,0.6
W2,Pulse Moong (Washed),Rice IRRI-6/9 (Sindh/Punjab),0,-0.08293378571428571,0.376593,14,0.0,0.6
W2,Pulse Moong (Washed),Salt Powdered (NATIONAL/SHAN) 800 gm Packet,0,0.1216499411764706,0.588066,17,0.0,0.6
W2,Pulse Moong (Washed),Shirting (Average Quality),0,0.09253288235294117,0.505237,17,0.0,0.6
W2,Pulse Moong (Washed),Sufi Washing Soap 250 gm Cake,0,0.10893205882352941,0.439719,17,0.0,0.6
W2,Pulse Moong (Washed),Sugar Refined,0,0.01860370588235294,0.486424,17,0.0,0.6
W2,Pulse Moong (Washed),Tea Lipton Yellow Label 190 gm Packet,1,0.009983294117647054,0.853389,17,0.0588,0.6
W2,Pulse Moong (Washed),Tea Prepared Ordinary,0,0.12316441176470588,0.565983,17,0.0,0.6
W2,Pulse Moong (Washed),Telephone Call Charges,0,0.0,0.0,17,0.0,0.6
W2,Pulse Moong (Washed),Toilet Soap LIFEBUOY 115 gm,1,-0.04201764705882354,0.853389,17,0.0588,0.6
W2,Pulse Moong (Washed),Tomatoes,0,0.25206794117647063,0.510158,17,0.0,0.6
W2,Pulse Moong (Washed),Vegetable Ghee DALDA/HABIB 2.5 kg Tin,0,0.311546,0.520735,17,0.0,0.6
W2,Pulse Moong (Washed),Vegetable Ghee DALDA/HABIB or Other Superior Quality 1 kg Pouch,1,0.4391290666666666,0.648624,15,0.0667,0.6
W2,Pulse Moong (Washed),Wheat Flour Bag,0,0.1765675294117647,0.423079,17,0.0,0.6
W2,Rice Basmati Broken (Average Quality),Rice IRRI-6/9 (Sindh/Punjab),7,0.44596457142857143,0.975015,14,0.5,0.6
W2,Rice Basmati Broken (Average Quality),Salt Powdered (NATIONAL/SHAN) 800 gm Packet,0,-0.09351388235294118,0.377673,17,0.0,0.6
W2,Rice Basmati Broken (Average Quality),Shirting (Average Quality),0,-0.11726676470588235,0.443988,17,0.0,0.6
W2,Rice Basmati Broken (Average Quality),Sufi Washing Soap 250 gm Cake,1,0.011511470588235295,0.684677,17,0.0588,0.6
W2,Rice Basmati Broken (Average Quality),Sugar Refined,1,0.05328223529411765,0.617083,17,0.0588,0.6
W2,Rice Basmati Broken (Average Quality),Tea Lipton Yellow Label 190 gm Packet,0,0.016613647058823528,0.3674,17,0.0,0.6
W2,Rice Basmati Broken (Average Quality),Tea Prepared Ordinary,0,-0.04448394117647059,0.354931,17,0.0,0.6
W2,Rice Basmati Broken (Average Quality),Telephone Call Charges,0,0.0,0.0,17,0.0,0.6
W2,Rice Basmati Broken (Average Quality),Toilet Soap LIFEBUOY 115 gm,0,0.012898470588235292,0.367864,17,0.0,0.6
W2,Rice Basmati Broken (Average Quality),Tomatoes,0,-0.17718964705882354,0.585718,17,0.0,0.6
W2,Rice Basmati Broken (Average Quality),Vegetable Ghee DALDA/HABIB 2.5 kg Tin,0,-0.10567558823529412,0.126493,17,0.0,0.6
W2,Rice Basmati Broken (Average Quality),Vegetable Ghee DALDA/HABIB or Other Superior Quality 1 kg Pouch,0,-0.1352952,0.551668,15,0.0,0.6
W2,Rice Basmati Broken (Average Quality),Wheat Flour Bag,3,0.2803589411764706,0.706641,17,0.1765,0.6
W2,Rice IRRI-6/9 (Sindh/Punjab),Salt Powdered (NATIONAL/SHAN) 800 gm Packet,0,-0.04892342857142857,0.269265,14,0.0,0.6
W2,Rice IRRI-6/9 (Sindh/Punjab),Shirting (Average Quality),0,-0.06966457142857142,0.374985,14,0.0,0.6
W2,Rice IRRI-6/9 (Sindh/Punjab),Sufi Washing Soap 250 gm Cake,0,-0.006856714285714285,0.0,14,0.0,0.6
W2,Rice IRRI-6/9 (Sindh/Punjab),Sugar Refined,0,-0.02386478571428571,0.452351,14,0.0,0.6
W2,Rice IRRI-6/9 (Sindh/Punjab),Tea Lipton Yellow Label 190 gm Packet,0,0.0031307142857142857,0.04383,14,0.0,0.6
W2,Rice IRRI-6/9 (Sindh/Punjab),Tea Prepared Ordinary,0,-0.065224,0.004973,14,0.0,0.6
W2,Rice IRRI-6/9 (Sindh/Punjab),Telephone Call Charges,0,0.0,0.0,14,0.0,0.6
W2,Rice IRRI-6/9 (Sindh/Punjab),Toilet Soap LIFEBUOY 115 gm,0,-0.008538785714285716,0.188643,14,0.0,0.6
W2,Rice IRRI-6/9 (Sindh/Punjab),Tomatoes,0,-0.13720485714285716,0.166411,14,0.0,0.6
W2,Rice IRRI-6/9 (Sindh/Punjab),Vegetable Ghee DALDA/HABIB 2.5 kg Tin,0,-0.09862342857142857,0.053198,14,0.0,0.6
W2,Rice IRRI-6/9 (Sindh/Punjab),Vegetable Ghee DALDA/HABIB or Other Superior Quality 1 kg Pouch,0,-0.20785108333333333,0.0,12,0.0,0.6
W2,Rice IRRI-6/9 (Sindh/Punjab),Wheat Flour Bag,0,0.20134742857142857,0.545499,14,0.0,0.6
W2,Salt Powdered (NATIONAL/SHAN) 800 gm Packet,Shirting (Average Quality),1,0.0481835294117647,0.865394,17,0.0588,0.6
W2,Salt Powdered (NATIONAL/SHAN) 800 gm Packet,Sufi Washing Soap 250 gm Cake,1,0.07557576470588236,1.0,17,0.0588,0.6
W2,Salt Powdered (NATIONAL/SHAN) 800 gm Packet,Sugar Refined,0,-0.008671470588235296,0.483656,17,0.0,0.6
W2,Salt Powdered (NATIONAL/SHAN) 800 gm Packet,Tea Lipton Yellow Label 190 gm Packet,0,0.0,0.0,17,0.0,0.6
W2,Salt Powdered (NATIONAL/SHAN) 800 gm Packet,Tea Prepared Ordinary,0,0.0,0.0,17,0.0,0.6
W2,Salt Powdered (NATIONAL/SHAN) 800 gm Packet,Telephone Call Charges,0,0.0,0.0,17,0.0,0.6
W2,Salt Powdered (NATIONAL/SHAN) 800 gm Packet,Toilet Soap LIFEBUOY 115 gm,1,0.044904529411764704,0.999996,17,0.0588,0.6
W2,Salt Powdered (NATIONAL/SHAN) 800 gm Packet,Tomatoes,0,0.02692994117647059,0.50982,17,0.0,0.6
W2,Salt Powdered (NATIONAL/SHAN) 800 gm Packet,Vegetable Ghee DALDA/HABIB 2.5 kg Tin,0,0.034802058823529415,0.465437,17,0.0,0.6
W2,Salt Powdered (NATIONAL/SHAN) 800 gm Packet,Vegetable Ghee DALDA/HABIB or Other Superior Quality 1 kg Pouch,1,0.059329599999999996,0.857263,15,0.0667,0.6
W2,Salt Powdered (NATIONAL/SHAN) 800 gm Packet,Wheat Flour Bag,0,-0.0699235294117647,0.134032,17,0.0,0.6
W2,Shirting (Average Quality),Sufi Washing Soap 250 gm Cake,0,0.04013117647058823,0.39859,17,0.0,0.6
W2,Shirting (Average Quality),Sugar Refined,1,0.07197594117647059,0.751515,17,0.0588,0.6
W2,Shirting (Average Quality),Tea Lipton Yellow Label 190 gm Packet,0,-0.06010494117647059,0.0,17,0.0,0.6
W2,Shirting (Average Quality),Tea Prepared Ordinary,1,0.058823529411764705,1.0,17,0.0588,0.6
W2,Shirting (Average Quality),Telephone Call Charges,0,0.0,0.0,17,0.0,0.6
W2,Shirting (Average Quality),Toilet Soap LIFEBUOY 115 gm,0,-0.008825882352941176,0.215473,17,0.0,0.6
W2,Shirting (Average Quality),Tomatoes,0,-0.0911360588235294,0.27134,17,0.0,0.6
W2,Shirting (Average Quality),Vegetable Ghee DALDA/HABIB 2.5 kg Tin,0,0.04236158823529412,0.25162,17,0.0,0.6
W2,Shirting (Average Quality),Vegetable Ghee DALDA/HABIB or Other Superior Quality 1 kg Pouch,0,0.04618733333333334,0.202879,15,0.0,0.6
W2,Shirting (Average Quality),Wheat Flour Bag,0,-0.3557007058823529,0.157722,17,0.0,0.6
W2,Sufi Washing Soap 250 gm Cake,Sugar Refined,0,0.12840476470588236,0.522507,17,0.0,0.6
W2,Sufi Washing Soap 250 gm Cake,Tea Lipton Yellow Label 190 gm Packet,0,-0.008618823529411766,0.0,17,0.0,0.6
W2,Sufi Washing Soap 250 gm Cake,Tea Prepared Ordinary,0,0.020348705882352942,0.345928,17,0.0,0.6
W2,Sufi Washing Soap 250 gm Cake,Telephone Call Charges,0,0.0,0.0,17,0.0,0.6
W2,Sufi Washing Soap 250 gm Cake,Toilet Soap LIFEBUOY 115 gm,1,-0.0015301176470588257,0.814244,17,0.0588,0.6
W2,Sufi Washing Soap 250 gm Cake,Tomatoes,0,-0.001851235294117642,0.3582,17,0.0,0.6
W2,Sufi Washing Soap 250 gm Cake,Vegetable Ghee DALDA/HABIB 2.5 kg Tin,5,0.23713294117647057,0.917328,17,0.2941,0.6
W2,Sufi Washing Soap 250 gm Cake,Vegetable Ghee DALDA/HABIB or Other Superior Quality 1 kg Pouch,2,0.152276,0.821696,15,0.1333,0.6
W2,Sufi Washing Soap 250 gm Cake,Wheat Flour Bag,0,-0.0666744705882353,0.040291,17,0.0,0.6
W2,Sugar Refined,Tea Lipton Yellow Label 190 gm Packet,0,-0.3687915882352941,0.0,17,0.0,0.6
W2,Sugar Refined,Tea Prepared Ordinary,2,0.09373952941176471,0.840474,17,0.1176,0.6
W2,Sugar Refined,Telephone Call Charges,0,0.0,0.0,17,0.0,0.6
W2,Sugar Refined,Toilet Soap LIFEBUOY 115 gm,5,0.08797035294117649,0.78687,17,0.2941,0.6
W2,Sugar Refined,Tomatoes,0,-0.4700449411764706,-0.22504,17,0.0,0.6
W2,Sugar Refined,Vegetable Ghee DALDA/HABIB 2.5 kg Tin,0,0.2611701764705882,0.565391,17,0.0,0.6
W2,Sugar Refined,Vegetable Ghee DALDA/HABIB or Other Superior Quality 1 kg Pouch,0,0.14209353333333336,0.546517,15,0.0,0.6
W2,Sugar Refined,Wheat Flour Bag,0,-0.006276352941176472,0.210721,17,0.0,0.6
W2,Tea Lipton Yellow Label 190 gm Packet,Tea Prepared Ordinary,0,-0.03366558823529412,0.0,17,0.0,0.6
W2,Tea Lipton Yellow Label 190 gm Packet,Telephone Call Charges,0,0.0,0.0,17,0.0,0.6
W2,Tea Lipton Yellow Label 190 gm Packet,Toilet Soap LIFEBUOY 115 gm,2,-0.03446023529411765,1.0,17,0.1176,0.6
W2,Tea Lipton Yellow Label 190 gm Packet,Tomatoes,0,0.2554521764705882,0.510794,17,0.0,0.6
W2,Tea Lipton Yellow Label 190 gm Packet,Vegetable Ghee DALDA/HABIB 2.5 kg Tin,0,-0.026511882352941173,0.233216,17,0.0,0.6
W2,Tea Lipton Yellow Label 190 gm Packet,Vegetable Ghee DALDA/HABIB or Other Superior Quality 1 kg Pouch,0,-0.046025,0.092776,15,0.0,0.6
W2,Tea Lipton Yellow Label 190 gm Packet,Wheat Flour Bag,0,0.01846129411764706,0.123708,17,0.0,0.6
W2,Tea Prepared Ordinary,Telephone Call Charges,0,0.0,0.0,17,0.0,0.6
W2,Tea Prepared Ordinary,Toilet Soap LIFEBUOY 115 gm,1,0.09247135294117648,0.930477,17,0.0588,0.6
W2,Tea Prepared Ordinary,Tomatoes,0,-0.037218117647058825,0.317277,17,0.0,0.6
W2,Tea Prepared Ordinary,Vegetable Ghee DALDA/HABIB 2.5 kg Tin,2,0.11348123529411765,0.71668,17,0.1176,0.6
W2,Tea Prepared Ordinary,Vegetable Ghee DALDA/HABIB or Other Superior Quality 1 kg Pouch,1,0.1203888,0.92249,15,0.0667,0.6
W2,Tea Prepared Ordinary,Wheat Flour Bag,0,-0.04141476470588236,0.157722,17,0.0,0.6
W2,Telephone Call Charges,Toilet Soap LIFEBUOY 115 gm,0,0.0,0.0,17,0.0,0.6
W2,Telephone Call Charges,Tomatoes,0,0.0,0.0,17,0.0,0.6
W2,Telephone Call Charges,Vegetable Ghee DALDA/HABIB 2.5 kg Tin,0,0.0,0.0,17,0.0,0.6
W2,Telephone Call Charges,Vegetable Ghee DALDA/HABIB or Other Superior Quality 1 kg Pouch,0,0.0,0.0,15,0.0,0.6
W2,Telephone Call Charges,Wheat Flour Bag,0,0.0,0.0,17,0.0,0.6
W2,Toilet Soap LIFEBUOY 115 gm,Tomatoes,0,-0.03755541176470588,0.472411,17,0.0,0.6
W2,Toilet Soap LIFEBUOY 115 gm,Vegetable Ghee DALDA/HABIB 2.5 kg Tin,0,-0.19513458823529412,0.578369,17,0.0,0.6
W2,Toilet Soap LIFEBUOY 115 gm,Vegetable Ghee DALDA/HABIB or Other Superior Quality 1 kg Pouch,0,-0.1477526666666667,0.225005,15,0.0,0.6
W2,Toilet Soap LIFEBUOY 115 gm,Wheat Flour Bag,0,-0.014605588235294118,0.072719,17,0.0,0.6
W2,Tomatoes,Vegetable Ghee DALDA/HABIB 2.5 kg Tin,0,-0.08394982352941176,0.422157,17,0.0,0.6
W2,Tomatoes,Vegetable Ghee DALDA/HABIB or Other Superior Quality 1 kg Pouch,0,-0.02602413333333333,0.303315,15,0.0,0.6
W2,Tomatoes,Wheat Flour Bag,1,0.40458782352941175,0.600813,17,0.0588,0.6
W2,Vegetable Ghee DALDA/HABIB 2.5 kg Tin,Vegetable Ghee DALDA/HABIB or Other Superior Quality 1 kg Pouch,14,0.8237217333333333,0.980281,15,0.9333,0.6
W2,Vegetable Ghee DALDA/HABIB 2.5 kg Tin,Wheat Flour Bag,0,-0.0811505294117647,0.313816,17,0.0,0.6
W2,Vegetable Ghee DALDA/HABIB or Other Superior Quality 1 kg Pouch,Wheat Flour Bag,0,-0.1195396,0.151636,15,0.0,0.6
W3,Bananas (Kela) Local,Beef with Bone (Average Quality),0,-0.08687770588235295,0.29762,17,0.0,0.6
W3,Bananas (Kela) Local,Bread plain (Small Size),0,-0.20856217647058825,0.099975,17,0.0,0.6
W3,Bananas (Kela) Local,Chicken Farm Broiler (Live),1,0.05202111764705882,0.629925,17,0.0588,0.6
W3,Bananas (Kela) Local,Chilies Powder NATIONAL 200 gm Packet,1,0.14223164705882352,0.766352,17,0.0588,0.6
W3,Bananas (Kela) Local,Cigarettes Capstan 20'S Packet,1,-0.009113235294117656,0.798002,17,0.0588,0.6
W3,Bananas (Kela) Local,Cooked Beef at Average Hotel,1,0.015308647058823526,0.869664,17,0.0588,0.6
W3,Bananas (Kela) Local,Cooked Daal at Average Hotel,1,0.026389176470588235,0.869664,17,0.0588,0.6
W3,Bananas (Kela) Local,"Cooking Oil DALDA or Other Similar Brand (SN), 5 Litre Tin",0,-0.056050375,0.222606,16,0.0,0.6
W3,Bananas (Kela) Local,Curd (Dahi) Loose,1,-0.048315647058823526,0.843553,17,0.0588,0.6
W3,Bananas (Kela) Local,Eggs Hen (Farm),0,-0.3815911764705882,0.105533,17,0.0,0.6
W3,Bananas (Kela) Local,Electricity Charges upto 50 Units,2,0.33924376470588236,0.764391,17,0.1176,0.6
W3,Bananas (Kela) Local,Energy Saver Philips 14 Watt,0,-0.054342176470588234,0.059948,17,0.0,0.6
W3,Bananas (Kela) Local,Firewood Whole,0,0.06548635294117648,0.520685,17,0.0,0.6
W3,Bananas (Kela) Local,Garlic (Lehsun),2,0.369747,0.787752,17,0.1176,0.6
W3,Bananas (Kela) Local,Gas Charges upto 3.3719 MMBTU,0,-0.17444300000000001,0.267329,15,0.0,0.6
W3,Bananas (Kela) Local,Gents Sandal Bata,0,0.0,0.0,17,0.0,0.6
W3,Bananas (Kela) Local,Gents Sponge Chappal Bata,0,0.0,0.0,17,0.0,0.6
W3,Bananas (Kela) Local,Georgette (Average Quality),0,-0.024687705882352938,0.40382,17,0.0,0.6
W3,Bananas (Kela) Local,Gur (Average Quality),0,-0.24997441176470592,0.120033,17,0.0,0.6
W3,Bananas (Kela) Local,Hi-Speed Diesel,0,0.22563529411764705,0.457213,17,0.0,0.6
W3,Bananas (Kela) Local,LPG 11.67 kg Cylinder,0,0.11941517647058823,0.355638,17,0.0,0.6
W3,Bananas (Kela) Local,Ladies Sandal Bata,0,0.0,0.0,17,0.0,0.6
W3,Bananas (Kela) Local,Lawn Printed Gul Ahmed/Al Karam,0,-0.13306023529411765,0.466902,17,0.0,0.6
W3,Bananas (Kela) Local,"Long Cloth 57"" Gul Ahmed/Al Karam",1,-0.06204935294117647,0.749362,17,0.0588,0.6
W3,Bananas (Kela) Local,Match Box,0,0.0,0.0,17,0.0,0.6
W3,Bananas (Kela) Local,Milk fresh (Un-boiled),0,-0.089,0.046908,17,0.0,0.6
W3,Bananas (Kela) Local,Mustard Oil (Average Quality),3,0.20024158823529414,0.766833,17,0.1765,0.6
W3,Bananas (Kela) Local,Mutton (Average Quality),0,0.1154610588235294,0.466902,17,0.0,0.6
W3,Bananas (Kela) Local,Onions,0,-0.16325288235294116,0.120537,17,0.0,0.6
W3,Bananas (Kela) Local,Petrol Super,0,0.03908323529411765,0.597334,17,0.0,0.6
W3,Bananas (Kela) Local,Potatoes,0,-0.16238323529411763,0.306954,17,0.0,0.6
W3,Bananas (Kela) Local,Powdered Milk NIDO 390 gm Polybag,0,-0.12787188235294117,0.230304,17,0.0,0.6
W3,Bananas (Kela) Local,Pulse Gram,0,0.01231470588235294,0.452212,17,0.0,0.6
W3,Bananas (Kela) Local,Pulse Mash (Washed),8,0.3853755882352941,0.854743,17,0.4706,0.6
W3,Bananas (Kela) Local,Pulse Masoor (Washed),0,-0.19440247058823532,0.36609,17,0.0,0.6
W3,Bananas (Kela) Local,Pulse Moong (Washed),0,0.17727229411764706,0.55629,17,0.0,0.6
W3,Bananas (Kela) Local,Rice Basmati Broken (Average Quality),0,-0.14424129411764705,0.155118,17,0.0,0.6
W3,Bananas (Kela) Local,Rice IRRI-6/9 (Sindh/Punjab),0,-0.1967509285714286,0.415415,14,0.0,0.6
W3,Bananas (Kela) Local,Salt Powdered (NATIONAL/SHAN) 800 gm Packet,0,-0.24607852941176467,0.091885,17,0.0,0.6
W3,Bananas (Kela) Local,Shirting (Average Quality),1,0.03520364705882353,0.670865,17,0.0588,0.6
W3,Bananas (Kela) Local,Sufi Washing Soap 250 gm Cake,0,-0.037719,0.030635,17,0.0,0.6
W3,Bananas (Kela) Local,Sugar Refined,0,-0.13289211764705883,0.172887,17,0.0,0.6
W3,Bananas (Kela) Local,Tea Lipton Yellow Label 190 gm Packet,0,0.02161135294117647,0.263325,17,0.0,0.6
W3,Bananas (Kela) Local,Tea Prepared Ordinary,0,-0.021749117647058825,0.34413,17,0.0,0.6
W3,Bananas (Kela) Local,Telephone Call Charges,0,0.0,0.0,17,0.0,0.6
W3,Bananas (Kela) Local,Toilet Soap LIFEBUOY 115 gm,0,-0.16453917647058822,0.102152,17,0.0,0.6
W3,Bananas (Kela) Local,Tomatoes,0,-0.1769681764705882,0.134728,17,0.0,0.6
W3,Bananas (Kela) Local,Vegetable Ghee DALDA/HABIB 2.5 kg Tin,0,-0.06354241176470589,0.386841,17,0.0,0.6
W3,Bananas (Kela) Local,Vegetable Ghee DALDA/HABIB or Other Superior Quality 1 kg Pouch,0,-0.043176692307692305,0.227838,13,0.0,0.6
W3,Bananas (Kela) Local,Wheat Flour Bag,0,-0.1758705294117647,0.318467,17,0.0,0.6
W3,Beef with Bone (Average Quality),Bread plain (Small Size),0,-0.02004435294117647,0.509645,17,0.0,0.6
W3,Beef with Bone (Average Quality),Chicken Farm Broiler (Live),0,-0.1351496470588235,0.205856,17,0.0,0.6
W3,Beef with Bone (Average Quality),Chilies Powder NATIONAL 200 gm Packet,0,0.11354470588235295,0.4237,17,0.0,0.6
W3,Beef with Bone (Average Quality),Cigarettes Capstan 20'S Packet,1,0.17241599999999999,0.741424,17,0.0588,0.6
W3,Beef with Bone (Average Quality),Cooked Beef at Average Hotel,3,0.2072404705882353,0.817739,17,0.1765,0.6
W3,Beef with Bone (Average Quality),Cooked Daal at Average Hotel,0,0.05924829411764705,0.389194,17,0.0,0.6
W3,Beef with Bone (Average Quality),"Cooking Oil DALDA or Other Similar Brand (SN), 5 Litre Tin",1,0.0739673125,0.705478,16,0.0625,0.6
W3,Beef with Bone (Average Quality),Curd (Dahi) Loose,2,0.17078605882352943,0.914087,17,0.1176,0.6
W3,Beef with Bone (Average Quality),Eggs Hen (Farm),0,0.05976864705882353,0.490407,17,0.0,0.6
W3,Beef with Bone (Average Quality),Electricity Charges upto 50 Units,0,-0.1367414705882353,0.273859,17,0.0,0.6
W3,Beef with Bone (Average Quality),Energy Saver Philips 14 Watt,1,0.0768039411764706,0.834586,17,0.0588,0.6
W3,Beef with Bone (Average Quality),Firewood Whole,1,0.21387311764705882,0.700651,17,0.0588,0.6
W3,Beef with Bone (Average Quality),Garlic (Lehsun),0,-0.26014176470588235,0.525454,17,0.0,0.6
W3,Beef with Bone (Average Quality),Gas Charges upto 3.3719 MMBTU,1,0.127822,0.778648,15,0.0667,0.6
W3,Beef with Bone (Average Quality),Gents Sandal Bata,0,0.0,0.0,17,0.0,0.6
W3,Beef with Bone (Average Quality),Gents Sponge Chappal Bata,0,0.0,0.0,17,0.0,0.6
W3,Beef with Bone (Average Quality),Georgette (Average Quality),1,0.0631920588235294,0.721134,17,0.0588,0.6
W3,Beef with Bone (Average Quality),Gur (Average Quality),0,0.143204,0.456823,17,0.0,0.6
W3,Beef with Bone (Average Quality),Hi-Speed Diesel,0,0.06295635294117646,0.264437,17,0.0,0.6
W3,Beef with Bone (Average Quality),LPG 11.67 kg Cylinder,0,0.004110529411764707,0.397146,17,0.0,0.6
W3,Beef with Bone (Average Quality),Ladies Sandal Bata,0,0.0,0.0,17,0.0,0.6
W3,Beef with Bone (Average Quality),Lawn Printed Gul Ahmed/Al Karam,3,0.20139041176470587,0.904021,17,0.1765,0.6
W3,Beef with Bone (Average Quality),"Long Cloth 57"" Gul Ahmed/Al Karam",3,0.17841935294117645,0.901184,17,0.1765,0.6
W3,Beef with Bone (Average Quality),Match Box,0,0.0,0.0,17,0.0,0.6
W3,Beef with Bone (Average Quality),Milk fresh (Un-boiled),1,0.09729823529411764,0.766898,17,0.0588,0.6
W3,Beef with Bone (Average Quality),Mustard Oil (Average Quality),0,-0.09345388235294118,0.50149,17,0.0,0.6
W3,Beef with Bone (Average Quality),Mutton (Average Quality),6,0.45228558823529413,0.927822,17,0.3529,0.6
W3,Beef with Bone (Average Quality),Onions,0,0.03299976470588235,0.40108,17,0.0,0.6
W3,Beef with Bone (Average Quality),Petrol Super,0,-0.055987705882352946,0.075413,17,0.0,0.6
W3,Beef with Bone (Average Quality),Potatoes,0,-0.07902211764705883,0.336957,17,0.0,0.6
W3,Beef with Bone (Average Quality),Powdered Milk NIDO 390 gm Polybag,1,0.18712558823529413,0.953611,17,0.0588,0.6
W3,Beef with Bone (Average Quality),Pulse Gram,0,-0.11338247058823529,0.369688,17,0.0,0.6
W3,Beef with Bone (Average Quality),Pulse Mash (Washed),0,0.012828058823529416,0.552657,17,0.0,0.6
W3,Beef with Bone (Average Quality),Pulse Masoor (Washed),0,-0.19630076470588234,0.0,17,0.0,0.6
W3,Beef with Bone (Average Quality),Pulse Moong (Washed),1,0.05230200000000001,0.837363,17,0.0588,0.6
W3,Beef with Bone (Average Quality),Rice Basmati Broken (Average Quality),1,0.010193117647058826,0.766735,17,0.0588,0.6
W3,Beef with Bone (Average Quality),Rice IRRI-6/9 (Sindh/Punjab),0,-0.07298985714285713,0.350911,14,0.0,0.6
W3,Beef with Bone (Average Quality),Salt Powdered (NATIONAL/SHAN) 800 gm Packet,0,-0.18177141176470588,0.347728,17,0.0,0.6
W3,Beef with Bone (Average Quality),Shirting (Average Quality),2,0.10980888235294117,0.888569,17,0.1176,0.6
W3,Beef with Bone (Average Quality),Sufi Washing Soap 250 gm Cake,1,0.07193276470588236,0.849923,17,0.0588,0.6
W3,Beef with Bone (Average Quality),Sugar Refined,0,0.060509470588235297,0.327192,17,0.0,0.6
W3,Beef with Bone (Average Quality),Tea Lipton Yellow Label 190 gm Packet,0,-0.08541552941176471,0.0,17,0.0,0.6
W3,Beef with Bone (Average Quality),Tea Prepared Ordinary,0,0.031156294117647056,0.392183,17,0.0,0.6
W3,Beef with Bone (Average Quality),Telephone Call Charges,0,0.0,0.0,17,0.0,0.6
W3,Beef with Bone (Average Quality),Toilet Soap LIFEBUOY 115 gm,1,0.113586,0.701279,17,0.0588,0.6
W3,Beef with Bone (Average Quality),Tomatoes,0,-0.01723164705882353,0.372,17,0.0,0.6
W3,Beef with Bone (Average Quality),Vegetable Ghee DALDA/HABIB 2.5 kg Tin,1,0.015917588235294117,0.646581,17,0.0588,0.6
W3,Beef with Bone (Average Quality),Vegetable Ghee DALDA/HABIB or Other Superior Quality 1 kg Pouch,1,0.05931676923076923,0.642448,13,0.0769,0.6
W3,Beef with Bone (Average Quality),Wheat Flour Bag,1,0.029781470588235295,0.628593,17,0.0588,0.6
W3,Bread plain (Small Size),Chicken Farm Broiler (Live),0,-0.004071588235294118,0.274209,17,0.0,0.6
W3,Bread plain (Small Size),Chilies Powder NATIONAL 200 gm Packet,0,0.03450147058823529,0.586525,17,0.0,0.6
W3,Bread plain (Small Size),Cigarettes Capstan 20'S Packet,0,0.06269505882352942,0.481567,17,0.0,0.6
W3,Bread plain (Small Size),Cooked Beef at Average Hotel,1,0.04507411764705882,0.684495,17,0.0588,0.6
W3,Bread plain (Small Size),Cooked Daal at Average Hotel,0,0.015331117647058823,0.260629,17,0.0,0.6
W3,Bread plain (Small Size),"Cooking Oil DALDA or Other Similar Brand (SN), 5 Litre Tin",0,0.08978643750000001,0.404693,16,0.0,0.6
W3,Bread plain (Small Size),Curd (Dahi) Loose,0,0.0,0.0,17,0.0,0.6
W3,Bread plain (Small Size),Eggs Hen (Farm),0,0.009976705882352936,0.573517,17,0.0,0.6
W3,Bread plain (Small Size),Electricity Charges upto 50 Units,1,-0.031608823529411766,0.644629,17,0.0588,0.6
W3,Bread plain (Small Size),Energy Saver Philips 14 Watt,0,0.009864823529411764,0.167702,17,0.0,0.6
W3,Bread plain (Small Size),Firewood Whole,2,0.10415564705882352,0.71773,17,0.1176,0.6
W3,Bread plain (Small Size),Garlic (Lehsun),0,-0.11008364705882354,0.507329,17,0.0,0.6
W3,Bread plain (Small Size),Gas Charges upto 3.3719 MMBTU,0,0.0,0.0,15,0.0,0.6
W3,Bread plain (Small Size),Gents Sandal Bata,0,0.0,0.0,17,0.0,0.6
W3,Bread plain (Small Size),Gents Sponge Chappal Bata,0,0.0,0.0,17,0.0,0.6
W3,Bread plain (Small Size),Georgette (Average Quality),0,0.02405458823529412,0.408928,17,0.0,0.6
W3,Bread plain (Small Size),Gur (Average Quality),0,0.024793764705882355,0.408237,17,0.0,0.6
W3,Bread plain (Small Size),Hi-Speed Diesel,0,-0.0922595294117647,0.169997,17,0.0,0.6
W3,Bread plain (Small Size),LPG 11.67 kg Cylinder,0,0.0809309411764706,0.469226,17,0.0,0.6
W3,Bread plain (Small Size),Ladies Sandal Bata,0,0.0,0.0,17,0.0,0.6
W3,Bread plain (Small Size),Lawn Printed Gul Ahmed/Al Karam,0,0.009417647058823529,0.1601,17,0.0,0.6
W3,Bread plain (Small Size),"Long Cloth 57"" Gul Ahmed/Al Karam",0,-0.03217688235294118,0.1601,17,0.0,0.6
W3,Bread plain (Small Size),Match Box,0,0.0,0.0,17,0.0,0.6
W3,Bread plain (Small Size),Milk fresh (Un-boiled),0,0.003243058823529412,0.055132,17,0.0,0.6
W3,Bread plain (Small Size),Mustard Oil (Average Quality),1,0.025387999999999994,0.979606,17,0.0588,0.6
W3,Bread plain (Small Size),Mutton (Average Quality),0,-0.052291000000000004,0.1601,17,0.0,0.6
W3,Bread plain (Small Size),Onions,0,-0.004520058823529414,0.398329,17,0.0,0.6
W3,Bread plain (Small Size),Petrol Super,0,-0.042792176470588236,0.115884,17,0.0,0.6
W3,Bread plain (Small Size),Potatoes,0,-0.005288823529411768,0.265598,17,0.0,0.6
W3,Bread plain (Small Size),Powdered Milk NIDO 390 gm Polybag,1,0.11815576470588235,0.707107,17,0.0588,0.6
W3,Bread plain (Small Size),Pulse Gram,0,-0.13426476470588233,0.235673,17,0.0,0.6
W3,Bread plain (Small Size),Pulse Mash (Washed),0,-0.08913599999999999,0.497697,17,0.0,0.6
W3,Bread plain (Small Size),Pulse Masoor (Washed),0,-0.06549682352941177,0.435751,17,0.0,0.6
W3,Bread plain (Small Size),Pulse Moong (Washed),0,-0.060272470588235295,0.334334,17,0.0,0.6
W3,Bread plain (Small Size),Rice Basmati Broken (Average Quality),1,0.06743935294117648,0.782014,17,0.0588,0.6
W3,Bread plain (Small Size),Rice IRRI-6/9 (Sindh/Punjab),0,0.013586857142857142,0.49049,14,0.0,0.6
W3,Bread plain (Small Size),Salt Powdered (NATIONAL/SHAN) 800 gm Packet,1,0.06140411764705883,0.811084,17,0.0588,0.6
W3,Bread plain (Small Size),Shirting (Average Quality),0,0.03745911764705882,0.476705,17,0.0,0.6
W3,Bread plain (Small Size),Sufi Washing Soap 250 gm Cake,0,0.03258241176470588,0.305643,17,0.0,0.6
W3,Bread plain (Small Size),Sugar Refined,0,-0.011209529411764705,0.185515,17,0.0,0.6
W3,Bread plain (Small Size),Tea Lipton Yellow Label 190 gm Packet,0,0.0,0.0,17,0.0,0.6
W3,Bread plain (Small Size),Tea Prepared Ordinary,0,0.0,0.0,17,0.0,0.6
W3,Bread plain (Small Size),Telephone Call Charges,0,0.0,0.0,17,0.0,0.6
W3,Bread plain (Small Size),Toilet Soap LIFEBUOY 115 gm,0,0.03692041176470588,0.439001,17,0.0,0.6
W3,Bread plain (Small Size),Tomatoes,0,-0.014677529411764704,0.567075,17,0.0,0.6
W3,Bread plain (Small Size),Vegetable Ghee DALDA/HABIB 2.5 kg Tin,1,0.109609,0.657768,17,0.0588,0.6
W3,Bread plain (Small Size),Vegetable Ghee DALDA/HABIB or Other Superior Quality 1 kg Pouch,0,0.05575992307692308,0.525132,13,0.0,0.6
W3,Bread plain (Small Size),Wheat Flour Bag,2,0.06103047058823529,0.884754,17,0.1176,0.6
W3,Chicken Farm Broiler (Live),Chilies Powder NATIONAL 200 gm Packet,0,0.04779970588235294,0.339429,17,0.0,0.6
W3,Chicken Farm Broiler (Live),Cigarettes Capstan 20'S Packet,0,-0.09062929411764707,0.365931,17,0.0,0.6
W3,Chicken Farm Broiler (Live),Cooked Beef at Average Hotel,0,-0.07425023529411764,0.423277,17,0.0,0.6
W3,Chicken Farm Broiler (Live),Cooked Daal at Average Hotel,0,-0.08171564705882353,0.190216,17,0.0,0.6
W3,Chicken Farm Broiler (Live),"Cooking Oil DALDA or Other Similar Brand (SN), 5 Litre Tin",0,0.171980375,0.4677,16,0.0,0.6
W3,Chicken Farm Broiler (Live),Curd (Dahi) Loose,0,-0.10731811764705883,0.252588,17,0.0,0.6
W3,Chicken Farm Broiler (Live),Eggs Hen (Farm),0,0.4235683529411765,0.585296,17,0.0,0.6
W3,Chicken Farm Broiler (Live),Electricity Charges upto 50 Units,0,0.32084358823529413,0.400967,17,0.0,0.6
W3,Chicken Farm Broiler (Live),Energy Saver Philips 14 Watt,0,-0.01797523529411765,0.290736,17,0.0,0.6
W3,Chicken Farm Broiler (Live),Firewood Whole,0,0.019381176470588235,0.425294,17,0.0,0.6
W3,Chicken Farm Broiler (Live),Garlic (Lehsun),0,0.16304047058823531,0.524049,17,0.0,0.6
W3,Chicken Farm Broiler (Live),Gas Charges upto 3.3719 MMBTU,0,0.3350433333333333,0.400213,15,0.0,0.6
W3,Chicken Farm Broiler (Live),Gents Sandal Bata,0,0.0,0.0,17,0.0,0.6
W3,Chicken Farm Broiler (Live),Gents Sponge Chappal Bata,0,0.0,0.0,17,0.0,0.6
W3,Chicken Farm Broiler (Live),Georgette (Average Quality),0,-0.021503235294117646,0.298763,17,0.0,0.6
W3,Chicken Farm Broiler (Live),Gur (Average Quality),0,-0.3177567647058823,0.348268,17,0.0,0.6
W3,Chicken Farm Broiler (Live),Hi-Speed Diesel,0,-0.5022220588235294,-0.44672,17,0.0,0.6
W3,Chicken Farm Broiler (Live),LPG 11.67 kg Cylinder,0,-0.12069311764705881,0.378957,17,0.0,0.6
W3,Chicken Farm Broiler (Live),Ladies Sandal Bata,0,0.0,0.0,17,0.0,0.6
W3,Chicken Farm Broiler (Live),Lawn Printed Gul Ahmed/Al Karam,0,-0.14572794117647062,0.0,17,0.0,0.6
W3,Chicken Farm Broiler (Live),"Long Cloth 57"" Gul Ahmed/Al Karam",0,-0.15462776470588235,0.0,17,0.0,0.6
W3,Chicken Farm Broiler (Live),Match Box,0,0.0,0.0,17,0.0,0.6
W3,Chicken Farm Broiler (Live),Milk fresh (Un-boiled),0,-0.11081041176470588,0.192228,17,0.0,0.6
W3,Chicken Farm Broiler (Live),Mustard Oil (Average Quality),0,-0.03651623529411765,0.305224,17,0.0,0.6
W3,Chicken Farm Broiler (Live),Mutton (Average Quality),0,-0.2886022941176471,0.425947,17,0.0,0.6
W3,Chicken Farm Broiler (Live),Onions,0,-0.2023499411764706,0.179462,17,0.0,0.6
W3,Chicken Farm Broiler (Live),Petrol Super,0,-0.5876081764705882,-0.537901,17,0.0,0.6
W3,Chicken Farm Broiler (Live),Potatoes,0,-0.327102,0.21483,17,0.0,0.6
W3,Chicken Farm Broiler (Live),Powdered Milk NIDO 390 gm Polybag,0,-0.21858582352941175,0.231643,17,0.0,0.6
W3,Chicken Farm Broiler (Live),Pulse Gram,0,-0.0924749411764706,0.363435,17,0.0,0.6
W3,Chicken Farm Broiler (Live),Pulse Mash (Washed),0,-0.2063445294117647,0.210334,17,0.0,0.6
W3,Chicken Farm Broiler (Live),Pulse Masoor (Washed),0,-0.03866335294117647,0.267443,17,0.0,0.6
W3,Chicken Farm Broiler (Live),Pulse Moong (Washed),0,-0.1906276470588235,0.190545,17,0.0,0.6
W3,Chicken Farm Broiler (Live),Rice Basmati Broken (Average Quality),0,-0.22573882352941177,0.318794,17,0.0,0.6
W3,Chicken Farm Broiler (Live),Rice IRRI-6/9 (Sindh/Punjab),1,-0.08418192857142857,0.733266,14,0.0714,0.6
W3,Chicken Farm Broiler (Live),Salt Powdered (NATIONAL/SHAN) 800 gm Packet,0,-0.003308941176470592,0.319829,17,0.0,0.6
W3,Chicken Farm Broiler (Live),Shirting (Average Quality),0,-0.13831770588235295,0.139206,17,0.0,0.6
W3,Chicken Farm Broiler (Live),Sufi Washing Soap 250 gm Cake,0,-0.07842441176470588,0.0,17,0.0,0.6
W3,Chicken Farm Broiler (Live),Sugar Refined,0,-0.4591224705882353,-0.189564,17,0.0,0.6
W3,Chicken Farm Broiler (Live),Tea Lipton Yellow Label 190 gm Packet,0,0.050966058823529406,0.333706,17,0.0,0.6
W3,Chicken Farm Broiler (Live),Tea Prepared Ordinary,0,-0.004136588235294119,0.200266,17,0.0,0.6
W3,Chicken Farm Broiler (Live),Telephone Call Charges,0,0.0,0.0,17,0.0,0.6
W3,Chicken Farm Broiler (Live),Toilet Soap LIFEBUOY 115 gm,0,-0.022401235294117645,0.369759,17,0.0,0.6
W3,Chicken Farm Broiler (Live),Tomatoes,0,-0.4417106470588235,-0.234682,17,0.0,0.6
W3,Chicken Farm Broiler (Live),Vegetable Ghee DALDA/HABIB 2.5 kg Tin,0,0.15595658823529412,0.489512,17,0.0,0.6
W3,Chicken Farm Broiler (Live),Vegetable Ghee DALDA/HABIB or Other Superior Quality 1 kg Pouch,0,-0.049710076923076926,0.379748,13,0.0,0.6
W3,Chicken Farm Broiler (Live),Wheat Flour Bag,0,0.007240705882352938,0.380138,17,0.0,0.6
W3,Chilies Powder NATIONAL 200 gm Packet,Cigarettes Capstan 20'S Packet,0,0.04967188235294118,0.527674,17,0.0,0.6
W3,Chilies Powder NATIONAL 200 gm Packet,Cooked Beef at Average Hotel,0,0.0,0.0,17,0.0,0.6
W3,Chilies Powder NATIONAL 200 gm Packet,Cooked Daal at Average Hotel,0,0.0,0.0,17,0.0,0.6
W3,Chilies Powder NATIONAL 200 gm Packet,"Cooking Oil DALDA or Other Similar Brand (SN), 5 Litre Tin",1,0.2571995625,0.729214,16,0.0625,0.6
W3,Chilies Powder NATIONAL 200 gm Packet,Curd (Dahi) Loose,0,-0.04173747058823529,0.289292,17,0.0,0.6
W3,Chilies Powder NATIONAL 200 gm Packet,Eggs Hen (Farm),0,-0.1790228235294118,0.0,17,0.0,0.6
W3,Chilies Powder NATIONAL 200 gm Packet,Electricity Charges upto 50 Units,0,0.19193441176470588,0.371268,17,0.0,0.6
W3,Chilies Powder NATIONAL 200 gm Packet,Energy Saver Philips 14 Watt,0,0.0,0.0,17,0.0,0.6
W3,Chilies Powder NATIONAL 200 gm Packet,Firewood Whole,2,0.21679888235294117,0.889451,17,0.1176,0.6
W3,Chilies Powder NATIONAL 200 gm Packet,Garlic (Lehsun),0,0.09488429411764705,0.317109,17,0.0,0.6
W3,Chilies Powder NATIONAL 200 gm Packet,Gas Charges upto 3.3719 MMBTU,0,0.0,0.0,15,0.0,0.6
W3,Chilies Powder NATIONAL 200 gm Packet,Gents Sandal Bata,0,0.0,0.0,17,0.0,0.6
W3,Chilies Powder NATIONAL 200 gm Packet,Gents Sponge Chappal Bata,0,0.0,0.0,17,0.0,0.6
W3,Chilies Powder NATIONAL 200 gm Packet,Georgette (Average Quality),1,0.0644315294117647,0.601769,17,0.0588,0.6
W3,Chilies Powder NATIONAL 200 gm Packet,Gur (Average Quality),0,-0.2395784117647059,0.073034,17,0.0,0.6
W3,Chilies Powder NATIONAL 200 gm Packet,Hi-Speed Diesel,0,-0.24147076470588236,0.474793,17,0.0,0.6
W3,Chilies Powder NATIONAL 200 gm Packet,LPG 11.67 kg Cylinder,1,0.2031470588235294,0.643708,17,0.0588,0.6
W3,Chilies Powder NATIONAL 200 gm Packet,Ladies Sandal Bata,0,0.0,0.0,17,0.0,0.6
W3,Chilies Powder NATIONAL 200 gm Packet,Lawn Printed Gul Ahmed/Al Karam,0,0.0,0.0,17,0.0,0.6
W3,Chilies Powder NATIONAL 200 gm Packet,"Long Cloth 57"" Gul Ahmed/Al Karam",0,0.0,0.0,17,0.0,0.6
W3,Chilies Powder NATIONAL 200 gm Packet,Match Box,0,0.0,0.0,17,0.0,0.6
W3,Chilies Powder NATIONAL 200 gm Packet,Milk fresh (Un-boiled),0,0.024402764705882353,0.414847,17,0.0,0.6
W3,Chilies Powder NATIONAL 200 gm Packet,Mustard Oil (Average Quality),3,0.14333694117647058,0.902389,17,0.1765,0.6
W3,Chilies Powder NATIONAL 200 gm Packet,Mutton (Average Quality),1,0.1106490588235294,0.733923,17,0.0588,0.6
W3,Chilies Powder NATIONAL 200 gm Packet,Onions,0,-0.3233165882352941,0.169813,17,0.0,0.6
W3,Chilies Powder NATIONAL 200 gm Packet,Petrol Super,0,-0.30652429411764703,0.172487,17,0.0,0.6
W3,Chilies Powder NATIONAL 200 gm Packet,Potatoes,0,-0.4343330588235294,0.0,17,0.0,0.6
W3,Chilies Powder NATIONAL 200 gm Packet,Powdered Milk NIDO 390 gm Polybag,1,0.08570117647058824,0.606373,17,0.0588,0.6
W3,Chilies Powder NATIONAL 200 gm Packet,Pulse Gram,0,-0.36015270588235293,0.307531,17,0.0,0.6
W3,Chilies Powder NATIONAL 200 gm Packet,Pulse Mash (Washed),1,-0.013967352941176472,0.761126,17,0.0588,0.6
W3,Chilies Powder NATIONAL 200 gm Packet,Pulse Masoor (Washed),0,-0.4191530588235294,0.0,17,0.0,0.6
W3,Chilies Powder NATIONAL 200 gm Packet,Pulse Moong (Washed),0,0.06750411764705883,0.551007,17,0.0,0.6
W3,Chilies Powder NATIONAL 200 gm Packet,Rice Basmati Broken (Average Quality),0,0.005617470588235294,0.480597,17,0.0,0.6
W3,Chilies Powder NATIONAL 200 gm Packet,Rice IRRI-6/9 (Sindh/Punjab),1,-0.03314285714285714,0.78729,14,0.0714,0.6
W3,Chilies Powder NATIONAL 200 gm Packet,Salt Powdered (NATIONAL/SHAN) 800 gm Packet,0,-0.31412835294117647,0.131971,17,0.0,0.6
W3,Chilies Powder NATIONAL 200 gm Packet,Shirting (Average Quality),1,0.08103094117647058,0.819606,17,0.0588,0.6
W3,Chilies Powder NATIONAL 200 gm Packet,Sufi Washing Soap 250 gm Cake,0,0.04545070588235294,0.487827,17,0.0,0.6
W3,Chilies Powder NATIONAL 200 gm Packet,Sugar Refined,0,-0.4102674705882353,0.05958,17,0.0,0.6
W3,Chilies Powder NATIONAL 200 gm Packet,Tea Lipton Yellow Label 190 gm Packet,0,-0.006461647058823529,0.0,17,0.0,0.6
W3,Chilies Powder NATIONAL 200 gm Packet,Tea Prepared Ordinary,0,0.01247670588235294,0.212104,17,0.0,0.6
W3,Chilies Powder NATIONAL 200 gm Packet,Telephone Call Charges,0,0.0,0.0,17,0.0,0.6
W3,Chilies Powder NATIONAL 200 gm Packet,Toilet Soap LIFEBUOY 115 gm,0,0.0657515294117647,0.471597,17,0.0,0.6
W3,Chilies Powder NATIONAL 200 gm Packet,Tomatoes,0,-0.0360954705882353,0.28148,17,0.0,0.6
W3,Chilies Powder NATIONAL 200 gm Packet,Vegetable Ghee DALDA/HABIB 2.5 kg Tin,4,0.2698963529411764,0.681728,17,0.2353,0.6
W3,Chilies Powder NATIONAL 200 gm Packet,Vegetable Ghee DALDA/HABIB or Other Superior Quality 1 kg Pouch,0,0.11389423076923078,0.379149,13,0.0,0.6
W3,Chilies Powder NATIONAL 200 gm Packet,Wheat Flour Bag,0,0.12946964705882352,0.508807,17,0.0,0.6
W3,Cigarettes Capstan 20'S Packet,Cooked Beef at Average Hotel,2,0.13517870588235295,0.976886,17,0.1176,0.6
W3,Cigarettes Capstan 20'S Packet,Cooked Daal at Average Hotel,1,0.05897005882352941,0.989974,17,0.0588,0.6
W3,Cigarettes Capstan 20'S Packet,"Cooking Oil DALDA or Other Similar Brand (SN), 5 Litre Tin",1,-0.06673675,0.742124,16,0.0625,0.6
W3,Cigarettes Capstan 20'S Packet,Curd (Dahi) Loose,1,0.06415241176470587,0.833983,17,0.0588,0.6
W3,Cigarettes Capstan 20'S Packet,Eggs Hen (Farm),0,-0.0949065294117647,0.470778,17,0.0,0.6
W3,Cigarettes Capstan 20'S Packet,Electricity Charges upto 50 Units,0,-0.0028110588235294052,0.564717,17,0.0,0.6
W3,Cigarettes Capstan 20'S Packet,Energy Saver Philips 14 Watt,0,0.030568176470588234,0.519659,17,0.0,0.6
W3,Cigarettes Capstan 20'S Packet,Firewood Whole,1,0.1318745294117647,0.839402,17,0.0588,0.6
W3,Cigarettes Capstan 20'S Packet,Garlic (Lehsun),0,-0.17331629411764707,0.288713,17,0.0,0.6
W3,Cigarettes Capstan 20'S Packet,Gas Charges upto 3.3719 MMBTU,2,0.12651993333333333,0.999247,15,0.1333,0.6
W3,Cigarettes Capstan 20'S Packet,Gents Sandal Bata,0,0.0,0.0,17,0.0,0.6
W3,Cigarettes Capstan 20'S Packet,Gents Sponge Chappal Bata,0,0.0,0.0,17,0.0,0.6
W3,Cigarettes Capstan 20'S Packet,Georgette (Average Quality),0,0.02598129411764706,0.418808,17,0.0,0.6
W3,Cigarettes Capstan 20'S Packet,Gur (Average Quality),0,0.023031000000000003,0.484369,17,0.0,0.6
W3,Cigarettes Capstan 20'S Packet,Hi-Speed Diesel,0,0.04636211764705883,0.453733,17,0.0,0.6
W3,Cigarettes Capstan 20'S Packet,LPG 11.67 kg Cylinder,1,0.03793188235294118,0.775518,17,0.0588,0.6
W3,Cigarettes Capstan 20'S Packet,Ladies Sandal Bata,0,0.0,0.0,17,0.0,0.6
W3,Cigarettes Capstan 20'S Packet,Lawn Printed Gul Ahmed/Al Karam,3,0.1352004705882353,0.950477,17,0.1765,0.6
W3,Cigarettes Capstan 20'S Packet,"Long Cloth 57"" Gul Ahmed/Al Karam",1,0.09430335294117646,0.618862,17,0.0588,0.6
W3,Cigarettes Capstan 20'S Packet,Match Box,0,0.0,0.0,17,0.0,0.6
W3,Cigarettes Capstan 20'S Packet,Milk fresh (Un-boiled),0,0.009405,0.106249,17,0.0,0.6
W3,Cigarettes Capstan 20'S Packet,Mustard Oil (Average Quality),0,-0.07064476470588235,0.580783,17,0.0,0.6
W3,Cigarettes Capstan 20'S Packet,Mutton (Average Quality),4,0.27108482352941177,0.874573,17,0.2353,0.6
W3,Cigarettes Capstan 20'S Packet,Onions,0,-0.09031894117647057,0.418963,17,0.0,0.6
W3,Cigarettes Capstan 20'S Packet,Petrol Super,0,-0.01674735294117647,0.598452,17,0.0,0.6
W3,Cigarettes Capstan 20'S Packet,Potatoes,0,-0.058442,0.489455,17,0.0,0.6
W3,Cigarettes Capstan 20'S Packet,Powdered Milk NIDO 390 gm Polybag,2,0.16832976470588235,0.833238,17,0.1176,0.6
W3,Cigarettes Capstan 20'S Packet,Pulse Gram,0,-0.08044505882352941,0.293669,17,0.0,0.6
W3,Cigarettes Capstan 20'S Packet,Pulse Mash (Washed),1,0.055842647058823525,0.693123,17,0.0588,0.6
W3,Cigarettes Capstan 20'S Packet,Pulse Masoor (Washed),0,-0.13356552941176472,0.325605,17,0.0,0.6
W3,Cigarettes Capstan 20'S Packet,Pulse Moong (Washed),1,0.044654411764705894,0.65817,17,0.0588,0.6
W3,Cigarettes Capstan 20'S Packet,Rice Basmati Broken (Average Quality),1,0.04450717647058823,0.688894,17,0.0588,0.6
W3,Cigarettes Capstan 20'S Packet,Rice IRRI-6/9 (Sindh/Punjab),1,0.02620835714285714,0.618277,14,0.0714,0.6
W3,Cigarettes Capstan 20'S Packet,Salt Powdered (NATIONAL/SHAN) 800 gm Packet,0,-0.07053635294117647,0.190484,17,0.0,0.6
W3,Cigarettes Capstan 20'S Packet,Shirting (Average Quality),1,0.05373058823529412,0.618862,17,0.0588,0.6
W3,Cigarettes Capstan 20'S Packet,Sufi Washing Soap 250 gm Cake,0,0.008702000000000001,0.147934,17,0.0,0.6
W3,Cigarettes Capstan 20'S Packet,Sugar Refined,0,-0.06401329411764706,0.424524,17,0.0,0.6
W3,Cigarettes Capstan 20'S Packet,Tea Lipton Yellow Label 190 gm Packet,0,-0.058823529411764705,0.0,17,0.0,0.6
W3,Cigarettes Capstan 20'S Packet,Tea Prepared Ordinary,2,0.09614547058823529,0.90311,17,0.1176,0.6
W3,Cigarettes Capstan 20'S Packet,Telephone Call Charges,0,0.0,0.0,17,0.0,0.6
W3,Cigarettes Capstan 20'S Packet,Toilet Soap LIFEBUOY 115 gm,0,0.02429758823529412,0.281569,17,0.0,0.6
W3,Cigarettes Capstan 20'S Packet,Tomatoes,0,0.01165341176470588,0.559221,17,0.0,0.6
W3,Cigarettes Capstan 20'S Packet,Vegetable Ghee DALDA/HABIB 2.5 kg Tin,1,-0.04147570588235294,0.761919,17,0.0588,0.6
W3,Cigarettes Capstan 20'S Packet,Vegetable Ghee DALDA/HABIB or Other Superior Quality 1 kg Pouch,0,-0.04255592307692307,0.502546,13,0.0,0.6
W3,Cigarettes Capstan 20'S Packet,Wheat Flour Bag,0,-0.05014758823529412,0.319702,17,0.0,0.6
W3,Cooked Beef at Average Hotel,Cooked Daal at Average Hotel,1,0.15081905882352942,1.0,17,0.0588,0.6
W3,Cooked Beef at Average Hotel,"Cooking Oil DALDA or Other Similar Brand (SN), 5 Litre Tin",0,-0.05226962499999999,0.258734,16,0.0,0.6
W3,Cooked Beef at Average Hotel,Curd (Dahi) Loose,0,0.07728329411764705,0.465402,17,0.0,0.6
W3,Cooked Beef at Average Hotel,Eggs Hen (Farm),0,0.022938882352941184,0.346855,17,0.0,0.6
W3,Cooked Beef at Average Hotel,Electricity Charges upto 50 Units,0,-0.10393435294117648,0.327227,17,0.0,0.6
W3,Cooked Beef at Average Hotel,Energy Saver Philips 14 Watt,0,0.0,0.0,17,0.0,0.6
W3,Cooked Beef at Average Hotel,Firewood Whole,0,0.026011647058823528,0.346992,17,0.0,0.6
W3,Cooked Beef at Average Hotel,Garlic (Lehsun),0,-0.09255035294117647,0.36045,17,0.0,0.6
W3,Cooked Beef at Average Hotel,Gas Charges upto 3.3719 MMBTU,2,0.13637106666666668,0.95384,15,0.1333,0.6
W3,Cooked Beef at Average Hotel,Gents Sandal Bata,0,0.0,0.0,17,0.0,0.6
W3,Cooked Beef at Average Hotel,Gents Sponge Chappal Bata,0,0.0,0.0,17,0.0,0.6
W3,Cooked Beef at Average Hotel,Georgette (Average Quality),0,0.024173411764705884,0.374499,17,0.0,0.6
W3,Cooked Beef at Average Hotel,Gur (Average Quality),0,0.1100564705882353,0.572851,17,0.0,0.6
W3,Cooked Beef at Average Hotel,Hi-Speed Diesel,0,0.03954694117647058,0.4729,17,0.0,0.6
W3,Cooked Beef at Average Hotel,LPG 11.67 kg Cylinder,0,-0.02383605882352941,0.315446,17,0.0,0.6
W3,Cooked Beef at Average Hotel,Ladies Sandal Bata,0,0.0,0.0,17,0.0,0.6
W3,Cooked Beef at Average Hotel,Lawn Printed Gul Ahmed/Al Karam,2,0.11333858823529411,0.988729,17,0.1176,0.6
W3,Cooked Beef at Average Hotel,"Long Cloth 57"" Gul Ahmed/Al Karam",2,0.11709411764705882,0.715903,17,0.1176,0.6
W3,Cooked Beef at Average Hotel,Match Box,0,0.0,0.0,17,0.0,0.6
W3,Cooked Beef at Average Hotel,Milk fresh (Un-boiled),1,0.08600541176470589,0.926539,17,0.0588,0.6
W3,Cooked Beef at Average Hotel,Mustard Oil (Average Quality),0,0.10940417647058824,0.590312,17,0.0,0.6
W3,Cooked Beef at Average Hotel,Mutton (Average Quality),2,0.2349385294117647,0.946563,17,0.1176,0.6
W3,Cooked Beef at Average Hotel,Onions,0,0.012966058823529412,0.538039,17,0.0,0.6
W3,Cooked Beef at Average Hotel,Petrol Super,0,-0.01324129411764706,0.144558,17,0.0,0.6
W3,Cooked Beef at Average Hotel,Potatoes,0,-0.009828117647058822,0.151824,17,0.0,0.6
W3,Cooked Beef at Average Hotel,Powdered Milk NIDO 390 gm Polybag,0,0.06229952941176471,0.51042,17,0.0,0.6
W3,Cooked Beef at Average Hotel,Pulse Gram,0,-0.04546135294117647,0.310105,17,0.0,0.6
W3,Cooked Beef at Average Hotel,Pulse Mash (Washed),1,0.039094882352941174,0.886971,17,0.0588,0.6
W3,Cooked Beef at Average Hotel,Pulse Masoor (Washed),0,-0.03280476470588236,0.233788,17,0.0,0.6
W3,Cooked Beef at Average Hotel,Pulse Moong (Washed),0,0.010239176470588238,0.291211,17,0.0,0.6
W3,Cooked Beef at Average Hotel,Rice Basmati Broken (Average Quality),0,0.04210594117647059,0.442529,17,0.0,0.6
W3,Cooked Beef at Average Hotel,Rice IRRI-6/9 (Sindh/Punjab),0,-0.034878928571428575,0.449898,14,0.0,0.6
W3,Cooked Beef at Average Hotel,Salt Powdered (NATIONAL/SHAN) 800 gm Packet,0,0.024284764705882353,0.412841,17,0.0,0.6
W3,Cooked Beef at Average Hotel,Shirting (Average Quality),0,0.03836847058823529,0.569623,17,0.0,0.6
W3,Cooked Beef at Average Hotel,Sufi Washing Soap 250 gm Cake,0,0.00903870588235294,0.153658,17,0.0,0.6
W3,Cooked Beef at Average Hotel,Sugar Refined,0,0.04675505882352941,0.35313,17,0.0,0.6
W3,Cooked Beef at Average Hotel,Tea Lipton Yellow Label 190 gm Packet,0,0.0,0.0,17,0.0,0.6
W3,Cooked Beef at Average Hotel,Tea Prepared Ordinary,0,0.011225294117647059,0.19083,17,0.0,0.6
W3,Cooked Beef at Average Hotel,Telephone Call Charges,0,0.0,0.0,17,0.0,0.6
W3,Cooked Beef at Average Hotel,Toilet Soap LIFEBUOY 115 gm,3,0.1959169411764706,0.988619,17,0.1765,0.6
W3,Cooked Beef at Average Hotel,Tomatoes,0,0.06134229411764706,0.520934,17,0.0,0.6
W3,Cooked Beef at Average Hotel,Vegetable Ghee DALDA/HABIB 2.5 kg Tin,0,-0.07978905882352941,0.466451,17,0.0,0.6
W3,Cooked Beef at Average Hotel,Vegetable Ghee DALDA/HABIB or Other Superior Quality 1 kg Pouch,0,-0.03085776923076923,0.39761,13,0.0,0.6
W3,Cooked Beef at Average Hotel,Wheat Flour Bag,2,0.04582458823529412,0.82003,17,0.1176,0.6
W3,Cooked Daal at Average Hotel,"Cooking Oil DALDA or Other Similar Brand (SN), 5 Litre Tin",0,-0.054776374999999995,0.279439,16,0.0,0.6
W3,Cooked Daal at Average Hotel,Curd (Dahi) Loose,0,0.012762882352941176,0.216969,17,0.0,0.6
W3,Cooked Daal at Average Hotel,Eggs Hen (Farm),0,-0.042218470588235295,0.180877,17,0.0,0.6
W3,Cooked Daal at Average Hotel,Electricity Charges upto 50 Units,0,0.02140876470588235,0.284964,17,0.0,0.6
W3,Cooked Daal at Average Hotel,Energy Saver Philips 14 Watt,0,0.0,0.0,17,0.0,0.6
W3,Cooked Daal at Average Hotel,Firewood Whole,1,0.052298823529411766,0.991247,17,0.0588,0.6
W3,Cooked Daal at Average Hotel,Garlic (Lehsun),0,-0.01107458823529412,0.36045,17,0.0,0.6
W3,Cooked Daal at Average Hotel,Gas Charges upto 3.3719 MMBTU,1,0.07703373333333333,0.61604,15,0.0667,0.6
W3,Cooked Daal at Average Hotel,Gents Sandal Bata,0,0.0,0.0,17,0.0,0.6
W3,Cooked Daal at Average Hotel,Gents Sponge Chappal Bata,0,0.0,0.0,17,0.0,0.6
W3,Cooked Daal at Average Hotel,Georgette (Average Quality),0,0.0,0.0,17,0.0,0.6
W3,Cooked Daal at Average Hotel,Gur (Average Quality),1,0.05662805882352942,0.65483,17,0.0588,0.6
W3,Cooked Daal at Average Hotel,Hi-Speed Diesel,0,0.11564705882352941,0.483084,17,0.0,0.6
W3,Cooked Daal at Average Hotel,LPG 11.67 kg Cylinder,0,-0.022011117647058823,0.103447,17,0.0,0.6
W3,Cooked Daal at Average Hotel,Ladies Sandal Bata,0,0.0,0.0,17,0.0,0.6
W3,Cooked Daal at Average Hotel,Lawn Printed Gul Ahmed/Al Karam,0,0.013374235294117647,0.227362,17,0.0,0.6
W3,Cooked Daal at Average Hotel,"Long Cloth 57"" Gul Ahmed/Al Karam",0,0.02875270588235294,0.488796,17,0.0,0.6
W3,Cooked Daal at Average Hotel,Match Box,0,0.0,0.0,17,0.0,0.6
W3,Cooked Daal at Average Hotel,Milk fresh (Un-boiled),0,0.0,0.0,17,0.0,0.6
W3,Cooked Daal at Average Hotel,Mustard Oil (Average Quality),0,0.03520829411764706,0.590312,17,0.0,0.6
W3,Cooked Daal at Average Hotel,Mutton (Average Quality),1,0.12546276470588236,0.92593,17,0.0588,0.6
W3,Cooked Daal at Average Hotel,Onions,0,0.0487735294117647,0.458835,17,0.0,0.6
W3,Cooked Daal at Average Hotel,Petrol Super,1,0.09955841176470588,0.644132,17,0.0588,0.6
W3,Cooked Daal at Average Hotel,Potatoes,0,0.07113482352941176,0.513072,17,0.0,0.6
W3,Cooked Daal at Average Hotel,Powdered Milk NIDO 390 gm Polybag,2,0.11304041176470588,0.882167,17,0.1176,0.6
W3,Cooked Daal at Average Hotel,Pulse Gram,0,-0.025874000000000005,0.141623,17,0.0,0.6
W3,Cooked Daal at Average Hotel,Pulse Mash (Washed),1,0.060600999999999995,0.886971,17,0.0588,0.6
W3,Cooked Daal at Average Hotel,Pulse Masoor (Washed),0,-0.015544764705882352,0.253099,17,0.0,0.6
W3,Cooked Daal at Average Hotel,Pulse Moong (Washed),0,0.019172411764705882,0.290967,17,0.0,0.6
W3,Cooked Daal at Average Hotel,Rice Basmati Broken (Average Quality),1,0.04245147058823529,0.644539,17,0.0588,0.6
W3,Cooked Daal at Average Hotel,Rice IRRI-6/9 (Sindh/Punjab),0,-0.08851414285714286,0.125041,14,0.0,0.6
W3,Cooked Daal at Average Hotel,Salt Powdered (NATIONAL/SHAN) 800 gm Packet,0,-0.004732411764705882,0.155727,17,0.0,0.6
W3,Cooked Daal at Average Hotel,Shirting (Average Quality),0,0.036639411764705886,0.478078,17,0.0,0.6
W3,Cooked Daal at Average Hotel,Sufi Washing Soap 250 gm Cake,0,0.0,0.0,17,0.0,0.6
W3,Cooked Daal at Average Hotel,Sugar Refined,0,0.05434794117647059,0.438089,17,0.0,0.6
W3,Cooked Daal at Average Hotel,Tea Lipton Yellow Label 190 gm Packet,0,-0.01328005882352941,0.0,17,0.0,0.6
W3,Cooked Daal at Average Hotel,Tea Prepared Ordinary,2,0.111638,1.0,17,0.1176,0.6
W3,Cooked Daal at Average Hotel,Telephone Call Charges,0,0.0,0.0,17,0.0,0.6
W3,Cooked Daal at Average Hotel,Toilet Soap LIFEBUOY 115 gm,0,0.08179329411764706,0.534205,17,0.0,0.6
W3,Cooked Daal at Average Hotel,Tomatoes,0,0.014348823529411763,0.446811,17,0.0,0.6
W3,Cooked Daal at Average Hotel,Vegetable Ghee DALDA/HABIB 2.5 kg Tin,0,-0.04327752941176471,0.187132,17,0.0,0.6
W3,Cooked Daal at Average Hotel,Vegetable Ghee DALDA/HABIB or Other Superior Quality 1 kg Pouch,0,-0.033254846153846156,0.22356,13,0.0,0.6
W3,Cooked Daal at Average Hotel,Wheat Flour Bag,0,0.032019882352941176,0.478316,17,0.0,0.6
W3,"Cooking Oil DALDA or Other Similar Brand (SN), 5 Litre Tin",Curd (Dahi) Loose,0,-0.001169562499999997,0.40992,16,0.0,0.6
W3,"Cooking Oil DALDA or Other Similar Brand (SN), 5 Litre Tin",Eggs Hen (Farm),1,0.154491375,0.689703,16,0.0625,0.6
W3,"Cooking Oil DALDA or Other Similar Brand (SN), 5 Litre Tin",Electricity Charges upto 50 Units,4,0.36131725000000003,0.734334,16,0.25,0.6
W3,"Cooking Oil DALDA or Other Similar Brand (SN), 5 Litre Tin",Energy Saver Philips 14 Watt,1,0.011365437499999999,0.813673,16,0.0625,0.6
W3,"Cooking Oil DALDA or Other Similar Brand (SN), 5 Litre Tin",Firewood Whole,2,0.2842695625,0.660944,16,0.125,0.6
W3,"Cooking Oil DALDA or Other Similar Brand (SN), 5 Litre Tin",Garlic (Lehsun),0,0.06322075,0.462416,16,0.0,0.6
W3,"Cooking Oil DALDA or Other Similar Brand (SN), 5 Litre Tin",Gas Charges upto 3.3719 MMBTU,0,-0.07267966666666667,0.0,15,0.0,0.6
W3,"Cooking Oil DALDA or Other Similar Brand (SN), 5 Litre Tin",Gents Sandal Bata,0,0.0,0.0,16,0.0,0.6
W3,"Cooking Oil DALDA or Other Similar Brand (SN), 5 Litre Tin",Gents Sponge Chappal Bata,0,0.0,0.0,16,0.0,0.6
W3,"Cooking Oil DALDA or Other Similar Brand (SN), 5 Litre Tin",Georgette (Average Quality),0,0.0526026875,0.577049,16,0.0,0.6
W3,"Cooking Oil DALDA or Other Similar Brand (SN), 5 Litre Tin",Gur (Average Quality),0,-0.2401855625,0.441334,16,0.0,0.6
W3,"Cooking Oil DALDA or Other Similar Brand (SN), 5 Litre Tin",Hi-Speed Diesel,0,-0.2584429375,0.071389,16,0.0,0.6
W3,"Cooking Oil DALDA or Other Similar Brand (SN), 5 Litre Tin",LPG 11.67 kg Cylinder,8,0.45285837500000004,0.759073,16,0.5,0.6
W3,"Cooking Oil DALDA or Other Similar Brand (SN), 5 Litre Tin",Ladies Sandal Bata,0,0.0,0.0,16,0.0,0.6
W3,"Cooking Oil DALDA or Other Similar Brand (SN), 5 Litre Tin",Lawn Printed Gul Ahmed/Al Karam,0,-0.0135094375,0.234118,16,0.0,0.6
W3,"Cooking Oil DALDA or Other Similar Brand (SN), 5 Litre Tin","Long Cloth 57"" Gul Ahmed/Al Karam",0,-0.0783350625,0.234118,16,0.0,0.6
W3,"Cooking Oil DALDA or Other Similar Brand (SN), 5 Litre Tin",Match Box,0,0.0,0.0,16,0.0,0.6
W3,"Cooking Oil DALDA or Other Similar Brand (SN), 5 Litre Tin",Milk fresh (Un-boiled),0,0.041393125,0.455032,16,0.0,0.6
W3,"Cooking Oil DALDA or Other Similar Brand (SN), 5 Litre Tin",Mustard Oil (Average Quality),0,0.048521375000000005,0.481874,16,0.0,0.6
W3,"Cooking Oil DALDA or Other Similar Brand (SN), 5 Litre Tin",Mutton (Average Quality),0,-0.0515041875,0.243463,16,0.0,0.6
W3,"Cooking Oil DALDA or Other Similar Brand (SN), 5 Litre Tin",Onions,0,-0.14980000000000002,0.431733,16,0.0,0.6
W3,"Cooking Oil DALDA or Other Similar Brand (SN), 5 Litre Tin",Petrol Super,0,-0.214421625,0.224013,16,0.0,0.6
W3,"Cooking Oil DALDA or Other Similar Brand (SN), 5 Litre Tin",Potatoes,0,-0.354181375,0.54588,16,0.0,0.6
W3,"Cooking Oil DALDA or Other Similar Brand (SN), 5 Litre Tin",Powdered Milk NIDO 390 gm Polybag,1,-0.03242475,0.639525,16,0.0625,0.6
W3,"Cooking Oil DALDA or Other Similar Brand (SN), 5 Litre Tin",Pulse Gram,0,-0.4196540625,0.046676,16,0.0,0.6
W3,"Cooking Oil DALDA or Other Similar Brand (SN), 5 Litre Tin",Pulse Mash (Washed),0,-0.14460718749999998,0.225423,16,0.0,0.6
W3,"Cooking Oil DALDA or Other Similar Brand (SN), 5 Litre Tin",Pulse Masoor (Washed),0,-0.25481956250000004,0.178446,16,0.0,0.6
W3,"Cooking Oil DALDA or Other Similar Brand (SN), 5 Litre Tin",Pulse Moong (Washed),0,-0.0030638124999999936,0.369512,16,0.0,0.6
W3,"Cooking Oil DALDA or Other Similar Brand (SN), 5 Litre Tin",Rice Basmati Broken (Average Quality),0,-0.135931125,0.120428,16,0.0,0.6
W3,"Cooking Oil DALDA or Other Similar Brand (SN), 5 Litre Tin",Rice IRRI-6/9 (Sindh/Punjab),0,0.019687769230769227,0.515301,13,0.0,0.6
W3,"Cooking Oil DALDA or Other Similar Brand (SN), 5 Litre Tin",Salt Powdered (NATIONAL/SHAN) 800 gm Packet,0,-0.300572,0.130434,16,0.0,0.6
W3,"Cooking Oil DALDA or Other Similar Brand (SN), 5 Litre Tin",Shirting (Average Quality),0,0.021109874999999997,0.540906,16,0.0,0.6
W3,"Cooking Oil DALDA or Other Similar Brand (SN), 5 Litre Tin",Sufi Washing Soap 250 gm Cake,1,0.06708425,0.679145,16,0.0625,0.6
W3,"Cooking Oil DALDA or Other Similar Brand (SN), 5 Litre Tin",Sugar Refined,0,-0.3793831875,0.359604,16,0.0,0.6
W3,"Cooking Oil DALDA or Other Similar Brand (SN), 5 Litre Tin",Tea Lipton Yellow Label 190 gm Packet,0,0.0263034375,0.212368,16,0.0,0.6
W3,"Cooking Oil DALDA or Other Similar Brand (SN), 5 Litre Tin",Tea Prepared Ordinary,2,0.107823,0.724079,16,0.125,0.6
W3,"Cooking Oil DALDA or Other Similar Brand (SN), 5 Litre Tin",Telephone Call Charges,0,0.0,0.0,16,0.0,0.6
W3,"Cooking Oil DALDA or Other Similar Brand (SN), 5 Litre Tin",Toilet Soap LIFEBUOY 115 gm,0,0.0110245,0.209094,16,0.0,0.6
W3,"Cooking Oil DALDA or Other Similar Brand (SN), 5 Litre Tin",Tomatoes,0,-0.422222,-0.309907,16,0.0,0.6
W3,"Cooking Oil DALDA or Other Similar Brand (SN), 5 Litre Tin",Vegetable Ghee DALDA/HABIB 2.5 kg Tin,12,0.6497834375,0.997924,16,0.75,0.6
W3,"Cooking Oil DALDA or Other Similar Brand (SN), 5 Litre Tin",Vegetable Ghee DALDA/HABIB or Other Superior Quality 1 kg Pouch,4,0.5116843076923077,0.910709,13,0.3077,0.6
W3,"Cooking Oil DALDA or Other Similar Brand (SN), 5 Litre Tin",Wheat Flour Bag,0,0.06370287499999999,0.288416,16,0.0,0.6
W3,Curd (Dahi) Loose,Eggs Hen (Farm),0,-0.025560647058823528,0.265446,17,0.0,0.6
W3,Curd (Dahi) Loose,Electricity Charges upto 50 Units,0,0.024673176470588237,0.425348,17,0.0,0.6
W3,Curd (Dahi) Loose,Energy Saver Philips 14 Watt,0,-0.008312764705882353,0.048456,17,0.0,0.6
W3,Curd (Dahi) Loose,Firewood Whole,1,0.0022009411764705943,0.679701,17,0.0588,0.6
W3,Curd (Dahi) Loose,Garlic (Lehsun),0,-0.07484764705882353,0.269342,17,0.0,0.6
W3,Curd (Dahi) Loose,Gas Charges upto 3.3719 MMBTU,2,0.12455726666666665,0.937783,15,0.1333,0.6
W3,Curd (Dahi) Loose,Gents Sandal Bata,0,0.0,0.0,17,0.0,0.6
W3,Curd (Dahi) Loose,Gents Sponge Chappal Bata,0,0.0,0.0,17,0.0,0.6
W3,Curd (Dahi) Loose,Georgette (Average Quality),1,0.012477117647058826,0.731129,17,0.0588,0.6
W3,Curd (Dahi) Loose,Gur (Average Quality),1,0.1709304117647059,0.876721,17,0.0588,0.6
W3,Curd (Dahi) Loose,Hi-Speed Diesel,0,0.16506388235294117,0.587538,17,0.0,0.6
W3,Curd (Dahi) Loose,LPG 11.67 kg Cylinder,0,-0.01957452941176471,0.500583,17,0.0,0.6
W3,Curd (Dahi) Loose,Ladies Sandal Bata,0,0.0,0.0,17,0.0,0.6
W3,Curd (Dahi) Loose,Lawn Printed Gul Ahmed/Al Karam,1,0.06040429411764707,0.918899,17,0.0588,0.6
W3,Curd (Dahi) Loose,"Long Cloth 57"" Gul Ahmed/Al Karam",1,0.07378629411764706,0.913671,17,0.0588,0.6
W3,Curd (Dahi) Loose,Match Box,0,0.0,0.0,17,0.0,0.6
W3,Curd (Dahi) Loose,Milk fresh (Un-boiled),7,0.37374529411764706,0.938149,17,0.4118,0.6
W3,Curd (Dahi) Loose,Mustard Oil (Average Quality),0,0.011109235294117647,0.198703,17,0.0,0.6
W3,Curd (Dahi) Loose,Mutton (Average Quality),1,0.1433784117647059,0.679078,17,0.0588,0.6
W3,Curd (Dahi) Loose,Onions,1,0.09392876470588234,0.700019,17,0.0588,0.6
W3,Curd (Dahi) Loose,Petrol Super,2,0.12438111764705881,0.744572,17,0.1176,0.6
W3,Curd (Dahi) Loose,Potatoes,1,0.0752854705882353,0.693497,17,0.0588,0.6
W3,Curd (Dahi) Loose,Powdered Milk NIDO 390 gm Polybag,1,0.12225105882352941,0.781833,17,0.0588,0.6
W3,Curd (Dahi) Loose,Pulse Gram,1,-0.058036176470588244,0.608829,17,0.0588,0.6
W3,Curd (Dahi) Loose,Pulse Mash (Washed),2,0.07751635294117647,0.779021,17,0.1176,0.6
W3,Curd (Dahi) Loose,Pulse Masoor (Washed),1,-0.04223982352941177,0.695306,17,0.0588,0.6
W3,Curd (Dahi) Loose,Pulse Moong (Washed),0,-0.1221619411764706,0.534296,17,0.0,0.6
W3,Curd (Dahi) Loose,Rice Basmati Broken (Average Quality),1,0.1152814705882353,0.734411,17,0.0588,0.6
W3,Curd (Dahi) Loose,Rice IRRI-6/9 (Sindh/Punjab),1,0.06412178571428571,0.71819,14,0.0714,0.6
W3,Curd (Dahi) Loose,Salt Powdered (NATIONAL/SHAN) 800 gm Packet,1,-0.09270758823529412,0.677673,17,0.0588,0.6
W3,Curd (Dahi) Loose,Shirting (Average Quality),2,0.10938547058823529,0.967905,17,0.1176,0.6
W3,Curd (Dahi) Loose,Sufi Washing Soap 250 gm Cake,0,0.013337647058823529,0.22674,17,0.0,0.6
W3,Curd (Dahi) Loose,Sugar Refined,1,0.0703024705882353,0.90001,17,0.0588,0.6
W3,Curd (Dahi) Loose,Tea Lipton Yellow Label 190 gm Packet,0,0.0,0.0,17,0.0,0.6
W3,Curd (Dahi) Loose,Tea Prepared Ordinary,0,0.020023882352941176,0.243136,17,0.0,0.6
W3,Curd (Dahi) Loose,Telephone Call Charges,0,0.0,0.0,17,0.0,0.6
W3,Curd (Dahi) Loose,Toilet Soap LIFEBUOY 115 gm,0,-0.0309004705882353,0.265918,17,0.0,0.6
W3,Curd (Dahi) Loose,Tomatoes,0,0.04933070588235294,0.29664,17,0.0,0.6
W3,Curd (Dahi) Loose,Vegetable Ghee DALDA/HABIB 2.5 kg Tin,0,-0.04712282352941176,0.298758,17,0.0,0.6
W3,Curd (Dahi) Loose,Vegetable Ghee DALDA/HABIB or Other Superior Quality 1 kg Pouch,1,0.09202607692307693,0.759612,13,0.0769,0.6
W3,Curd (Dahi) Loose,Wheat Flour Bag,0,0.014322058823529406,0.4033,17,0.0,0.6
W3,Eggs Hen (Farm),Electricity Charges upto 50 Units,0,-0.24947047058823532,-0.160644,17,0.0,0.6
W3,Eggs Hen (Farm),Energy Saver Philips 14 Watt,1,0.06264758823529411,0.639023,17,0.0588,0.6
W3,Eggs Hen (Farm),Firewood Whole,0,0.04023994117647059,0.355375,17,0.0,0.6
W3,Eggs Hen (Farm),Garlic (Lehsun),0,-0.013365941176470594,0.228026,17,0.0,0.6
W3,Eggs Hen (Farm),Gas Charges upto 3.3719 MMBTU,0,0.269618,0.349859,15,0.0,0.6
W3,Eggs Hen (Farm),Gents Sandal Bata,0,0.0,0.0,17,0.0,0.6
W3,Eggs Hen (Farm),Gents Sponge Chappal Bata,0,0.0,0.0,17,0.0,0.6
W3,Eggs Hen (Farm),Georgette (Average Quality),0,-0.027177823529411768,0.212352,17,0.0,0.6
W3,Eggs Hen (Farm),Gur (Average Quality),0,-0.004841235294117644,0.445927,17,0.0,0.6
W3,Eggs Hen (Farm),Hi-Speed Diesel,0,-0.389558705882353,0.024844,17,0.0,0.6
W3,Eggs Hen (Farm),LPG 11.67 kg Cylinder,0,-0.15392570588235294,0.288989,17,0.0,0.6
W3,Eggs Hen (Farm),Ladies Sandal Bata,0,0.0,0.0,17,0.0,0.6
W3,Eggs Hen (Farm),Lawn Printed Gul Ahmed/Al Karam,0,-0.10466258823529412,0.156877,17,0.0,0.6
W3,Eggs Hen (Farm),"Long Cloth 57"" Gul Ahmed/Al Karam",0,-0.054640999999999995,0.401093,17,0.0,0.6
W3,Eggs Hen (Farm),Match Box,0,0.0,0.0,17,0.0,0.6
W3,Eggs Hen (Farm),Milk fresh (Un-boiled),0,0.0002239411764705918,0.221171,17,0.0,0.6
W3,Eggs Hen (Farm),Mustard Oil (Average Quality),0,-0.08898447058823529,0.44764,17,0.0,0.6
W3,Eggs Hen (Farm),Mutton (Average Quality),0,-0.09414794117647059,0.413871,17,0.0,0.6
W3,Eggs Hen (Farm),Onions,0,0.20827417647058824,0.417684,17,0.0,0.6
W3,Eggs Hen (Farm),Petrol Super,0,-0.31411900000000004,0.114042,17,0.0,0.6
W3,Eggs Hen (Farm),Potatoes,0,-0.07094,0.167168,17,0.0,0.6
W3,Eggs Hen (Farm),Powdered Milk NIDO 390 gm Polybag,0,0.10900041176470587,0.456797,17,0.0,0.6
W3,Eggs Hen (Farm),Pulse Gram,0,-0.06692905882352941,0.48286,17,0.0,0.6
W3,Eggs Hen (Farm),Pulse Mash (Washed),0,-0.4006555882352941,0.484501,17,0.0,0.6
W3,Eggs Hen (Farm),Pulse Masoor (Washed),2,0.16014935294117646,0.612483,17,0.1176,0.6
W3,Eggs Hen (Farm),Pulse Moong (Washed),0,-0.200352,0.327614,17,0.0,0.6
W3,Eggs Hen (Farm),Rice Basmati Broken (Average Quality),0,-0.04451229411764707,0.364306,17,0.0,0.6
W3,Eggs Hen (Farm),Rice IRRI-6/9 (Sindh/Punjab),0,-0.022217857142857147,0.564815,14,0.0,0.6
W3,Eggs Hen (Farm),Salt Powdered (NATIONAL/SHAN) 800 gm Packet,0,0.1463129411764706,0.586706,17,0.0,0.6
W3,Eggs Hen (Farm),Shirting (Average Quality),0,-0.06678917647058824,0.305904,17,0.0,0.6
W3,Eggs Hen (Farm),Sufi Washing Soap 250 gm Cake,0,0.0388494705882353,0.215049,17,0.0,0.6
W3,Eggs Hen (Farm),Sugar Refined,0,0.030837588235294117,0.502017,17,0.0,0.6
W3,Eggs Hen (Farm),Tea Lipton Yellow Label 190 gm Packet,0,0.008861176470588233,0.320528,17,0.0,0.6
W3,Eggs Hen (Farm),Tea Prepared Ordinary,0,0.016159823529411765,0.261453,17,0.0,0.6
W3,Eggs Hen (Farm),Telephone Call Charges,0,0.0,0.0,17,0.0,0.6
W3,Eggs Hen (Farm),Toilet Soap LIFEBUOY 115 gm,0,0.13137329411764706,0.37511,17,0.0,0.6
W3,Eggs Hen (Farm),Tomatoes,0,-0.14098082352941177,-0.010577,17,0.0,0.6
W3,Eggs Hen (Farm),Vegetable Ghee DALDA/HABIB 2.5 kg Tin,0,0.14220929411764704,0.50562,17,0.0,0.6
W3,Eggs Hen (Farm),Vegetable Ghee DALDA/HABIB or Other Superior Quality 1 kg Pouch,0,0.10261546153846156,0.546644,13,0.0,0.6
W3,Eggs Hen (Farm),Wheat Flour Bag,0,0.10922635294117647,0.334185,17,0.0,0.6
W3,Electricity Charges upto 50 Units,Energy Saver Philips 14 Watt,0,0.012628823529411762,0.277533,17,0.0,0.6
W3,Electricity Charges upto 50 Units,Firewood Whole,1,0.25616641176470584,0.650192,17,0.0588,0.6
W3,Electricity Charges upto 50 Units,Garlic (Lehsun),3,0.47188570588235296,0.689328,17,0.1765,0.6
W3,Electricity Charges upto 50 Units,Gas Charges upto 3.3719 MMBTU,0,0.318261,0.318261,15,0.0,0.6
W3,Electricity Charges upto 50 Units,Gents Sandal Bata,0,0.0,0.0,17,0.0,0.6
W3,Electricity Charges upto 50 Units,Gents Sponge Chappal Bata,0,0.0,0.0,17,0.0,0.6
W3,Electricity Charges upto 50 Units,Georgette (Average Quality),0,-0.004082352941176472,0.542886,17,0.0,0.6
W3,Electricity Charges upto 50 Units,Gur (Average Quality),0,-0.2795596470588235,0.325235,17,0.0,0.6
W3,Electricity Charges upto 50 Units,Hi-Speed Diesel,0,0.1485059411764706,0.153368,17,0.0,0.6
W3,Electricity Charges upto 50 Units,LPG 11.67 kg Cylinder,2,0.32503017647058824,0.670344,17,0.1176,0.6
W3,Electricity Charges upto 50 Units,Ladies Sandal Bata,0,0.0,0.0,17,0.0,0.6
W3,Electricity Charges upto 50 Units,Lawn Printed Gul Ahmed/Al Karam,0,-0.15820141176470587,0.284964,17,0.0,0.6
W3,Electricity Charges upto 50 Units,"Long Cloth 57"" Gul Ahmed/Al Karam",0,-0.1932829411764706,0.284964,17,0.0,0.6
W3,Electricity Charges upto 50 Units,Match Box,0,0.0,0.0,17,0.0,0.6
W3,Electricity Charges upto 50 Units,Milk fresh (Un-boiled),0,-0.019043588235294118,0.260987,17,0.0,0.6
W3,Electricity Charges upto 50 Units,Mustard Oil (Average Quality),4,0.22874564705882355,0.706155,17,0.2353,0.6
W3,Electricity Charges upto 50 Units,Mutton (Average Quality),0,-0.00722405882352941,0.373124,17,0.0,0.6
W3,Electricity Charges upto 50 Units,Onions,0,-0.12600658823529412,0.106092,17,0.0,0.6
W3,Electricity Charges upto 50 Units,Petrol Super,0,-0.02022,0.001751,17,0.0,0.6
W3,Electricity Charges upto 50 Units,Potatoes,0,-0.333975,-0.160238,17,0.0,0.6
W3,Electricity Charges upto 50 Units,Powdered Milk NIDO 390 gm Polybag,0,0.028278294117647065,0.337521,17,0.0,0.6
W3,Electricity Charges upto 50 Units,Pulse Gram,0,-0.3932316470588235,-0.070383,17,0.0,0.6
W3,Electricity Charges upto 50 Units,Pulse Mash (Washed),1,0.11688729411764706,0.712855,17,0.0588,0.6
W3,Electricity Charges upto 50 Units,Pulse Masoor (Washed),0,-0.2645804117647059,0.202318,17,0.0,0.6
W3,Electricity Charges upto 50 Units,Pulse Moong (Washed),0,-0.19647641176470587,0.179861,17,0.0,0.6
W3,Electricity Charges upto 50 Units,Rice Basmati Broken (Average Quality),0,-0.13694370588235294,0.453392,17,0.0,0.6
W3,Electricity Charges upto 50 Units,Rice IRRI-6/9 (Sindh/Punjab),0,0.012378000000000004,0.496038,14,0.0,0.6
W3,Electricity Charges upto 50 Units,Salt Powdered (NATIONAL/SHAN) 800 gm Packet,0,-0.3094551176470588,0.0,17,0.0,0.6
W3,Electricity Charges upto 50 Units,Shirting (Average Quality),0,0.012838294117647064,0.336876,17,0.0,0.6
W3,Electricity Charges upto 50 Units,Sufi Washing Soap 250 gm Cake,0,0.011893176470588235,0.39416,17,0.0,0.6
W3,Electricity Charges upto 50 Units,Sugar Refined,0,-0.535018705882353,-0.258988,17,0.0,0.6
W3,Electricity Charges upto 50 Units,Tea Lipton Yellow Label 190 gm Packet,0,0.07447364705882353,0.598971,17,0.0,0.6
W3,Electricity Charges upto 50 Units,Tea Prepared Ordinary,0,0.06309958823529413,0.537012,17,0.0,0.6
W3,Electricity Charges upto 50 Units,Telephone Call Charges,0,0.0,0.0,17,0.0,0.6
W3,Electricity Charges upto 50 Units,Toilet Soap LIFEBUOY 115 gm,0,-0.08828341176470589,0.289361,17,0.0,0.6
W3,Electricity Charges upto 50 Units,Tomatoes,0,-0.3701299411764706,-0.268231,17,0.0,0.6
W3,Electricity Charges upto 50 Units,Vegetable Ghee DALDA/HABIB 2.5 kg Tin,1,0.3355182352941176,0.60754,17,0.0588,0.6
W3,Electricity Charges upto 50 Units,Vegetable Ghee DALDA/HABIB or Other Superior Quality 1 kg Pouch,2,0.4802665384615385,0.621259,13,0.1538,0.6
W3,Electricity Charges upto 50 Units,Wheat Flour Bag,0,0.014761411764705882,0.188249,17,0.0,0.6
W3,Energy Saver Philips 14 Watt,Firewood Whole,2,0.11500270588235295,0.834611,17,0.1176,0.6
W3,Energy Saver Philips 14 Watt,Garlic (Lehsun),0,0.011824117647058825,0.429802,17,0.0,0.6
W3,Energy Saver Philips 14 Watt,Gas Charges upto 3.3719 MMBTU,1,0.03340206666666667,0.956739,15,0.0667,0.6
W3,Energy Saver Philips 14 Watt,Gents Sandal Bata,0,0.0,0.0,17,0.0,0.6
W3,Energy Saver Philips 14 Watt,Gents Sponge Chappal Bata,0,0.0,0.0,17,0.0,0.6
W3,Energy Saver Philips 14 Watt,Georgette (Average Quality),0,0.0,0.0,17,0.0,0.6
W3,Energy Saver Philips 14 Watt,Gur (Average Quality),0,0.010301647058823526,0.407335,17,0.0,0.6
W3,Energy Saver Philips 14 Watt,Hi-Speed Diesel,0,0.03829752941176471,0.375288,17,0.0,0.6
W3,Energy Saver Philips 14 Watt,LPG 11.67 kg Cylinder,0,0.00733617647058824,0.411758,17,0.0,0.6
W3,Energy Saver Philips 14 Watt,Ladies Sandal Bata,0,0.0,0.0,17,0.0,0.6
W3,Energy Saver Philips 14 Watt,Lawn Printed Gul Ahmed/Al Karam,0,0.021153411764705882,0.359608,17,0.0,0.6
W3,Energy Saver Philips 14 Watt,"Long Cloth 57"" Gul Ahmed/Al Karam",0,0.029189176470588236,0.496216,17,0.0,0.6
W3,Energy Saver Philips 14 Watt,Match Box,0,0.0,0.0,17,0.0,0.6
W3,Energy Saver Philips 14 Watt,Milk fresh (Un-boiled),0,0.011356411764705882,0.193059,17,0.0,0.6
W3,Energy Saver Philips 14 Watt,Mustard Oil (Average Quality),0,-0.008705882352941176,0.0,17,0.0,0.6
W3,Energy Saver Philips 14 Watt,Mutton (Average Quality),0,0.06883376470588236,0.531479,17,0.0,0.6
W3,Energy Saver Philips 14 Watt,Onions,1,0.07859035294117647,0.615678,17,0.0588,0.6
W3,Energy Saver Philips 14 Watt,Petrol Super,0,0.019011235294117648,0.412682,17,0.0,0.6
W3,Energy Saver Philips 14 Watt,Potatoes,0,-0.04562105882352941,0.098325,17,0.0,0.6
W3,Energy Saver Philips 14 Watt,Powdered Milk NIDO 390 gm Polybag,1,0.03295411764705882,0.897582,17,0.0588,0.6
W3,Energy Saver Philips 14 Watt,Pulse Gram,0,-0.04930188235294118,0.212146,17,0.0,0.6
W3,Energy Saver Philips 14 Watt,Pulse Mash (Washed),0,-0.026359352941176473,0.114486,17,0.0,0.6
W3,Energy Saver Philips 14 Watt,Pulse Masoor (Washed),0,-0.04107041176470588,0.119028,17,0.0,0.6
W3,Energy Saver Philips 14 Watt,Pulse Moong (Washed),1,-0.010997647058823537,0.785137,17,0.0588,0.6
W3,Energy Saver Philips 14 Watt,Rice Basmati Broken (Average Quality),0,0.03143164705882353,0.306116,17,0.0,0.6
W3,Energy Saver Philips 14 Watt,Rice IRRI-6/9 (Sindh/Punjab),0,-0.01481442857142857,0.178099,14,0.0,0.6
W3,Energy Saver Philips 14 Watt,Salt Powdered (NATIONAL/SHAN) 800 gm Packet,0,0.0,0.0,17,0.0,0.6
W3,Energy Saver Philips 14 Watt,Shirting (Average Quality),0,0.016748176470588235,0.284719,17,0.0,0.6
W3,Energy Saver Philips 14 Watt,Sufi Washing Soap 250 gm Cake,0,0.0,0.0,17,0.0,0.6
W3,Energy Saver Philips 14 Watt,Sugar Refined,0,0.010386117647058827,0.260008,17,0.0,0.6
W3,Energy Saver Philips 14 Watt,Tea Lipton Yellow Label 190 gm Packet,0,0.0,0.0,17,0.0,0.6
W3,Energy Saver Philips 14 Watt,Tea Prepared Ordinary,0,-0.05697476470588235,0.0,17,0.0,0.6
W3,Energy Saver Philips 14 Watt,Telephone Call Charges,0,0.0,0.0,17,0.0,0.6
W3,Energy Saver Philips 14 Watt,Toilet Soap LIFEBUOY 115 gm,1,0.0801190588235294,0.915243,17,0.0588,0.6
W3,Energy Saver Philips 14 Watt,Tomatoes,0,-0.01874194117647059,0.348963,17,0.0,0.6
W3,Energy Saver Philips 14 Watt,Vegetable Ghee DALDA/HABIB 2.5 kg Tin,0,-0.014578058823529413,0.292074,17,0.0,0.6
W3,Energy Saver Philips 14 Watt,Vegetable Ghee DALDA/HABIB or Other Superior Quality 1 kg Pouch,0,-0.01673030769230769,0.049443,13,0.0,0.6
W3,Energy Saver Philips 14 Watt,Wheat Flour Bag,0,0.03311758823529412,0.228931,17,0.0,0.6
W3,Firewood Whole,Garlic (Lehsun),0,0.10961664705882353,0.282461,17,0.0,0.6
W3,Firewood Whole,Gas Charges upto 3.3719 MMBTU,1,0.08788900000000001,0.847415,15,0.0667,0.6
W3,Firewood Whole,Gents Sandal Bata,0,0.0,0.0,17,0.0,0.6
W3,Firewood Whole,Gents Sponge Chappal Bata,0,0.0,0.0,17,0.0,0.6
W3,Firewood Whole,Georgette (Average Quality),1,0.08562558823529412,0.651211,17,0.0588,0.6
W3,Firewood Whole,Gur (Average Quality),1,-0.06522688235294118,0.647348,17,0.0588,0.6
W3,Firewood Whole,Hi-Speed Diesel,0,-0.03139417647058823,0.366072,17,0.0,0.6
W3,Firewood Whole,LPG 11.67 kg Cylinder,0,0.2107874705882353,0.574538,17,0.0,0.6
W3,Firewood Whole,Ladies Sandal Bata,0,0.0,0.0,17,0.0,0.6
W3,Firewood Whole,Lawn Printed Gul Ahmed/Al Karam,1,0.053452176470588246,0.773725,17,0.0588,0.6
W3,Firewood Whole,"Long Cloth 57"" Gul Ahmed/Al Karam",1,0.043866117647058826,0.685487,17,0.0588,0.6
W3,Firewood Whole,Match Box,0,0.0,0.0,17,0.0,0.6
W3,Firewood Whole,Milk fresh (Un-boiled),0,0.03976582352941176,0.273705,17,0.0,0.6
W3,Firewood Whole,Mustard Oil (Average Quality),1,0.19154470588235292,0.796318,17,0.0588,0.6
W3,Firewood Whole,Mutton (Average Quality),2,0.23591482352941173,0.711918,17,0.1176,0.6
W3,Firewood Whole,Onions,1,0.07762158823529411,0.736784,17,0.0588,0.6
W3,Firewood Whole,Petrol Super,0,-0.144981,0.050826,17,0.0,0.6
W3,Firewood Whole,Potatoes,0,-0.2587605294117647,0.231963,17,0.0,0.6
W3,Firewood Whole,Powdered Milk NIDO 390 gm Polybag,1,0.20092841176470588,0.7506,17,0.0588,0.6
W3,Firewood Whole,Pulse Gram,0,-0.3837265294117647,0.030758,17,0.0,0.6
W3,Firewood Whole,Pulse Mash (Washed),0,-0.04651270588235294,0.58568,17,0.0,0.6
W3,Firewood Whole,Pulse Masoor (Washed),0,-0.3596643529411765,0.0,17,0.0,0.6
W3,Firewood Whole,Pulse Moong (Washed),1,-0.12955194117647056,0.623708,17,0.0588,0.6
W3,Firewood Whole,Rice Basmati Broken (Average Quality),1,0.1001579411764706,0.625727,17,0.0588,0.6
W3,Firewood Whole,Rice IRRI-6/9 (Sindh/Punjab),1,0.038725,0.691341,14,0.0714,0.6
W3,Firewood Whole,Salt Powdered (NATIONAL/SHAN) 800 gm Packet,0,-0.27552176470588235,0.0,17,0.0,0.6
W3,Firewood Whole,Shirting (Average Quality),1,0.09551523529411765,0.849364,17,0.0588,0.6
W3,Firewood Whole,Sufi Washing Soap 250 gm Cake,2,0.12613182352941177,0.88751,17,0.1176,0.6
W3,Firewood Whole,Sugar Refined,1,-0.16686870588235292,0.622677,17,0.0588,0.6
W3,Firewood Whole,Tea Lipton Yellow Label 190 gm Packet,0,0.0,0.0,17,0.0,0.6
W3,Firewood Whole,Tea Prepared Ordinary,1,0.10243876470588234,0.991247,17,0.0588,0.6
W3,Firewood Whole,Telephone Call Charges,0,0.0,0.0,17,0.0,0.6
W3,Firewood Whole,Toilet Soap LIFEBUOY 115 gm,0,0.038474764705882354,0.40042,17,0.0,0.6
W3,Firewood Whole,Tomatoes,0,-0.20069511764705883,0.235005,17,0.0,0.6
W3,Firewood Whole,Vegetable Ghee DALDA/HABIB 2.5 kg Tin,1,0.2388485882352941,0.621322,17,0.0588,0.6
W3,Firewood Whole,Vegetable Ghee DALDA/HABIB or Other Superior Quality 1 kg Pouch,1,0.26167184615384614,0.618523,13,0.0769,0.6
W3,Firewood Whole,Wheat Flour Bag,0,0.1569085882352941,0.561724,17,0.0,0.6
W3,Garlic (Lehsun),Gas Charges upto 3.3719 MMBTU,0,0.14878873333333334,0.502263,15,0.0,0.6
W3,Garlic (Lehsun),Gents Sandal Bata,0,0.0,0.0,17,0.0,0.6
W3,Garlic (Lehsun),Gents Sponge Chappal Bata,0,0.0,0.0,17,0.0,0.6
W3,Garlic (Lehsun),Georgette (Average Quality),0,-0.054781058823529405,0.123809,17,0.0,0.6
W3,Garlic (Lehsun),Gur (Average Quality),0,-0.25311258823529414,0.100138,17,0.0,0.6
W3,Garlic (Lehsun),Hi-Speed Diesel,0,0.057919,0.450267,17,0.0,0.6
W3,Garlic (Lehsun),LPG 11.67 kg Cylinder,1,0.12031335294117647,0.730329,17,0.0588,0.6
W3,Garlic (Lehsun),Ladies Sandal Bata,0,0.0,0.0,17,0.0,0.6
W3,Garlic (Lehsun),Lawn Printed Gul Ahmed/Al Karam,0,-0.2910786470588236,0.087723,17,0.0,0.6
W3,Garlic (Lehsun),"Long Cloth 57"" Gul Ahmed/Al Karam",0,-0.22393411764705884,0.24706,17,0.0,0.6
W3,Garlic (Lehsun),Match Box,0,0.0,0.0,17,0.0,0.6
W3,Garlic (Lehsun),Milk fresh (Un-boiled),0,-0.08005176470588235,0.200736,17,0.0,0.6
W3,Garlic (Lehsun),Mustard Oil (Average Quality),4,0.37806488235294117,0.842978,17,0.2353,0.6
W3,Garlic (Lehsun),Mutton (Average Quality),0,-0.03413029411764706,0.24704,17,0.0,0.6
W3,Garlic (Lehsun),Onions,0,0.1531159411764706,0.426823,17,0.0,0.6
W3,Garlic (Lehsun),Petrol Super,0,-0.02336676470588235,0.300961,17,0.0,0.6
W3,Garlic (Lehsun),Potatoes,0,-0.1611255294117647,0.146779,17,0.0,0.6
W3,Garlic (Lehsun),Powdered Milk NIDO 390 gm Polybag,0,-0.03658947058823529,0.442183,17,0.0,0.6
W3,Garlic (Lehsun),Pulse Gram,0,-0.1164675294117647,0.444219,17,0.0,0.6
W3,Garlic (Lehsun),Pulse Mash (Washed),1,0.20093717647058823,0.648021,17,0.0588,0.6
W3,Garlic (Lehsun),Pulse Masoor (Washed),0,-0.12185311764705882,0.467346,17,0.0,0.6
W3,Garlic (Lehsun),Pulse Moong (Washed),0,-0.05645464705882353,0.385837,17,0.0,0.6
W3,Garlic (Lehsun),Rice Basmati Broken (Average Quality),1,0.018637176470588237,0.633638,17,0.0588,0.6
W3,Garlic (Lehsun),Rice IRRI-6/9 (Sindh/Punjab),2,0.07176742857142858,0.780152,14,0.1429,0.6
W3,Garlic (Lehsun),Salt Powdered (NATIONAL/SHAN) 800 gm Packet,0,-0.11121817647058824,0.179493,17,0.0,0.6
W3,Garlic (Lehsun),Shirting (Average Quality),0,-0.04751982352941177,0.389256,17,0.0,0.6
W3,Garlic (Lehsun),Sufi Washing Soap 250 gm Cake,0,0.02979723529411765,0.214872,17,0.0,0.6
W3,Garlic (Lehsun),Sugar Refined,0,-0.17338976470588235,0.149988,17,0.0,0.6
W3,Garlic (Lehsun),Tea Lipton Yellow Label 190 gm Packet,2,0.11806988235294119,0.742241,17,0.1176,0.6
W3,Garlic (Lehsun),Tea Prepared Ordinary,0,-0.01966935294117647,0.365709,17,0.0,0.6
W3,Garlic (Lehsun),Telephone Call Charges,0,0.0,0.0,17,0.0,0.6
W3,Garlic (Lehsun),Toilet Soap LIFEBUOY 115 gm,0,-0.076347,0.419261,17,0.0,0.6
W3,Garlic (Lehsun),Tomatoes,0,0.08726129411764705,0.377585,17,0.0,0.6
W3,Garlic (Lehsun),Vegetable Ghee DALDA/HABIB 2.5 kg Tin,0,0.06401599999999999,0.581946,17,0.0,0.6
W3,Garlic (Lehsun),Vegetable Ghee DALDA/HABIB or Other Superior Quality 1 kg Pouch,0,0.15578907692307692,0.568097,13,0.0,0.6
W3,Garlic (Lehsun),Wheat Flour Bag,0,0.2846639411764706,0.495256,17,0.0,0.6
W3,Gas Charges upto 3.3719 MMBTU,Gents Sandal Bata,0,0.0,0.0,15,0.0,0.6
W3,Gas Charges upto 3.3719 MMBTU,Gents Sponge Chappal Bata,0,0.0,0.0,15,0.0,0.6
W3,Gas Charges upto 3.3719 MMBTU,Georgette (Average Quality),0,0.0,0.0,15,0.0,0.6
W3,Gas Charges upto 3.3719 MMBTU,Gur (Average Quality),0,0.14814293333333334,0.518503,15,0.0,0.6
W3,Gas Charges upto 3.3719 MMBTU,Hi-Speed Diesel,0,0.09718233333333333,0.105592,15,0.0,0.6
W3,Gas Charges upto 3.3719 MMBTU,LPG 11.67 kg Cylinder,0,-0.36811940000000004,0.034591,15,0.0,0.6
W3,Gas Charges upto 3.3719 MMBTU,Ladies Sandal Bata,0,0.0,0.0,15,0.0,0.6
W3,Gas Charges upto 3.3719 MMBTU,Lawn Printed Gul Ahmed/Al Karam,0,0.0086534,0.129801,15,0.0,0.6
W3,Gas Charges upto 3.3719 MMBTU,"Long Cloth 57"" Gul Ahmed/Al Karam",0,0.03894966666666667,0.410493,15,0.0,0.6
W3,Gas Charges upto 3.3719 MMBTU,Match Box,0,0.0,0.0,15,0.0,0.6
W3,Gas Charges upto 3.3719 MMBTU,Milk fresh (Un-boiled),1,0.0967174,0.964257,15,0.0667,0.6
W3,Gas Charges upto 3.3719 MMBTU,Mustard Oil (Average Quality),1,0.034326133333333335,0.863265,15,0.0667,0.6
W3,Gas Charges upto 3.3719 MMBTU,Mutton (Average Quality),1,0.13060086666666668,0.855508,15,0.0667,0.6
W3,Gas Charges upto 3.3719 MMBTU,Onions,0,0.17767566666666665,0.294397,15,0.0,0.6
W3,Gas Charges upto 3.3719 MMBTU,Petrol Super,0,-0.15819246666666667,-0.155592,15,0.0,0.6
W3,Gas Charges upto 3.3719 MMBTU,Potatoes,0,-0.034441866666666675,0.19637,15,0.0,0.6
W3,Gas Charges upto 3.3719 MMBTU,Powdered Milk NIDO 390 gm Polybag,4,0.21465693333333333,0.884553,15,0.2667,0.6
W3,Gas Charges upto 3.3719 MMBTU,Pulse Gram,0,-0.13341013333333332,0.095645,15,0.0,0.6
W3,Gas Charges upto 3.3719 MMBTU,Pulse Mash (Washed),0,-0.10249346666666666,0.05807,15,0.0,0.6
W3,Gas Charges upto 3.3719 MMBTU,Pulse Masoor (Washed),0,-0.024613799999999998,0.288538,15,0.0,0.6
W3,Gas Charges upto 3.3719 MMBTU,Pulse Moong (Washed),0,-0.3956887333333333,0.0,15,0.0,0.6
W3,Gas Charges upto 3.3719 MMBTU,Rice Basmati Broken (Average Quality),1,0.08462746666666666,0.688213,15,0.0667,0.6
W3,Gas Charges upto 3.3719 MMBTU,Rice IRRI-6/9 (Sindh/Punjab),1,0.03838283333333334,0.60738,12,0.0833,0.6
W3,Gas Charges upto 3.3719 MMBTU,Salt Powdered (NATIONAL/SHAN) 800 gm Packet,0,0.0,0.0,15,0.0,0.6
W3,Gas Charges upto 3.3719 MMBTU,Shirting (Average Quality),0,0.015203533333333333,0.228053,15,0.0,0.6
W3,Gas Charges upto 3.3719 MMBTU,Sufi Washing Soap 250 gm Cake,0,0.0,0.0,15,0.0,0.6
W3,Gas Charges upto 3.3719 MMBTU,Sugar Refined,0,-0.12962746666666666,0.172422,15,0.0,0.6
W3,Gas Charges upto 3.3719 MMBTU,Tea Lipton Yellow Label 190 gm Packet,0,0.0,0.0,15,0.0,0.6
W3,Gas Charges upto 3.3719 MMBTU,Tea Prepared Ordinary,1,0.07783380000000001,0.863265,15,0.0667,0.6
W3,Gas Charges upto 3.3719 MMBTU,Telephone Call Charges,0,0.0,0.0,15,0.0,0.6
W3,Gas Charges upto 3.3719 MMBTU,Toilet Soap LIFEBUOY 115 gm,4,0.1541902,0.812209,15,0.2667,0.6
W3,Gas Charges upto 3.3719 MMBTU,Tomatoes,0,0.1346762,0.231016,15,0.0,0.6
W3,Gas Charges upto 3.3719 MMBTU,Vegetable Ghee DALDA/HABIB 2.5 kg Tin,0,-0.022558,0.0,15,0.0,0.6
W3,Gas Charges upto 3.3719 MMBTU,Vegetable Ghee DALDA/HABIB or Other Superior Quality 1 kg Pouch,0,0.0,0.0,12,0.0,0.6
W3,Gas Charges upto 3.3719 MMBTU,Wheat Flour Bag,0,0.14581913333333332,0.25427,15,0.0,0.6
W3,Gents Sandal Bata,Gents Sponge Chappal Bata,0,0.0,0.0,17,0.0,0.6
W3,Gents Sandal Bata,Georgette (Average Quality),0,0.0,0.0,17,0.0,0.6
W3,Gents Sandal Bata,Gur (Average Quality),0,0.0,0.0,17,0.0,0.6
W3,Gents Sandal Bata,Hi-Speed Diesel,0,0.0,0.0,17,0.0,0.6
W3,Gents Sandal Bata,LPG 11.67 kg Cylinder,0,0.0,0.0,17,0.0,0.6
W3,Gents Sandal Bata,Ladies Sandal Bata,0,0.0,0.0,17,0.0,0.6
W3,Gents Sandal Bata,Lawn Printed Gul Ahmed/Al Karam,0,0.0,0.0,17,0.0,0.6
W3,Gents Sandal Bata,"Long Cloth 57"" Gul Ahmed/Al Karam",0,0.0,0.0,17,0.0,0.6
W3,Gents Sandal Bata,Match Box,0,0.0,0.0,17,0.0,0.6
W3,Gents Sandal Bata,Milk fresh (Un-boiled),0,0.0,0.0,17,0.0,0.6
W3,Gents Sandal Bata,Mustard Oil (Average Quality),0,0.0,0.0,17,0.0,0.6
W3,Gents Sandal Bata,Mutton (Average Quality),0,0.0,0.0,17,0.0,0.6
W3,Gents Sandal Bata,Onions,0,0.0,0.0,17,0.0,0.6
W3,Gents Sandal Bata,Petrol Super,0,0.0,0.0,17,0.0,0.6
W3,Gents Sandal Bata,Potatoes,0,0.0,0.0,17,0.0,0.6
W3,Gents Sandal Bata,Powdered Milk NIDO 390 gm Polybag,0,0.0,0.0,17,0.0,0.6
W3,Gents Sandal Bata,Pulse Gram,0,0.0,0.0,17,0.0,0.6
W3,Gents Sandal Bata,Pulse Mash (Washed),0,0.0,0.0,17,0.0,0.6
W3,Gents Sandal Bata,Pulse Masoor (Washed),0,0.0,0.0,17,0.0,0.6
W3,Gents Sandal Bata,Pulse Moong (Washed),0,0.0,0.0,17,0.0,0.6
W3,Gents Sandal Bata,Rice Basmati Broken (Average Quality),0,0.0,0.0,17,0.0,0.6
W3,Gents Sandal Bata,Rice IRRI-6/9 (Sindh/Punjab),0,0.0,0.0,14,0.0,0.6
W3,Gents Sandal Bata,Salt Powdered (NATIONAL/SHAN) 800 gm Packet,0,0.0,0.0,17,0.0,0.6
W3,Gents Sandal Bata,Shirting (Average Quality),0,0.0,0.0,17,0.0,0.6
W3,Gents Sandal Bata,Sufi Washing Soap 250 gm Cake,0,0.0,0.0,17,0.0,0.6
W3,Gents Sandal Bata,Sugar Refined,0,0.0,0.0,17,0.0,0.6
W3,Gents Sandal Bata,Tea Lipton Yellow Label 190 gm Packet,0,0.0,0.0,17,0.0,0.6
W3,Gents Sandal Bata,Tea Prepared Ordinary,0,0.0,0.0,17,0.0,0.6
W3,Gents Sandal Bata,Telephone Call Charges,0,0.0,0.0,17,0.0,0.6
W3,Gents Sandal Bata,Toilet Soap LIFEBUOY 115 gm,0,0.0,0.0,17,0.0,0.6
W3,Gents Sandal Bata,Tomatoes,0,0.0,0.0,17,0.0,0.6
W3,Gents Sandal Bata,Vegetable Ghee DALDA/HABIB 2.5 kg Tin,0,0.0,0.0,17,0.0,0.6
W3,Gents Sandal Bata,Vegetable Ghee DALDA/HABIB or Other Superior Quality 1 kg Pouch,0,0.0,0.0,13,0.0,0.6
W3,Gents Sandal Bata,Wheat Flour Bag,0,0.0,0.0,17,0.0,0.6
W3,Gents Sponge Chappal Bata,Georgette (Average Quality),0,0.0,0.0,17,0.0,0.6
W3,Gents Sponge Chappal Bata,Gur (Average Quality),0,0.0,0.0,17,0.0,0.6
W3,Gents Sponge Chappal Bata,Hi-Speed Diesel,0,0.0,0.0,17,0.0,0.6
W3,Gents Sponge Chappal Bata,LPG 11.67 kg Cylinder,0,0.0,0.0,17,0.0,0.6
W3,Gents Sponge Chappal Bata,Ladies Sandal Bata,0,0.0,0.0,17,0.0,0.6
W3,Gents Sponge Chappal Bata,Lawn Printed Gul Ahmed/Al Karam,0,0.0,0.0,17,0.0,0.6
W3,Gents Sponge Chappal Bata,"Long Cloth 57"" Gul Ahmed/Al Karam",0,0.0,0.0,17,0.0,0.6
W3,Gents Sponge Chappal Bata,Match Box,0,0.0,0.0,17,0.0,0.6
W3,Gents Sponge Chappal Bata,Milk fresh (Un-boiled),0,0.0,0.0,17,0.0,0.6
W3,Gents Sponge Chappal Bata,Mustard Oil (Average Quality),0,0.0,0.0,17,0.0,0.6
W3,Gents Sponge Chappal Bata,Mutton (Average Quality),0,0.0,0.0,17,0.0,0.6
W3,Gents Sponge Chappal Bata,Onions,0,0.0,0.0,17,0.0,0.6
W3,Gents Sponge Chappal Bata,Petrol Super,0,0.0,0.0,17,0.0,0.6
W3,Gents Sponge Chappal Bata,Potatoes,0,0.0,0.0,17,0.0,0.6
W3,Gents Sponge Chappal Bata,Powdered Milk NIDO 390 gm Polybag,0,0.0,0.0,17,0.0,0.6
W3,Gents Sponge Chappal Bata,Pulse Gram,0,0.0,0.0,17,0.0,0.6
W3,Gents Sponge Chappal Bata,Pulse Mash (Washed),0,0.0,0.0,17,0.0,0.6
W3,Gents Sponge Chappal Bata,Pulse Masoor (Washed),0,0.0,0.0,17,0.0,0.6
W3,Gents Sponge Chappal Bata,Pulse Moong (Washed),0,0.0,0.0,17,0.0,0.6
W3,Gents Sponge Chappal Bata,Rice Basmati Broken (Average Quality),0,0.0,0.0,17,0.0,0.6
W3,Gents Sponge Chappal Bata,Rice IRRI-6/9 (Sindh/Punjab),0,0.0,0.0,14,0.0,0.6
W3,Gents Sponge Chappal Bata,Salt Powdered (NATIONAL/SHAN) 800 gm Packet,0,0.0,0.0,17,0.0,0.6
W3,Gents Sponge Chappal Bata,Shirting (Average Quality),0,0.0,0.0,17,0.0,0.6
W3,Gents Sponge Chappal Bata,Sufi Washing Soap 250 gm Cake,0,0.0,0.0,17,0.0,0.6
W3,Gents Sponge Chappal Bata,Sugar Refined,0,0.0,0.0,17,0.0,0.6
W3,Gents Sponge Chappal Bata,Tea Lipton Yellow Label 190 gm Packet,0,0.0,0.0,17,0.0,0.6
W3,Gents Sponge Chappal Bata,Tea Prepared Ordinary,0,0.0,0.0,17,0.0,0.6
W3,Gents Sponge Chappal Bata,Telephone Call Charges,0,0.0,0.0,17,0.0,0.6
W3,Gents Sponge Chappal Bata,Toilet Soap LIFEBUOY 115 gm,0,0.0,0.0,17,0.0,0.6
W3,Gents Sponge Chappal Bata,Tomatoes,0,0.0,0.0,17,0.0,0.6
W3,Gents Sponge Chappal Bata,Vegetable Ghee DALDA/HABIB 2.5 kg Tin,0,0.0,0.0,17,0.0,0.6
W3,Gents Sponge Chappal Bata,Vegetable Ghee DALDA/HABIB or Other Superior Quality 1 kg Pouch,0,0.0,0.0,13,0.0,0.6
W3,Gents Sponge Chappal Bata,Wheat Flour Bag,0,0.0,0.0,17,0.0,0.6
W3,Georgette (Average Quality),Gur (Average Quality),0,0.005167882352941176,0.367672,17,0.0,0.6
W3,Georgette (Average Quality),Hi-Speed Diesel,0,-0.018255529411764705,0.0,17,0.0,0.6
W3,Georgette (Average Quality),LPG 11.67 kg Cylinder,0,0.045989117647058826,0.569436,17,0.0,0.6
W3,Georgette (Average Quality),Ladies Sandal Bata,0,0.0,0.0,17,0.0,0.6
W3,Georgette (Average Quality),Lawn Printed Gul Ahmed/Al Karam,1,0.04805011764705882,0.800136,17,0.0588,0.6
W3,Georgette (Average Quality),"Long Cloth 57"" Gul Ahmed/Al Karam",1,0.04707082352941177,0.800204,17,0.0588,0.6
W3,Georgette (Average Quality),Match Box,0,0.0,0.0,17,0.0,0.6
W3,Georgette (Average Quality),Milk fresh (Un-boiled),0,0.04288211764705882,0.53323,17,0.0,0.6
W3,Georgette (Average Quality),Mustard Oil (Average Quality),0,0.0344774705882353,0.437271,17,0.0,0.6
W3,Georgette (Average Quality),Mutton (Average Quality),0,0.028733588235294122,0.366868,17,0.0,0.6
W3,Georgette (Average Quality),Onions,0,-0.049476705882352943,0.0,17,0.0,0.6
W3,Georgette (Average Quality),Petrol Super,0,-0.033527176470588234,0.0,17,0.0,0.6
W3,Georgette (Average Quality),Potatoes,0,-0.041594647058823535,0.0,17,0.0,0.6
W3,Georgette (Average Quality),Powdered Milk NIDO 390 gm Polybag,1,0.07517482352941177,0.73494,17,0.0588,0.6
W3,Georgette (Average Quality),Pulse Gram,0,-0.025233705882352943,0.195183,17,0.0,0.6
W3,Georgette (Average Quality),Pulse Mash (Washed),0,0.0459985294117647,0.462207,17,0.0,0.6
W3,Georgette (Average Quality),Pulse Masoor (Washed),0,-0.02930829411764706,0.561005,17,0.0,0.6
W3,Georgette (Average Quality),Pulse Moong (Washed),1,0.04862235294117647,0.617443,17,0.0588,0.6
W3,Georgette (Average Quality),Rice Basmati Broken (Average Quality),0,-0.00039870588235294316,0.263685,17,0.0,0.6
W3,Georgette (Average Quality),Rice IRRI-6/9 (Sindh/Punjab),0,-0.07641335714285713,0.0,14,0.0,0.6
W3,Georgette (Average Quality),Salt Powdered (NATIONAL/SHAN) 800 gm Packet,0,-0.0005041764705882353,0.0,17,0.0,0.6
W3,Georgette (Average Quality),Shirting (Average Quality),1,0.0659910588235294,0.799152,17,0.0588,0.6
W3,Georgette (Average Quality),Sufi Washing Soap 250 gm Cake,0,0.03192270588235294,0.542686,17,0.0,0.6
W3,Georgette (Average Quality),Sugar Refined,0,-0.033074882352941176,0.196038,17,0.0,0.6
W3,Georgette (Average Quality),Tea Lipton Yellow Label 190 gm Packet,0,0.0,0.0,17,0.0,0.6
W3,Georgette (Average Quality),Tea Prepared Ordinary,0,0.0009241176470588234,0.01571,17,0.0,0.6
W3,Georgette (Average Quality),Telephone Call Charges,0,0.0,0.0,17,0.0,0.6
W3,Georgette (Average Quality),Toilet Soap LIFEBUOY 115 gm,0,0.0,0.0,17,0.0,0.6
W3,Georgette (Average Quality),Tomatoes,0,-0.03220523529411764,0.182626,17,0.0,0.6
W3,Georgette (Average Quality),Vegetable Ghee DALDA/HABIB 2.5 kg Tin,0,-0.005998058823529412,0.281528,17,0.0,0.6
W3,Georgette (Average Quality),Vegetable Ghee DALDA/HABIB or Other Superior Quality 1 kg Pouch,0,0.035046615384615384,0.55836,13,0.0,0.6
W3,Georgette (Average Quality),Wheat Flour Bag,0,0.0025379411764705874,0.148971,17,0.0,0.6
W3,Gur (Average Quality),Hi-Speed Diesel,3,0.322943,0.759944,17,0.1765,0.6
W3,Gur (Average Quality),LPG 11.67 kg Cylinder,0,-0.2518992352941177,0.273101,17,0.0,0.6
W3,Gur (Average Quality),Ladies Sandal Bata,0,0.0,0.0,17,0.0,0.6
W3,Gur (Average Quality),Lawn Printed Gul Ahmed/Al Karam,1,0.1339719411764706,0.674153,17,0.0588,0.6
W3,Gur (Average Quality),"Long Cloth 57"" Gul Ahmed/Al Karam",1,0.16423870588235293,0.675866,17,0.0588,0.6
W3,Gur (Average Quality),Match Box,0,0.0,0.0,17,0.0,0.6
W3,Gur (Average Quality),Milk fresh (Un-boiled),1,0.18368600000000002,0.805061,17,0.0588,0.6
W3,Gur (Average Quality),Mustard Oil (Average Quality),0,-0.04748582352941176,0.370845,17,0.0,0.6
W3,Gur (Average Quality),Mutton (Average Quality),0,0.09529547058823529,0.536168,17,0.0,0.6
W3,Gur (Average Quality),Onions,2,0.2102670588235294,0.667211,17,0.1176,0.6
W3,Gur (Average Quality),Petrol Super,5,0.41292035294117646,0.808876,17,0.2941,0.6
W3,Gur (Average Quality),Potatoes,3,0.3942457058823529,0.777069,17,0.1765,0.6
W3,Gur (Average Quality),Powdered Milk NIDO 390 gm Polybag,3,0.18972188235294118,0.673682,17,0.1765,0.6
W3,Gur (Average Quality),Pulse Gram,1,0.21957423529411765,0.648643,17,0.0588,0.6
W3,Gur (Average Quality),Pulse Mash (Washed),1,0.017678764705882356,0.679334,17,0.0588,0.6
W3,Gur (Average Quality),Pulse Masoor (Washed),1,0.1821095294117647,0.661085,17,0.0588,0.6
W3,Gur (Average Quality),Pulse Moong (Washed),0,-0.051969764705882354,0.48021,17,0.0,0.6
W3,Gur (Average Quality),Rice Basmati Broken (Average Quality),2,0.19392741176470588,0.773073,17,0.1176,0.6
W3,Gur (Average Quality),Rice IRRI-6/9 (Sindh/Punjab),2,0.18631742857142858,0.726203,14,0.1429,0.6
W3,Gur (Average Quality),Salt Powdered (NATIONAL/SHAN) 800 gm Packet,1,0.150448,0.620118,17,0.0588,0.6
W3,Gur (Average Quality),Shirting (Average Quality),1,0.11491158823529413,0.828255,17,0.0588,0.6
W3,Gur (Average Quality),Sufi Washing Soap 250 gm Cake,0,-0.026010411764705886,0.095702,17,0.0,0.6
W3,Gur (Average Quality),Sugar Refined,6,0.4604761176470588,0.9097,17,0.3529,0.6
W3,Gur (Average Quality),Tea Lipton Yellow Label 190 gm Packet,0,-0.03972035294117647,0.086286,17,0.0,0.6
W3,Gur (Average Quality),Tea Prepared Ordinary,0,0.01779905882352941,0.546599,17,0.0,0.6
W3,Gur (Average Quality),Telephone Call Charges,0,0.0,0.0,17,0.0,0.6
W3,Gur (Average Quality),Toilet Soap LIFEBUOY 115 gm,0,0.028816941176470594,0.534603,17,0.0,0.6
W3,Gur (Average Quality),Tomatoes,1,0.2868805294117647,0.874392,17,0.0588,0.6
W3,Gur (Average Quality),Vegetable Ghee DALDA/HABIB 2.5 kg Tin,1,-0.2414775294117647,0.743159,17,0.0588,0.6
W3,Gur (Average Quality),Vegetable Ghee DALDA/HABIB or Other Superior Quality 1 kg Pouch,0,-0.180963,0.2734,13,0.0,0.6
W3,Gur (Average Quality),Wheat Flour Bag,0,-0.03858794117647059,0.389784,17,0.0,0.6
W3,Hi-Speed Diesel,LPG 11.67 kg Cylinder,0,-0.18207723529411765,0.162537,17,0.0,0.6
W3,Hi-Speed Diesel,Ladies Sandal Bata,0,0.0,0.0,17,0.0,0.6
W3,Hi-Speed Diesel,Lawn Printed Gul Ahmed/Al Karam,0,0.025992823529411763,0.472203,17,0.0,0.6
W3,Hi-Speed Diesel,"Long Cloth 57"" Gul Ahmed/Al Karam",0,0.06667458823529411,0.473089,17,0.0,0.6
W3,Hi-Speed Diesel,Match Box,0,0.0,0.0,17,0.0,0.6
W3,Hi-Speed Diesel,Milk fresh (Un-boiled),0,0.06924588235294117,0.5511,17,0.0,0.6
W3,Hi-Speed Diesel,Mustard Oil (Average Quality),0,-0.0032847647058823547,0.364946,17,0.0,0.6
W3,Hi-Speed Diesel,Mutton (Average Quality),1,0.21198335294117648,0.738085,17,0.0588,0.6
W3,Hi-Speed Diesel,Onions,0,0.436543,0.561927,17,0.0,0.6
W3,Hi-Speed Diesel,Petrol Super,17,0.8221782941176471,0.833043,17,1.0,0.6
W3,Hi-Speed Diesel,Potatoes,3,0.495924,0.664684,17,0.1765,0.6
W3,Hi-Speed Diesel,Powdered Milk NIDO 390 gm Polybag,1,0.19119982352941176,0.618093,17,0.0588,0.6
W3,Hi-Speed Diesel,Pulse Gram,0,0.10248576470588236,0.387938,17,0.0,0.6
W3,Hi-Speed Diesel,Pulse Mash (Washed),1,0.3515211764705882,0.618916,17,0.0588,0.6
W3,Hi-Speed Diesel,Pulse Masoor (Washed),1,0.12296264705882352,0.69012,17,0.0588,0.6
W3,Hi-Speed Diesel,Pulse Moong (Washed),0,0.015425058823529418,0.435006,17,0.0,0.6
W3,Hi-Speed Diesel,Rice Basmati Broken (Average Quality),0,0.0670235294117647,0.548187,17,0.0,0.6
W3,Hi-Speed Diesel,Rice IRRI-6/9 (Sindh/Punjab),0,-0.03519378571428571,0.546831,14,0.0,0.6
W3,Hi-Speed Diesel,Salt Powdered (NATIONAL/SHAN) 800 gm Packet,0,0.011232,0.579488,17,0.0,0.6
W3,Hi-Speed Diesel,Shirting (Average Quality),0,0.09037258823529412,0.546826,17,0.0,0.6
W3,Hi-Speed Diesel,Sufi Washing Soap 250 gm Cake,0,-0.017667411764705883,0.185307,17,0.0,0.6
W3,Hi-Speed Diesel,Sugar Refined,7,0.5627851176470589,0.659463,17,0.4118,0.6
W3,Hi-Speed Diesel,Tea Lipton Yellow Label 190 gm Packet,0,0.006295764705882353,0.171183,17,0.0,0.6
W3,Hi-Speed Diesel,Tea Prepared Ordinary,0,-0.014315352941176472,0.52959,17,0.0,0.6
W3,Hi-Speed Diesel,Telephone Call Charges,0,0.0,0.0,17,0.0,0.6
W3,Hi-Speed Diesel,Toilet Soap LIFEBUOY 115 gm,0,-0.058406000000000007,0.203626,17,0.0,0.6
W3,Hi-Speed Diesel,Tomatoes,0,0.03966070588235294,0.172133,17,0.0,0.6
W3,Hi-Speed Diesel,Vegetable Ghee DALDA/HABIB 2.5 kg Tin,0,-0.22919111764705882,0.218962,17,0.0,0.6
W3,Hi-Speed Diesel,Vegetable Ghee DALDA/HABIB or Other Superior Quality 1 kg Pouch,0,-0.006594384615384619,0.360259,13,0.0,0.6
W3,Hi-Speed Diesel,Wheat Flour Bag,0,-0.3541234705882353,-0.195646,17,0.0,0.6
W3,LPG 11.67 kg Cylinder,Ladies Sandal Bata,0,0.0,0.0,17,0.0,0.6
W3,LPG 11.67 kg Cylinder,Lawn Printed Gul Ahmed/Al Karam,0,-0.03698370588235294,0.127649,17,0.0,0.6
W3,LPG 11.67 kg Cylinder,"Long Cloth 57"" Gul Ahmed/Al Karam",0,-0.07780323529411765,0.125382,17,0.0,0.6
W3,LPG 11.67 kg Cylinder,Match Box,0,0.0,0.0,17,0.0,0.6
W3,LPG 11.67 kg Cylinder,Milk fresh (Un-boiled),0,-0.016477470588235295,0.339837,17,0.0,0.6
W3,LPG 11.67 kg Cylinder,Mustard Oil (Average Quality),0,0.11615123529411764,0.561866,17,0.0,0.6
W3,LPG 11.67 kg Cylinder,Mutton (Average Quality),0,0.022523352941176467,0.330111,17,0.0,0.6
W3,LPG 11.67 kg Cylinder,Onions,0,-0.2540818235294118,0.197489,17,0.0,0.6
W3,LPG 11.67 kg Cylinder,Petrol Super,0,0.025120882352941173,0.387865,17,0.0,0.6
W3,LPG 11.67 kg Cylinder,Potatoes,0,-0.27724252941176475,0.124519,17,0.0,0.6
W3,LPG 11.67 kg Cylinder,Powdered Milk NIDO 390 gm Polybag,1,0.02822711764705882,0.695757,17,0.0588,0.6
W3,LPG 11.67 kg Cylinder,Pulse Gram,0,-0.3308315882352941,-0.118286,17,0.0,0.6
W3,LPG 11.67 kg Cylinder,Pulse Mash (Washed),0,-0.042908529411764706,0.339247,17,0.0,0.6
W3,LPG 11.67 kg Cylinder,Pulse Masoor (Washed),0,-0.21551758823529413,0.404919,17,0.0,0.6
W3,LPG 11.67 kg Cylinder,Pulse Moong (Washed),0,0.1523070588235294,0.539428,17,0.0,0.6
W3,LPG 11.67 kg Cylinder,Rice Basmati Broken (Average Quality),0,0.04794805882352941,0.569731,17,0.0,0.6
W3,LPG 11.67 kg Cylinder,Rice IRRI-6/9 (Sindh/Punjab),0,0.04749735714285714,0.548707,14,0.0,0.6
W3,LPG 11.67 kg Cylinder,Salt Powdered (NATIONAL/SHAN) 800 gm Packet,0,-0.3024251176470588,0.0,17,0.0,0.6
W3,LPG 11.67 kg Cylinder,Shirting (Average Quality),1,0.09693258823529412,0.717065,17,0.0588,0.6
W3,LPG 11.67 kg Cylinder,Sufi Washing Soap 250 gm Cake,1,0.09748247058823528,0.766551,17,0.0588,0.6
W3,LPG 11.67 kg Cylinder,Sugar Refined,0,-0.33052105882352945,0.115544,17,0.0,0.6
W3,LPG 11.67 kg Cylinder,Tea Lipton Yellow Label 190 gm Packet,0,-0.010671529411764706,0.49802,17,0.0,0.6
W3,LPG 11.67 kg Cylinder,Tea Prepared Ordinary,1,0.029795882352941172,0.741964,17,0.0588,0.6
W3,LPG 11.67 kg Cylinder,Telephone Call Charges,0,0.0,0.0,17,0.0,0.6
W3,LPG 11.67 kg Cylinder,Toilet Soap LIFEBUOY 115 gm,0,0.007335529411764705,0.46467,17,0.0,0.6
W3,LPG 11.67 kg Cylinder,Tomatoes,0,-0.28697635294117646,0.027951,17,0.0,0.6
W3,LPG 11.67 kg Cylinder,Vegetable Ghee DALDA/HABIB 2.5 kg Tin,3,0.3698509411764706,0.686308,17,0.1765,0.6
W3,LPG 11.67 kg Cylinder,Vegetable Ghee DALDA/HABIB or Other Superior Quality 1 kg Pouch,1,0.37947592307692307,0.607209,13,0.0769,0.6
W3,LPG 11.67 kg Cylinder,Wheat Flour Bag,0,0.20676264705882352,0.519629,17,0.0,0.6
W3,Ladies Sandal Bata,Lawn Printed Gul Ahmed/Al Karam,0,0.0,0.0,17,0.0,0.6
W3,Ladies Sandal Bata,"Long Cloth 57"" Gul Ahmed/Al Karam",0,0.0,0.0,17,0.0,0.6
W3,Ladies Sandal Bata,Match Box,0,0.0,0.0,17,0.0,0.6
W3,Ladies Sandal Bata,Milk fresh (Un-boiled),0,0.0,0.0,17,0.0,0.6
W3,Ladies Sandal Bata,Mustard Oil (Average Quality),0,0.0,0.0,17,0.0,0.6
W3,Ladies Sandal Bata,Mutton (Average Quality),0,0.0,0.0,17,0.0,0.6
W3,Ladies Sandal Bata,Onions,0,0.0,0.0,17,0.0,0.6
W3,Ladies Sandal Bata,Petrol Super,0,0.0,0.0,17,0.0,0.6
W3,Ladies Sandal Bata,Potatoes,0,0.0,0.0,17,0.0,0.6
W3,Ladies Sandal Bata,Powdered Milk NIDO 390 gm Polybag,0,0.0,0.0,17,0.0,0.6
W3,Ladies Sandal Bata,Pulse Gram,0,0.0,0.0,17,0.0,0.6
W3,Ladies Sandal Bata,Pulse Mash (Washed),0,0.0,0.0,17,0.0,0.6
W3,Ladies Sandal Bata,Pulse Masoor (Washed),0,0.0,0.0,17,0.0,0.6
W3,Ladies Sandal Bata,Pulse Moong (Washed),0,0.0,0.0,17,0.0,0.6
W3,Ladies Sandal Bata,Rice Basmati Broken (Average Quality),0,0.0,0.0,17,0.0,0.6
W3,Ladies Sandal Bata,Rice IRRI-6/9 (Sindh/Punjab),0,0.0,0.0,14,0.0,0.6
W3,Ladies Sandal Bata,Salt Powdered (NATIONAL/SHAN) 800 gm Packet,0,0.0,0.0,17,0.0,0.6
W3,Ladies Sandal Bata,Shirting (Average Quality),0,0.0,0.0,17,0.0,0.6
W3,Ladies Sandal Bata,Sufi Washing Soap 250 gm Cake,0,0.0,0.0,17,0.0,0.6
W3,Ladies Sandal Bata,Sugar Refined,0,0.0,0.0,17,0.0,0.6
W3,Ladies Sandal Bata,Tea Lipton Yellow Label 190 gm Packet,0,0.0,0.0,17,0.0,0.6
W3,Ladies Sandal Bata,Tea Prepared Ordinary,0,0.0,0.0,17,0.0,0.6
W3,Ladies Sandal Bata,Telephone Call Charges,0,0.0,0.0,17,0.0,0.6
W3,Ladies Sandal Bata,Toilet Soap LIFEBUOY 115 gm,0,0.0,0.0,17,0.0,0.6
W3,Ladies Sandal Bata,Tomatoes,0,0.0,0.0,17,0.0,0.6
W3,Ladies Sandal Bata,Vegetable Ghee DALDA/HABIB 2.5 kg Tin,0,0.0,0.0,17,0.0,0.6
W3,Ladies Sandal Bata,Vegetable Ghee DALDA/HABIB or Other Superior Quality 1 kg Pouch,0,0.0,0.0,13,0.0,0.6
W3,Ladies Sandal Bata,Wheat Flour Bag,0,0.0,0.0,17,0.0,0.6
W3,Lawn Printed Gul Ahmed/Al Karam,"Long Cloth 57"" Gul Ahmed/Al Karam",8,0.4667151176470588,1.0,17,0.4706,0.6
W3,Lawn Printed Gul Ahmed/Al Karam,Match Box,0,0.0,0.0,17,0.0,0.6
W3,Lawn Printed Gul Ahmed/Al Karam,Milk fresh (Un-boiled),1,0.03976652941176471,0.676031,17,0.0588,0.6
W3,Lawn Printed Gul Ahmed/Al Karam,Mustard Oil (Average Quality),0,-0.03459094117647059,0.401507,17,0.0,0.6
W3,Lawn Printed Gul Ahmed/Al Karam,Mutton (Average Quality),2,0.16387370588235295,1.0,17,0.1176,0.6
W3,Lawn Printed Gul Ahmed/Al Karam,Onions,0,-0.07537035294117647,0.410245,17,0.0,0.6
W3,Lawn Printed Gul Ahmed/Al Karam,Petrol Super,0,-0.002411235294117647,0.129545,17,0.0,0.6
W3,Lawn Printed Gul Ahmed/Al Karam,Potatoes,0,0.0035327058823529413,0.349725,17,0.0,0.6
W3,Lawn Printed Gul Ahmed/Al Karam,Powdered Milk NIDO 390 gm Polybag,0,0.07444641176470589,0.489072,17,0.0,0.6
W3,Lawn Printed Gul Ahmed/Al Karam,Pulse Gram,0,-0.012403705882352943,0.186518,17,0.0,0.6
W3,Lawn Printed Gul Ahmed/Al Karam,Pulse Mash (Washed),1,0.041376764705882356,0.966474,17,0.0588,0.6
W3,Lawn Printed Gul Ahmed/Al Karam,Pulse Masoor (Washed),0,0.026237235294117645,0.523018,17,0.0,0.6
W3,Lawn Printed Gul Ahmed/Al Karam,Pulse Moong (Washed),0,0.08040917647058823,0.533439,17,0.0,0.6
W3,Lawn Printed Gul Ahmed/Al Karam,Rice Basmati Broken (Average Quality),1,0.07304076470588235,0.807647,17,0.0588,0.6
W3,Lawn Printed Gul Ahmed/Al Karam,Rice IRRI-6/9 (Sindh/Punjab),0,-0.020144642857142854,0.211415,14,0.0,0.6
W3,Lawn Printed Gul Ahmed/Al Karam,Salt Powdered (NATIONAL/SHAN) 800 gm Packet,0,0.0003567647058823529,0.006065,17,0.0,0.6
W3,Lawn Printed Gul Ahmed/Al Karam,Shirting (Average Quality),3,0.17346682352941176,1.0,17,0.1765,0.6
W3,Lawn Printed Gul Ahmed/Al Karam,Sufi Washing Soap 250 gm Cake,0,0.0,0.0,17,0.0,0.6
W3,Lawn Printed Gul Ahmed/Al Karam,Sugar Refined,0,0.045118235294117646,0.210799,17,0.0,0.6
W3,Lawn Printed Gul Ahmed/Al Karam,Tea Lipton Yellow Label 190 gm Packet,0,-0.0013850588235294118,0.0,17,0.0,0.6
W3,Lawn Printed Gul Ahmed/Al Karam,Tea Prepared Ordinary,1,0.044093470588235296,0.986372,17,0.0588,0.6
W3,Lawn Printed Gul Ahmed/Al Karam,Telephone Call Charges,0,0.0,0.0,17,0.0,0.6
W3,Lawn Printed Gul Ahmed/Al Karam,Toilet Soap LIFEBUOY 115 gm,1,0.043470117647058826,0.664551,17,0.0588,0.6
W3,Lawn Printed Gul Ahmed/Al Karam,Tomatoes,0,0.009328470588235297,0.523603,17,0.0,0.6
W3,Lawn Printed Gul Ahmed/Al Karam,Vegetable Ghee DALDA/HABIB 2.5 kg Tin,0,-0.024070235294117646,0.243833,17,0.0,0.6
W3,Lawn Printed Gul Ahmed/Al Karam,Vegetable Ghee DALDA/HABIB or Other Superior Quality 1 kg Pouch,0,-0.009423615384615388,0.391968,13,0.0,0.6
W3,Lawn Printed Gul Ahmed/Al Karam,Wheat Flour Bag,1,-0.0473574705882353,0.727782,17,0.0588,0.6
W3,"Long Cloth 57"" Gul Ahmed/Al Karam",Match Box,0,0.0,0.0,17,0.0,0.6
W3,"Long Cloth 57"" Gul Ahmed/Al Karam",Milk fresh (Un-boiled),1,0.042871882352941176,0.666354,17,0.0588,0.6
W3,"Long Cloth 57"" Gul Ahmed/Al Karam",Mustard Oil (Average Quality),0,-0.02598470588235294,0.320491,17,0.0,0.6
W3,"Long Cloth 57"" Gul Ahmed/Al Karam",Mutton (Average Quality),1,0.16550488235294117,1.0,17,0.0588,0.6
W3,"Long Cloth 57"" Gul Ahmed/Al Karam",Onions,0,-0.0788710588235294,0.209977,17,0.0,0.6
W3,"Long Cloth 57"" Gul Ahmed/Al Karam",Petrol Super,0,0.02564764705882353,0.153418,17,0.0,0.6
W3,"Long Cloth 57"" Gul Ahmed/Al Karam",Potatoes,0,0.022177529411764704,0.352349,17,0.0,0.6
W3,"Long Cloth 57"" Gul Ahmed/Al Karam",Powdered Milk NIDO 390 gm Polybag,2,0.14129035294117648,0.705983,17,0.1176,0.6
W3,"Long Cloth 57"" Gul Ahmed/Al Karam",Pulse Gram,0,0.03282,0.312873,17,0.0,0.6
W3,"Long Cloth 57"" Gul Ahmed/Al Karam",Pulse Mash (Washed),2,0.10528294117647059,0.966474,17,0.1176,0.6
W3,"Long Cloth 57"" Gul Ahmed/Al Karam",Pulse Masoor (Washed),0,0.026651352941176466,0.523018,17,0.0,0.6
W3,"Long Cloth 57"" Gul Ahmed/Al Karam",Pulse Moong (Washed),0,0.10282758823529413,0.533439,17,0.0,0.6
W3,"Long Cloth 57"" Gul Ahmed/Al Karam",Rice Basmati Broken (Average Quality),1,0.09594888235294118,0.755138,17,0.0588,0.6
W3,"Long Cloth 57"" Gul Ahmed/Al Karam",Rice IRRI-6/9 (Sindh/Punjab),0,-0.01299442857142857,0.316565,14,0.0,0.6
W3,"Long Cloth 57"" Gul Ahmed/Al Karam",Salt Powdered (NATIONAL/SHAN) 800 gm Packet,0,-0.012354941176470588,0.0,17,0.0,0.6
W3,"Long Cloth 57"" Gul Ahmed/Al Karam",Shirting (Average Quality),3,0.17049929411764705,1.0,17,0.1765,0.6
W3,"Long Cloth 57"" Gul Ahmed/Al Karam",Sufi Washing Soap 250 gm Cake,0,0.0,0.0,17,0.0,0.6
W3,"Long Cloth 57"" Gul Ahmed/Al Karam",Sugar Refined,0,0.10111811764705883,0.388688,17,0.0,0.6
W3,"Long Cloth 57"" Gul Ahmed/Al Karam",Tea Lipton Yellow Label 190 gm Packet,0,-0.0021661176470588236,0.0,17,0.0,0.6
W3,"Long Cloth 57"" Gul Ahmed/Al Karam",Tea Prepared Ordinary,1,0.024982176470588233,0.66148,17,0.0588,0.6
W3,"Long Cloth 57"" Gul Ahmed/Al Karam",Telephone Call Charges,0,0.0,0.0,17,0.0,0.6
W3,"Long Cloth 57"" Gul Ahmed/Al Karam",Toilet Soap LIFEBUOY 115 gm,1,0.06720670588235295,0.811757,17,0.0588,0.6
W3,"Long Cloth 57"" Gul Ahmed/Al Karam",Tomatoes,0,0.006090764705882353,0.459992,17,0.0,0.6
W3,"Long Cloth 57"" Gul Ahmed/Al Karam",Vegetable Ghee DALDA/HABIB 2.5 kg Tin,0,-0.08870064705882352,0.243833,17,0.0,0.6
W3,"Long Cloth 57"" Gul Ahmed/Al Karam",Vegetable Ghee DALDA/HABIB or Other Superior Quality 1 kg Pouch,0,-0.09408961538461538,0.070811,13,0.0,0.6
W3,"Long Cloth 57"" Gul Ahmed/Al Karam",Wheat Flour Bag,1,-0.042771411764705884,0.781921,17,0.0588,0.6
W3,Match Box,Milk fresh (Un-boiled),0,0.0,0.0,17,0.0,0.6
W3,Match Box,Mustard Oil (Average Quality),0,0.0,0.0,17,0.0,0.6
W3,Match Box,Mutton (Average Quality),0,0.0,0.0,17,0.0,0.6
W3,Match Box,Onions,0,0.0,0.0,17,0.0,0.6
W3,Match Box,Petrol Super,0,0.0,0.0,17,0.0,0.6
W3,Match Box,Potatoes,0,0.0,0.0,17,0.0,0.6
W3,Match Box,Powdered Milk NIDO 390 gm Polybag,0,0.0,0.0,17,0.0,0.6
W3,Match Box,Pulse Gram,0,0.0,0.0,17,0.0,0.6
W3,Match Box,Pulse Mash (Washed),0,0.0,0.0,17,0.0,0.6
W3,Match Box,Pulse Masoor (Washed),0,0.0,0.0,17,0.0,0.6
W3,Match Box,Pulse Moong (Washed),0,0.0,0.0,17,0.0,0.6
W3,Match Box,Rice Basmati Broken (Average Quality),0,0.0,0.0,17,0.0,0.6
W3,Match Box,Rice IRRI-6/9 (Sindh/Punjab),0,0.0,0.0,14,0.0,0.6
W3,Match Box,Salt Powdered (NATIONAL/SHAN) 800 gm Packet,0,0.0,0.0,17,0.0,0.6
W3,Match Box,Shirting (Average Quality),0,0.0,0.0,17,0.0,0.6
W3,Match Box,Sufi Washing Soap 250 gm Cake,0,0.0,0.0,17,0.0,0.6
W3,Match Box,Sugar Refined,0,0.0,0.0,17,0.0,0.6
W3,Match Box,Tea Lipton Yellow Label 190 gm Packet,0,0.0,0.0,17,0.0,0.6
W3,Match Box,Tea Prepared Ordinary,0,0.0,0.0,17,0.0,0.6
W3,Match Box,Telephone Call Charges,0,0.0,0.0,17,0.0,0.6
W3,Match Box,Toilet Soap LIFEBUOY 115 gm,0,0.0,0.0,17,0.0,0.6
W3,Match Box,Tomatoes,0,0.0,0.0,17,0.0,0.6
W3,Match Box,Vegetable Ghee DALDA/HABIB 2.5 kg Tin,0,0.0,0.0,17,0.0,0.6
W3,Match Box,Vegetable Ghee DALDA/HABIB or Other Superior Quality 1 kg Pouch,0,0.0,0.0,13,0.0,0.6
W3,Match Box,Wheat Flour Bag,0,0.0,0.0,17,0.0,0.6
W3,Milk fresh (Un-boiled),Mustard Oil (Average Quality),0,0.0052475882352941185,0.307935,17,0.0,0.6
W3,Milk fresh (Un-boiled),Mutton (Average Quality),0,0.08344194117647058,0.530349,17,0.0,0.6
W3,Milk fresh (Un-boiled),Onions,0,0.07167782352941177,0.523514,17,0.0,0.6
W3,Milk fresh (Un-boiled),Petrol Super,1,0.07952041176470587,0.739258,17,0.0588,0.6
W3,Milk fresh (Un-boiled),Potatoes,1,0.06371664705882353,0.618619,17,0.0588,0.6
W3,Milk fresh (Un-boiled),Powdered Milk NIDO 390 gm Polybag,2,0.09944017647058823,0.639161,17,0.1176,0.6
W3,Milk fresh (Un-boiled),Pulse Gram,0,-0.07682723529411764,0.31891,17,0.0,0.6
W3,Milk fresh (Un-boiled),Pulse Mash (Washed),1,-0.0048950000000000035,0.845111,17,0.0588,0.6
W3,Milk fresh (Un-boiled),Pulse Masoor (Washed),0,-0.07791276470588236,0.125049,17,0.0,0.6
W3,Milk fresh (Un-boiled),Pulse Moong (Washed),0,-0.1313756470588235,0.144629,17,0.0,0.6
W3,Milk fresh (Un-boiled),Rice Basmati Broken (Average Quality),1,0.12286435294117648,0.78235,17,0.0588,0.6
W3,Milk fresh (Un-boiled),Rice IRRI-6/9 (Sindh/Punjab),1,0.05534442857142857,0.671508,14,0.0714,0.6
W3,Milk fresh (Un-boiled),Salt Powdered (NATIONAL/SHAN) 800 gm Packet,0,-0.023607823529411764,0.0,17,0.0,0.6
W3,Milk fresh (Un-boiled),Shirting (Average Quality),1,0.03689888235294118,0.627281,17,0.0588,0.6
W3,Milk fresh (Un-boiled),Sufi Washing Soap 250 gm Cake,0,0.02842370588235294,0.483203,17,0.0,0.6
W3,Milk fresh (Un-boiled),Sugar Refined,0,0.05352435294117647,0.494127,17,0.0,0.6
W3,Milk fresh (Un-boiled),Tea Lipton Yellow Label 190 gm Packet,0,0.0,0.0,17,0.0,0.6
W3,Milk fresh (Un-boiled),Tea Prepared Ordinary,0,0.04066305882352942,0.368061,17,0.0,0.6
W3,Milk fresh (Un-boiled),Telephone Call Charges,0,0.0,0.0,17,0.0,0.6
W3,Milk fresh (Un-boiled),Toilet Soap LIFEBUOY 115 gm,0,-0.0332185294117647,0.110773,17,0.0,0.6
W3,Milk fresh (Un-boiled),Tomatoes,0,0.09895270588235294,0.506041,17,0.0,0.6
W3,Milk fresh (Un-boiled),Vegetable Ghee DALDA/HABIB 2.5 kg Tin,0,0.005023588235294113,0.516041,17,0.0,0.6
W3,Milk fresh (Un-boiled),Vegetable Ghee DALDA/HABIB or Other Superior Quality 1 kg Pouch,1,0.09188846153846154,0.645295,13,0.0769,0.6
W3,Milk fresh (Un-boiled),Wheat Flour Bag,2,0.08232023529411765,0.717663,17,0.1176,0.6
W3,Mustard Oil (Average Quality),Mutton (Average Quality),1,0.029384470588235293,0.603513,17,0.0588,0.6
W3,Mustard Oil (Average Quality),Onions,0,0.12556776470588235,0.527614,17,0.0,0.6
W3,Mustard Oil (Average Quality),Petrol Super,0,-0.031041882352941173,0.45221,17,0.0,0.6
W3,Mustard Oil (Average Quality),Potatoes,0,-0.08241458823529413,0.337735,17,0.0,0.6
W3,Mustard Oil (Average Quality),Powdered Milk NIDO 390 gm Polybag,0,-0.03097929411764706,0.414727,17,0.0,0.6
W3,Mustard Oil (Average Quality),Pulse Gram,0,-0.18095941176470587,0.274152,17,0.0,0.6
W3,Mustard Oil (Average Quality),Pulse Mash (Washed),0,0.16698541176470588,0.544258,17,0.0,0.6
W3,Mustard Oil (Average Quality),Pulse Masoor (Washed),0,-0.03499888235294118,0.492322,17,0.0,0.6
W3,Mustard Oil (Average Quality),Pulse Moong (Washed),1,0.07161388235294118,0.784593,17,0.0588,0.6
W3,Mustard Oil (Average Quality),Rice Basmati Broken (Average Quality),0,0.06455570588235295,0.592614,17,0.0,0.6
W3,Mustard Oil (Average Quality),Rice IRRI-6/9 (Sindh/Punjab),2,0.08650714285714287,0.68145,14,0.1429,0.6
W3,Mustard Oil (Average Quality),Salt Powdered (NATIONAL/SHAN) 800 gm Packet,0,-0.05468735294117647,0.478004,17,0.0,0.6
W3,Mustard Oil (Average Quality),Shirting (Average Quality),0,0.014943764705882353,0.430572,17,0.0,0.6
W3,Mustard Oil (Average Quality),Sufi Washing Soap 250 gm Cake,0,0.038813,0.536054,17,0.0,0.6
W3,Mustard Oil (Average Quality),Sugar Refined,0,-0.11213764705882352,0.262649,17,0.0,0.6
W3,Mustard Oil (Average Quality),Tea Lipton Yellow Label 190 gm Packet,0,0.050447882352941176,0.517711,17,0.0,0.6
W3,Mustard Oil (Average Quality),Tea Prepared Ordinary,0,-0.03295100000000001,0.251473,17,0.0,0.6
W3,Mustard Oil (Average Quality),Telephone Call Charges,0,0.0,0.0,17,0.0,0.6
W3,Mustard Oil (Average Quality),Toilet Soap LIFEBUOY 115 gm,1,0.016529705882352946,0.82094,17,0.0588,0.6
W3,Mustard Oil (Average Quality),Tomatoes,1,0.11945629411764705,0.634471,17,0.0588,0.6
W3,Mustard Oil (Average Quality),Vegetable Ghee DALDA/HABIB 2.5 kg Tin,1,0.028767529411764706,0.63486,17,0.0588,0.6
W3,Mustard Oil (Average Quality),Vegetable Ghee DALDA/HABIB or Other Superior Quality 1 kg Pouch,1,0.21095353846153847,0.794779,13,0.0769,0.6
W3,Mustard Oil (Average Quality),Wheat Flour Bag,2,0.2981008235294118,0.73667,17,0.1176,0.6
W3,Mutton (Average Quality),Onions,0,0.06445582352941177,0.427505,17,0.0,0.6
W3,Mutton (Average Quality),Petrol Super,1,0.07262288235294118,0.741327,17,0.0588,0.6
W3,Mutton (Average Quality),Potatoes,0,-0.10820688235294118,0.55053,17,0.0,0.6
W3,Mutton (Average Quality),Powdered Milk NIDO 390 gm Polybag,3,0.2583205294117647,0.952737,17,0.1765,0.6
W3,Mutton (Average Quality),Pulse Gram,0,-0.15168805882352943,0.304426,17,0.0,0.6
W3,Mutton (Average Quality),Pulse Mash (Washed),2,0.15105670588235293,0.966474,17,0.1176,0.6
W3,Mutton (Average Quality),Pulse Masoor (Washed),0,-0.1872853529411765,0.145262,17,0.0,0.6
W3,Mutton (Average Quality),Pulse Moong (Washed),0,0.07648164705882353,0.496211,17,0.0,0.6
W3,Mutton (Average Quality),Rice Basmati Broken (Average Quality),0,0.08898735294117648,0.434697,17,0.0,0.6
W3,Mutton (Average Quality),Rice IRRI-6/9 (Sindh/Punjab),0,-0.055238,0.4209,14,0.0,0.6
W3,Mutton (Average Quality),Salt Powdered (NATIONAL/SHAN) 800 gm Packet,0,-0.16862670588235296,0.0,17,0.0,0.6
W3,Mutton (Average Quality),Shirting (Average Quality),3,0.16389782352941176,1.0,17,0.1765,0.6
W3,Mutton (Average Quality),Sufi Washing Soap 250 gm Cake,1,0.0797779411764706,0.647718,17,0.0588,0.6
W3,Mutton (Average Quality),Sugar Refined,0,0.03982523529411765,0.440844,17,0.0,0.6
W3,Mutton (Average Quality),Tea Lipton Yellow Label 190 gm Packet,0,-0.04650217647058824,0.0,17,0.0,0.6
W3,Mutton (Average Quality),Tea Prepared Ordinary,0,0.01562605882352941,0.135871,17,0.0,0.6
W3,Mutton (Average Quality),Telephone Call Charges,0,0.0,0.0,17,0.0,0.6
W3,Mutton (Average Quality),Toilet Soap LIFEBUOY 115 gm,1,0.08686858823529411,0.805476,17,0.0588,0.6
W3,Mutton (Average Quality),Tomatoes,0,0.13937835294117648,0.530105,17,0.0,0.6
W3,Mutton (Average Quality),Vegetable Ghee DALDA/HABIB 2.5 kg Tin,1,-0.013767235294117651,0.787414,17,0.0588,0.6
W3,Mutton (Average Quality),Vegetable Ghee DALDA/HABIB or Other Superior Quality 1 kg Pouch,0,0.10418230769230769,0.588526,13,0.0,0.6
W3,Mutton (Average Quality),Wheat Flour Bag,1,0.11496947058823528,0.63422,17,0.0588,0.6
W3,Onions,Petrol Super,0,0.3089610588235294,0.445568,17,0.0,0.6
W3,Onions,Potatoes,3,0.453991,0.663998,17,0.1765,0.6
W3,Onions,Powdered Milk NIDO 390 gm Polybag,1,0.06541876470588237,0.613554,17,0.0588,0.6
W3,Onions,Pulse Gram,0,-0.017837529411764707,0.569186,17,0.0,0.6
W3,Onions,Pulse Mash (Washed),1,0.06496347058823528,0.668669,17,0.0588,0.6
W3,Onions,Pulse Masoor (Washed),1,0.2166144117647059,0.629052,17,0.0588,0.6
W3,Onions,Pulse Moong (Washed),0,-0.23013205882352944,0.357575,17,0.0,0.6
W3,Onions,Rice Basmati Broken (Average Quality),1,0.17085623529411764,0.617126,17,0.0588,0.6
W3,Onions,Rice IRRI-6/9 (Sindh/Punjab),0,0.10602557142857143,0.372135,14,0.0,0.6
W3,Onions,Salt Powdered (NATIONAL/SHAN) 800 gm Packet,0,0.1564629411764706,0.548776,17,0.0,0.6
W3,Onions,Shirting (Average Quality),0,-0.07985223529411765,0.48216,17,0.0,0.6
W3,Onions,Sufi Washing Soap 250 gm Cake,0,0.026354411764705883,0.489916,17,0.0,0.6
W3,Onions,Sugar Refined,7,0.5900332352941176,0.904601,17,0.4118,0.6
W3,Onions,Tea Lipton Yellow Label 190 gm Packet,0,0.006449529411764707,0.15268,17,0.0,0.6
W3,Onions,Tea Prepared Ordinary,0,-0.018335705882352938,0.458835,17,0.0,0.6
W3,Onions,Telephone Call Charges,0,0.0,0.0,17,0.0,0.6
W3,Onions,Toilet Soap LIFEBUOY 115 gm,0,0.056436705882352944,0.491493,17,0.0,0.6
W3,Onions,Tomatoes,0,0.1906455294117647,0.413686,17,0.0,0.6
W3,Onions,Vegetable Ghee DALDA/HABIB 2.5 kg Tin,0,-0.004975882352941173,0.321212,17,0.0,0.6
W3,Onions,Vegetable Ghee DALDA/HABIB or Other Superior Quality 1 kg Pouch,0,0.1866396923076923,0.437834,13,0.0,0.6
W3,Onions,Wheat Flour Bag,0,0.21037176470588234,0.350621,17,0.0,0.6
W3,Petrol Super,Potatoes,13,0.6647778235294117,0.856297,17,0.7647,0.6
W3,Petrol Super,Powdered Milk NIDO 390 gm Polybag,2,0.1726715294117647,0.756921,17,0.1176,0.6
W3,Petrol Super,Pulse Gram,1,0.21205741176470586,0.614959,17,0.0588,0.6
W3,Petrol Super,Pulse Mash (Washed),1,0.2126595882352941,0.774272,17,0.0588,0.6
W3,Petrol Super,Pulse Masoor (Washed),1,0.2427758235294118,0.604373,17,0.0588,0.6
W3,Petrol Super,Pulse Moong (Washed),1,0.12780770588235296,0.699747,17,0.0588,0.6
W3,Petrol Super,Rice Basmati Broken (Average Quality),3,0.2019206470588235,0.741837,17,0.1765,0.6
W3,Petrol Super,Rice IRRI-6/9 (Sindh/Punjab),2,0.09545378571428571,0.743068,14,0.1429,0.6
W3,Petrol Super,Salt Powdered (NATIONAL/SHAN) 800 gm Packet,0,0.1031114705882353,0.528295,17,0.0,0.6
W3,Petrol Super,Shirting (Average Quality),1,0.02760376470588235,0.741229,17,0.0588,0.6
W3,Petrol Super,Sufi Washing Soap 250 gm Cake,0,-0.010727823529411764,0.080331,17,0.0,0.6
W3,Petrol Super,Sugar Refined,9,0.6263215294117647,0.836769,17,0.5294,0.6
W3,Petrol Super,Tea Lipton Yellow Label 190 gm Packet,0,-0.0019987058823529406,0.052655,17,0.0,0.6
W3,Petrol Super,Tea Prepared Ordinary,1,-0.03312341176470588,0.736749,17,0.0588,0.6
W3,Petrol Super,Telephone Call Charges,0,0.0,0.0,17,0.0,0.6
W3,Petrol Super,Toilet Soap LIFEBUOY 115 gm,0,-0.08909382352941175,0.098153,17,0.0,0.6
W3,Petrol Super,Tomatoes,0,0.13706705882352943,0.311791,17,0.0,0.6
W3,Petrol Super,Vegetable Ghee DALDA/HABIB 2.5 kg Tin,0,-0.22485964705882353,0.090474,17,0.0,0.6
W3,Petrol Super,Vegetable Ghee DALDA/HABIB or Other Superior Quality 1 kg Pouch,0,-0.04810346153846153,0.582509,13,0.0,0.6
W3,Petrol Super,Wheat Flour Bag,0,-0.20270029411764706,-0.014564,17,0.0,0.6
W3,Potatoes,Powdered Milk NIDO 390 gm Polybag,0,0.05063317647058824,0.543321,17,0.0,0.6
W3,Potatoes,Pulse Gram,2,0.33395617647058823,0.663462,17,0.1176,0.6
W3,Potatoes,Pulse Mash (Washed),2,0.09921047058823529,0.659191,17,0.1176,0.6
W3,Potatoes,Pulse Masoor (Washed),2,0.36528711764705885,0.71029,17,0.1176,0.6
W3,Potatoes,Pulse Moong (Washed),1,-0.006267823529411768,0.621054,17,0.0588,0.6
W3,Potatoes,Rice Basmati Broken (Average Quality),3,0.2045040588235294,0.629608,17,0.1765,0.6
W3,Potatoes,Rice IRRI-6/9 (Sindh/Punjab),1,0.09677185714285715,0.643072,14,0.0714,0.6
W3,Potatoes,Salt Powdered (NATIONAL/SHAN) 800 gm Packet,4,0.3240254705882353,0.838242,17,0.2353,0.6
W3,Potatoes,Shirting (Average Quality),0,-0.12214488235294117,0.1377,17,0.0,0.6
W3,Potatoes,Sufi Washing Soap 250 gm Cake,0,-0.029851352941176475,0.004075,17,0.0,0.6
W3,Potatoes,Sugar Refined,14,0.7488077647058824,0.913057,17,0.8235,0.6
W3,Potatoes,Tea Lipton Yellow Label 190 gm Packet,0,-0.03831858823529412,0.004583,17,0.0,0.6
W3,Potatoes,Tea Prepared Ordinary,0,-0.05767635294117646,0.338741,17,0.0,0.6
W3,Potatoes,Telephone Call Charges,0,0.0,0.0,17,0.0,0.6
W3,Potatoes,Toilet Soap LIFEBUOY 115 gm,0,-0.04086782352941177,0.194786,17,0.0,0.6
W3,Potatoes,Tomatoes,0,0.2489405882352941,0.512274,17,0.0,0.6
W3,Potatoes,Vegetable Ghee DALDA/HABIB 2.5 kg Tin,0,-0.20527888235294117,0.218317,17,0.0,0.6
W3,Potatoes,Vegetable Ghee DALDA/HABIB or Other Superior Quality 1 kg Pouch,0,-0.2602269230769231,0.070463,13,0.0,0.6
W3,Potatoes,Wheat Flour Bag,0,-0.120584,0.069828,17,0.0,0.6
W3,Powdered Milk NIDO 390 gm Polybag,Pulse Gram,0,-0.30302476470588235,0.361583,17,0.0,0.6
W3,Powdered Milk NIDO 390 gm Polybag,Pulse Mash (Washed),0,-0.08680823529411764,0.540318,17,0.0,0.6
W3,Powdered Milk NIDO 390 gm Polybag,Pulse Masoor (Washed),0,-0.211198,0.089147,17,0.0,0.6
W3,Powdered Milk NIDO 390 gm Polybag,Pulse Moong (Washed),0,-0.11614088235294118,0.282051,17,0.0,0.6
W3,Powdered Milk NIDO 390 gm Polybag,Rice Basmati Broken (Average Quality),0,0.08458176470588234,0.479201,17,0.0,0.6
W3,Powdered Milk NIDO 390 gm Polybag,Rice IRRI-6/9 (Sindh/Punjab),0,-0.0034185714285714275,0.356741,14,0.0,0.6
W3,Powdered Milk NIDO 390 gm Polybag,Salt Powdered (NATIONAL/SHAN) 800 gm Packet,0,-0.039509764705882355,0.145182,17,0.0,0.6
W3,Powdered Milk NIDO 390 gm Polybag,Shirting (Average Quality),2,0.16443452941176473,0.707107,17,0.1176,0.6
W3,Powdered Milk NIDO 390 gm Polybag,Sufi Washing Soap 250 gm Cake,1,0.08725952941176471,0.999999,17,0.0588,0.6
W3,Powdered Milk NIDO 390 gm Polybag,Sugar Refined,0,0.023985176470588235,0.408967,17,0.0,0.6
W3,Powdered Milk NIDO 390 gm Polybag,Tea Lipton Yellow Label 190 gm Packet,0,-0.016765647058823527,0.0,17,0.0,0.6
W3,Powdered Milk NIDO 390 gm Polybag,Tea Prepared Ordinary,2,0.15394235294117647,0.956926,17,0.1176,0.6
W3,Powdered Milk NIDO 390 gm Polybag,Telephone Call Charges,0,0.0,0.0,17,0.0,0.6
W3,Powdered Milk NIDO 390 gm Polybag,Toilet Soap LIFEBUOY 115 gm,1,0.075776,0.603651,17,0.0588,0.6
W3,Powdered Milk NIDO 390 gm Polybag,Tomatoes,0,-0.016504588235294115,0.316839,17,0.0,0.6
W3,Powdered Milk NIDO 390 gm Polybag,Vegetable Ghee DALDA/HABIB 2.5 kg Tin,0,0.016533705882352943,0.465112,17,0.0,0.6
W3,Powdered Milk NIDO 390 gm Polybag,Vegetable Ghee DALDA/HABIB or Other Superior Quality 1 kg Pouch,1,0.056667230769230775,0.729658,13,0.0769,0.6
W3,Powdered Milk NIDO 390 gm Polybag,Wheat Flour Bag,0,0.06286976470588235,0.534572,17,0.0,0.6
W3,Pulse Gram,Pulse Mash (Washed),3,0.3328097647058823,0.865953,17,0.1765,0.6
W3,Pulse Gram,Pulse Masoor (Washed),7,0.5118081176470588,0.807065,17,0.4118,0.6
W3,Pulse Gram,Pulse Moong (Washed),1,0.2421672941176471,0.814218,17,0.0588,0.6
W3,Pulse Gram,Rice Basmati Broken (Average Quality),1,0.1284064705882353,0.730506,17,0.0588,0.6
W3,Pulse Gram,Rice IRRI-6/9 (Sindh/Punjab),0,0.11500778571428572,0.533552,14,0.0,0.6
W3,Pulse Gram,Salt Powdered (NATIONAL/SHAN) 800 gm Packet,1,0.24298641176470587,0.737558,17,0.0588,0.6
W3,Pulse Gram,Shirting (Average Quality),0,-0.07557023529411765,0.1914,17,0.0,0.6
W3,Pulse Gram,Sufi Washing Soap 250 gm Cake,0,-0.08081294117647059,0.0,17,0.0,0.6
W3,Pulse Gram,Sugar Refined,2,0.3699697647058824,0.76096,17,0.1176,0.6
W3,Pulse Gram,Tea Lipton Yellow Label 190 gm Packet,0,-0.0043775294117647055,0.286199,17,0.0,0.6
W3,Pulse Gram,Tea Prepared Ordinary,0,-0.07628252941176472,0.425604,17,0.0,0.6
W3,Pulse Gram,Telephone Call Charges,0,0.0,0.0,17,0.0,0.6
W3,Pulse Gram,Toilet Soap LIFEBUOY 115 gm,0,-0.10165141176470588,0.0,17,0.0,0.6
W3,Pulse Gram,Tomatoes,1,0.3137452352941177,0.684101,17,0.0588,0.6
W3,Pulse Gram,Vegetable Ghee DALDA/HABIB 2.5 kg Tin,0,-0.4855827647058823,-0.094702,17,0.0,0.6
W3,Pulse Gram,Vegetable Ghee DALDA/HABIB or Other Superior Quality 1 kg Pouch,0,-0.5575692307692308,-0.291144,13,0.0,0.6
W3,Pulse Gram,Wheat Flour Bag,0,-0.14122676470588236,0.384758,17,0.0,0.6
W3,Pulse Mash (Washed),Pulse Masoor (Washed),3,0.10255711764705884,0.9396,17,0.1765,0.6
W3,Pulse Mash (Washed),Pulse Moong (Washed),3,0.21736911764705882,0.890532,17,0.1765,0.6
W3,Pulse Mash (Washed),Rice Basmati Broken (Average Quality),1,0.057451117647058826,0.725925,17,0.0588,0.6
W3,Pulse Mash (Washed),Rice IRRI-6/9 (Sindh/Punjab),1,0.02137349999999999,0.604811,14,0.0714,0.6
W3,Pulse Mash (Washed),Salt Powdered (NATIONAL/SHAN) 800 gm Packet,1,-0.03835611764705883,0.849586,17,0.0588,0.6
W3,Pulse Mash (Washed),Shirting (Average Quality),1,0.038484000000000004,0.966474,17,0.0588,0.6
W3,Pulse Mash (Washed),Sufi Washing Soap 250 gm Cake,0,-0.015401411764705882,0.091507,17,0.0,0.6
W3,Pulse Mash (Washed),Sugar Refined,1,0.15932552941176473,0.749056,17,0.0588,0.6
W3,Pulse Mash (Washed),Tea Lipton Yellow Label 190 gm Packet,0,0.044979411764705886,0.284218,17,0.0,0.6
W3,Pulse Mash (Washed),Tea Prepared Ordinary,0,0.0018040000000000018,0.547126,17,0.0,0.6
W3,Pulse Mash (Washed),Telephone Call Charges,0,0.0,0.0,17,0.0,0.6
W3,Pulse Mash (Washed),Toilet Soap LIFEBUOY 115 gm,0,-0.05479511764705882,0.124272,17,0.0,0.6
W3,Pulse Mash (Washed),Tomatoes,0,0.12659594117647058,0.490854,17,0.0,0.6
W3,Pulse Mash (Washed),Vegetable Ghee DALDA/HABIB 2.5 kg Tin,1,-0.20423652941176473,0.637655,17,0.0588,0.6
W3,Pulse Mash (Washed),Vegetable Ghee DALDA/HABIB or Other Superior Quality 1 kg Pouch,0,-0.10901653846153846,0.443815,13,0.0,0.6
W3,Pulse Mash (Washed),Wheat Flour Bag,1,-0.12670311764705883,0.610018,17,0.0588,0.6
W3,Pulse Masoor (Washed),Pulse Moong (Washed),1,0.10295688235294118,0.695717,17,0.0588,0.6
W3,Pulse Masoor (Washed),Rice Basmati Broken (Average Quality),1,-0.016607294117647053,0.627614,17,0.0588,0.6
W3,Pulse Masoor (Washed),Rice IRRI-6/9 (Sindh/Punjab),0,0.08567792857142857,0.563033,14,0.0,0.6
W3,Pulse Masoor (Washed),Salt Powdered (NATIONAL/SHAN) 800 gm Packet,6,0.3030483529411765,0.784982,17,0.3529,0.6
W3,Pulse Masoor (Washed),Shirting (Average Quality),0,-0.05913217647058824,0.129733,17,0.0,0.6
W3,Pulse Masoor (Washed),Sufi Washing Soap 250 gm Cake,0,-0.06967405882352941,0.013976,17,0.0,0.6
W3,Pulse Masoor (Washed),Sugar Refined,4,0.35525411764705883,0.796926,17,0.2353,0.6
W3,Pulse Masoor (Washed),Tea Lipton Yellow Label 190 gm Packet,0,0.03055029411764706,0.311986,17,0.0,0.6
W3,Pulse Masoor (Washed),Tea Prepared Ordinary,0,-0.08637235294117647,0.17375,17,0.0,0.6
W3,Pulse Masoor (Washed),Telephone Call Charges,0,0.0,0.0,17,0.0,0.6
W3,Pulse Masoor (Washed),Toilet Soap LIFEBUOY 115 gm,0,-0.06484488235294117,0.113113,17,0.0,0.6
W3,Pulse Masoor (Washed),Tomatoes,2,0.1366564705882353,0.747739,17,0.1176,0.6
W3,Pulse Masoor (Washed),Vegetable Ghee DALDA/HABIB 2.5 kg Tin,0,-0.24583429411764707,0.500756,17,0.0,0.6
W3,Pulse Masoor (Washed),Vegetable Ghee DALDA/HABIB or Other Superior Quality 1 kg Pouch,0,-0.20399823076923077,0.198257,13,0.0,0.6
W3,Pulse Masoor (Washed),Wheat Flour Bag,0,-0.13726511764705882,0.436554,17,0.0,0.6
W3,Pulse Moong (Washed),Rice Basmati Broken (Average Quality),1,0.00923423529411764,0.782013,17,0.0588,0.6
W3,Pulse Moong (Washed),Rice IRRI-6/9 (Sindh/Punjab),1,0.08528142857142858,0.712776,14,0.0714,0.6
W3,Pulse Moong (Washed),Salt Powdered (NATIONAL/SHAN) 800 gm Packet,0,0.06217970588235294,0.466832,17,0.0,0.6
W3,Pulse Moong (Washed),Shirting (Average Quality),0,0.0523994705882353,0.544182,17,0.0,0.6
W3,Pulse Moong (Washed),Sufi Washing Soap 250 gm Cake,0,-0.020211764705882353,0.036118,17,0.0,0.6
W3,Pulse Moong (Washed),Sugar Refined,0,0.06934364705882352,0.588093,17,0.0,0.6
W3,Pulse Moong (Washed),Tea Lipton Yellow Label 190 gm Packet,0,-0.009632,0.238856,17,0.0,0.6
W3,Pulse Moong (Washed),Tea Prepared Ordinary,0,-0.03518894117647059,0.242945,17,0.0,0.6
W3,Pulse Moong (Washed),Telephone Call Charges,0,0.0,0.0,17,0.0,0.6
W3,Pulse Moong (Washed),Toilet Soap LIFEBUOY 115 gm,2,0.046307294117647065,0.64241,17,0.1176,0.6
W3,Pulse Moong (Washed),Tomatoes,1,0.06412841176470588,0.761041,17,0.0588,0.6
W3,Pulse Moong (Washed),Vegetable Ghee DALDA/HABIB 2.5 kg Tin,0,-0.07718117647058823,0.294943,17,0.0,0.6
W3,Pulse Moong (Washed),Vegetable Ghee DALDA/HABIB or Other Superior Quality 1 kg Pouch,0,-0.1778336923076923,0.2266,13,0.0,0.6
W3,Pulse Moong (Washed),Wheat Flour Bag,0,-0.05228558823529412,0.492592,17,0.0,0.6
W3,Rice Basmati Broken (Average Quality),Rice IRRI-6/9 (Sindh/Punjab),6,0.42450307142857147,0.952597,14,0.4286,0.6
W3,Rice Basmati Broken (Average Quality),Salt Powdered (NATIONAL/SHAN) 800 gm Packet,0,0.027889470588235293,0.22388,17,0.0,0.6
W3,Rice Basmati Broken (Average Quality),Shirting (Average Quality),1,0.05549811764705882,0.666373,17,0.0588,0.6
W3,Rice Basmati Broken (Average Quality),Sufi Washing Soap 250 gm Cake,0,0.04348435294117647,0.462757,17,0.0,0.6
W3,Rice Basmati Broken (Average Quality),Sugar Refined,0,0.1759190588235294,0.479627,17,0.0,0.6
W3,Rice Basmati Broken (Average Quality),Tea Lipton Yellow Label 190 gm Packet,0,0.06635217647058823,0.594331,17,0.0,0.6
W3,Rice Basmati Broken (Average Quality),Tea Prepared Ordinary,0,0.026808529411764707,0.246909,17,0.0,0.6
W3,Rice Basmati Broken (Average Quality),Telephone Call Charges,0,0.0,0.0,17,0.0,0.6
W3,Rice Basmati Broken (Average Quality),Toilet Soap LIFEBUOY 115 gm,0,-0.017796588235294116,0.395103,17,0.0,0.6
W3,Rice Basmati Broken (Average Quality),Tomatoes,3,0.3631459411764706,0.842325,17,0.1765,0.6
W3,Rice Basmati Broken (Average Quality),Vegetable Ghee DALDA/HABIB 2.5 kg Tin,0,-0.11032158823529412,0.206298,17,0.0,0.6
W3,Rice Basmati Broken (Average Quality),Vegetable Ghee DALDA/HABIB or Other Superior Quality 1 kg Pouch,0,-0.08311684615384615,0.282721,13,0.0,0.6
W3,Rice Basmati Broken (Average Quality),Wheat Flour Bag,5,0.42147411764705883,0.885618,17,0.2941,0.6
W3,Rice IRRI-6/9 (Sindh/Punjab),Salt Powdered (NATIONAL/SHAN) 800 gm Packet,0,0.03524321428571429,0.192137,14,0.0,0.6
W3,Rice IRRI-6/9 (Sindh/Punjab),Shirting (Average Quality),0,-0.032445,0.0,14,0.0,0.6
W3,Rice IRRI-6/9 (Sindh/Punjab),Sufi Washing Soap 250 gm Cake,0,0.0211975,0.234586,14,0.0,0.6
W3,Rice IRRI-6/9 (Sindh/Punjab),Sugar Refined,0,0.10425185714285715,0.472301,14,0.0,0.6
W3,Rice IRRI-6/9 (Sindh/Punjab),Tea Lipton Yellow Label 190 gm Packet,1,0.05772014285714285,0.879064,14,0.0714,0.6
W3,Rice IRRI-6/9 (Sindh/Punjab),Tea Prepared Ordinary,0,-0.03566164285714286,0.426796,14,0.0,0.6
W3,Rice IRRI-6/9 (Sindh/Punjab),Telephone Call Charges,0,0.0,0.0,14,0.0,0.6
W3,Rice IRRI-6/9 (Sindh/Punjab),Toilet Soap LIFEBUOY 115 gm,0,-0.09738014285714287,0.442945,14,0.0,0.6
W3,Rice IRRI-6/9 (Sindh/Punjab),Tomatoes,0,0.20484907142857142,0.549642,14,0.0,0.6
W3,Rice IRRI-6/9 (Sindh/Punjab),Vegetable Ghee DALDA/HABIB 2.5 kg Tin,0,-0.00481571428571428,0.412121,14,0.0,0.6
W3,Rice IRRI-6/9 (Sindh/Punjab),Vegetable Ghee DALDA/HABIB or Other Superior Quality 1 kg Pouch,0,0.0435039,0.417478,10,0.0,0.6
W3,Rice IRRI-6/9 (Sindh/Punjab),Wheat Flour Bag,2,0.2570482142857143,0.738352,14,0.1429,0.6
W3,Salt Powdered (NATIONAL/SHAN) 800 gm Packet,Shirting (Average Quality),0,-0.09807311764705882,0.0,17,0.0,0.6
W3,Salt Powdered (NATIONAL/SHAN) 800 gm Packet,Sufi Washing Soap 250 gm Cake,0,-0.04262694117647059,0.0,17,0.0,0.6
W3,Salt Powdered (NATIONAL/SHAN) 800 gm Packet,Sugar Refined,4,0.2993178235294117,0.738404,17,0.2353,0.6
W3,Salt Powdered (NATIONAL/SHAN) 800 gm Packet,Tea Lipton Yellow Label 190 gm Packet,0,0.0,0.0,17,0.0,0.6
W3,Salt Powdered (NATIONAL/SHAN) 800 gm Packet,Tea Prepared Ordinary,0,-0.1453624705882353,0.014184,17,0.0,0.6
W3,Salt Powdered (NATIONAL/SHAN) 800 gm Packet,Telephone Call Charges,0,0.0,0.0,17,0.0,0.6
W3,Salt Powdered (NATIONAL/SHAN) 800 gm Packet,Toilet Soap LIFEBUOY 115 gm,0,-0.029302823529411763,0.0,17,0.0,0.6
W3,Salt Powdered (NATIONAL/SHAN) 800 gm Packet,Tomatoes,3,0.21516988235294116,0.77125,17,0.1765,0.6
W3,Salt Powdered (NATIONAL/SHAN) 800 gm Packet,Vegetable Ghee DALDA/HABIB 2.5 kg Tin,0,-0.20421935294117646,0.153709,17,0.0,0.6
W3,Salt Powdered (NATIONAL/SHAN) 800 gm Packet,Vegetable Ghee DALDA/HABIB or Other Superior Quality 1 kg Pouch,0,-0.24448261538461538,0.022251,13,0.0,0.6
W3,Salt Powdered (NATIONAL/SHAN) 800 gm Packet,Wheat Flour Bag,0,-0.03710282352941176,0.5987,17,0.0,0.6
W3,Shirting (Average Quality),Sufi Washing Soap 250 gm Cake,0,0.0,0.0,17,0.0,0.6
W3,Shirting (Average Quality),Sugar Refined,0,-0.028842117647058824,0.357688,17,0.0,0.6
W3,Shirting (Average Quality),Tea Lipton Yellow Label 190 gm Packet,0,0.0,0.0,17,0.0,0.6
W3,Shirting (Average Quality),Tea Prepared Ordinary,0,0.015556529411764705,0.20231,17,0.0,0.6
W3,Shirting (Average Quality),Telephone Call Charges,0,0.0,0.0,17,0.0,0.6
W3,Shirting (Average Quality),Toilet Soap LIFEBUOY 115 gm,1,0.0823305294117647,0.903639,17,0.0588,0.6
W3,Shirting (Average Quality),Tomatoes,0,-0.025222941176470587,0.096576,17,0.0,0.6
W3,Shirting (Average Quality),Vegetable Ghee DALDA/HABIB 2.5 kg Tin,0,0.006822176470588236,0.521245,17,0.0,0.6
W3,Shirting (Average Quality),Vegetable Ghee DALDA/HABIB or Other Superior Quality 1 kg Pouch,1,0.09658684615384615,0.737066,13,0.0769,0.6
W3,Shirting (Average Quality),Wheat Flour Bag,1,0.01215317647058824,0.751534,17,0.0588,0.6
W3,Sufi Washing Soap 250 gm Cake,Sugar Refined,0,-0.018143882352941176,0.176758,17,0.0,0.6
W3,Sufi Washing Soap 250 gm Cake,Tea Lipton Yellow Label 190 gm Packet,0,0.0,0.0,17,0.0,0.6
W3,Sufi Washing Soap 250 gm Cake,Tea Prepared Ordinary,0,0.0,0.0,17,0.0,0.6
W3,Sufi Washing Soap 250 gm Cake,Telephone Call Charges,0,0.0,0.0,17,0.0,0.6
W3,Sufi Washing Soap 250 gm Cake,Toilet Soap LIFEBUOY 115 gm,0,0.0,0.0,17,0.0,0.6
W3,Sufi Washing Soap 250 gm Cake,Tomatoes,0,0.0446834705882353,0.369768,17,0.0,0.6
W3,Sufi Washing Soap 250 gm Cake,Vegetable Ghee DALDA/HABIB 2.5 kg Tin,2,0.1083635294117647,0.690139,17,0.1176,0.6
W3,Sufi Washing Soap 250 gm Cake,Vegetable Ghee DALDA/HABIB or Other Superior Quality 1 kg Pouch,1,0.05135846153846154,0.66766,13,0.0769,0.6
W3,Sufi Washing Soap 250 gm Cake,Wheat Flour Bag,1,0.09715111764705883,0.778504,17,0.0588,0.6
W3,Sugar Refined,Tea Lipton Yellow Label 190 gm Packet,0,-0.01885635294117647,0.0,17,0.0,0.6
W3,Sugar Refined,Tea Prepared Ordinary,0,-0.09687823529411765,0.18348,17,0.0,0.6
W3,Sugar Refined,Telephone Call Charges,0,0.0,0.0,17,0.0,0.6
W3,Sugar Refined,Toilet Soap LIFEBUOY 115 gm,0,-0.021400000000000002,0.194053,17,0.0,0.6
W3,Sugar Refined,Tomatoes,0,0.2511463529411765,0.567813,17,0.0,0.6
W3,Sugar Refined,Vegetable Ghee DALDA/HABIB 2.5 kg Tin,0,-0.3002664705882353,0.036898,17,0.0,0.6
W3,Sugar Refined,Vegetable Ghee DALDA/HABIB or Other Superior Quality 1 kg Pouch,0,-0.238308,0.248059,13,0.0,0.6
W3,Sugar Refined,Wheat Flour Bag,0,-0.16599435294117648,0.002537,17,0.0,0.6
W3,Tea Lipton Yellow Label 190 gm Packet,Tea Prepared Ordinary,0,-0.01653805882352941,0.0,17,0.0,0.6
W3,Tea Lipton Yellow Label 190 gm Packet,Telephone Call Charges,0,0.0,0.0,17,0.0,0.6
W3,Tea Lipton Yellow Label 190 gm Packet,Toilet Soap LIFEBUOY 115 gm,0,-0.031287,0.0,17,0.0,0.6
W3,Tea Lipton Yellow Label 190 gm Packet,Tomatoes,0,-0.025484470588235292,0.062518,17,0.0,0.6
W3,Tea Lipton Yellow Label 190 gm Packet,Vegetable Ghee DALDA/HABIB 2.5 kg Tin,0,-0.019146470588235293,0.071151,17,0.0,0.6
W3,Tea Lipton Yellow Label 190 gm Packet,Vegetable Ghee DALDA/HABIB or Other Superior Quality 1 kg Pouch,0,0.040544076923076926,0.335037,13,0.0,0.6
W3,Tea Lipton Yellow Label 190 gm Packet,Wheat Flour Bag,0,0.022910999999999997,0.28707,17,0.0,0.6
W3,Tea Prepared Ordinary,Telephone Call Charges,0,0.0,0.0,17,0.0,0.6
W3,Tea Prepared Ordinary,Toilet Soap LIFEBUOY 115 gm,0,0.047787647058823525,0.403956,17,0.0,0.6
W3,Tea Prepared Ordinary,Tomatoes,0,-0.08002888235294117,0.124901,17,0.0,0.6
W3,Tea Prepared Ordinary,Vegetable Ghee DALDA/HABIB 2.5 kg Tin,1,0.03744705882352941,0.757533,17,0.0588,0.6
W3,Tea Prepared Ordinary,Vegetable Ghee DALDA/HABIB or Other Superior Quality 1 kg Pouch,0,0.0038125384615384614,0.543798,13,0.0,0.6
W3,Tea Prepared Ordinary,Wheat Flour Bag,0,0.027623470588235294,0.326852,17,0.0,0.6
W3,Telephone Call Charges,Toilet Soap LIFEBUOY 115 gm,0,0.0,0.0,17,0.0,0.6
W3,Telephone Call Charges,Tomatoes,0,0.0,0.0,17,0.0,0.6
W3,Telephone Call Charges,Vegetable Ghee DALDA/HABIB 2.5 kg Tin,0,0.0,0.0,17,0.0,0.6
W3,Telephone Call Charges,Vegetable Ghee DALDA/HABIB or Other Superior Quality 1 kg Pouch,0,0.0,0.0,13,0.0,0.6
W3,Telephone Call Charges,Wheat Flour Bag,0,0.0,0.0,17,0.0,0.6
W3,Toilet Soap LIFEBUOY 115 gm,Tomatoes,0,0.07104458823529411,0.537084,17,0.0,0.6
W3,Toilet Soap LIFEBUOY 115 gm,Vegetable Ghee DALDA/HABIB 2.5 kg Tin,0,0.09283982352941177,0.451947,17,0.0,0.6
W3,Toilet Soap LIFEBUOY 115 gm,Vegetable Ghee DALDA/HABIB or Other Superior Quality 1 kg Pouch,0,0.041707538461538456,0.360264,13,0.0,0.6
W3,Toilet Soap LIFEBUOY 115 gm,Wheat Flour Bag,2,0.10070452941176469,0.783809,17,0.1176,0.6
W3,Tomatoes,Vegetable Ghee DALDA/HABIB 2.5 kg Tin,0,-0.2881004705882353,0.304828,17,0.0,0.6
W3,Tomatoes,Vegetable Ghee DALDA/HABIB or Other Superior Quality 1 kg Pouch,0,-0.1804423076923077,0.0883,13,0.0,0.6
W3,Tomatoes,Wheat Flour Bag,1,0.4038625882352941,0.648496,17,0.0588,0.6
W3,Vegetable Ghee DALDA/HABIB 2.5 kg Tin,Vegetable Ghee DALDA/HABIB or Other Superior Quality 1 kg Pouch,4,0.5516262307692308,0.879539,13,0.3077,0.6
W3,Vegetable Ghee DALDA/HABIB 2.5 kg Tin,Wheat Flour Bag,0,0.11757305882352942,0.410593,17,0.0,0.6
W3,Vegetable Ghee DALDA/HABIB or Other Superior Quality 1 kg Pouch,Wheat Flour Bag,0,0.18220999999999998,0.456157,13,0.0,0.6
